ros_time_ns,motor,leader_joint,q_leader_rad,q_des_rad,q_filtered_rad,q_cmd_rad,v_cmd_rad_s,q_actual_rad,leader_age_ms,command_age_ms
1790852761208788927,0x68,joint_2,,,,,,0.16929693744345,,
1790852761213693126,0x69,joint_3,,,,,,0.31939525311496225,,
1790852761225549420,0x68,joint_2,-0.23623304133438874,,,,,0.17104226669544426,1.676321029663086,
1790852761234579159,0x69,joint_3,-0.37889325460775336,0.4644416587250379,0.4644416587250379,0.4165103625614344,0.08726646259971647,0.32114058236695664,10.706186294555664,8.198976516723633
1790852761244491087,0x68,joint_2,-0.23623304133438874,0.2426893960282897,0.2426893960282897,0.23284491128611978,0.08726646259971647,0.17278759594743873,20.617961883544922,18.11075210571289
1790852761254426462,0x69,joint_3,-0.37889325460775336,0.4644416587250379,0.4644416587250379,0.4165103625614344,0.08726646259971647,0.32288591161895097,30.553340911865234,28.046131134033203
1790852761264416368,0x68,joint_2,-0.23623304133438874,0.2426893960282897,0.2426893960282897,0.23284491128611978,0.08726646259971647,0.17453292519943295,40.543317794799805,38.03610801696777
1790852761274423589,0x69,joint_3,-0.38349519697141027,0.4644416587250379,0.4644416587250379,0.4165103625614344,0.08726646259971647,0.3246312408709453,1.4200210571289062,48.043251037597656
1790852761284429839,0x68,joint_2,-0.24083498369804565,0.2472913383919466,0.2472913383919466,0.23708617952720415,0.08726646259971647,0.17453292519943295,11.426448822021484,9.629249572753906
1790852761294424880,0x69,joint_3,-0.38349519697141027,0.4690436010886948,0.4690436010886948,0.4207539064501658,0.08726646259971647,0.3263765701229397,21.421432495117188,19.62423324584961
1790852761304427611,0x68,joint_2,-0.24083498369804565,0.2472913383919466,0.2472913383919466,0.23708617952720415,0.08726646259971647,0.17627825445142745,31.42404556274414,29.626846313476562
1790852761314552514,0x69,joint_3,-0.38349519697141027,0.4690436010886948,0.4690436010886948,0.4207539064501658,0.08726646259971647,0.3281218993749339,41.5492057800293,39.75200653076172
1790852761324445163,0x68,joint_2,-0.24390294527381692,0.2472913383919466,0.2472913383919466,0.23708617952720415,0.08726646259971647,0.17802358370342167,1.4166831970214844,49.64447021484375
1790852761334433266,0x69,joint_3,-0.38656315854718154,0.47211156266446597,0.47211156266446597,0.4251195532241788,0.08726646259971647,0.32986722862692824,11.404752731323242,9.576082229614258
1790852761344437862,0x68,joint_2,-0.24390294527381692,0.2503592999677179,0.2503592999677179,0.24144948136417607,0.08726646259971647,0.1797689129554159,21.409273147583008,19.580602645874023
1790852761354437076,0x69,joint_3,-0.38656315854718154,0.47211156266446597,0.47211156266446597,0.4251195532241788,0.08726646259971647,0.33161255787892263,31.40854835510254,29.579877853393555
1790852761364454345,0x68,joint_2,-0.24390294527381692,0.2503592999677179,0.2503592999677179,0.24144948136417607,0.08726646259971647,0.18151424220741036,41.42594337463379,39.597272872924805
1790852761374447681,0x69,joint_3,-0.38656315854718154,0.47211156266446597,0.47211156266446597,0.4251195532241788,0.08726646259971647,0.33335788713091696,1.4128684997558594,49.5905876159668
1790852761384439454,0x68,joint_2,-0.2485048876374739,0.25496124233137485,0.25496124233137485,0.2458091711551362,0.08726646259971647,0.1832595714594046,11.404752731323242,9.592533111572266
1790852761394429787,0x69,joint_3,-0.38656315854718154,0.47211156266446597,0.47211156266446597,0.4294815868176884,0.08726646259971647,0.33335788713091696,21.394968032836914,19.582748413085938
1790852761404444847,0x68,joint_2,-0.2485048876374739,0.25496124233137485,0.25496124233137485,0.2458091711551362,0.08726646259971647,0.18500490071139908,31.40997886657715,29.597759246826172
1790852761415765502,0x69,joint_3,-0.38656315854718154,0.47211156266446597,0.47211156266446597,0.4294815868176884,0.08726646259971647,0.3351032163829113,42.73056983947754,40.91835021972656
1790852761424430803,0x68,joint_2,-0.2515728492132452,0.25496124233137485,0.25496124233137485,0.2458091711551362,0.08726646259971647,0.1867502299633933,1.428365707397461,49.58367347717285
1790852761434495479,0x69,joint_3,-0.38656315854718154,0.47211156266446597,0.47211156266446597,0.43384165167982724,0.08726646259971647,0.33684854563490557,11.493206024169922,9.669065475463867
1790852761444426942,0x68,joint_2,-0.2515728492132452,0.2580292039071461,0.2580292039071461,0.2501668644638872,0.08726646259971647,0.1867502299633933,21.424531936645508,19.600391387939453
1790852761454430369,0x69,joint_3,-0.38656315854718154,0.47211156266446597,0.47211156266446597,0.43384165167982724,0.08726646259971647,0.3385938748868999,31.428098678588867,29.603958129882812
1790852761464426845,0x68,joint_2,-0.2515728492132452,0.2580292039071461,0.2580292039071461,0.2501668644638872,0.08726646259971647,0.18849555921538755,41.42427444458008,39.60013389587402
1790852761474431370,0x69,joint_3,-0.38656315854718154,0.47211156266446597,0.47211156266446597,0.43384165167982724,0.08726646259971647,0.34033920413889424,1.4483928680419922,49.60489273071289
1790852761484429753,0x68,joint_2,-0.25464081078901646,0.2610971654829174,0.2610971654829174,0.2545262174060543,0.08726646259971647,0.19024088846738202,11.446714401245117,9.608268737792969
1790852761494434225,0x69,joint_3,-0.38656315854718154,0.47211156266446597,0.47211156266446597,0.4382034050605537,0.08726646259971647,0.3420845333908886,21.451234817504883,19.612789154052734
1790852761504431634,0x68,joint_2,-0.25464081078901646,0.2610971654829174,0.2610971654829174,0.2545262174060543,0.08726646259971647,0.19198621771937624,31.4486026763916,29.610157012939453
1790852761514427359,0x69,joint_3,-0.38656315854718154,0.47211156266446597,0.47211156266446597,0.4382034050605537,0.08726646259971647,0.34382986264288296,41.44430160522461,39.60585594177246
1790852761524470493,0x68,joint_2,-0.25924275315267337,0.2610971654829174,0.2610971654829174,0.2545262174060543,0.08726646259971647,0.19373154697137074,1.3937950134277344,49.64900016784668
1790852761534463577,0x69,joint_3,-0.38656315854718154,0.47211156266446597,0.47211156266446597,0.44257170412409286,0.08726646259971647,0.3455751918948772,11.386871337890625,9.540557861328125
1790852761544461468,0x68,joint_2,-0.25924275315267337,0.2656991078465743,0.2656991078465743,0.2588919302407555,0.08726646259971647,0.19547687622336496,21.38495445251465,19.53864097595215
1790852761554457333,0x69,joint_3,-0.38656315854718154,0.47211156266446597,0.47211156266446597,0.44257170412409286,0.08726646259971647,0.34732052114687156,31.380653381347656,29.534339904785156
1790852761564448515,0x68,joint_2,-0.25924275315267337,0.2656991078465743,0.2656991078465743,0.2588919302407555,0.08726646259971647,0.19722220547535918,41.371822357177734,39.525508880615234
1790852761574458357,0x69,joint_3,-0.38656315854718154,0.47211156266446597,0.47211156266446597,0.44257170412409286,0.08726646259971647,0.34732052114687156,1.4622211456298828,49.535274505615234
1790852761584453002,0x68,joint_2,-0.26231071472844464,0.2687670694223456,0.2687670694223456,0.2632496284363768,0.08726646259971647,0.19896753472735368,11.457204818725586,9.553194046020508
1790852761594453185,0x69,joint_3,-0.38656315854718154,0.47211156266446597,0.47211156266446597,0.44693197380063615,0.08726646259971647,0.3490658503988659,21.457195281982422,19.553184509277344
1790852761605727194,0x68,joint_2,-0.26231071472844464,0.2687670694223456,0.2687670694223456,0.2632496284363768,0.08726646259971647,0.2007128639793479,32.73129463195801,30.82728385925293
1790852761614529731,0x69,joint_3,-0.38656315854718154,0.47211156266446597,0.47211156266446597,0.44693197380063615,0.08726646259971647,0.3508111796508603,41.533708572387695,39.62969779968262
1790852761624456319,0x68,joint_2,-0.26537867630421597,0.2687670694223456,0.2687670694223456,0.2632496284363768,0.08726646259971647,0.2007128639793479,1.5718936920166016,49.55625534057617
1790852761636294004,0x69,joint_3,-0.38656315854718154,0.47211156266446597,0.47211156266446597,0.45129373966045383,0.08726646259971647,0.3525565089028546,13.40937614440918,11.400938034057617
1790852761645120468,0x68,joint_2,-0.26537867630421597,0.2718350309981169,0.2718350309981169,0.2676088199356287,0.08726646259971647,0.20245819323134237,22.236108779907227,20.227670669555664
1790852761655685136,0x69,joint_3,-0.38656315854718154,0.47211156266446597,0.47211156266446597,0.45129373966045383,0.08726646259971647,0.35430183815484884,32.80067443847656,30.792236328125
1790852761665055066,0x68,joint_2,-0.26537867630421597,0.2718350309981169,0.2718350309981169,0.2676088199356287,0.08726646259971647,0.20420352248333662,42.17052459716797,40.162086486816406
1790852761675078677,0x69,joint_3,-0.3880971393350672,0.47211156266446597,0.47211156266446597,0.45129373966045383,0.08726646259971647,0.3560471674068432,2.0759105682373047,50.1859188079834
1790852761684471289,0x68,joint_2,-0.2699806186678729,0.2764369733617738,0.2764369733617738,0.27202284008077726,0.08726646259971647,0.20594885173533084,11.46841049194336,8.949041366577148
1790852761695039834,0x69,joint_3,-0.3880971393350672,0.4736455434523516,0.4736455434523516,0.4557103389658919,0.08726646259971647,0.35779249665883756,22.03679084777832,19.51742172241211
1790852761705052316,0x68,joint_2,-0.2699806186678729,0.2764369733617738,0.2764369733617738,0.27202284008077726,0.08726646259971647,0.2076941809873253,32.04965591430664,29.53028678894043
1790852761715024820,0x69,joint_3,-0.3880971393350672,0.4736455434523516,0.4736455434523516,0.4557103389658919,0.08726646259971647,0.3595378259108319,42.021989822387695,39.502620697021484
1790852761725042238,0x68,joint_2,-0.2715145994557585,0.2764369733617738,0.2764369733617738,0.27202284008077726,0.08726646259971647,0.20943951023931956,2.146005630493164,49.520015716552734
1790852761735050379,0x69,joint_3,-0.3880971393350672,0.4736455434523516,0.4736455434523516,0.4600696512420794,0.08726646259971647,0.3612831551628263,12.154340744018555,9.562492370605469
1790852761744468637,0x68,joint_2,-0.2715145994557585,0.27797095414965944,0.27797095414965944,0.27637908267179845,0.08726646259971647,0.21118483949131403,21.572589874267578,18.980741500854492
1790852761756373742,0x69,joint_3,-0.3880971393350672,0.4736455434523516,0.4736455434523516,0.4600696512420794,0.08726646259971647,0.3612831551628263,33.4775447845459,30.885696411132812
1790852761764963223,0x68,joint_2,-0.2715145994557585,0.27797095414965944,0.27797095414965944,0.27637908267179845,0.08726646259971647,0.21293016874330825,42.06705093383789,39.475202560424805
1790852761775775888,0x69,joint_3,-0.3880971393350672,0.4736455434523516,0.4736455434523516,0.4600696512420794,0.08726646259971647,0.3630284844148205,2.7840137481689453,50.28796195983887
1790852761785069036,0x68,joint_2,-0.2745825610315298,0.2810389157254307,0.2810389157254307,0.28085445428168815,0.08726646259971647,0.21467549799530247,12.077093124389648,8.249521255493164
1790852761794464982,0x69,joint_3,-0.3880971393350672,0.4736455434523516,0.4736455434523516,0.46454750558284513,0.08726646259971647,0.36477381366681483,21.472930908203125,17.64535903930664
1790852761805047602,0x68,joint_2,-0.2745825610315298,0.2810389157254307,0.2810389157254307,0.28085445428168815,0.08726646259971647,0.21467549799530247,32.05561637878418,28.228044509887695
1790852761815083385,0x69,joint_3,-0.3880971393350672,0.4736455434523516,0.4736455434523516,0.46454750558284513,0.08726646259971647,0.3665191429188092,42.09113121032715,38.263559341430664
1790852761825112773,0x68,joint_2,-0.2761165418194154,0.2810389157254307,0.2810389157254307,0.28085445428168815,0.08726646259971647,0.21642082724729697,2.065896987915039,48.293352127075195
1790852761835067916,0x69,joint_3,-0.3880971393350672,0.4736455434523516,0.4736455434523516,0.46879965621373265,0.08726646259971647,0.36826447217080355,12.02082633972168,9.509086608886719
1790852761844605898,0x68,joint_2,-0.2761165418194154,0.28257289651331635,0.28257289651331635,0.2840693555254086,0.06601835086470179,0.2181661564992912,21.55900001525879,19.047260284423828
1790852761855105401,0x69,joint_3,-0.3880971393350672,0.4736455434523516,0.4736455434523516,0.46879965621373265,0.08726646259971647,0.37000980142279793,32.0582389831543,29.546499252319336
1790852761864477826,0x68,joint_2,-0.2761165418194154,0.28257289651331635,0.28257289651331635,0.2840693555254086,0.06601835086470179,0.21991148575128566,41.43095016479492,38.91921043395996
1790852761875100529,0x69,joint_3,-0.3880971393350672,0.4736455434523516,0.4736455434523516,0.46879965621373265,0.08726646259971647,0.37175513067479216,2.1677017211914062,49.54171180725098
1790852761885075013,0x68,joint_2,-0.27765052260730105,0.284106877301202,0.284106877301202,0.2862780322441018,0.044229186189485785,0.2216568150032799,12.142181396484375,9.524106979370117
1790852761895071525,0x69,joint_3,-0.3880971393350672,0.4736455434523516,0.4736455434523516,0.4731599935216645,0.08726646259971647,0.3735004599267865,22.138595581054688,19.52052116394043
1790852761905054264,0x68,joint_2,-0.27765052260730105,0.284106877301202,0.284106877301202,0.2862780322441018,0.044229186189485785,0.22340214425527413,32.12141990661621,29.503345489501953
1790852761915072858,0x69,joint_3,-0.3880971393350672,0.4736455434523516,0.4736455434523516,0.4731599935216645,0.08726646259971647,0.3752457891787809,42.14000701904297,39.52193260192871
1790852761925080518,0x68,joint_2,-0.2807184841830724,0.284106877301202,0.284106877301202,0.2862780322441018,0.044229186189485785,0.2251474735072686,2.025127410888672,49.5297908782959
1790852761935075325,0x69,joint_3,-0.3880971393350672,0.4736455434523516,0.4736455434523516,0.4764302628026333,0.06547206630023313,0.3752457891787809,12.019872665405273,9.56583023071289
1790852761945070933,0x68,joint_2,-0.2807184841830724,0.2871748388769733,0.2871748388769733,0.2873986056781836,0.022450493925884593,0.22689280275926285,22.01533317565918,19.561290740966797
1790852761955071069,0x69,joint_3,-0.3880971393350672,0.4736455434523516,0.4736455434523516,0.4764302628026333,0.06547206630023313,0.3769911184307752,32.015323638916016,29.561281204223633
1790852761965218675,0x68,joint_2,-0.2807184841830724,0.2871748388769733,0.2871748388769733,0.2873986056781836,0.022450493925884593,0.22863813201125732,42.16313362121582,39.70909118652344
1790852761974505780,0x69,joint_3,-0.3880971393350672,0.4736455434523516,0.4736455434523516,0.4764302628026333,0.06547206630023313,0.37873644768276954,1.4688968658447266,48.9962100982666
1790852761985158800,0x68,joint_2,-0.282252464970958,0.28870881966485895,0.28870881966485895,0.28870881966485895,0.02616186716109425,0.23038346126325154,12.121915817260742,9.516716003417969
1790852761994444936,0x69,joint_3,-0.3880971393350672,0.4736455434523516,0.4736455434523516,0.4786154168462218,0.04360776476510659,0.3804817769347638,21.4080810546875,18.802881240844727
1790852762004438431,0x68,joint_2,-0.282252464970958,0.28870881966485895,0.28870881966485895,0.28870881966485895,0.02616186716109425,0.23038346126325154,31.401634216308594,28.79643440246582
1790852762014452923,0x69,joint_3,-0.3880971393350672,0.4736455434523516,0.4736455434523516,0.4786154168462218,0.04360776476510659,0.38222710618675815,41.416168212890625,38.81096839904785
1790852762024442110,0x68,joint_2,-0.2853204265467293,0.28870881966485895,0.28870881966485895,0.28870881966485895,0.02616186716109425,0.2321287905152458,1.3473033905029297,48.799991607666016
1790852762034430251,0x69,joint_3,-0.3880971393350672,0.4736455434523516,0.4736455434523516,0.4797046984047186,0.02215107833100737,0.3839724354387525,11.335372924804688,9.678363800048828
1790852762044437508,0x68,joint_2,-0.2853204265467293,0.2917767812406302,0.2917767812406302,0.2910491334005934,0.047610128891096136,0.23387411976724026,21.342754364013672,19.685745239257812
1790852762054515119,0x69,joint_3,-0.3880971393350672,0.4736455434523516,0.4736455434523516,0.4797046984047186,0.02215107833100737,0.38571776469074687,31.420469284057617,29.763460159301758
1790852762064513990,0x68,joint_2,-0.2853204265467293,0.2917767812406302,0.2917767812406302,0.2910491334005934,0.047610128891096136,0.23561944901923448,41.419267654418945,39.762258529663086
1790852762074469618,0x69,joint_3,-0.3880971393350672,0.4736455434523516,0.4736455434523516,0.4797046984047186,0.02215107833100737,0.3874630939427412,1.409769058227539,49.71790313720703
1790852762084488632,0x68,joint_2,-0.2868544073346149,0.29331076202851586,0.29331076202851586,0.29331076202851586,0.0451884099258327,0.23736477827122895,11.4288330078125,9.574651718139648
1790852762094468574,0x69,joint_3,-0.3880971393350672,0.4736455434523516,0.4736455434523516,0.4797197769365873,0.0003011103119769318,0.3892084231947354,21.408796310424805,19.554615020751953
1790852762104462227,0x68,joint_2,-0.2868544073346149,0.29331076202851586,0.29331076202851586,0.29331076202851586,0.0451884099258327,0.2391101075232232,31.4023494720459,29.548168182373047
1790852762114424155,0x69,joint_3,-0.3880971393350672,0.4736455434523516,0.4736455434523516,0.4797197769365873,0.0003011103119769318,0.3892084231947354,41.364192962646484,39.51001167297363
1790852762124406864,0x68,joint_2,-0.2899223689103862,0.29331076202851586,0.29331076202851586,0.29331076202851586,0.0451884099258327,0.24085543677521742,1.500844955444336,49.492597579956055
1790852762134457663,0x69,joint_3,-0.3880971393350672,0.4736455434523516,0.4736455434523516,0.4786496737148744,-0.021458315261787705,0.3909537524467298,11.551856994628906,9.722471237182617
1790852762144445827,0x68,joint_2,-0.2899223689103862,0.29637872360428713,0.29637872360428713,0.29637872360428713,0.06154400137737224,0.2426007660272119,21.540164947509766,19.710779190063477
1790852762154440108,0x69,joint_3,-0.3880971393350672,0.4736455434523516,0.4736455434523516,0.4786496737148744,-0.021458315261787705,0.39269908169872414,31.534433364868164,29.705047607421875
1790852762164415187,0x68,joint_2,-0.2899223689103862,0.29637872360428713,0.29637872360428713,0.29637872360428713,0.06154400137737224,0.24434609527920614,41.509389877319336,39.68000411987305
1790852762174433596,0x69,joint_3,-0.3880971393350672,0.4736455434523516,0.4736455434523516,0.4786496737148744,-0.021458315261787705,0.3944444109507185,1.3744831085205078,49.6983528137207
1790852762184442681,0x68,joint_2,-0.29145634969827183,0.29791270439217277,0.29791270439217277,0.2983647859332208,0.03973486053594175,0.24434609527920614,11.383533477783203,9.705543518066406
1790852762194431711,0x69,joint_3,-0.3880971393350672,0.4736455434523516,0.4736455434523516,0.4764858149500972,-0.04327568314908228,0.39618974020271286,21.372556686401367,19.69456672668457
1790852762204437841,0x68,joint_2,-0.29145634969827183,0.29791270439217277,0.29791270439217277,0.2983647859332208,0.03973486053594175,0.24609142453120061,31.378746032714844,29.700756072998047
1790852762214431474,0x69,joint_3,-0.3880971393350672,0.4736455434523516,0.4736455434523516,0.4764858149500972,-0.04327568314908228,0.3979350694547071,41.37229919433594,39.69430923461914
1790852762224457667,0x68,joint_2,-0.29605829206192874,0.29791270439217277,0.29791270439217277,0.2983647859332208,0.03973486053594175,0.24783675378319484,1.4109611511230469,49.72052574157715
1790852762234445779,0x69,joint_3,-0.3880971393350672,0.4736455434523516,0.4736455434523516,0.4736455434523516,-0.05672612343090715,0.39968039870670147,11.399269104003906,9.570121765136719
1790852762244440994,0x68,joint_2,-0.29605829206192874,0.3025146467558297,0.3025146467558297,0.30144583603330066,0.06156966644404433,0.24958208303518908,21.39449119567871,19.565343856811523
1790852762254439112,0x69,joint_3,-0.3880971393350672,0.4736455434523516,0.4736455434523516,0.4736455434523516,-0.05672612343090715,0.4014257279586958,31.392574310302734,29.563426971435547
1790852762264465649,0x68,joint_2,-0.29605829206192874,0.3025146467558297,0.3025146467558297,0.30144583603330066,0.06156966644404433,0.2513274122871835,41.419029235839844,39.589881896972656
1790852762274447087,0x69,joint_3,-0.38963112012295287,0.4736455434523516,0.4736455434523516,0.4736455434523516,-0.05672612343090715,0.40317105721069013,1.430511474609375,49.57127571105957
1790852762284445025,0x68,joint_2,-0.3006602344255857,0.30711658911948664,0.30711658911948664,0.3056090856947454,0.08336112360919617,0.2530727415391778,11.428356170654297,9.580135345458984
1790852762294441968,0x69,joint_3,-0.38963112012295287,0.47517952424023735,0.47517952424023735,0.4719004535026631,-0.034922340314234704,0.4049163864626845,21.425485610961914,19.5772647857666
1790852762304434952,0x68,joint_2,-0.3006602344255857,0.30711658911948664,0.30711658911948664,0.3056090856947454,0.08336112360919617,0.25481807079117225,31.418323516845703,29.57010269165039
1790852762314433980,0x69,joint_3,-0.38963112012295287,0.47517952424023735,0.47517952424023735,0.4719004535026631,-0.034922340314234704,0.4049163864626845,41.41736030578613,39.56913948059082
1790852762324438319,0x68,joint_2,-0.303728196001357,0.30711658911948664,0.30711658911948664,0.3056090856947454,0.08336112360919617,0.25656340004316647,1.4224052429199219,49.573421478271484
1790852762334440351,0x69,joint_3,-0.39269908169872414,0.4782474858160087,0.4782474858160087,0.4712448400704263,-0.01312214515892002,0.40666171571467874,11.424541473388672,9.613752365112305
1790852762344515698,0x68,joint_2,-0.303728196001357,0.3101845506952579,0.3101845506952579,0.3099668667933437,0.08726646259971647,0.25830872929516074,21.4998722076416,19.689083099365234
1790852762354500779,0x69,joint_3,-0.39269908169872414,0.4782474858160087,0.4782474858160087,0.4712448400704263,-0.01312214515892002,0.40840704496667307,31.48508071899414,29.674291610717773
1790852762364458538,0x68,joint_2,-0.303728196001357,0.3101845506952579,0.3101845506952579,0.3099668667933437,0.08726646259971647,0.25830872929516074,41.4426326751709,39.63184356689453
1790852762374453845,0x69,joint_3,-0.3957670432744954,0.4782474858160087,0.4782474858160087,0.4712448400704263,-0.01312214515892002,0.41015237421866746,1.4140605926513672,49.627065658569336
1790852762384466611,0x68,joint_2,-0.30679615757712825,0.3132525122710292,0.3132525122710292,0.3132525122710292,0.06572342398623006,0.2600540585471552,11.427164077758789,9.580373764038086
1790852762394467054,0x69,joint_3,-0.3957670432744954,0.48131544739177995,0.48131544739177995,0.47168014892758703,0.008702838908317431,0.4118977034706618,21.427392959594727,19.580602645874023
1790852762404451836,0x68,joint_2,-0.30679615757712825,0.3132525122710292,0.3132525122710292,0.3132525122710292,0.06572342398623006,0.2617993877991494,31.412124633789062,29.56533432006836
1790852762414448039,0x69,joint_3,-0.3957670432744954,0.48131544739177995,0.48131544739177995,0.47168014892758703,0.008702838908317431,0.4136430327226562,41.408538818359375,39.56174850463867
1790852762424467265,0x68,joint_2,-0.3098641191528995,0.3132525122710292,0.3132525122710292,0.3132525122710292,0.06572342398623006,0.2635447170511439,1.4393329620361328,49.58081245422363
1790852762434452020,0x69,joint_3,-0.3988350048502667,0.4843834089675512,0.4843834089675512,0.4732061392404346,0.030519601165623175,0.4153883619746504,11.424064636230469,9.546995162963867
1790852762444444958,0x68,joint_2,-0.3098641191528995,0.31632047384680045,0.31632047384680045,0.31632047384680045,0.06139175072504584,0.2652900463031381,21.41714096069336,19.540071487426758
1790852762454450100,0x69,joint_3,-0.3988350048502667,0.4843834089675512,0.4843834089675512,0.4732061392404346,0.030519601165623175,0.41713369122664473,31.42237663269043,29.545307159423828
1790852762464569216,0x68,joint_2,-0.3098641191528995,0.31632047384680045,0.31632047384680045,0.31632047384680045,0.06139175072504584,0.26703537555513235,41.54157638549805,39.664506912231445
1790852762474453018,0x69,joint_3,-0.4034369472139236,0.4843834089675512,0.4843834089675512,0.4732061392404346,0.030519601165623175,0.4188790204786391,1.39617919921875,49.54814910888672
1790852762484520203,0x68,joint_2,-0.31293208072867085,0.3193884354225718,0.3193884354225718,0.3193884354225718,0.061434713892081196,0.26878070480712685,11.463165283203125,9.629487991333008
1790852762494490290,0x69,joint_3,-0.4034369472139236,0.488985351331208,0.488985351331208,0.475820427832607,0.052321372353252606,0.4188790204786391,21.433353424072266,19.59967613220215
1790852762504470633,0x68,joint_2,-0.31293208072867085,0.3193884354225718,0.3193884354225718,0.3193884354225718,0.061434713892081196,0.27052603405912107,31.413555145263672,29.579877853393555
1790852762514475203,0x69,joint_3,-0.4034369472139236,0.488985351331208,0.488985351331208,0.475820427832607,0.052321372353252606,0.42062434973063345,41.41831398010254,39.58463668823242
1790852762524459425,0x68,joint_2,-0.31753402309232776,0.3193884354225718,0.3193884354225718,0.3193884354225718,0.061434713892081196,0.27227136331111557,1.3518333435058594,49.568891525268555
1790852762534446238,0x69,joint_3,-0.40803888957758055,0.4935872936948651,0.4935872936948651,0.4795271405068319,0.07413713890082908,0.4223696789826278,11.33871078491211,9.538412094116211
1790852762544449282,0x68,joint_2,-0.31753402309232776,0.3239903777862287,0.3239903777862287,0.3235477693721137,0.08323790359673405,0.27227136331111557,21.341562271118164,19.541263580322266
1790852762554448770,0x69,joint_3,-0.40803888957758055,0.4935872936948651,0.4935872936948651,0.4795271405068319,0.07413713890082908,0.424115008234622,31.3413143157959,29.541015625
1790852762564442410,0x68,joint_2,-0.31753402309232776,0.3239903777862287,0.3239903777862287,0.3235477693721137,0.08323790359673405,0.2740166925631098,41.33462905883789,39.53433036804199
1790852762574453690,0x69,joint_3,-0.4111068511533518,0.4935872936948651,0.4935872936948651,0.4795271405068319,0.07413713890082908,0.4258603374866164,1.3494491577148438,49.5457649230957
1790852762584440674,0x68,joint_2,-0.320601984668099,0.32705833936199996,0.32705833936199996,0.32705833936199996,0.07029305783640061,0.275762021815104,11.336326599121094,9.554624557495117
1790852762594443859,0x69,joint_3,-0.4111068511533518,0.49665525527063636,0.49665525527063636,0.4838877739099544,0.08726646259971647,0.4276056667386107,21.33941650390625,19.557714462280273
1790852762604460111,0x68,joint_2,-0.320601984668099,0.32705833936199996,0.32705833936199996,0.32705833936199996,0.07029305783640061,0.2775073510670985,31.355857849121094,29.574155807495117
1790852762614447913,0x69,joint_3,-0.4111068511533518,0.49665525527063636,0.49665525527063636,0.4838877739099544,0.08726646259971647,0.4293509959906051,41.34368896484375,39.56198692321777
1790852762624395005,0x68,joint_2,-0.3236699462438703,0.32705833936199996,0.32705833936199996,0.32705833936199996,0.07029305783640061,0.2792526803190927,1.3408660888671875,49.50904846191406
1790852762634436652,0x69,joint_3,-0.4141748127291231,0.49972321684640764,0.49972321684640764,0.4882399175951604,0.08726646259971647,0.43109632524259944,11.382341384887695,9.740352630615234
1790852762644428679,0x68,joint_2,-0.3236699462438703,0.33012630093777123,0.33012630093777123,0.33012630093777123,0.0615390066478679,0.2809980095710872,21.37470245361328,19.73271369934082
1790852762654413354,0x69,joint_3,-0.4141748127291231,0.49972321684640764,0.49972321684640764,0.4882399175951604,0.08726646259971647,0.43284165449459366,31.359195709228516,29.717206954956055
1790852762664434969,0x68,joint_2,-0.3236699462438703,0.33012630093777123,0.33012630093777123,0.33012630093777123,0.0615390066478679,0.28274333882308145,41.380882263183594,39.73889350891113
1790852762674460310,0x69,joint_3,-0.41724277430489437,0.49972321684640764,0.49972321684640764,0.4882399175951604,0.08726646259971647,0.43284165449459366,1.4312267303466797,49.764156341552734
1790852762684440179,0x68,joint_2,-0.3282718886075272,0.33472824330142814,0.33472824330142814,0.33429927778438506,0.08337717362375022,0.28448866807507567,11.410951614379883,9.654760360717773
1790852762694417322,0x69,joint_3,-0.41724277430489437,0.5027911784221789,0.5027911784221789,0.49260936752901885,0.08726646259971647,0.43458698374658805,21.38829231262207,19.63210105895996
1790852762704437932,0x68,joint_2,-0.3282718886075272,0.33472824330142814,0.33472824330142814,0.33429927778438506,0.08337717362375022,0.28623399732707017,31.409025192260742,29.652833938598633
1790852762714423484,0x69,joint_3,-0.41724277430489437,0.5027911784221789,0.5027911784221789,0.49260936752901885,0.08726646259971647,0.4363323129985824,41.39447212219238,39.63828086853027
1790852762724443950,0x68,joint_2,-0.33287383097118417,0.33472824330142814,0.33472824330142814,0.33429927778438506,0.08337717362375022,0.28623399732707017,1.3477802276611328,49.65853691101074
1790852762734436770,0x69,joint_3,-0.42031073588066564,0.5058591399979501,0.5058591399979501,0.4969690046982632,0.08726646259971647,0.4380776422505767,11.340856552124023,9.692668914794922
1790852762744461564,0x68,joint_2,-0.33287383097118417,0.3393301856650851,0.3393301856650851,0.33865724319002555,0.08726646259971647,0.2879793265790644,21.365642547607422,19.71745491027832
1790852762754416542,0x69,joint_3,-0.42031073588066564,0.5058591399979501,0.5058591399979501,0.4969690046982632,0.08726646259971647,0.4398229715025711,31.320571899414062,29.67238426208496
1790852762764428956,0x68,joint_2,-0.33287383097118417,0.3393301856650851,0.3393301856650851,0.33865724319002555,0.08726646259971647,0.28972465583105883,41.33296012878418,39.68477249145508
1790852762774430278,0x69,joint_3,-0.42184471666855133,0.5058591399979501,0.5058591399979501,0.4969690046982632,0.08726646259971647,0.4415683007545653,1.4045238494873047,49.68595504760742
1790852762784424157,0x68,joint_2,-0.3374757733348411,0.343932128028742,0.343932128028742,0.34301697888289767,0.08726646259971647,0.2914699850830531,11.398553848266602,9.692192077636719
1790852762794412212,0x69,joint_3,-0.42184471666855133,0.5073931207858359,0.5073931207858359,0.5013305249903918,0.08726646259971647,0.44331363000655966,21.38662338256836,19.680261611938477
1790852762804414947,0x68,joint_2,-0.3374757733348411,0.343932128028742,0.343932128028742,0.34301697888289767,0.08726646259971647,0.29321531433504733,31.389236450195312,29.68287467956543
1790852762814423236,0x69,joint_3,-0.42184471666855133,0.5073931207858359,0.5073931207858359,0.5013305249903918,0.08726646259971647,0.44505895925855404,41.3975715637207,39.69120979309082
1790852762824422132,0x68,joint_2,-0.3436116964863836,0.343932128028742,0.343932128028742,0.34301697888289767,0.08726646259971647,0.29496064358704177,1.3415813446044922,49.69024658203125
1790852762834454909,0x69,joint_3,-0.42337869745643697,0.5089271015737215,0.5089271015737215,0.5056922872724413,0.08726646259971647,0.4468042885105484,11.374235153198242,9.730339050292969
1790852762844437102,0x68,joint_2,-0.3436116964863836,0.35006805118028456,0.35006805118028456,0.347377015383379,0.08726646259971647,0.29670597283903605,21.35634422302246,19.712448120117188
1790852762854450151,0x69,joint_3,-0.42337869745643697,0.5089271015737215,0.5089271015737215,0.5056922872724413,0.08726646259971647,0.4468042885105484,31.369447708129883,29.72555160522461
1790852762864438778,0x68,joint_2,-0.3436116964863836,0.35006805118028456,0.35006805118028456,0.347377015383379,0.08726646259971647,0.2984513020910305,41.358232498168945,39.71433639526367
1790852762874492362,0x69,joint_3,-0.42337869745643697,0.5089271015737215,0.5089271015737215,0.5056922872724413,0.08726646259971647,0.44854961776254276,1.453399658203125,49.76797103881836
1790852762884474568,0x68,joint_2,-0.3497476196379262,0.35620397433182716,0.35620397433182716,0.35174943639115336,0.08726646259971647,0.3001966313430247,11.435508728027344,9.517192840576172
1790852762894463027,0x69,joint_3,-0.42337869745643697,0.5089271015737215,0.5089271015737215,0.5089706474892084,0.06539108913197093,0.450294947014537,21.423816680908203,19.50550079345703
1790852762904466171,0x68,joint_2,-0.3497476196379262,0.35620397433182716,0.35620397433182716,0.35174943639115336,0.08726646259971647,0.3001966313430247,31.42714500427246,29.50882911682129
1790852762914445920,0x69,joint_3,-0.42337869745643697,0.5089271015737215,0.5089271015737215,0.5089706474892084,0.06539108913197093,0.4520402762665313,41.40663146972656,39.48831558227539
1790852762924460089,0x68,joint_2,-0.35588354278946877,0.35620397433182716,0.35620397433182716,0.35174943639115336,0.08726646259971647,0.301941960595019,1.5003681182861328,49.50261116027832
1790852762934447510,0x69,joint_3,-0.42337869745643697,0.5089271015737215,0.5089271015737215,0.511148066432935,0.043600607169344954,0.4537856055185257,11.487960815429688,9.534358978271484
1790852762944442554,0x68,joint_2,-0.35588354278946877,0.3623398974833697,0.3623398974833697,0.3561049456821059,0.08726646259971647,0.30368728984701343,21.48294448852539,19.529342651367188
1790852762954442128,0x69,joint_3,-0.42337869745643697,0.5089271015737215,0.5089271015737215,0.511148066432935,0.043600607169344954,0.45553093477052004,31.482458114624023,29.52885627746582
1790852762964446439,0x68,joint_2,-0.35588354278946877,0.3623398974833697,0.3623398974833697,0.3561049456821059,0.08726646259971647,0.30543261909900765,41.48674011230469,39.533138275146484
1790852762974454799,0x69,joint_3,-0.42337869745643697,0.5089271015737215,0.5089271015737215,0.511148066432935,0.043600607169344954,0.45727626402251437,1.4450550079345703,49.541473388671875
1790852762984452329,0x68,joint_2,-0.363553446728897,0.37000980142279793,0.37000980142279793,0.36046376289560855,0.08726646259971647,0.30717794835100215,11.44266128540039,9.547948837280273
1790852762994449500,0x69,joint_3,-0.42337869745643697,0.5089271015737215,0.5089271015737215,0.5122372665187017,0.021793697295446394,0.45902159327450864,21.439790725708008,19.54507827758789
1790852763004467575,0x68,joint_2,-0.363553446728897,0.37000980142279793,0.37000980142279793,0.36046376289560855,0.08726646259971647,0.30892327760299637,31.45766258239746,29.562950134277344
1790852763014449673,0x69,joint_3,-0.42337869745643697,0.5089271015737215,0.5089271015737215,0.5122372665187017,0.021793697295446394,0.460766922526503,41.44001007080078,39.545297622680664
1790852763024458037,0x68,joint_2,-0.3712233506683252,0.37000980142279793,0.37000980142279793,0.36046376289560855,0.08726646259971647,0.3106686068549906,1.4030933380126953,49.553632736206055
1790852763034421718,0x69,joint_3,-0.42337869745643697,0.5089271015737215,0.5089271015737215,0.5122365232608777,-1.4870641961609597e-05,0.4625122517784973,11.366844177246094,9.519577026367188
1790852763044422478,0x68,joint_2,-0.3712233506683252,0.3776797053622261,0.3776797053622261,0.36482294610467386,0.08726646259971647,0.3124139361069851,21.367549896240234,19.520282745361328
1790852763054441544,0x69,joint_3,-0.42337869745643697,0.5089271015737215,0.5089271015737215,0.5122365232608777,-1.4870641961609597e-05,0.4625122517784973,31.386613845825195,29.53934669494629
1790852763064420229,0x68,joint_2,-0.3712233506683252,0.3776797053622261,0.3776797053622261,0.36482294610467386,0.08726646259971647,0.3141592653589793,41.36538505554199,39.518117904663086
1790852763074428594,0x69,joint_3,-0.42337869745643697,0.5089271015737215,0.5089271015737215,0.5122365232608777,-1.4870641961609597e-05,0.4642575810304917,1.3866424560546875,49.52645301818848
1790852763084525823,0x68,joint_2,-0.3758252930319821,0.382281647725883,0.382281647725883,0.3691758379253284,0.08726646259971647,0.3141592653589793,11.48366928100586,9.768009185791016
1790852763094424023,0x69,joint_3,-0.42337869745643697,0.5089271015737215,0.5089271015737215,0.5111489489844875,-0.021791462837927825,0.466002910282486,21.38209342956543,19.666433334350586
1790852763104424281,0x68,joint_2,-0.3758252930319821,0.382281647725883,0.382281647725883,0.3691758379253284,0.08726646259971647,0.3159045946109738,31.382083892822266,29.666423797607422
1790852763114437872,0x69,joint_3,-0.42337869745643697,0.5089271015737215,0.5089271015737215,0.5111489489844875,-0.021791462837927825,0.46774823953448025,41.39590263366699,39.68024253845215
1790852763124458730,0x68,joint_2,-0.38042723539563905,0.382281647725883,0.382281647725883,0.3691758379253284,0.08726646259971647,0.31764992386296803,1.3642311096191406,49.70097541809082
1790852763134387248,0x69,joint_3,-0.42337869745643697,0.5089271015737215,0.5089271015737215,0.5089680915151125,-0.04361110314368727,0.46949356878647464,11.292695999145508,9.614229202270508
1790852763144415506,0x68,joint_2,-0.38042723539563905,0.38688359008954,0.38688359008954,0.37353738012138515,0.08726646259971647,0.31939525311496225,21.32105827331543,19.64259147644043
1790852763154445279,0x69,joint_3,-0.42337869745643697,0.5089271015737215,0.5089271015737215,0.5089680915151125,-0.04361110314368727,0.47123889803846897,31.35085105895996,29.67238426208496
1790852763164433265,0x68,joint_2,-0.38042723539563905,0.38688359008954,0.38688359008954,0.37353738012138515,0.08726646259971647,0.32114058236695675,41.33868217468262,39.66021537780762
1790852763174449029,0x69,joint_3,-0.4249126782443226,0.5089271015737215,0.5089271015737215,0.5089680915151125,-0.04361110314368727,0.47298422729046335,1.3427734375,49.67617988586426
1790852763184444364,0x68,joint_2,-0.3865631585471816,0.39301951324108253,0.39301951324108253,0.37789726582542643,0.08726646259971647,0.32288591161895097,11.337995529174805,9.650707244873047
1790852763194444387,0x69,joint_3,-0.4249126782443226,0.5104610823616071,0.5104610823616071,0.5078783669503003,-0.021799270132180585,0.4747295565424577,21.33798599243164,19.650697708129883
1790852763204437654,0x68,joint_2,-0.3865631585471816,0.39301951324108253,0.39301951324108253,0.37789726582542643,0.08726646259971647,0.32463124087094547,31.331539154052734,29.644250869750977
1790852763214416780,0x69,joint_3,-0.4249126782443226,0.5104610823616071,0.5104610823616071,0.5078783669503003,-0.021799270132180585,0.4747295565424577,41.31054878234863,39.623260498046875
1790852763224441428,0x68,joint_2,-0.39269908169872414,0.39301951324108253,0.39301951324108253,0.37789726582542643,0.08726646259971647,0.3263765701229397,1.4662742614746094,49.64780807495117
1790852763234465443,0x69,joint_3,-0.42644665903220824,0.5119950631494927,0.5119950631494927,0.5078785324536321,3.312197172656295e-06,0.4764748857944519,11.490345001220703,9.699821472167969
1790852763244430984,0x68,joint_2,-0.39269908169872414,0.3991554363926251,0.3991554363926251,0.38225534232109115,0.08726646259971647,0.3281218993749339,21.456003189086914,19.66547966003418
1790852763254430392,0x69,joint_3,-0.42644665903220824,0.5119950631494927,0.5119950631494927,0.5078785324536321,3.312197172656295e-06,0.4782202150464463,31.455278396606445,29.66475486755371
1790852763264432116,0x68,joint_2,-0.39269908169872414,0.3991554363926251,0.3991554363926251,0.38225534232109115,0.08726646259971647,0.3298672286269284,41.45693778991699,39.66641426086426
1790852763274383766,0x69,joint_3,-0.4279806398200939,0.5119950631494927,0.5119950631494927,0.5078785324536321,3.312197172656295e-06,0.4799655442984406,1.3244152069091797,49.61824417114258
1790852763284424192,0x68,joint_2,-0.4003689856381524,0.4068253403320533,0.4068253403320533,0.38660952254382547,0.08726646259971647,0.3298672286269284,11.36469841003418,9.724855422973633
1790852763294462165,0x69,joint_3,-0.4279806398200939,0.5135290439373784,0.5135290439373784,0.5089660984853256,0.021785599839107214,0.48171087355043496,21.402597427368164,19.762754440307617
1790852763304442684,0x68,joint_2,-0.4003689856381524,0.4068253403320533,0.4068253403320533,0.38660952254382547,0.08726646259971647,0.33161255787892263,31.383037567138672,29.743194580078125
1790852763314430990,0x69,joint_3,-0.4279806398200939,0.5135290439373784,0.5135290439373784,0.5089660984853256,0.021785599839107214,0.48345620280242935,41.37158393859863,39.731740951538086
1790852763324439838,0x68,joint_2,-0.40803888957758055,0.4068253403320533,0.4068253403320533,0.38660952254382547,0.08726646259971647,0.3333578871309171,1.478433609008789,49.74055290222168
1790852763334447411,0x69,joint_3,-0.4295146206079795,0.515063024725264,0.515063024725264,0.511149619419924,0.04362495276597646,0.48345620280242935,11.485815048217773,9.675264358520508
1790852763344437201,0x68,joint_2,-0.40803888957758055,0.4144952442714815,0.4144952442714815,0.39097487872049586,0.08726646259971647,0.3351032163829113,21.475791931152344,19.665241241455078
1790852763354418376,0x69,joint_3,-0.4295146206079795,0.515063024725264,0.515063024725264,0.511149619419924,0.04362495276597646,0.48520153205442357,31.456947326660156,29.64639663696289
1790852763364429604,0x68,joint_2,-0.40803888957758055,0.4144952442714815,0.4144952442714815,0.39097487872049586,0.08726646259971647,0.33684854563490557,41.468143463134766,39.6575927734375
1790852763374385340,0x69,joint_3,-0.4341165629716364,0.515063024725264,0.515063024725264,0.511149619419924,0.04362495276597646,0.4869468613064179,1.306295394897461,49.61347579956055
1790852763384449670,0x68,joint_2,-0.4172427743048944,0.42369912899879536,0.42369912899879536,0.39532946106696437,0.08726646259971647,0.3385938748869,11.370658874511719,9.732723236083984
1790852763394415825,0x69,joint_3,-0.4341165629716364,0.5196649670889208,0.5196649670889208,0.5144154051316068,0.06541009052980463,0.4886921905584123,21.336793899536133,19.6988582611084
1790852763404380745,0x68,joint_2,-0.4172427743048944,0.42369912899879536,0.42369912899879536,0.39532946106696437,0.08726646259971647,0.34033920413889424,31.301498413085938,29.663562774658203
1790852763414422524,0x69,joint_3,-0.4341165629716364,0.5196649670889208,0.5196649670889208,0.5144154051316068,0.06541009052980463,0.4886921905584123,41.34345054626465,39.705514907836914
1790852763424439451,0x68,joint_2,-0.42644665903220824,0.42369912899879536,0.42369912899879536,0.39532946106696437,0.08726646259971647,0.34208453339088873,1.4138221740722656,49.72243309020996
1790852763434465516,0x69,joint_3,-0.4387185053352934,0.5242669094525779,0.5242669094525779,0.5187802581959775,0.08724078051487519,0.4904375198104066,11.439800262451172,9.701013565063477
1790852763444430274,0x68,joint_2,-0.42644665903220824,0.4329030137261092,0.4329030137261092,0.39969323414277164,0.08726646259971647,0.34382986264288296,21.404504776000977,19.66571807861328
1790852763454431687,0x69,joint_3,-0.4387185053352934,0.5242669094525779,0.5242669094525779,0.5187802581959775,0.08724078051487519,0.492182849062401,31.405925750732422,29.667139053344727
1790852763464384999,0x68,joint_2,-0.42644665903220824,0.4329030137261092,0.4329030137261092,0.39969323414277164,0.08726646259971647,0.34382986264288296,41.35918617248535,39.620399475097656
1790852763475158939,0x69,joint_3,-0.44178646691106466,0.5242669094525779,0.5242669094525779,0.5187802581959775,0.08724078051487519,0.492182849062401,2.2430419921875,50.394535064697266
1790852763484800954,0x68,joint_2,-0.4356505437595221,0.44210689845342305,0.44210689845342305,0.4041454735949871,0.08726646259971647,0.3455751918948772,11.884927749633789,8.998394012451172
1790852763495092331,0x69,joint_3,-0.44178646691106466,0.5273348710283492,0.5273348710283492,0.5232341082381377,0.08726646259971647,0.4939281783143952,22.176265716552734,19.289731979370117
1790852763504795503,0x68,joint_2,-0.4356505437595221,0.44210689845342305,0.44210689845342305,0.4041454735949871,0.08726646259971647,0.3473205211468717,31.879425048828125,28.992891311645508
1790852763514791910,0x69,joint_3,-0.44178646691106466,0.5273348710283492,0.5273348710283492,0.5232341082381377,0.08726646259971647,0.49567350756638956,41.87583923339844,38.98930549621582
1790852763524825217,0x68,joint_2,-0.444854428486836,0.44210689845342305,0.44210689845342305,0.4041454735949871,0.08726646259971647,0.3490658503988659,1.8868446350097656,49.02291297912598
1790852763534768355,0x69,joint_3,-0.44485442848683593,0.5304028326041205,0.5304028326041205,0.5275378093501192,0.08726646259971647,0.49741883681838395,11.829853057861328,9.637117385864258
1790852763544438380,0x68,joint_2,-0.444854428486836,0.4513107831807369,0.4513107831807369,0.408447459746486,0.08726646259971647,0.3508111796508604,21.4996337890625,19.30689811706543
1790852763554798543,0x69,joint_3,-0.44485442848683593,0.5304028326041205,0.5304028326041205,0.5275378093501192,0.08726646259971647,0.49741883681838395,31.859874725341797,29.667139053344727
1790852763564447903,0x68,joint_2,-0.444854428486836,0.4513107831807369,0.4513107831807369,0.408447459746486,0.08726646259971647,0.3525565089028546,41.509389877319336,39.316654205322266
1790852763574383300,0x69,joint_3,-0.44638840927472156,0.5304028326041205,0.5304028326041205,0.5275378093501192,0.08726646259971647,0.4991641660703783,1.30462646484375,49.25203323364258
1790852763584441623,0x68,joint_2,-0.45099035163837853,0.45744670633227946,0.45744670633227946,0.4127690108643729,0.08726646259971647,0.35430183815484884,11.362791061401367,9.77015495300293
1790852763594383597,0x69,joint_3,-0.44638840927472156,0.531936813392006,0.531936813392006,0.5318609739375945,0.08726646259971647,0.5009094953223726,21.304845809936523,19.712209701538086
1790852763604424152,0x68,joint_2,-0.45099035163837853,0.45744670633227946,0.45744670633227946,0.4127690108643729,0.08726646259971647,0.35604716740684333,31.345367431640625,29.752731323242188
1790852763614437960,0x69,joint_3,-0.44638840927472156,0.531936813392006,0.531936813392006,0.5318609739375945,0.08726646259971647,0.5026548245743668,41.35918617248535,39.766550064086914
1790852763624384826,0x68,joint_2,-0.4586602555778067,0.45744670633227946,0.45744670633227946,0.4127690108643729,0.08726646259971647,0.35779249665883756,1.4140605926513672,49.7133731842041
1790852763634475020,0x69,joint_3,-0.44638840927472156,0.531936813392006,0.531936813392006,0.5351332774759231,0.06545173495970039,0.5044001538263612,11.504411697387695,9.796142578125
1790852763644468884,0x68,joint_2,-0.4586602555778067,0.46511661027170764,0.46511661027170764,0.4171303163064409,0.08726646259971647,0.35779249665883756,21.49820327758789,19.789934158325195
1790852763654390654,0x69,joint_3,-0.44638840927472156,0.531936813392006,0.531936813392006,0.5351332774759231,0.06545173495970039,0.5044001538263612,31.419754028320312,29.711484909057617
1790852763664427270,0x68,joint_2,-0.4586602555778067,0.46511661027170764,0.46511661027170764,0.4171303163064409,0.08726646259971647,0.35953782591083205,41.45646095275879,39.748191833496094
1790852763674445479,0x69,joint_3,-0.44638840927472156,0.531936813392006,0.531936813392006,0.5351332774759231,0.06545173495970039,0.5061454830783556,1.356363296508789,49.76654052734375
1790852763684451125,0x68,joint_2,-0.46633015951723494,0.4727865142111359,0.4727865142111359,0.4214966072815732,0.08726646259971647,0.3612831551628263,11.361837387084961,9.707927703857422
1790852763694431061,0x69,joint_3,-0.44638840927472156,0.531936813392006,0.531936813392006,0.5373161993300566,0.043611778585472924,0.5078908123303499,21.341800689697266,19.687891006469727
1790852763704486280,0x68,joint_2,-0.46633015951723494,0.4727865142111359,0.4727865142111359,0.4214966072815732,0.08726646259971647,0.3630284844148205,31.397342681884766,29.743432998657227
1790852763714443124,0x69,joint_3,-0.44638840927472156,0.531936813392006,0.531936813392006,0.5373161993300566,0.043611778585472924,0.5096361415823443,41.35394096374512,39.70003128051758
1790852763724430372,0x68,joint_2,-0.4724660826687775,0.4727865142111359,0.4727865142111359,0.4214966072815732,0.08726646259971647,0.364773813666815,1.4374256134033203,49.68738555908203
1790852763734430776,0x69,joint_3,-0.44638840927472156,0.531936813392006,0.531936813392006,0.538405957739989,0.021805408018165634,0.5113814708343385,11.437654495239258,9.702682495117188
1790852763744377426,0x68,joint_2,-0.4724660826687775,0.4789224373626784,0.4789224373626784,0.42585620413358266,0.08726646259971647,0.3665191429188092,21.384239196777344,19.649267196655273
1790852763754428407,0x69,joint_3,-0.44638840927472156,0.531936813392006,0.531936813392006,0.538405957739989,0.021805408018165634,0.5113814708343385,31.435489654541016,29.700517654418945
1790852763764418199,0x68,joint_2,-0.4724660826687775,0.4789224373626784,0.4789224373626784,0.42585620413358266,0.08726646259971647,0.36826447217080366,41.425228118896484,39.690256118774414
1790852763774425604,0x69,joint_3,-0.44638840927472156,0.531936813392006,0.531936813392006,0.538405957739989,0.021805408018165634,0.5131268000863328,1.3439655303955078,49.6976375579834
1790852763784420075,0x68,joint_2,-0.47706802503243445,0.4835243797263354,0.4835243797263354,0.43021612544228166,0.08726646259971647,0.37000980142279793,11.338472366333008,9.707212448120117
1790852763794436318,0x69,joint_3,-0.44638840927472156,0.531936813392006,0.531936813392006,0.5384058318646433,-2.5185099854150337e-06,0.5148721293383273,21.35467529296875,19.72341537475586
1790852763804434833,0x68,joint_2,-0.47706802503243445,0.4835243797263354,0.4835243797263354,0.43021612544228166,0.08726646259971647,0.37175513067479216,31.353235244750977,29.721975326538086
1790852763814426505,0x69,joint_3,-0.44638840927472156,0.531936813392006,0.531936813392006,0.5384058318646433,-2.5185099854150337e-06,0.5148721293383273,41.34488105773926,39.71362113952637
1790852763824433518,0x68,joint_2,-0.48166996739609136,0.4835243797263354,0.4835243797263354,0.43021612544228166,0.08726646259971647,0.3735004599267866,1.4240741729736328,49.72052574157715
1790852763834448555,0x69,joint_3,-0.44638840927472156,0.531936813392006,0.531936813392006,0.5373145139536755,-0.0218227456822537,0.5166174585903216,11.439323425292969,9.714603424072266
1790852763844406828,0x68,joint_2,-0.48166996739609136,0.4881263220899923,0.4881263220899923,0.4345785099342171,0.08726646259971647,0.3735004599267866,21.39735221862793,19.672632217407227
1790852763854454766,0x69,joint_3,-0.44638840927472156,0.531936813392006,0.531936813392006,0.5373145139536755,-0.0218227456822537,0.5183627878423159,31.44550323486328,29.720783233642578
1790852763864426192,0x68,joint_2,-0.48166996739609136,0.4881263220899923,0.4881263220899923,0.4345785099342171,0.08726646259971647,0.3752457891787809,41.41688346862793,39.69216346740723
1790852763874386505,0x69,joint_3,-0.4479223900626072,0.531936813392006,0.531936813392006,0.5373145139536755,-0.0218227456822537,0.5201081170943102,1.2214183807373047,49.6523380279541
1790852763884421998,0x68,joint_2,-0.48627190975974827,0.4927282644536492,0.4927282644536492,0.43893494040988984,0.08726646259971647,0.3769911184307753,11.256933212280273,9.737253189086914
1790852763895204929,0x69,joint_3,-0.4479223900626072,0.5334707941798917,0.5334707941798917,0.5351364141193303,-0.043613565366089985,0.5201081170943102,22.03989028930664,20.52021026611328
1790852763904494437,0x68,joint_2,-0.48627190975974827,0.4927282644536492,0.4927282644536492,0.43893494040988984,0.08726646259971647,0.37873644768276954,31.32939338684082,29.80971336364746
1790852763914454763,0x69,joint_3,-0.4479223900626072,0.5334707941798917,0.5334707941798917,0.5351364141193303,-0.043613565366089985,0.5218534463463045,41.2898063659668,39.77012634277344
1790852763924394496,0x68,joint_2,-0.4908738521234052,0.4927282644536492,0.4927282644536492,0.43893494040988984,0.08726646259971647,0.3804817769347638,1.2798309326171875,49.70979690551758
1790852763934453004,0x69,joint_3,-0.44945637085049284,0.5350047749677774,0.5350047749677774,0.5340465670472623,-0.021790132896816153,0.5218534463463045,11.338233947753906,9.731292724609375
1790852763944448380,0x68,joint_2,-0.4908738521234052,0.4973302068173061,0.4973302068173061,0.44329724828180833,0.08726646259971647,0.38222710618675826,21.333694458007812,19.72675323486328
1790852763954428675,0x69,joint_3,-0.44945637085049284,0.5350047749677774,0.5350047749677774,0.5340465670472623,-0.021790132896816153,0.5235987755982988,31.31389617919922,29.706954956054688
1790852763964441937,0x68,joint_2,-0.4908738521234052,0.4973302068173061,0.4973302068173061,0.44329724828180833,0.08726646259971647,0.3839724354387525,41.32723808288574,39.72029685974121
1790852763974450443,0x69,joint_3,-0.4525243324262641,0.5350047749677774,0.5350047749677774,0.5340465670472623,-0.021790132896816153,0.5253441048502933,1.5082359313964844,49.7288703918457
1790852763984429276,0x68,joint_2,-0.49547579448706214,0.5019321491809631,0.5019321491809631,0.44766143936391606,0.08726646259971647,0.385717764690747,11.487007141113281,9.660482406616211
1790852763994426043,0x69,joint_3,-0.4525243324262641,0.5380727365435486,0.5380727365435486,0.5340487110678028,4.284826861190041e-05,0.5253441048502933,21.483898162841797,19.657373428344727
1790852764004444216,0x68,joint_2,-0.49547579448706214,0.5019321491809631,0.5019321491809631,0.44766143936391606,0.08726646259971647,0.3874630939427412,31.50200843811035,29.67548370361328
1790852764014389502,0x69,joint_3,-0.4525243324262641,0.5380727365435486,0.5380727365435486,0.5340487110678028,4.284826861190041e-05,0.5270894341022876,41.44716262817383,39.62063789367676
1790852764024427875,0x68,joint_2,-0.500077736850719,0.5019321491809631,0.5019321491809631,0.44766143936391606,0.08726646259971647,0.3874630939427412,1.5730857849121094,49.659013748168945
1790852764034437532,0x69,joint_3,-0.45559229400203544,0.54114069811932,0.54114069811932,0.5351402192914904,0.02184482366077901,0.5270894341022876,11.58285140991211,9.689807891845703
1790852764044470516,0x68,joint_2,-0.500077736850719,0.50653409154462,0.50653409154462,0.4520194033733079,0.08726646259971647,0.3892084231947354,21.61574363708496,19.722700119018555
1790852764054447290,0x69,joint_3,-0.45559229400203544,0.54114069811932,0.54114069811932,0.5351402192914904,0.02184482366077901,0.5288347633542818,31.592607498168945,29.69956398010254
1790852764064415205,0x68,joint_2,-0.500077736850719,0.50653409154462,0.50653409154462,0.4520194033733079,0.08726646259971647,0.3909537524467299,41.56064987182617,39.667606353759766
1790852764074424669,0x69,joint_3,-0.4586602555778067,0.54114069811932,0.54114069811932,0.5351402192914904,0.02184482366077901,0.5288347633542818,1.4662742614746094,49.67689514160156
1790852764084445152,0x68,joint_2,-0.5062136600022616,0.5126700146961626,0.5126700146961626,0.4563786753322605,0.08726646259971647,0.39269908169872414,11.48676872253418,9.711265563964844
1790852764094432336,0x69,joint_3,-0.4586602555778067,0.5442086596950912,0.5442086596950912,0.5373220832045019,0.04365338810677174,0.5305800926062761,21.47388458251953,19.698381423950195
1790852764104386522,0x68,joint_2,-0.5062136600022616,0.5126700146961626,0.5126700146961626,0.4563786753322605,0.08726646259971647,0.39444441095071864,31.428098678588867,29.65259552001953
1790852764114525391,0x69,joint_3,-0.4586602555778067,0.5442086596950912,0.5442086596950912,0.5373220832045019,0.04365338810677174,0.5305800926062761,41.567087173461914,39.79158401489258
1790852764124437133,0x68,joint_2,-0.5123495831538042,0.5126700146961626,0.5126700146961626,0.4563786753322605,0.08726646259971647,0.39618974020271286,1.3077259063720703,49.703359603881836
1790852764134431348,0x69,joint_3,-0.461728217153578,0.5472766212708625,0.5472766212708625,0.540596046721965,0.06547231980841181,0.5305800926062761,11.301755905151367,9.676456451416016
1790852764144435608,0x68,joint_2,-0.5123495831538042,0.5188059378477051,0.5188059378477051,0.4607400736258152,0.08726646259971647,0.3979350694547071,21.306276321411133,19.68097686767578
1790852764154430917,0x69,joint_3,-0.461728217153578,0.5472766212708625,0.5472766212708625,0.540596046721965,0.06547231980841181,0.5323254218582705,31.301498413085938,29.676198959350586
1790852764164423464,0x68,joint_2,-0.5123495831538042,0.5188059378477051,0.5188059378477051,0.4607400736258152,0.08726646259971647,0.3996803987067016,41.29385948181152,39.66856002807617
1790852764174386114,0x69,joint_3,-0.46479617872934925,0.5472766212708625,0.5472766212708625,0.540596046721965,0.06547231980841181,0.5323254218582705,1.3813972473144531,49.631357192993164
1790852764184444925,0x68,joint_2,-0.521553467881118,0.5280098225750189,0.5280098225750189,0.465095399482619,0.08726646259971647,0.4014257279586958,11.440277099609375,9.745121002197266
1790852764194383233,0x69,joint_3,-0.46479617872934925,0.5503445828466338,0.5503445828466338,0.5449534007514226,0.08726056295000413,0.5323254218582705,21.378517150878906,19.683361053466797
1790852764204452701,0x68,joint_2,-0.521553467881118,0.5280098225750189,0.5280098225750189,0.465095399482619,0.08726646259971647,0.4014257279586958,31.447887420654297,29.752731323242188
1790852764214452231,0x69,joint_3,-0.46479617872934925,0.5503445828466338,0.5503445828466338,0.5449534007514226,0.08726056295000413,0.5340707511102649,41.44740104675293,39.75224494934082
1790852764224435075,0x68,joint_2,-0.5292233718205462,0.5280098225750189,0.5280098225750189,0.465095399482619,0.08726646259971647,0.4031710572106903,1.5201568603515625,49.735307693481445
1790852764234436706,0x69,joint_3,-0.4678641403051205,0.553412544422405,0.553412544422405,0.549319798627992,0.08726646259971647,0.5340707511102649,11.521577835083008,9.692192077636719
1790852764244472177,0x68,joint_2,-0.5292233718205462,0.5356797265144472,0.5356797265144472,0.46945944500437786,0.08726646259971647,0.4049163864626845,21.557092666625977,19.727706909179688
1790852764254424979,0x69,joint_3,-0.4678641403051205,0.553412544422405,0.553412544422405,0.549319798627992,0.08726646259971647,0.5358160803622593,31.510114669799805,29.680728912353516
1790852764264412793,0x68,joint_2,-0.5292233718205462,0.5356797265144472,0.5356797265144472,0.46945944500437786,0.08726646259971647,0.40666171571467874,41.49770736694336,39.66832160949707
1790852764274421872,0x69,joint_3,-0.4724660826687775,0.553412544422405,0.553412544422405,0.549319798627992,0.08726646259971647,0.5358160803622593,1.5485286712646484,49.677371978759766
1790852764284436184,0x68,joint_2,-0.5353592949720888,0.5418156496659897,0.5418156496659897,0.47381857969316815,0.08726646259971647,0.40840704496667324,11.562824249267578,9.691476821899414
1790852764294421061,0x69,joint_3,-0.4724660826687775,0.558014486786062,0.558014486786062,0.5536814001652507,0.08726646259971647,0.5375614096142535,21.547794342041016,19.67644691467285
1790852764304377494,0x68,joint_2,-0.5353592949720888,0.5418156496659897,0.5418156496659897,0.47381857969316815,0.08726646259971647,0.41015237421866746,31.504392623901367,29.633045196533203
1790852764314416633,0x69,joint_3,-0.4724660826687775,0.558014486786062,0.558014486786062,0.5536814001652507,0.08726646259971647,0.5393067388662478,41.54324531555176,39.671897888183594
1790852764324400739,0x68,joint_2,-0.5399612373357457,0.5418156496659897,0.5418156496659897,0.47381857969316815,0.08726646259971647,0.4118977034706619,1.386404037475586,49.655914306640625
1790852764334428301,0x69,joint_3,-0.47553404424454876,0.5610824483618333,0.5610824483618333,0.5580423358592188,0.08726646259971647,0.5393067388662478,11.414289474487305,9.707212448120117
1790852764344430363,0x68,joint_2,-0.5399612373357457,0.5464175920296467,0.5464175920296467,0.4781771199227524,0.08726646259971647,0.4136430327226562,21.416187286376953,19.709110260009766
1790852764354426716,0x69,joint_3,-0.47553404424454876,0.5610824483618333,0.5610824483618333,0.5580423358592188,0.08726646259971647,0.5410520681182421,31.412363052368164,29.705286026000977
1790852764364460477,0x68,joint_2,-0.5399612373357457,0.5464175920296467,0.5464175920296467,0.4781771199227524,0.08726646259971647,0.4153883619746504,41.44644737243652,39.739370346069336
1790852764374401598,0x69,joint_3,-0.48013598660820567,0.5610824483618333,0.5610824483618333,0.5580423358592188,0.08726646259971647,0.5410520681182421,1.2886524200439453,49.680233001708984
1790852764384459213,0x68,joint_2,-0.5460971604872883,0.5525535151811892,0.5525535151811892,0.4825372911626557,0.08726646259971647,0.41713369122664484,11.34634017944336,9.735584259033203
1790852764394446134,0x69,joint_3,-0.48013598660820567,0.5656843907254903,0.5656843907254903,0.5624048461894117,0.08726646259971647,0.5427973973702365,21.33321762084961,19.722461700439453
1790852764404434332,0x68,joint_2,-0.5460971604872883,0.5525535151811892,0.5525535151811892,0.4825372911626557,0.08726646259971647,0.41713369122664484,31.32152557373047,29.710769653320312
1790852764414430690,0x69,joint_3,-0.48013598660820567,0.5656843907254903,0.5656843907254903,0.5624048461894117,0.08726646259971647,0.5445427266222309,41.31793975830078,39.707183837890625
1790852764424388365,0x68,joint_2,-0.5506991028509453,0.5525535151811892,0.5525535151811892,0.4825372911626557,0.08726646259971647,0.4188790204786391,1.4526844024658203,49.66473579406738
1790852764434424275,0x69,joint_3,-0.4816699673960913,0.5672183715133758,0.5672183715133758,0.5667653269634781,0.08726646259971647,0.5445427266222309,11.488676071166992,9.718894958496094
1790852764444477176,0x68,joint_2,-0.5506991028509453,0.5571554575448462,0.5571554575448462,0.4868954245560872,0.08726646259971647,0.42062434973063356,21.541595458984375,19.771814346313477
1790852764454436962,0x69,joint_3,-0.4816699673960913,0.5672183715133758,0.5672183715133758,0.5667653269634781,0.08726646259971647,0.5462880558742251,31.501293182373047,29.73151206970215
1790852764464433206,0x68,joint_2,-0.5506991028509453,0.5571554575448462,0.5571554575448462,0.4868954245560872,0.08726646259971647,0.4223696789826278,41.49746894836426,39.72768783569336
1790852764474453769,0x69,joint_3,-0.4847379289718626,0.5672183715133758,0.5672183715133758,0.5667653269634781,0.08726646259971647,0.5462880558742251,1.4400482177734375,49.74842071533203
1790852764484427086,0x68,joint_2,-0.5568350260024878,0.5632913806963887,0.5632913806963887,0.49126109532856016,0.08726646259971647,0.424115008234622,11.413335800170898,9.655237197875977
1790852764494424758,0x69,joint_3,-0.4847379289718626,0.570286333089147,0.570286333089147,0.570286333089147,0.0703444740647204,0.5480333851262195,21.41118049621582,19.6530818939209
1790852764504431381,0x68,joint_2,-0.5568350260024878,0.5632913806963887,0.5632913806963887,0.49126109532856016,0.08726646259971647,0.4258603374866165,31.4176082611084,29.659509658813477
1790852764514438415,0x69,joint_3,-0.4847379289718626,0.570286333089147,0.570286333089147,0.570286333089147,0.0703444740647204,0.5497787143782138,41.42475128173828,39.66665267944336
1790852764524403347,0x68,joint_2,-0.5614369683661447,0.5632913806963887,0.5632913806963887,0.49126109532856016,0.08726646259971647,0.4276056667386107,1.4524459838867188,49.631595611572266
1790852764534418555,0x69,joint_3,-0.4878058905476339,0.5733542946649184,0.5733542946649184,0.5733542946649184,0.06142757706782897,0.5497787143782138,11.467456817626953,9.679317474365234
1790852764544401381,0x68,joint_2,-0.5614369683661447,0.5678933230600456,0.5678933230600456,0.4956171781346717,0.08726646259971647,0.4293509959906052,21.450281143188477,19.662141799926758
1790852764554423705,0x69,joint_3,-0.4878058905476339,0.5733542946649184,0.5733542946649184,0.5733542946649184,0.06142757706782897,0.5515240436302081,31.47268295288086,29.68454360961914
1790852764564428568,0x68,joint_2,-0.5614369683661447,0.5678933230600456,0.5678933230600456,0.4956171781346717,0.08726646259971647,0.43109632524259944,41.47744178771973,39.68930244445801
1790852764574431499,0x69,joint_3,-0.4924078329112908,0.5733542946649184,0.5733542946649184,0.5733542946649184,0.06142757706782897,0.5532693728822026,1.5859603881835938,49.692392349243164
1790852764584442879,0x68,joint_2,-0.5660389107298016,0.5724952654237025,0.5724952654237025,0.49997856421105086,0.08726646259971647,0.43109632524259944,11.597394943237305,9.688138961791992
1790852764594418640,0x69,joint_3,-0.4924078329112908,0.5779562370285753,0.5779562370285753,0.5775170684899067,0.08324653582218319,0.5532693728822026,21.57306671142578,19.66381072998047
1790852764604416866,0x68,joint_2,-0.5660389107298016,0.5724952654237025,0.5724952654237025,0.49997856421105086,0.08726646259971647,0.43284165449459366,31.571149826049805,29.661893844604492
1790852764614426197,0x69,joint_3,-0.4924078329112908,0.5779562370285753,0.5779562370285753,0.5775170684899067,0.08324653582218319,0.5550147021341968,41.5804386138916,39.67118263244629
1790852764624438220,0x68,joint_2,-0.5721748338813442,0.5724952654237025,0.5724952654237025,0.49997856421105086,0.08726646259971647,0.43458698374658816,1.5370845794677734,49.683332443237305
1790852764634430903,0x69,joint_3,-0.4954757944870621,0.5810241986043466,0.5810241986043466,0.5810241986043466,0.0701659858059252,0.5567600313861911,11.529922485351562,9.683370590209961
1790852764644427232,0x68,joint_2,-0.5721748338813442,0.5786311885752451,0.5786311885752451,0.5043380701313361,0.08726646259971647,0.4363323129985824,21.526098251342773,19.679546356201172
1790852764654477976,0x69,joint_3,-0.4954757944870621,0.5810241986043466,0.5810241986043466,0.5810241986043466,0.0701659858059252,0.5567600313861911,31.576871871948242,29.73031997680664
1790852764664430091,0x68,joint_2,-0.5721748338813442,0.5786311885752451,0.5786311885752451,0.5043380701313361,0.08726646259971647,0.4380776422505769,41.528940200805664,39.68238830566406
1790852764674428445,0x69,joint_3,-0.49854375606283335,0.5810241986043466,0.5810241986043466,0.5810241986043466,0.0701659858059252,0.5585053606381855,1.558542251586914,49.68070983886719
1790852764684433592,0x68,joint_2,-0.5767767762450011,0.5832331309389021,0.5832331309389021,0.5086977022390999,0.08726646259971647,0.4398229715025711,11.563777923583984,9.683609008789062
1790852764694387570,0x69,joint_3,-0.49854375606283335,0.5840921601801179,0.5840921601801179,0.5840921601801179,0.06137620817347644,0.5602506898901798,21.51775360107422,19.637584686279297
1790852764704434403,0x68,joint_2,-0.5767767762450011,0.5832331309389021,0.5832331309389021,0.5086977022390999,0.08726646259971647,0.4415683007545653,31.564712524414062,29.68454360961914
1790852764714390993,0x69,joint_3,-0.49854375606283335,0.5840921601801179,0.5840921601801179,0.5840921601801179,0.06137620817347644,0.5619960191421741,41.521310806274414,39.64114189147949
1790852764724391584,0x68,joint_2,-0.581378718608658,0.5832331309389021,0.5832331309389021,0.5086977022390999,0.08726646259971647,0.4433136300065598,1.4369487762451172,49.64160919189453
1790852764734514590,0x69,joint_3,-0.5031456984264903,0.5886941025437747,0.5886941025437747,0.5882458662671609,0.08316815664877589,0.5619960191421741,11.55996322631836,9.820222854614258
1790852764744435317,0x68,joint_2,-0.581378718608658,0.587835073302559,0.587835073302559,0.5130543833441013,0.08726646259971647,0.44505895925855404,21.480560302734375,19.740819931030273
1790852764754422820,0x69,joint_3,-0.5031456984264903,0.5886941025437747,0.5886941025437747,0.5882458662671609,0.08316815664877589,0.5637413483941683,31.46815299987793,29.728412628173828
1790852764764454703,0x68,joint_2,-0.581378718608658,0.587835073302559,0.587835073302559,0.5130543833441013,0.08726646259971647,0.44505895925855404,41.500091552734375,39.76035118103027
1790852764774442951,0x69,joint_3,-0.5077476407901472,0.5886941025437747,0.5886941025437747,0.5882458662671609,0.08316815664877589,0.5654866776461628,1.3103485107421875,49.74865913391113
1790852764784398689,0x68,joint_2,-0.5875146417602006,0.5939709964541016,0.5939709964541016,0.517420131521862,0.08726646259971647,0.4468042885105485,11.265993118286133,9.636878967285156
1790852764794437781,0x69,joint_3,-0.5077476407901472,0.5932960449074317,0.5932960449074317,0.5926134878813705,0.08726646259971647,0.5654866776461628,21.305084228515625,19.67597007751465
1790852764804445757,0x68,joint_2,-0.5875146417602006,0.5939709964541016,0.5939709964541016,0.517420131521862,0.08726646259971647,0.44854961776254276,31.312942504882812,29.683828353881836
1790852764814399002,0x69,joint_3,-0.5077476407901472,0.5932960449074317,0.5932960449074317,0.5926134878813705,0.08726646259971647,0.5672320068981571,41.26620292663574,39.637088775634766
1790852764824395848,0x68,joint_2,-0.5905826033359719,0.5939709964541016,0.5939709964541016,0.517420131521862,0.08726646259971647,0.450294947014537,1.3697147369384766,49.63397979736328
1790852764834415463,0x69,joint_3,-0.5123495831538042,0.5978979872710887,0.5978979872710887,0.5969717162206616,0.08726646259971647,0.5689773361501514,11.38925552368164,9.707927703857422
1790852764844431377,0x68,joint_2,-0.5905826033359719,0.5970389580298728,0.5970389580298728,0.5217761615316474,0.08726646259971647,0.4520402762665314,21.40522003173828,19.723892211914062
1790852764854476567,0x69,joint_3,-0.5123495831538042,0.5978979872710887,0.5978979872710887,0.5969717162206616,0.08726646259971647,0.5707226654021458,31.450510025024414,29.769182205200195
1790852764864391900,0x68,joint_2,-0.5905826033359719,0.5970389580298728,0.5970389580298728,0.5217761615316474,0.08726646259971647,0.4537856055185257,41.365861892700195,39.68453407287598
1790852764874451890,0x69,joint_3,-0.5138835639416898,0.5978979872710887,0.5978979872710887,0.5969717162206616,0.08726646259971647,0.5707226654021458,1.341104507446289,49.744606018066406
1790852764884394520,0x68,joint_2,-0.5936505649117432,0.6001069196056441,0.6001069196056441,0.5261415725990168,0.08726646259971647,0.45553093477052015,11.283636093139648,9.630441665649414
1790852764894437040,0x69,joint_3,-0.5138835639416898,0.5994319680589744,0.5994319680589744,0.600246121307894,0.06543071116016523,0.57246799465414,21.326303482055664,19.67310905456543
1790852764904426593,0x68,joint_2,-0.5936505649117432,0.6001069196056441,0.6001069196056441,0.5261415725990168,0.08726646259971647,0.45727626402251437,31.31556510925293,29.662370681762695
1790852764914422815,0x69,joint_3,-0.5138835639416898,0.5994319680589744,0.5994319680589744,0.600246121307894,0.06543071116016523,0.5742133239061344,41.31197929382324,39.65878486633301
1790852764924457970,0x68,joint_2,-0.5982525072754,0.6001069196056441,0.6001069196056441,0.5261415725990168,0.08726646259971647,0.45902159327450864,1.5065670013427734,49.69382286071777
1790852764934421666,0x69,joint_3,-0.5184855063053467,0.6040339104226312,0.6040339104226312,0.6040339104226312,0.07575567926645764,0.5759586531581288,11.470317840576172,9.639501571655273
1790852764944413667,0x68,joint_2,-0.5982525072754,0.6047088619693011,0.6047088619693011,0.530502463263649,0.08726646259971647,0.4607669225265031,21.462440490722656,19.631624221801758
1790852764954450788,0x69,joint_3,-0.5184855063053467,0.6040339104226312,0.6040339104226312,0.6040339104226312,0.07575567926645764,0.5759586531581288,31.499385833740234,29.668569564819336
1790852764964440900,0x68,joint_2,-0.5982525072754,0.6047088619693011,0.6047088619693011,0.530502463263649,0.08726646259971647,0.4607669225265031,41.489601135253906,39.65878486633301
1790852764974447330,0x69,joint_3,-0.5230874486690037,0.6040339104226312,0.6040339104226312,0.6040339104226312,0.07575567926645764,0.5777039824101231,1.5196800231933594,49.665212631225586
1790852764984396398,0x68,joint_2,-0.6043884304269427,0.6108447851208436,0.6108447851208436,0.5348618421240385,0.08726646259971647,0.4625122517784973,11.468648910522461,9.614229202270508
1790852764994423913,0x69,joint_3,-0.5230874486690037,0.6086358527862882,0.6086358527862882,0.60839583327502,0.08726646259971647,0.5794493116621174,21.496057510375977,19.641637802124023
1790852765004431950,0x68,joint_2,-0.6043884304269427,0.6108447851208436,0.6108447851208436,0.5348618421240385,0.08726646259971647,0.4642575810304918,31.504154205322266,29.649734497070312
1790852765014438988,0x69,joint_3,-0.5230874486690037,0.6086358527862882,0.6086358527862882,0.60839583327502,0.08726646259971647,0.5811946409141117,41.51129722595215,39.656877517700195
1790852765024393604,0x68,joint_2,-0.6089903727905995,0.6108447851208436,0.6108447851208436,0.5348618421240385,0.08726646259971647,0.466002910282486,1.4500617980957031,49.611568450927734
1790852765034384403,0x69,joint_3,-0.526155410244775,0.6117038143620595,0.6117038143620595,0.6117038143620595,0.06627789730058743,0.5811946409141117,11.440753936767578,9.691715240478516
1790852765044446051,0x68,joint_2,-0.6089903727905995,0.6154467274845005,0.6154467274845005,0.5392156636815156,0.08726646259971647,0.46774823953448025,21.502256393432617,19.753217697143555
1790852765054453671,0x69,joint_3,-0.526155410244775,0.6117038143620595,0.6117038143620595,0.6117038143620595,0.06627789730058743,0.582939970166106,31.510114669799805,29.761075973510742
1790852765064437984,0x68,joint_2,-0.6089903727905995,0.6154467274845005,0.6154467274845005,0.5392156636815156,0.08726646259971647,0.46949356878647475,41.49436950683594,39.745330810546875
1790852765074392361,0x69,joint_3,-0.5322913333963175,0.6117038143620595,0.6117038143620595,0.6117038143620595,0.06627789730058743,0.5846852994181004,1.5025138854980469,49.69954490661621
1790852765084426907,0x68,joint_2,-0.6151262959421421,0.6215826506360431,0.6215826506360431,0.5435764252790255,0.08726646259971647,0.47123889803846897,11.537313461303711,9.732961654663086
1790852765094446424,0x69,joint_3,-0.5322913333963175,0.617839737513602,0.617839737513602,0.6160662337605282,0.08726646259971647,0.5864306286700948,21.556615829467773,19.75226402282715
1790852765104419548,0x68,joint_2,-0.6151262959421421,0.6215826506360431,0.6215826506360431,0.5435764252790255,0.08726646259971647,0.47298422729046347,31.529903411865234,29.72555160522461
1790852765114385637,0x69,joint_3,-0.5322913333963175,0.617839737513602,0.617839737513602,0.6160662337605282,0.08726646259971647,0.5864306286700948,41.49603843688965,39.69168663024902
1790852765124412113,0x68,joint_2,-0.6227961998815703,0.6215826506360431,0.6215826506360431,0.5435764252790255,0.08726646259971647,0.4747295565424577,1.535177230834961,49.71814155578613
1790852765134803019,0x69,joint_3,-0.5368932757599744,0.6224416798772588,0.6224416798772588,0.6204318528711668,0.08726646259971647,0.5881759579220891,11.925935745239258,10.06627082824707
1790852765144466214,0x68,joint_2,-0.6227961998815703,0.6292525545754712,0.6292525545754712,0.5479401944280026,0.08726646259971647,0.4747295565424577,21.589279174804688,19.7296142578125
1790852765154444159,0x69,joint_3,-0.5368932757599744,0.6224416798772588,0.6224416798772588,0.6204318528711668,0.08726646259971647,0.5899212871740833,31.567096710205078,29.70743179321289
1790852765165171852,0x68,joint_2,-0.6227961998815703,0.6292525545754712,0.6292525545754712,0.5479401944280026,0.08726646259971647,0.4764748857944519,42.294979095458984,40.4353141784668
1790852765175384926,0x69,joint_3,-0.5430291989115169,0.6224416798772588,0.6224416798772588,0.6204318528711668,0.08726646259971647,0.5916666164260777,2.270936965942383,50.64821243286133
1790852765184773557,0x68,joint_2,-0.6304661038209985,0.6369224585148995,0.6369224585148995,0.5524145115973039,0.08726646259971647,0.4782202150464464,11.659622192382812,8.739471435546875
1790852765194811745,0x69,joint_3,-0.5430291989115169,0.6285776030288014,0.6285776030288014,0.62490785786109,0.08726646259971647,0.5934119456780721,21.6977596282959,18.77760887145996
1790852765204802993,0x68,joint_2,-0.6304661038209985,0.6369224585148995,0.6369224585148995,0.5524145115973039,0.08726646259971647,0.4799655442984406,31.689167022705078,28.76901626586914
1790852765214822350,0x69,joint_3,-0.5430291989115169,0.6285776030288014,0.6285776030288014,0.62490785786109,0.08726646259971647,0.5934119456780721,41.70846939086914,38.7883186340332
1790852765224785548,0x68,joint_2,-0.6366020269725411,0.6369224585148995,0.6369224585148995,0.5524145115973039,0.08726646259971647,0.4817108735504351,1.9078254699707031,48.7515926361084
1790852765234796219,0x69,joint_3,-0.5476311412751739,0.6331795453924585,0.6331795453924585,0.629188894563611,0.08726646259971647,0.5951572749300664,11.918306350708008,9.686470031738281
1790852765244821218,0x68,joint_2,-0.6366020269725411,0.643058381666442,0.643058381666442,0.5566931402690446,0.08726646259971647,0.48345620280242935,21.943330764770508,19.71149444580078
1790852765254893604,0x69,joint_3,-0.5476311412751739,0.6331795453924585,0.6331795453924585,0.629188894563611,0.08726646259971647,0.5969026041820608,32.01580047607422,29.783964157104492
1790852765264462942,0x68,joint_2,-0.6366020269725411,0.643058381666442,0.643058381666442,0.5566931402690446,0.08726646259971647,0.48520153205442357,41.58496856689453,39.353132247924805
1790852765274436923,0x69,joint_3,-0.5522330836388308,0.6331795453924585,0.6331795453924585,0.629188894563611,0.08726646259971647,0.598647933434055,1.4879703521728516,49.32713508605957
1790852765284388794,0x68,joint_2,-0.6427379501240836,0.6491943048179846,0.6491943048179846,0.5610229312607902,0.08726646259971647,0.48694686130641807,11.440038681030273,9.619712829589844
1790852765294388908,0x69,joint_3,-0.5522330836388308,0.6377814877561153,0.6377814877561153,0.6335211787580974,0.08726646259971647,0.6003932626860493,21.44002914428711,19.61970329284668
1790852765304445788,0x68,joint_2,-0.6427379501240836,0.6491943048179846,0.6491943048179846,0.5610229312607902,0.08726646259971647,0.4886921905584123,31.496763229370117,29.676437377929688
1790852765314458258,0x69,joint_3,-0.5522330836388308,0.6377814877561153,0.6377814877561153,0.6335211787580974,0.08726646259971647,0.6003932626860493,41.509389877319336,39.689064025878906
1790852765324396319,0x68,joint_2,-0.6488738732756263,0.6491943048179846,0.6491943048179846,0.5610229312607902,0.08726646259971647,0.4886921905584123,1.5501976013183594,49.627065658569336
1790852765334457387,0x69,joint_3,-0.5583690067903734,0.6439174109076579,0.6439174109076579,0.6378794004652076,0.08726646259971647,0.6021385919380436,11.611223220825195,9.730339050292969
1790852765344444527,0x68,joint_2,-0.6488738732756263,0.6553302279695272,0.6553302279695272,0.5653787368213852,0.08726646259971647,0.49043751981040673,21.598339080810547,19.71745491027832
1790852765354514194,0x69,joint_3,-0.5583690067903734,0.6439174109076579,0.6439174109076579,0.6378794004652076,0.08726646259971647,0.6038839211900381,31.66818618774414,29.787302017211914
1790852765364453252,0x68,joint_2,-0.6488738732756263,0.6553302279695272,0.6553302279695272,0.5653787368213852,0.08726646259971647,0.492182849062401,41.60737991333008,39.72649574279785
1790852765374450316,0x69,joint_3,-0.5614369683661447,0.6439174109076579,0.6439174109076579,0.6378794004652076,0.08726646259971647,0.6056292504420324,1.4557838439941406,49.72338676452637
1790852765384397637,0x68,joint_2,-0.6550097964271688,0.6614661511210698,0.6614661511210698,0.5697432034911627,0.08726646259971647,0.4939281783143952,11.403083801269531,9.612798690795898
1790852765395161357,0x69,joint_3,-0.5614369683661447,0.6469853724834292,0.6469853724834292,0.6422463009092187,0.08726646259971647,0.6073745796940266,22.166728973388672,20.37644386291504
1790852765404457264,0x68,joint_2,-0.6550097964271688,0.6614661511210698,0.6614661511210698,0.5697432034911627,0.08726646259971647,0.49567350756638967,31.462669372558594,29.67238426208496
1790852765414430286,0x69,joint_3,-0.5614369683661447,0.6469853724834292,0.6469853724834292,0.6422463009092187,0.08726646259971647,0.609119908946021,41.43571853637695,39.64543342590332
1790852765424456879,0x68,joint_2,-0.6611457195787114,0.6614661511210698,0.6614661511210698,0.5697432034911627,0.08726646259971647,0.49741883681838395,1.5211105346679688,49.67212677001953
1790852765434426685,0x69,joint_3,-0.5660389107298016,0.6515873148470861,0.6515873148470861,0.6466095117273201,0.08726646259971647,0.609119908946021,11.490821838378906,9.618759155273438
1790852765444436736,0x68,joint_2,-0.6611457195787114,0.6676020742726123,0.6676020742726123,0.5741038210990241,0.08726646259971647,0.4991641660703784,21.500825881958008,19.62876319885254
1790852765454431550,0x69,joint_3,-0.5660389107298016,0.6515873148470861,0.6515873148470861,0.6466095117273201,0.08726646259971647,0.6108652381980153,31.49557113647461,29.62350845336914
1790852765464450591,0x68,joint_2,-0.6611457195787114,0.6676020742726123,0.6676020742726123,0.5741038210990241,0.08726646259971647,0.5009094953223726,41.51463508605957,39.6425724029541
1790852765474464668,0x69,joint_3,-0.5675728915176872,0.6515873148470861,0.6515873148470861,0.6466095117273201,0.08726646259971647,0.6126105674500097,1.4464855194091797,49.65686798095703
1790852765484379766,0x68,joint_2,-0.6688156235181396,0.6752719782120405,0.6752719782120405,0.5784631775319715,0.08726646259971647,0.5026548245743668,11.361360549926758,9.584188461303711
1790852765494456876,0x69,joint_3,-0.5675728915176872,0.6531212956349718,0.6531212956349718,0.6509712728748779,0.08726646259971647,0.6143558967020041,21.4385986328125,19.661426544189453
1790852765504449800,0x68,joint_2,-0.6688156235181396,0.6752719782120405,0.6752719782120405,0.5784631775319715,0.08726646259971647,0.5044001538263614,31.43143653869629,29.654264450073242
1790852765514382918,0x69,joint_3,-0.5675728915176872,0.6531212956349718,0.6531212956349718,0.6509712728748779,0.08726646259971647,0.6161012259539983,41.36466979980469,39.58749771118164
1790852765524450919,0x68,joint_2,-0.6780195082454534,0.6752719782120405,0.6752719782120405,0.5784631775319715,0.08726646259971647,0.5044001538263614,1.4965534210205078,49.65543746948242
1790852765534425484,0x69,joint_3,-0.5706408530934585,0.6561892572107431,0.6561892572107431,0.65533151759308,0.08726646259971647,0.6178465552059926,11.471271514892578,9.645700454711914
1790852765544430178,0x68,joint_2,-0.6780195082454534,0.6844758629393544,0.6844758629393544,0.5828210205899761,0.08726646259971647,0.5061454830783556,21.475791931152344,19.65022087097168
1790852765554401421,0x69,joint_3,-0.5706408530934585,0.6561892572107431,0.6561892572107431,0.65533151759308,0.08726646259971647,0.6178465552059926,31.447172164916992,29.621601104736328
1790852765564410381,0x68,joint_2,-0.6780195082454534,0.6844758629393544,0.6844758629393544,0.5828210205899761,0.08726646259971647,0.50789081233035,41.455984115600586,39.63041305541992
1790852765574446074,0x69,joint_3,-0.5737088146692297,0.6561892572107431,0.6561892572107431,0.65533151759308,0.08726646259971647,0.619591884457987,1.5671253204345703,49.66616630554199
1790852765584420617,0x68,joint_2,-0.6872233929727672,0.6936797476666682,0.6936797476666682,0.5871804395056849,0.08726646259971647,0.5096361415823443,11.541604995727539,9.649515151977539
1790852765594430766,0x69,joint_3,-0.5737088146692297,0.6592572187865143,0.6592572187865143,0.6592572187865143,0.07854032702219595,0.6213372137099813,21.551847457885742,19.659757614135742
1790852765604439843,0x68,joint_2,-0.6872233929727672,0.6936797476666682,0.6936797476666682,0.5871804395056849,0.08726646259971647,0.5113814708343385,31.560897827148438,29.668807983398438
1790852765614430665,0x69,joint_3,-0.5737088146692297,0.6592572187865143,0.6592572187865143,0.6592572187865143,0.07854032702219595,0.6230825429619757,41.551828384399414,39.659738540649414
1790852765624431612,0x68,joint_2,-0.6948932969121955,0.6936797476666682,0.6936797476666682,0.5871804395056849,0.08726646259971647,0.5131268000863329,1.4379024505615234,49.660444259643555
1790852765634429793,0x69,joint_3,-0.5783107570328867,0.6638591611501713,0.6638591611501713,0.6636171108609797,0.08726646259971647,0.62482787221397,11.435985565185547,9.686470031738281
1790852765644438774,0x68,joint_2,-0.6948932969121955,0.7013496516060964,0.7013496516060964,0.5915379739894076,0.08726646259971647,0.5148721293383273,21.445274353027344,19.695758819580078
1790852765654390710,0x69,joint_3,-0.5783107570328867,0.6638591611501713,0.6638591611501713,0.6636171108609797,0.08726646259971647,0.6265732014659643,31.397104263305664,29.6475887298584
1790852765664474177,0x68,joint_2,-0.6948932969121955,0.7013496516060964,0.7013496516060964,0.5915379739894076,0.08726646259971647,0.5166174585903217,41.48054122924805,39.73102569580078
1790852765674447597,0x69,joint_3,-0.581378718608658,0.6638591611501713,0.6638591611501713,0.6636171108609797,0.08726646259971647,0.6283185307179586,1.573324203491211,49.704551696777344
1790852765684383366,0x68,joint_2,-0.7040971816395093,0.7105535363334102,0.7105535363334102,0.5958999189201764,0.08726646259971647,0.5183627878423159,11.509180068969727,9.603500366210938
1790852765694388428,0x69,joint_3,-0.581378718608658,0.6669271227259426,0.6669271227259426,0.6669271227259426,0.0661847368338427,0.630063859969953,21.514177322387695,19.608497619628906
1790852765704437503,0x68,joint_2,-0.7040971816395093,0.7105535363334102,0.7105535363334102,0.5958999189201764,0.08726646259971647,0.5183627878423159,31.563282012939453,29.657602310180664
1790852765714445050,0x69,joint_3,-0.581378718608658,0.6669271227259426,0.6669271227259426,0.6669271227259426,0.0661847368338427,0.630063859969953,41.57066345214844,39.66498374938965
1790852765724389601,0x68,joint_2,-0.7117670855789375,0.7105535363334102,0.7105535363334102,0.5958999189201764,0.08726646259971647,0.5201081170943102,1.4200210571289062,49.60966110229492
1790852765734418231,0x69,joint_3,-0.5859806609723149,0.6715290650895994,0.6715290650895994,0.6712832080627944,0.08726646259971647,0.6318091892219474,11.44862174987793,9.707450866699219
1790852765744445859,0x68,joint_2,-0.7117670855789375,0.7182234402728385,0.7182234402728385,0.6002535983206209,0.08726646259971647,0.5218534463463046,21.476268768310547,19.735097885131836
1790852765754392133,0x69,joint_3,-0.5859806609723149,0.6715290650895994,0.6715290650895994,0.6712832080627944,0.08726646259971647,0.6335545184739416,31.42237663269043,29.68120574951172
1790852765764519143,0x68,joint_2,-0.7117670855789375,0.7182234402728385,0.7182234402728385,0.6002535983206209,0.08726646259971647,0.5235987755982988,41.5494441986084,39.80827331542969
1790852765774393490,0x69,joint_3,-0.5905826033359718,0.6715290650895994,0.6715290650895994,0.6712832080627944,0.08726646259971647,0.635299847725936,1.4793872833251953,49.6828556060791
1790852765784432635,0x68,joint_2,-0.7194369895183658,0.7258933442122667,0.7258933442122667,0.6046136864827779,0.08726646259971647,0.5253441048502934,11.518239974975586,9.717226028442383
1790852765794438195,0x69,joint_3,-0.5905826033359718,0.6761310074532563,0.6761310074532563,0.6756456938710136,0.08726646259971647,0.6370451769779303,21.52395248413086,19.722938537597656
1790852765804433558,0x68,joint_2,-0.7194369895183658,0.7258933442122667,0.7258933442122667,0.6046136864827779,0.08726646259971647,0.5270894341022876,31.519412994384766,29.718399047851562
1790852765814435924,0x69,joint_3,-0.5905826033359718,0.6761310074532563,0.6761310074532563,0.6756456938710136,0.08726646259971647,0.6387905062299246,41.521549224853516,39.72053527832031
1790852765824449674,0x68,joint_2,-0.7271068934577939,0.7258933442122667,0.7258933442122667,0.6046136864827779,0.08726646259971647,0.5288347633542818,1.4536380767822266,49.73459243774414
1790852765834447886,0x69,joint_3,-0.5967185264875144,0.6822669306047989,0.6822669306047989,0.6800131033403547,0.08726646259971647,0.640535835481919,11.45172119140625,9.663105010986328
1790852765844444427,0x68,joint_2,-0.7271068934577939,0.7335632481516948,0.7335632481516948,0.6089786498730871,0.08726646259971647,0.5305800926062763,21.448135375976562,19.65951919555664
1790852765854457136,0x69,joint_3,-0.5967185264875144,0.6822669306047989,0.6822669306047989,0.6800131033403547,0.08726646259971647,0.6422811647339133,31.46076202392578,29.67214584350586
1790852765864473476,0x68,joint_2,-0.7271068934577939,0.7335632481516948,0.7335632481516948,0.6089786498730871,0.08726646259971647,0.5323254218582705,41.47744178771973,39.688825607299805
1790852765874395218,0x69,joint_3,-0.6013204688511713,0.6822669306047989,0.6822669306047989,0.6800131033403547,0.08726646259971647,0.6422811647339133,1.4393329620361328,49.610137939453125
1790852765884459715,0x68,joint_2,-0.7347767973972221,0.7412331520911231,0.7412331520911231,0.613333237281195,0.08726646259971647,0.5323254218582705,11.504173278808594,9.76419448852539
1790852765894484890,0x69,joint_3,-0.6013204688511713,0.6868688729684559,0.6868688729684559,0.6843693110248426,0.08726646259971647,0.6440264939859076,21.529197692871094,19.78921890258789
1790852765904515071,0x68,joint_2,-0.7347767973972221,0.7412331520911231,0.7412331520911231,0.613333237281195,0.08726646259971647,0.534070751110265,31.559467315673828,29.819488525390625
1790852765914592545,0x69,joint_3,-0.6013204688511713,0.6868688729684559,0.6868688729684559,0.6843693110248426,0.08726646259971647,0.6457718232379019,41.63670539855957,39.89672660827637
1790852765924401373,0x68,joint_2,-0.7409127205487647,0.7412331520911231,0.7412331520911231,0.613333237281195,0.08726646259971647,0.5358160803622593,0.881195068359375,49.70574378967285
1790852765934548602,0x69,joint_3,-0.6059224112148283,0.6914708153321127,0.6914708153321127,0.6887304797204208,0.08726646259971647,0.6475171524898963,11.028289794921875,9.877204895019531
1790852765944667306,0x68,joint_2,-0.7409127205487647,0.7473690752426656,0.7473690752426656,0.6176928701742296,0.08726646259971647,0.5375614096142535,21.14725112915039,19.996166229248047
1790852765954671237,0x69,joint_3,-0.6059224112148283,0.6914708153321127,0.6914708153321127,0.6887304797204208,0.08726646259971647,0.6492624817418906,31.15105628967285,29.999971389770508
1790852765964599518,0x68,joint_2,-0.7409127205487647,0.7473690752426656,0.7473690752426656,0.6176928701742296,0.08726646259971647,0.5393067388662479,41.07928276062012,39.92819786071777
1790852765974760901,0x69,joint_3,-0.6105243535784852,0.6914708153321127,0.6914708153321127,0.6887304797204208,0.08726646259971647,0.6510078109938848,1.4040470123291016,50.08959770202637
1790852765984684942,0x68,joint_2,-0.7485826244881929,0.7550389791820938,0.7550389791820938,0.6220946131497308,0.08726646259971647,0.5410520681182421,11.32822036743164,9.380102157592773
1790852765994945530,0x69,joint_3,-0.6105243535784852,0.6960727576957697,0.6960727576957697,0.6931351585142423,0.08726646259971647,0.6527531402458793,21.588802337646484,19.640684127807617
1790852766004957653,0x68,joint_2,-0.7485826244881929,0.7550389791820938,0.7550389791820938,0.6220946131497308,0.08726646259971647,0.5427973973702367,31.6009521484375,29.652833938598633
1790852766015082312,0x69,joint_3,-0.6105243535784852,0.6960727576957697,0.6960727576957697,0.6931351585142423,0.08726646259971647,0.6544984694978736,41.72539710998535,39.777278900146484
1790852766024817222,0x68,joint_2,-0.7485826244881929,0.7550389791820938,0.7550389791820938,0.6220946131497308,0.08726646259971647,0.5445427266222309,51.46026611328125,49.51214790344238
1790852766034937001,0x69,joint_3,-0.6151262959421421,0.6960727576957697,0.6960727576957697,0.6931351585142423,0.08726646259971647,0.6562437987498679,10.10584831237793,9.279012680053711
1790852766044931688,0x68,joint_2,-0.7531845668518499,0.7550389791820938,0.7550389791820938,0.6220946131497308,0.08726646259971647,0.5462880558742251,20.10035514831543,19.27351951599121
1790852766057389217,0x69,joint_3,-0.6151262959421421,0.6960727576957697,0.6960727576957697,0.6931351585142423,0.08726646259971647,0.6562437987498679,32.55820274353027,31.731367111206055
1790852766065018913,0x68,joint_2,-0.7531845668518499,0.7550389791820938,0.7550389791820938,0.6220946131497308,0.08726646259971647,0.5480333851262196,40.18759727478027,39.360761642456055
1790852766074765183,0x69,joint_3,-0.6181942575179133,0.6960727576957697,0.6960727576957697,0.6931351585142423,0.08726646259971647,0.6579891280018623,1.7323493957519531,49.10707473754883
1790852766084733662,0x68,joint_2,-0.7593204900033924,0.7657768446972933,0.7657768446972933,0.630808528803739,0.08726646259971647,0.5480333851262196,11.700868606567383,9.679317474365234
1790852766094778148,0x69,joint_3,-0.6181942575179133,0.7037426616351979,0.7037426616351979,0.7018513293080593,0.08726646259971647,0.6597344572538565,21.74544334411621,19.723892211914062
1790852766104939115,0x68,joint_2,-0.7593204900033924,0.7657768446972933,0.7657768446972933,0.630808528803739,0.08726646259971647,0.5497787143782138,31.9063663482666,29.884815216064453
1790852766115229330,0x69,joint_3,-0.6181942575179133,0.7037426616351979,0.7037426616351979,0.7018513293080593,0.08726646259971647,0.6614797865058508,42.19675064086914,40.17519950866699
1790852766125395140,0x68,joint_2,-0.765456413154935,0.7657768446972933,0.7657768446972933,0.630808528803739,0.08726646259971647,0.5515240436302082,1.028299331665039,50.340890884399414
1790852766136679112,0x69,joint_3,-0.6227961998815703,0.7037426616351979,0.7037426616351979,0.7018513293080593,0.08726646259971647,0.6632251157578453,12.312173843383789,10.827064514160156
1790852766146189269,0x68,joint_2,-0.765456413154935,0.7657768446972933,0.7657768446972933,0.630808528803739,0.08726646259971647,0.5532693728822026,21.822452545166016,20.337343215942383
1790852766155054572,0x69,joint_3,-0.6227961998815703,0.7037426616351979,0.7037426616351979,0.7018513293080593,0.08726646259971647,0.6649704450098396,30.687808990478516,29.202699661254883
1790852766165055586,0x68,joint_2,-0.765456413154935,0.7657768446972933,0.7657768446972933,0.630808528803739,0.08726646259971647,0.5550147021341968,40.688514709472656,39.20340538024902
1790852766174848278,0x69,joint_3,-0.6273981422452273,0.7037426616351979,0.7037426616351979,0.7018513293080593,0.08726646259971647,0.6667157742618339,0.2999305725097656,48.9962100982666
1790852766184882181,0x68,joint_2,-0.7700583555185919,0.7719127678488359,0.7719127678488359,0.6395351750637107,0.08690041199472011,0.5567600313861912,10.334014892578125,8.986949920654297
1790852766194742703,0x69,joint_3,-0.6273981422452273,0.7083446039988548,0.7083446039988548,0.7083446039988548,0.06462559952853841,0.6667157742618339,20.194530487060547,18.84746551513672
1790852766205056596,0x68,joint_2,-0.7700583555185919,0.7719127678488359,0.7719127678488359,0.6395351750637107,0.08690041199472011,0.5585053606381855,30.50827980041504,29.16121482849121
1790852766214761103,0x69,joint_3,-0.6273981422452273,0.7083446039988548,0.7083446039988548,0.7083446039988548,0.06462559952853841,0.6684611035138281,40.21286964416504,38.86580467224121
1790852766224894829,0x68,joint_2,-0.7761942786701345,0.7719127678488359,0.7719127678488359,0.6395351750637107,0.08690041199472011,0.5602506898901799,0.7121562957763672,48.99930953979492
1790852766234896113,0x69,joint_3,-0.6320000846088841,0.7129465463625118,0.7129465463625118,0.7126621711455657,0.08642389925648823,0.6702064327658225,10.713577270507812,9.021759033203125
1790852766244907521,0x68,joint_2,-0.7761942786701345,0.7765147102124929,0.7765147102124929,0.6438894933418782,0.08726646259971647,0.5619960191421741,20.725011825561523,19.033193588256836
1790852766255009511,0x69,joint_3,-0.6320000846088841,0.7129465463625118,0.7129465463625118,0.7126621711455657,0.08642389925648823,0.6719517620178169,30.827045440673828,29.13522720336914
1790852766264865366,0x68,joint_2,-0.7761942786701345,0.7765147102124929,0.7765147102124929,0.6438894933418782,0.08726646259971647,0.5619960191421741,40.68279266357422,38.99097442626953
1790852766274581584,0x69,joint_3,-0.6335340653967698,0.7129465463625118,0.7129465463625118,0.7126621711455657,0.08642389925648823,0.6736970912698113,1.077413558959961,48.70724678039551
1790852766284564499,0x68,joint_2,-0.7807962210337914,0.7872525757276924,0.7872525757276924,0.648190855625327,0.08726646259971647,0.5637413483941683,11.060237884521484,9.713411331176758
1790852766294664432,0x69,joint_3,-0.6335340653967698,0.7190824695140543,0.7190824695140543,0.7169650476766922,0.08726646259971647,0.6754424205218056,21.160364151000977,19.81353759765625
1790852766304615867,0x68,joint_2,-0.7807962210337914,0.7872525757276924,0.7872525757276924,0.648190855625327,0.08726646259971647,0.5654866776461629,31.111717224121094,29.764890670776367
1790852766314688757,0x69,joint_3,-0.6335340653967698,0.7190824695140543,0.7190824695140543,0.7169650476766922,0.08726646259971647,0.6771877497737998,41.18466377258301,39.83783721923828
1790852766324781623,0x68,joint_2,-0.786932144185334,0.7872525757276924,0.7872525757276924,0.648190855625327,0.08726646259971647,0.5672320068981571,1.1527538299560547,49.930572509765625
1790852766334903753,0x69,joint_3,-0.6366020269725411,0.7221504310898256,0.7221504310898256,0.7213578698382248,0.08726646259971647,0.6789330790257941,11.275053024291992,9.524345397949219
1790852766345005332,0x68,joint_2,-0.786932144185334,0.7933884988792349,0.7933884988792349,0.6525805422154568,0.08726646259971647,0.5689773361501516,21.376609802246094,19.62590217590332
1790852766355122787,0x69,joint_3,-0.6366020269725411,0.7221504310898256,0.7221504310898256,0.7213578698382248,0.08726646259971647,0.6806784082777885,31.4939022064209,29.743194580078125
1790852766364988164,0x68,joint_2,-0.786932144185334,0.7933884988792349,0.7933884988792349,0.6525805422154568,0.08726646259971647,0.5707226654021458,41.35942459106445,39.60871696472168
1790852766374850491,0x69,joint_3,-0.6366020269725411,0.7221504310898256,0.7221504310898256,0.7213578698382248,0.08726646259971647,0.6824237375297829,51.22184753417969,49.471139907836914
1790852766384810289,0x68,joint_2,-0.7915340865489908,0.7933884988792349,0.7933884988792349,0.6525805422154568,0.08726646259971647,0.57246799465414,9.877204895019531,9.037494659423828
1790852766394573716,0x69,joint_3,-0.6366020269725411,0.7221504310898256,0.7221504310898256,0.7213578698382248,0.08726646259971647,0.6824237375297829,19.640684127807617,18.800973892211914
1790852766404472155,0x68,joint_2,-0.7915340865489908,0.7933884988792349,0.7933884988792349,0.6525805422154568,0.08726646259971647,0.5742133239061346,29.538869857788086,28.699159622192383
1790852766414608739,0x69,joint_3,-0.6366020269725411,0.7221504310898256,0.7221504310898256,0.7213578698382248,0.08726646259971647,0.6841690667817772,39.67547416687012,38.835763931274414
1790852766424447629,0x68,joint_2,-0.7976700097005335,0.7933884988792349,0.7933884988792349,0.6525805422154568,0.08726646259971647,0.5759586531581288,0.9970664978027344,48.674821853637695
1790852766434532346,0x69,joint_3,-0.6381360077604267,0.7236844118777113,0.7236844118777113,0.7257210958278923,0.04383910859277545,0.6859143960337715,11.081695556640625,9.75942611694336
1790852766444724174,0x68,joint_2,-0.7976700097005335,0.8041263643944344,0.8041263643944344,0.6612636090875054,0.08726646259971647,0.5759586531581288,21.27361297607422,19.951343536376953
1790852766454752194,0x69,joint_3,-0.6381360077604267,0.7236844118777113,0.7236844118777113,0.7257210958278923,0.04383910859277545,0.6876597252857658,31.30173683166504,29.979467391967773
1790852766464907527,0x68,joint_2,-0.7976700097005335,0.8041263643944344,0.8041263643944344,0.6612636090875054,0.08726646259971647,0.5777039824101232,41.45693778991699,40.13466835021973
1790852766474802354,0x69,joint_3,-0.6412039693361979,0.7236844118777113,0.7236844118777113,0.7257210958278923,0.04383910859277545,0.6894050545377601,0.4603862762451172,50.02951622009277
1790852766484822460,0x68,joint_2,-0.803805932852076,0.8041263643944344,0.8041263643944344,0.6612636090875054,0.08726646259971647,0.5794493116621174,10.480642318725586,9.271860122680664
1790852766495327164,0x69,joint_3,-0.6412039693361979,0.7236844118777113,0.7236844118777113,0.7257210958278923,0.04383910859277545,0.6911503837897546,20.985126495361328,19.776344299316406
1790852766504984461,0x68,joint_2,-0.803805932852076,0.8041263643944344,0.8041263643944344,0.6612636090875054,0.08726646259971647,0.5811946409141117,30.64250946044922,29.433727264404297
1790852766514992146,0x69,joint_3,-0.6412039693361979,0.7236844118777113,0.7236844118777113,0.7257210958278923,0.04383910859277545,0.6928957130417489,40.650129318237305,39.44134712219238
1790852766525090441,0x68,joint_2,-0.8114758367915041,0.8041263643944344,0.8041263643944344,0.6612636090875054,0.08726646259971647,0.5829399701661062,0.15473365783691406,49.539804458618164
1790852766534986892,0x69,joint_3,-0.6412039693361979,0.7267523734534824,0.7267523734534824,0.7267523734534824,0.010206173892291557,0.6928957130417489,10.051250457763672,8.781671524047852
1790852766545073484,0x68,joint_2,-0.8114758367915041,0.810262287545977,0.810262287545977,0.6699902553474769,0.08641728915706623,0.5846852994181004,20.137548446655273,18.867969512939453
1790852766554982555,0x69,joint_3,-0.6412039693361979,0.7267523734534824,0.7267523734534824,0.7267523734534824,0.010206173892291557,0.6946410422937431,30.046701431274414,28.777122497558594
1790852766564978272,0x68,joint_2,-0.8114758367915041,0.810262287545977,0.810262287545977,0.6699902553474769,0.08641728915706623,0.5864306286700949,40.04240036010742,38.7728214263916
1790852766575091317,0x69,joint_3,-0.6427379501240836,0.7267523734534824,0.7267523734534824,0.7267523734534824,0.010206173892291557,0.6963863715457375,0.21839141845703125,48.88582229614258
1790852766585005077,0x68,joint_2,-0.8191457407309324,0.8179321914854052,0.8179321914854052,0.674343707244318,0.08726646259971647,0.5881759579220891,10.132312774658203,8.827686309814453
1790852766595065905,0x69,joint_3,-0.6427379501240836,0.7267523734534824,0.7267523734534824,0.7267523734534824,0.0,0.6981317007977318,20.193099975585938,18.888473510742188
1790852766604824065,0x68,joint_2,-0.8191457407309324,0.8179321914854052,0.8179321914854052,0.674343707244318,0.08726646259971647,0.5899212871740833,29.951095581054688,28.646469116210938
1790852766614833643,0x69,joint_3,-0.6427379501240836,0.7267523734534824,0.7267523734534824,0.7267523734534824,0.0,0.6998770300497261,39.96086120605469,38.65623474121094
1790852766625020287,0x68,joint_2,-0.8252816638824749,0.8179321914854052,0.8179321914854052,0.674343707244318,0.08726646259971647,0.5899212871740833,0.40459632873535156,48.842668533325195
1790852766634988733,0x69,joint_3,-0.6427379501240836,0.7282863542413682,0.7282863542413682,0.7278400130570843,0.021784680487637934,0.6998770300497261,10.373353958129883,8.84556770324707
1790852766644991587,0x68,joint_2,-0.8252816638824749,0.8256020954248333,0.8256020954248333,0.6786951022705616,0.08726646259971647,0.5916666164260778,20.375967025756836,18.848180770874023
1790852766654982240,0x69,joint_3,-0.6427379501240836,0.7282863542413682,0.7282863542413682,0.7278400130570843,0.021784680487637934,0.7016223593017206,30.36665916442871,28.8388729095459
1790852766664829629,0x68,joint_2,-0.8252816638824749,0.8256020954248333,0.8256020954248333,0.6786951022705616,0.08726646259971647,0.5934119456780721,40.21406173706055,38.686275482177734
1790852766675019799,0x69,joint_3,-0.6427379501240836,0.7282863542413682,0.7282863542413682,0.7278400130570843,0.021784680487637934,0.7033676885537148,0.38170814514160156,48.87652397155762
1790852766684831000,0x68,joint_2,-0.8329515678219032,0.831738018576376,0.831738018576376,0.683044992037597,0.08726646259971647,0.5951572749300665,10.19287109375,8.679628372192383
1790852766694821263,0x69,joint_3,-0.6427379501240836,0.7282863542413682,0.7282863542413682,0.7282863542413682,0.008942994228990265,0.7051130178057091,20.183324813842773,18.670082092285156
1790852766704967949,0x68,joint_2,-0.8329515678219032,0.831738018576376,0.831738018576376,0.683044992037597,0.08726646259971647,0.5969026041820608,30.32970428466797,28.81646156311035
1790852766714828421,0x69,joint_3,-0.6427379501240836,0.7282863542413682,0.7282863542413682,0.7282863542413682,0.008942994228990265,0.7051130178057091,40.19045829772949,38.677215576171875
1790852766724939277,0x68,joint_2,-0.8406214717613314,0.831738018576376,0.831738018576376,0.683044992037597,0.08726646259971647,0.598647933434055,0.3895759582519531,48.787832260131836
1790852766734793294,0x69,joint_3,-0.6427379501240836,0.7282863542413682,0.7282863542413682,0.7282863542413682,0.0,0.7068583470577035,10.243654251098633,8.58616828918457
1790852766745007768,0x68,joint_2,-0.8406214717613314,0.8394079225158041,0.8394079225158041,0.6874028139771029,0.08726646259971647,0.6003932626860494,20.458221435546875,18.800735473632812
1790852766754980630,0x69,joint_3,-0.6427379501240836,0.7282863542413682,0.7282863542413682,0.7282863542413682,0.0,0.7086036763096978,30.431032180786133,28.77354621887207
1790852766764976820,0x68,joint_2,-0.8406214717613314,0.8394079225158041,0.8394079225158041,0.6874028139771029,0.08726646259971647,0.6021385919380436,40.427207946777344,38.76972198486328
1790852766774864675,0x69,joint_3,-0.6427379501240836,0.7282863542413682,0.7282863542413682,0.7282863542413682,0.0,0.7086036763096978,0.05459785461425781,48.65741729736328
1790852766784976783,0x68,joint_2,-0.8467573949128739,0.8470778264552323,0.8470778264552323,0.6917465830490281,0.08726646259971647,0.6038839211900382,10.16688346862793,8.913278579711914
1790852766794976073,0x69,joint_3,-0.6427379501240836,0.7282863542413682,0.7282863542413682,0.7282863542413682,0.0,0.7103490055616922,20.16592025756836,18.912315368652344
1790852766804969515,0x68,joint_2,-0.8467573949128739,0.8470778264552323,0.8470778264552323,0.6917465830490281,0.08726646259971647,0.6056292504420324,30.159473419189453,28.905868530273438
1790852766814857956,0x69,joint_3,-0.6427379501240836,0.7282863542413682,0.7282863542413682,0.7282863542413682,0.0,0.7120943348136864,40.04812240600586,38.794517517089844
1790852766824838981,0x68,joint_2,-0.8544272988523022,0.8470778264552323,0.8470778264552323,0.6917465830490281,0.08726646259971647,0.6056292504420324,0.24747848510742188,48.775434494018555
1790852766834801907,0x69,joint_3,-0.6442719309119693,0.7282863542413682,0.7282863542413682,0.7282863542413682,0.0,0.7120943348136864,10.210514068603516,8.897066116333008
1790852766844956804,0x68,joint_2,-0.8544272988523022,0.8532137496067749,0.8532137496067749,0.696092188207275,0.08726646259971647,0.6073745796940266,20.365476608276367,19.05202865600586
1790852766854992865,0x69,joint_3,-0.6442719309119693,0.7282863542413682,0.7282863542413682,0.7282863542413682,0.0,0.7138396640656808,30.40146827697754,29.08802032470703
1790852766864980879,0x68,joint_2,-0.8544272988523022,0.8532137496067749,0.8532137496067749,0.696092188207275,0.08726646259971647,0.6091199089460211,40.3895378112793,39.07608985900879
1790852766874940457,0x69,joint_3,-0.6442719309119693,0.7282863542413682,0.7282863542413682,0.7282863542413682,0.0,0.7138396640656808,50.34899711608887,49.03554916381836
1790852766884751847,0x68,joint_2,-0.8605632220038447,0.8608836535462031,0.8608836535462031,0.7004620943701373,0.08726646259971647,0.6108652381980153,9.711503982543945,8.597850799560547
1790852766894824544,0x69,joint_3,-0.6442719309119693,0.7298203350292538,0.7298203350292538,0.7293834573904736,0.02187924940776543,0.7155849933176751,19.783973693847656,18.670320510864258
1790852766904986506,0x68,joint_2,-0.8605632220038447,0.8608836535462031,0.8608836535462031,0.7004620943701373,0.08726646259971647,0.6126105674500099,29.946088790893555,28.832435607910156
1790852766914983456,0x69,joint_3,-0.6442719309119693,0.7298203350292538,0.7298203350292538,0.7293834573904736,0.02187924940776543,0.7173303225696694,39.94297981262207,38.82932662963867
1790852766925008564,0x68,joint_2,-0.8666991451553873,0.8608836535462031,0.8608836535462031,0.7004620943701373,0.08726646259971647,0.6143558967020041,0.05435943603515625,48.85458946228027
1790852766934996159,0x69,joint_3,-0.6458059116998549,0.7298203350292538,0.7298203350292538,0.7298203350292538,0.008733671008141099,0.7173303225696694,10.041952133178711,8.782386779785156
1790852766944875521,0x68,joint_2,-0.8666991451553873,0.8670195766977457,0.8670195766977457,0.7048216640822862,0.08726646259971647,0.6161012259539983,19.921302795410156,18.6617374420166
1790852766955158178,0x69,joint_3,-0.6458059116998549,0.7298203350292538,0.7298203350292538,0.7298203350292538,0.008733671008141099,0.7190756518216638,30.204057693481445,28.94449234008789
1790852766964840187,0x68,joint_2,-0.8666991451553873,0.8670195766977457,0.8670195766977457,0.7048216640822862,0.08726646259971647,0.6178465552059927,39.8859977722168,38.62643241882324
1790852766977637575,0x69,joint_3,-0.6488738732756262,0.7298203350292538,0.7298203350292538,0.7298203350292538,0.008733671008141099,0.7190756518216638,3.042936325073242,51.42378807067871
1790852766986391965,0x68,joint_2,-0.8728350683069298,0.8731554998492882,0.8731554998492882,0.7093988342024924,0.08726646259971647,0.619591884457987,11.797428131103516,7.575035095214844
1790852766996318514,0x69,joint_3,-0.6488738732756262,0.7313543158171395,0.7313543158171395,0.7313543158171395,0.02919970575854124,0.7208209810736581,21.72374725341797,17.501354217529297
1790852767006356759,0x68,joint_2,-0.8728350683069298,0.8731554998492882,0.8731554998492882,0.7093988342024924,0.08726646259971647,0.619591884457987,31.762123107910156,27.539730072021484
1790852767016437951,0x69,joint_3,-0.6488738732756262,0.7313543158171395,0.7313543158171395,0.7313543158171395,0.02919970575854124,0.7208209810736581,41.843414306640625,37.62102127075195
1790852767026478704,0x68,joint_2,-0.880504972246358,0.8731554998492882,0.8731554998492882,0.7093988342024924,0.08726646259971647,0.6213372137099815,1.874685287475586,47.661542892456055
1790852767034956978,0x69,joint_3,-0.6519418348513975,0.7344222773929108,0.7344222773929108,0.7338188187641175,0.05049550686889873,0.7208209810736581,10.35308837890625,7.306814193725586
1790852767044883514,0x68,joint_2,-0.880504972246358,0.8792914230008307,0.8792914230008307,0.7136524117271015,0.08726646259971647,0.6230825429619757,20.279407501220703,17.23313331604004
1790852767055055147,0x69,joint_3,-0.6519418348513975,0.7344222773929108,0.7344222773929108,0.7338188187641175,0.05049550686889873,0.7225663103256524,30.451059341430664,27.40478515625
1790852767064585339,0x68,joint_2,-0.880504972246358,0.8792914230008307,0.8792914230008307,0.7136524117271015,0.08726646259971647,0.62482787221397,39.98112678527832,36.934852600097656
1790852767074632890,0x69,joint_3,-0.6550097964271687,0.7344222773929108,0.7344222773929108,0.7338188187641175,0.05049550686889873,0.7243116395776468,0.7452964782714844,46.982765197753906
1790852767084601521,0x68,joint_2,-0.8881748761857863,0.8946312308796872,0.8946312308796872,0.7178199932143924,0.08726646259971647,0.6265732014659644,10.713815689086914,9.627819061279297
1790852767094591164,0x69,joint_3,-0.6550097964271687,0.7405582005444533,0.7405582005444533,0.7372273850279414,0.07134240231466041,0.7243116395776468,20.703554153442383,19.617557525634766
1790852767104565125,0x68,joint_2,-0.8881748761857863,0.8946312308796872,0.8946312308796872,0.7178199932143924,0.08726646259971647,0.6283185307179586,30.67755699157715,29.59156036376953
1790852767114700955,0x69,joint_3,-0.6550097964271687,0.7405582005444533,0.7405582005444533,0.7372273850279414,0.07134240231466041,0.7260569688296411,40.813446044921875,39.72744941711426
1790852767124744124,0x68,joint_2,-0.8958447801252145,0.8946312308796872,0.8946312308796872,0.7178199932143924,0.08726646259971647,0.6300638599699531,0.5052089691162109,49.77059364318848
1790852767134968164,0x69,joint_3,-0.6596117387908257,0.7405582005444533,0.7405582005444533,0.7372273850279414,0.07134240231466041,0.7260569688296411,10.729074478149414,9.523630142211914
1790852767144985094,0x68,joint_2,-0.8958447801252145,0.8946312308796872,0.8946312308796872,0.7178199932143924,0.08726646259971647,0.6318091892219474,20.74599266052246,19.54054832458496
1790852767155007436,0x69,joint_3,-0.6596117387908257,0.7405582005444533,0.7405582005444533,0.7372273850279414,0.07134240231466041,0.7260569688296411,30.768394470214844,29.562950134277344
1790852767165002654,0x68,joint_2,-0.8958447801252145,0.8946312308796872,0.8946312308796872,0.7178199932143924,0.08726646259971647,0.6335545184739416,40.76361656188965,39.55817222595215
1790852767175010353,0x69,joint_3,-0.662679700366597,0.7405582005444533,0.7405582005444533,0.7372273850279414,0.07134240231466041,0.7278022980816354,0.4031658172607422,49.565792083740234
1790852767185010189,0x68,joint_2,-0.9035146840646426,0.9023011348191154,0.9023011348191154,0.726546639474364,0.08670082037862126,0.6335545184739416,10.402917861938477,8.95833969116211
1790852767194999457,0x69,joint_3,-0.662679700366597,0.7451601429081103,0.7451601429081103,0.7451601429081103,0.07876502872693074,0.7278022980816354,20.392417907714844,18.947839736938477
1790852767205003292,0x68,joint_2,-0.9035146840646426,0.9023011348191154,0.9023011348191154,0.726546639474364,0.08670082037862126,0.6352998477259361,30.395984649658203,28.951406478881836
1790852767215158739,0x69,joint_3,-0.662679700366597,0.7451601429081103,0.7451601429081103,0.7451601429081103,0.07876502872693074,0.7295476273336297,40.55166244506836,39.10708427429199
1790852767224993905,0x68,joint_2,-0.9111845880040709,0.9023011348191154,0.9023011348191154,0.726546639474364,0.08670082037862126,0.6370451769779303,0.42700767517089844,48.94208908081055
1790852767235006923,0x69,joint_3,-0.6657476619423682,0.7482281044838816,0.7482281044838816,0.7482281044838816,0.06140865197081661,0.7295476273336297,10.44011116027832,8.954524993896484
1790852767244836943,0x68,joint_2,-0.9111845880040709,0.9099710387585436,0.9099710387585436,0.7309009523421474,0.08726646259971647,0.6387905062299247,20.270109176635742,18.784523010253906
1790852767254999231,0x69,joint_3,-0.6657476619423682,0.7482281044838816,0.7482281044838816,0.7482281044838816,0.06140865197081661,0.7312929565856241,30.432462692260742,28.946876525878906
1790852767265186989,0x68,joint_2,-0.9111845880040709,0.9099710387585436,0.9099710387585436,0.7309009523421474,0.08726646259971647,0.640535835481919,40.62032699584961,39.13474082946777
1790852767275050582,0x69,joint_3,-0.6672816427302539,0.7482281044838816,0.7482281044838816,0.7482281044838816,0.06140865197081661,0.7330382858376184,0.3209114074707031,48.998117446899414
1790852767285152455,0x68,joint_2,-0.9173205111556134,0.9176409426979718,0.9176409426979718,0.7352612830178982,0.08726646259971647,0.6422811647339133,10.422945022583008,9.050846099853516
1790852767294851202,0x69,joint_3,-0.6672816427302539,0.7512960660596528,0.7512960660596528,0.7512960660596528,0.06132385010713341,0.7330382858376184,20.12181282043457,18.749713897705078
1790852767304581103,0x68,joint_2,-0.9173205111556134,0.9176409426979718,0.9176409426979718,0.7352612830178982,0.08726646259971647,0.6440264939859077,29.851436614990234,28.479337692260742
1790852767314564340,0x69,joint_3,-0.6672816427302539,0.7512960660596528,0.7512960660596528,0.7512960660596528,0.06132385010713341,0.7347836150896128,39.83473777770996,38.46263885498047
1790852767324394707,0x68,joint_2,-0.9265243958829272,0.9176409426979718,0.9176409426979718,0.7352612830178982,0.08726646259971647,0.6457718232379019,0.8971691131591797,48.293113708496094
1790852767334814236,0x69,joint_3,-0.6672816427302539,0.7528300468475384,0.7528300468475384,0.7532523286851404,0.03996638913156964,0.7347836150896128,11.316537857055664,10.116100311279297
1790852767344844271,0x68,joint_2,-0.9265243958829272,0.9329807505768283,0.9329807505768283,0.739531135214381,0.08726646259971647,0.6475171524898964,21.346569061279297,20.14613151550293
1790852767354718689,0x69,joint_3,-0.6672816427302539,0.7528300468475384,0.7528300468475384,0.7532523286851404,0.03996638913156964,0.7365289443416071,31.22115135192871,30.020713806152344
1790852767364832601,0x68,joint_2,-0.9265243958829272,0.9329807505768283,0.9329807505768283,0.739531135214381,0.08726646259971647,0.6475171524898964,41.33486747741699,40.134429931640625
1790852767375163589,0x69,joint_3,-0.6672816427302539,0.7528300468475384,0.7528300468475384,0.7532523286851404,0.03996638913156964,0.7382742735936013,0.22912025451660156,50.46558380126953
1790852767385183124,0x68,joint_2,-0.9326603190344699,0.9329807505768283,0.9329807505768283,0.739531135214381,0.08726646259971647,0.6492624817418906,10.248661041259766,9.196043014526367
1790852767395192873,0x69,joint_3,-0.6672816427302539,0.7528300468475384,0.7528300468475384,0.7532523286851404,0.03996638913156964,0.7382742735936013,20.258188247680664,19.205570220947266
1790852767405025668,0x68,joint_2,-0.9326603190344699,0.9329807505768283,0.9329807505768283,0.739531135214381,0.08726646259971647,0.6510078109938848,30.091285705566406,29.038667678833008
1790852767415032078,0x69,joint_3,-0.6672816427302539,0.7528300468475384,0.7528300468475384,0.7532523286851404,0.03996638913156964,0.7400196028455958,40.09747505187988,39.044857025146484
1790852767425166492,0x68,joint_2,-0.940330222973898,0.9329807505768283,0.9329807505768283,0.739531135214381,0.08726646259971647,0.6527531402458794,0.15044212341308594,49.1793155670166
1790852767435181359,0x69,joint_3,-0.6672816427302539,0.7528300468475384,0.7528300468475384,0.7528300468475384,-0.004172105598031456,0.7400196028455958,10.165214538574219,8.785724639892578
1790852767445183400,0x68,joint_2,-0.940330222973898,0.9391166737283708,0.9391166737283708,0.7482577814743526,0.08627575209933694,0.6544984694978736,20.16735076904297,18.787860870361328
1790852767454886378,0x69,joint_3,-0.6672816427302539,0.7528300468475384,0.7528300468475384,0.7528300468475384,-0.004172105598031456,0.7417649320975901,29.870271682739258,28.490781784057617
1790852767464892665,0x68,joint_2,-0.940330222973898,0.9391166737283708,0.9391166737283708,0.7482577814743526,0.08627575209933694,0.656243798749868,39.876699447631836,38.497209548950195
1790852767474910660,0x69,joint_3,-0.6672816427302539,0.7528300468475384,0.7528300468475384,0.7528300468475384,-0.004172105598031456,0.7417649320975901,0.4050731658935547,48.51508140563965
1790852767484858722,0x68,joint_2,-0.9480001269133262,0.9467865776677991,0.9467865776677991,0.7525821223265383,0.08726646259971647,0.6579891280018623,10.35308837890625,8.866310119628906
1790852767495192600,0x69,joint_3,-0.6672816427302539,0.7528300468475384,0.7528300468475384,0.7528300468475384,0.0,0.7435102613495844,20.687103271484375,19.20032501220703
1790852767504884546,0x68,joint_2,-0.9480001269133262,0.9467865776677991,0.9467865776677991,0.7525821223265383,0.08726646259971647,0.6597344572538565,30.37881851196289,28.892040252685547
1790852767514864203,0x69,joint_3,-0.6672816427302539,0.7528300468475384,0.7528300468475384,0.7528300468475384,0.0,0.7435102613495844,40.358543395996094,38.87176513671875
1790852767525156349,0x68,joint_2,-0.9572040116406401,0.9467865776677991,0.9467865776677991,0.7525821223265383,0.08726646259971647,0.661479786505851,0.2372264862060547,49.1640567779541
1790852767535041134,0x69,joint_3,-0.6672816427302539,0.7528300468475384,0.7528300468475384,0.7528300468475384,0.0,0.7452555906015788,10.121822357177734,8.681535720825195
1790852767545034249,0x68,joint_2,-0.9572040116406401,0.9544564816072272,0.9544564816072272,0.7569642465796029,0.08726646259971647,0.6632251157578453,20.115137100219727,18.674850463867188
1790852767555194599,0x69,joint_3,-0.6672816427302539,0.7528300468475384,0.7528300468475384,0.7528300468475384,0.0,0.7452555906015788,30.275583267211914,28.835296630859375
1790852767565214692,0x68,joint_2,-0.9572040116406401,0.9544564816072272,0.9544564816072272,0.7569642465796029,0.08726646259971647,0.6632251157578453,40.29560089111328,38.85531425476074
1790852767578319524,0x69,joint_3,-0.6672816427302539,0.7528300468475384,0.7528300468475384,0.7528300468475384,0.0,0.7452555906015788,2.813100814819336,51.96022987365723
1790852767586263543,0x68,joint_2,-0.9648739155800683,0.9636603663345411,0.9636603663345411,0.7616964536864521,0.08726646259971647,0.6649704450098397,10.756969451904297,5.587339401245117
1790852767596666733,0x69,joint_3,-0.6672816427302539,0.7528300468475384,0.7528300468475384,0.7528300468475384,0.0,0.747000919853573,21.160125732421875,15.990495681762695
1790852767606656626,0x68,joint_2,-0.9648739155800683,0.9636603663345411,0.9636603663345411,0.7616964536864521,0.08726646259971647,0.6667157742618339,31.149864196777344,25.980234146118164
1790852767617045830,0x69,joint_3,-0.6672816427302539,0.7528300468475384,0.7528300468475384,0.7528300468475384,0.0,0.747000919853573,41.53919219970703,36.36956214904785
1790852767626666272,0x68,joint_2,-0.9725438195194965,0.9636603663345411,0.9636603663345411,0.7616964536864521,0.08726646259971647,0.6684611035138281,1.779317855834961,45.989990234375
1790852767636090771,0x69,joint_3,-0.6657476619423682,0.7528300468475384,0.7528300468475384,0.7528300468475384,0.0,0.7487462491055673,11.204004287719727,8.292198181152344
1790852767645927115,0x68,joint_2,-0.9725438195194965,0.9713302702739692,0.9713302702739692,0.7657990198265452,0.08726646259971647,0.6702064327658226,21.04020118713379,18.128395080566406
1790852767656088943,0x69,joint_3,-0.6657476619423682,0.7528300468475384,0.7528300468475384,0.7528300468475384,0.0,0.7487462491055673,31.201839447021484,28.2900333404541
1790852767665053527,0x68,joint_2,-0.9725438195194965,0.9713302702739692,0.9713302702739692,0.7657990198265452,0.08726646259971647,0.6719517620178169,40.166616439819336,37.25481033325195
1790852767674789401,0x69,joint_3,-0.6657476619423682,0.7528300468475384,0.7528300468475384,0.7528300468475384,0.0,0.7487462491055673,0.5676746368408203,46.99063301086426
1790852767685039403,0x68,joint_2,-0.9786797426710391,0.9790001742133975,0.9790001742133975,0.7699817889070952,0.08726646259971647,0.6736970912698114,10.817766189575195,9.247541427612305
1790852767695035358,0x69,joint_3,-0.6657476619423682,0.7512960660596528,0.7512960660596528,0.7518238944467568,-0.020952727847756817,0.7487462491055673,20.813703536987305,19.243478775024414
1790852767705011622,0x68,joint_2,-0.9786797426710391,0.9790001742133975,0.9790001742133975,0.7699817889070952,0.08726646259971647,0.6754424205218056,30.790090560913086,29.219865798950195
1790852767714921391,0x69,joint_3,-0.6657476619423682,0.7512960660596528,0.7512960660596528,0.7518238944467568,-0.020952727847756817,0.7504915783575618,40.69972038269043,39.12949562072754
1790852767724988228,0x68,joint_2,-0.9848156658225816,0.9790001742133975,0.9790001742133975,0.7699817889070952,0.08726646259971647,0.6771877497737998,0.3528594970703125,49.19624328613281
1790852767734854088,0x69,joint_3,-0.6657476619423682,0.7512960660596528,0.7512960660596528,0.7512960660596528,-0.010467773181229986,0.7504915783575618,10.21885871887207,8.414030075073242
1790852767745100007,0x68,joint_2,-0.9848156658225816,0.98513609736494,0.98513609736494,0.7743734870764122,0.08726646259971647,0.6771877497737998,20.46489715576172,18.66006851196289
1790852767755028157,0x69,joint_3,-0.6657476619423682,0.7512960660596528,0.7512960660596528,0.7512960660596528,-0.010467773181229986,0.7504915783575618,30.392885208129883,28.588056564331055
1790852767764895368,0x68,joint_2,-0.9848156658225816,0.98513609736494,0.98513609736494,0.7743734870764122,0.08726646259971647,0.6789330790257943,40.26031494140625,38.45548629760742
1790852767774962503,0x69,joint_3,-0.6657476619423682,0.7512960660596528,0.7512960660596528,0.7512960660596528,-0.010467773181229986,0.7522369076095561,0.2338886260986328,48.522233963012695
1790852767785024149,0x68,joint_2,-0.9924855697620099,0.9912720205164826,0.9912720205164826,0.7787106794859803,0.08726646259971647,0.6806784082777885,10.295867919921875,8.902311325073242
1790852767795091876,0x69,joint_3,-0.6657476619423682,0.7512960660596528,0.7512960660596528,0.7512960660596528,0.0,0.7522369076095561,20.363569259643555,18.970012664794922
1790852767805024228,0x68,joint_2,-0.9924855697620099,0.9912720205164826,0.9912720205164826,0.7787106794859803,0.08726646259971647,0.682423737529783,30.295848846435547,28.902292251586914
1790852767815039708,0x69,joint_3,-0.6657476619423682,0.7512960660596528,0.7512960660596528,0.7512960660596528,0.0,0.7522369076095561,40.311336517333984,38.91777992248535
1790852767824979369,0x68,joint_2,-0.9970875121256668,0.9912720205164826,0.9912720205164826,0.7787106794859803,0.08726646259971647,0.6841690667817772,0.12922286987304688,48.85745048522949
1790852767835009481,0x69,joint_3,-0.6657476619423682,0.7512960660596528,0.7512960660596528,0.7512960660596528,0.0,0.7539822368615504,10.15925407409668,8.864641189575195
1790852767845084087,0x68,joint_2,-0.9970875121256668,0.9989419244559108,0.9989419244559108,0.7830665095683903,0.08726646259971647,0.6859143960337715,20.233869552612305,18.93925666809082
1790852767855030368,0x69,joint_3,-0.6657476619423682,0.7512960660596528,0.7512960660596528,0.7512960660596528,0.0,0.7539822368615504,30.179977416992188,28.885364532470703
1790852767865027696,0x68,joint_2,-0.9970875121256668,0.9989419244559108,0.9989419244559108,0.7830665095683903,0.08726646259971647,0.6876597252857659,40.177345275878906,38.88273239135742
1790852767874975303,0x69,joint_3,-0.6672816427302539,0.7512960660596528,0.7512960660596528,0.7512960660596528,0.0,0.7539822368615504,0.09107589721679688,48.830509185791016
1790852767884858809,0x68,joint_2,-1.0032234352772094,1.0035438668195678,1.0035438668195678,0.7874197008002467,0.08726646259971647,0.6894050545377601,9.97471809387207,8.733034133911133
1790852767894880899,0x69,joint_3,-0.6672816427302539,0.7512960660596528,0.7512960660596528,0.7512960660596528,0.0,0.7539822368615504,19.99688148498535,18.755197525024414
1790852767905027528,0x68,joint_2,-1.0032234352772094,1.0035438668195678,1.0035438668195678,0.7874197008002467,0.08726646259971647,0.6911503837897547,30.143260955810547,28.90157699584961
1790852767914876816,0x69,joint_3,-0.6672816427302539,0.7512960660596528,0.7512960660596528,0.7512960660596528,0.0,0.7539822368615504,39.992570877075195,38.75088691711426
1790852767925034403,0x68,joint_2,-1.0078253776408663,1.0035438668195678,1.0035438668195678,0.7874197008002467,0.08726646259971647,0.6911503837897547,0.49614906311035156,48.90847206115723
1790852767935017325,0x69,joint_3,-0.6672816427302539,0.7528300468475384,0.7528300468475384,0.7523881373383116,0.021829017086816203,0.7557275661135446,10.478973388671875,8.830785751342773
1790852767944907954,0x68,joint_2,-1.0078253776408663,1.0096797899711103,1.0096797899711103,0.7917793025392851,0.08726646259971647,0.6928957130417489,20.369768142700195,18.721580505371094
1790852767955020488,0x69,joint_3,-0.6672816427302539,0.7528300468475384,0.7528300468475384,0.7523881373383116,0.021829017086816203,0.7557275661135446,30.48229217529297,28.834104537963867
1790852767964877064,0x68,joint_2,-1.0078253776408663,1.0096797899711103,1.0096797899711103,0.7917793025392851,0.08726646259971647,0.6946410422937431,40.338754653930664,38.69056701660156
1790852767974984531,0x69,joint_3,-0.6672816427302539,0.7528300468475384,0.7528300468475384,0.7523881373383116,0.021829017086816203,0.7557275661135446,0.34689903259277344,48.7980842590332
1790852767985038491,0x68,joint_2,-1.0139613007924089,1.0142817323347673,1.0142817323347673,0.796130829774369,0.08726646259971647,0.6963863715457376,10.401010513305664,8.774042129516602
1790852767995012350,0x69,joint_3,-0.6672816427302539,0.7528300468475384,0.7528300468475384,0.7528300468475384,0.00885004375591717,0.757472895365539,20.374774932861328,18.747806549072266
1790852768004861151,0x68,joint_2,-1.0139613007924089,1.0142817323347673,1.0142817323347673,0.796130829774369,0.08726646259971647,0.6981317007977318,30.223608016967773,28.59663963317871
1790852768014871892,0x69,joint_3,-0.6672816427302539,0.7528300468475384,0.7528300468475384,0.7528300468475384,0.00885004375591717,0.757472895365539,40.23408889770508,38.607120513916016
1790852768024864456,0x68,joint_2,-1.021631204731837,1.0142817323347673,1.0142817323347673,0.796130829774369,0.08726646259971647,0.6998770300497263,0.48470497131347656,48.599958419799805
1790852768034591458,0x69,joint_3,-0.6672816427302539,0.7528300468475384,0.7528300468475384,0.7528300468475384,0.0,0.757472895365539,10.211706161499023,8.650779724121094
1790852768044523070,0x68,joint_2,-1.021631204731837,1.0204176554863098,1.0204176554863098,0.800470536330725,0.08726646259971647,0.7016223593017206,20.14303207397461,18.58210563659668
1790852768054495070,0x69,joint_3,-0.6672816427302539,0.7528300468475384,0.7528300468475384,0.7528300468475384,0.0,0.757472895365539,30.115127563476562,28.554201126098633
1790852768064464313,0x68,joint_2,-1.021631204731837,1.0204176554863098,1.0204176554863098,0.800470536330725,0.08726646259971647,0.7033676885537148,40.0846004486084,38.52367401123047
1790852768074438818,0x69,joint_3,-0.6672816427302539,0.7528300468475384,0.7528300468475384,0.7528300468475384,0.0,0.757472895365539,1.5168190002441406,48.49815368652344
1790852768084461122,0x68,joint_2,-1.0277671278833795,1.0342234825772805,1.0342234825772805,0.80475818451499,0.08726646259971647,0.7051130178057092,11.538982391357422,9.735107421875
1790852768094484014,0x69,joint_3,-0.6672816427302539,0.7528300468475384,0.7528300468475384,0.7528300468475384,0.0,0.7592182246175333,21.561861038208008,19.757986068725586
1790852768104476508,0x68,joint_2,-1.0277671278833795,1.0342234825772805,1.0342234825772805,0.80475818451499,0.08726646259971647,0.7051130178057092,31.554222106933594,29.750347137451172
1790852768114468364,0x69,joint_3,-0.6672816427302539,0.7528300468475384,0.7528300468475384,0.7528300468475384,0.0,0.7592182246175333,41.54634475708008,39.742469787597656
1790852768124645240,0x68,joint_2,-1.0323690702470365,1.0342234825772805,1.0342234825772805,0.80475818451499,0.08726646259971647,0.7068583470577035,1.6131401062011719,49.91912841796875
1790852768134665886,0x69,joint_3,-0.6672816427302539,0.7528300468475384,0.7528300468475384,0.7528300468475384,0.0,0.7592182246175333,11.634111404418945,9.526491165161133
1790852768144490235,0x68,joint_2,-1.0323690702470365,1.0388254249409374,1.0388254249409374,0.809151427998993,0.08726646259971647,0.7086036763096979,21.458148956298828,19.350528717041016
1790852768154469591,0x69,joint_3,-0.6672816427302539,0.7528300468475384,0.7528300468475384,0.7528300468475384,0.0,0.7592182246175333,31.43763542175293,29.330015182495117
1790852768164464946,0x68,joint_2,-1.0323690702470365,1.0388254249409374,1.0388254249409374,0.809151427998993,0.08726646259971647,0.7103490055616922,41.432857513427734,39.32523727416992
1790852768174460470,0x69,joint_3,-0.6672816427302539,0.7528300468475384,0.7528300468475384,0.7528300468475384,0.0,0.7592182246175333,1.4889240264892578,49.32069778442383
1790852768184445288,0x68,joint_2,-1.0400389741864646,1.0464953288803656,1.0464953288803656,0.8134819589229882,0.08726646259971647,0.7120943348136864,11.473894119262695,9.662628173828125
1790852768194450358,0x69,joint_3,-0.6672816427302539,0.7528300468475384,0.7528300468475384,0.7528300468475384,0.0,0.7592182246175333,21.479129791259766,19.667863845825195
1790852768204458955,0x68,joint_2,-1.0400389741864646,1.0464953288803656,1.0464953288803656,0.8134819589229882,0.08726646259971647,0.7138396640656809,31.487703323364258,29.676437377929688
1790852768214457675,0x69,joint_3,-0.6672816427302539,0.7528300468475384,0.7528300468475384,0.7528300468475384,0.0,0.7592182246175333,41.486263275146484,39.674997329711914
1790852768224400042,0x68,joint_2,-1.0461748973380074,1.0464953288803656,1.0464953288803656,0.8134819589229882,0.08726646259971647,0.7155849933176751,1.3418197631835938,49.61752891540527
1790852768234438875,0x69,joint_3,-0.6672816427302539,0.7528300468475384,0.7528300468475384,0.7528300468475384,0.0,0.7592182246175333,11.380672454833984,9.731054306030273
1790852768244429068,0x68,joint_2,-1.0461748973380074,1.0526312520319083,1.0526312520319083,0.8178368803869158,0.08726646259971647,0.7173303225696696,21.370649337768555,19.721031188964844
1790852768254434041,0x69,joint_3,-0.6672816427302539,0.7528300468475384,0.7528300468475384,0.7528300468475384,0.0,0.7592182246175333,31.375646591186523,29.726028442382812
1790852768264433315,0x68,joint_2,-1.0461748973380074,1.0526312520319083,1.0526312520319083,0.8178368803869158,0.08726646259971647,0.7190756518216638,41.375160217285156,39.725542068481445
1790852768274423979,0x69,joint_3,-0.6672816427302539,0.7528300468475384,0.7528300468475384,0.7528300468475384,0.0,0.7592182246175333,1.458883285522461,49.71599578857422
1790852768284443852,0x68,joint_2,-1.05231082048955,1.0587671751834509,1.0587671751834509,0.8221994117483022,0.08726646259971647,0.7190756518216638,11.478900909423828,9.711503982543945
1790852768294436075,0x69,joint_3,-0.6672816427302539,0.7528300468475384,0.7528300468475384,0.7528300468475384,0.0,0.7592182246175333,21.471023559570312,19.70362663269043
1790852768305305805,0x68,joint_2,-1.05231082048955,1.0587671751834509,1.0587671751834509,0.8221994117483022,0.08726646259971647,0.7208209810736581,32.34076499938965,30.573368072509766
1790852768315169984,0x69,joint_3,-0.6672816427302539,0.7528300468475384,0.7528300468475384,0.7528300468475384,0.0,0.7592182246175333,42.204856872558594,40.43745994567871
1790852768324965583,0x68,joint_2,-1.0584467436410925,1.0587671751834509,1.0587671751834509,0.8221994117483022,0.08726646259971647,0.7225663103256525,1.8846988677978516,50.23312568664551
1790852768334754980,0x69,joint_3,-0.6672816427302539,0.7528300468475384,0.7528300468475384,0.7528300468475384,0.0,0.7592182246175333,11.674165725708008,9.506702423095703
1790852768345059410,0x68,joint_2,-1.0584467436410925,1.0649030983349934,1.0649030983349934,0.8266067246804176,0.08726646259971647,0.7243116395776468,21.978378295898438,19.810914993286133
1790852768355224082,0x69,joint_3,-0.6672816427302539,0.7528300468475384,0.7528300468475384,0.7528300468475384,0.0,0.7592182246175333,32.14311599731445,29.97565269470215
1790852768365088929,0x68,joint_2,-1.0584467436410925,1.0649030983349934,1.0649030983349934,0.8266067246804176,0.08726646259971647,0.7260569688296412,42.008161544799805,39.8406982421875
1790852768375061846,0x69,joint_3,-0.6672816427302539,0.7528300468475384,0.7528300468475384,0.7528300468475384,0.0,0.7592182246175333,1.4469623565673828,49.81350898742676
1790852768384801611,0x68,joint_2,-1.0630486860047494,1.0695050406986504,1.0695050406986504,0.8309823647735497,0.08726646259971647,0.7278022980816354,11.186599731445312,9.274721145629883
1790852768396397461,0x69,joint_3,-0.6672816427302539,0.7528300468475384,0.7528300468475384,0.7528300468475384,0.0,0.7592182246175333,22.782564163208008,20.870685577392578
1790852768404415804,0x68,joint_2,-1.0630486860047494,1.0695050406986504,1.0695050406986504,0.8309823647735497,0.08726646259971647,0.7295476273336297,30.800819396972656,28.888940811157227
1790852768414574836,0x69,joint_3,-0.6672816427302539,0.7528300468475384,0.7528300468475384,0.7528300468475384,0.0,0.7592182246175333,40.959835052490234,39.047956466674805
1790852768424390394,0x68,joint_2,-1.0676506283684062,1.0695050406986504,1.0695050406986504,0.8309823647735497,0.08726646259971647,0.7312929565856242,0.8893013000488281,48.86364936828613
1790852768435376164,0x69,joint_3,-0.6657476619423682,0.7512960660596528,0.7512960660596528,0.7517721522373043,-0.02148472951172978,0.7592182246175333,11.874914169311523,10.669946670532227
1790852768444849256,0x68,joint_2,-1.0676506283684062,1.0741069830623071,1.0741069830623071,0.8352775713680496,0.08726646259971647,0.7330382858376184,21.347999572753906,20.14303207397461
1790852768454914319,0x69,joint_3,-0.6657476619423682,0.7512960660596528,0.7512960660596528,0.7517721522373043,-0.02148472951172978,0.7592182246175333,31.41307830810547,30.208110809326172
1790852768464896171,0x68,joint_2,-1.0676506283684062,1.0741069830623071,1.0741069830623071,0.8352775713680496,0.08726646259971647,0.7330382858376184,41.39518737792969,40.19021987915039
1790852768475076995,0x69,joint_3,-0.6642136811544826,0.7512960660596528,0.7512960660596528,0.7517721522373043,-0.02148472951172978,0.757472895365539,0.2677440643310547,50.37093162536621
1790852768485015382,0x68,joint_2,-1.0722525707320631,1.0741069830623071,1.0741069830623071,0.8352775713680496,0.08726646259971647,0.7347836150896129,10.205984115600586,9.116411209106445
1790852768495032084,0x69,joint_3,-0.6642136811544826,0.7512960660596528,0.7512960660596528,0.7517721522373043,-0.02148472951172978,0.757472895365539,20.22266387939453,19.13309097290039
1790852768505120068,0x68,joint_2,-1.0722525707320631,1.0741069830623071,1.0741069830623071,0.8352775713680496,0.08726646259971647,0.7365289443416071,30.310630798339844,29.221057891845703
1790852768514860760,0x69,joint_3,-0.6642136811544826,0.7512960660596528,0.7512960660596528,0.7517721522373043,-0.02148472951172978,0.757472895365539,40.05146026611328,38.96188735961914
1790852768524926303,0x68,joint_2,-1.0722525707320631,1.0741069830623071,1.0741069830623071,0.8352775713680496,0.08726646259971647,0.7382742735936013,50.11701583862305,49.027442932128906
1790852768534881194,0x69,joint_3,-0.6642136811544826,0.7497620852717671,0.7497620852717671,0.7497620852717671,-0.01991221566743665,0.757472895365539,9.910106658935547,8.78453254699707
1790852768544908346,0x68,joint_2,-1.0768545130957201,1.078708925425964,1.078708925425964,0.8440042176280212,0.08650601932533299,0.7400196028455959,19.93703842163086,18.811464309692383
1790852768555116870,0x69,joint_3,-0.6642136811544826,0.7497620852717671,0.7497620852717671,0.7497620852717671,-0.01991221566743665,0.7557275661135446,30.145645141601562,29.020071029663086
1790852768565017368,0x68,joint_2,-1.0768545130957201,1.078708925425964,1.078708925425964,0.8440042176280212,0.08650601932533299,0.7417649320975901,40.04621505737305,38.92064094543457
1790852768574882984,0x69,joint_3,-0.6642136811544826,0.7497620852717671,0.7497620852717671,0.7497620852717671,-0.01991221566743665,0.7557275661135446,49.9119758605957,48.78640174865723
1790852768585037503,0x68,joint_2,-1.0799224746714915,1.083310867789621,1.083310867789621,0.8483542965888105,0.08726646259971647,0.7435102613495845,10.109901428222656,9.006500244140625
1790852768595194447,0x69,joint_3,-0.6642136811544826,0.7497620852717671,0.7497620852717671,0.7497620852717671,0.0,0.7557275661135446,20.26677131652832,19.16337013244629
1790852768605187081,0x68,joint_2,-1.0799224746714915,1.083310867789621,1.083310867789621,0.8483542965888105,0.08726646259971647,0.7452555906015788,30.259370803833008,29.155969619750977
1790852768615183613,0x69,joint_3,-0.6642136811544826,0.7497620852717671,0.7497620852717671,0.7497620852717671,0.0,0.7557275661135446,40.25602340698242,39.15262222290039
1790852768624964389,0x68,joint_2,-1.0799224746714915,1.083310867789621,1.083310867789621,0.8483542965888105,0.08726646259971647,0.747000919853573,50.03666877746582,48.93326759338379
1790852768635032329,0x69,joint_3,-0.6642136811544826,0.7497620852717671,0.7497620852717671,0.7497620852717671,0.0,0.7539822368615504,10.033845901489258,8.89444351196289
1790852768645022063,0x68,joint_2,-1.081456455459377,1.0863788293653924,1.0863788293653924,0.8527174369827084,0.08726646259971647,0.747000919853573,20.023584365844727,18.88418197631836
1790852768655179355,0x69,joint_3,-0.6642136811544826,0.7497620852717671,0.7497620852717671,0.7497620852717671,0.0,0.7539822368615504,30.180692672729492,29.041290283203125
1790852768665176890,0x68,joint_2,-1.081456455459377,1.0863788293653924,1.0863788293653924,0.8527174369827084,0.08726646259971647,0.7487462491055675,40.17829895019531,39.038896560668945
1790852768674961362,0x69,joint_3,-0.6642136811544826,0.7497620852717671,0.7497620852717671,0.7497620852717671,0.0,0.7539822368615504,49.96299743652344,48.82359504699707
1790852768685196215,0x68,joint_2,-1.0845244170351482,1.087912810153278,1.087912810153278,0.8570712505117558,0.08726646259971647,0.7504915783575618,10.225057601928711,9.069204330444336
1790852768695158463,0x69,joint_3,-0.6642136811544826,0.7497620852717671,0.7497620852717671,0.7497620852717671,0.0,0.7539822368615504,20.1873779296875,19.031524658203125
1790852768705186328,0x68,joint_2,-1.0845244170351482,1.087912810153278,1.087912810153278,0.8570712505117558,0.08726646259971647,0.7522369076095562,30.215024948120117,29.059171676635742
1790852768715186689,0x69,joint_3,-0.6642136811544826,0.7497620852717671,0.7497620852717671,0.7497620852717671,0.0,0.7522369076095561,40.215492248535156,39.05963897705078
1790852768724963802,0x68,joint_2,-1.0845244170351482,1.087912810153278,1.087912810153278,0.8570712505117558,0.08726646259971647,0.7539822368615504,49.99256134033203,48.836708068847656
1790852768734901214,0x69,joint_3,-0.6642136811544826,0.7497620852717671,0.7497620852717671,0.7497620852717671,0.0,0.7522369076095561,9.772062301635742,8.754491806030273
1790852768744896422,0x68,joint_2,-1.086058397823034,1.0909807717290492,1.0909807717290492,0.861426760238917,0.08726646259971647,0.7557275661135446,19.767284393310547,18.749713897705078
1790852768755032494,0x69,joint_3,-0.6642136811544826,0.7497620852717671,0.7497620852717671,0.7497620852717671,0.0,0.7522369076095561,29.903411865234375,28.885841369628906
1790852768769121195,0x68,joint_2,-1.086058397823034,1.0909807717290492,1.0909807717290492,0.861426760238917,0.08726646259971647,0.7574728953655391,43.992042541503906,42.97447204589844
1790852768776321315,0x69,joint_3,-0.6642136811544826,0.7497620852717671,0.7497620852717671,0.7497620852717671,0.0,0.7522369076095561,1.9345283508300781,50.17447471618652
1790852768785899145,0x68,joint_2,-1.090660340186691,1.092514752516935,1.092514752516935,0.8658922083430718,0.08726646259971647,0.7592182246175333,11.512517929077148,8.439779281616211
1790852768795624728,0x69,joint_3,-0.6642136811544826,0.7497620852717671,0.7497620852717671,0.7497620852717671,0.0,0.7522369076095561,21.237850189208984,18.165111541748047
1790852768805606599,0x68,joint_2,-1.090660340186691,1.092514752516935,1.092514752516935,0.8658922083430718,0.08726646259971647,0.7609635538695279,31.219959259033203,28.147220611572266
1790852768814967366,0x69,joint_3,-0.6642136811544826,0.7497620852717671,0.7497620852717671,0.7497620852717671,0.0,0.7522369076095561,40.58051109313965,37.50777244567871
1790852768825387179,0x68,joint_2,-1.0967962633382335,1.092514752516935,1.092514752516935,0.8658922083430718,0.08726646259971647,0.7609635538695279,1.3990402221679688,47.9278564453125
1790852768835637316,0x69,joint_3,-0.6642136811544826,0.7497620852717671,0.7497620852717671,0.7497620852717671,0.0,0.7504915783575618,11.648893356323242,9.62686538696289
1790852768845630651,0x68,joint_2,-1.0967962633382335,1.097116694880592,1.097116694880592,0.8701503650009599,0.08726646259971647,0.7627088831215221,21.642446517944336,19.620418548583984
1790852768854764147,0x69,joint_3,-0.6642136811544826,0.7497620852717671,0.7497620852717671,0.7497620852717671,0.0,0.7504915783575618,30.775785446166992,28.75375747680664
1790852768864788396,0x68,joint_2,-1.0967962633382335,1.097116694880592,1.097116694880592,0.8701503650009599,0.08726646259971647,0.7644542123735163,40.80009460449219,38.778066635131836
1790852768875162516,0x69,joint_3,-0.6642136811544826,0.7497620852717671,0.7497620852717671,0.7497620852717671,0.0,0.7504915783575618,1.2743473052978516,49.152374267578125
1790852768884765312,0x68,joint_2,-1.1013982057018903,1.1078545603957914,1.1078545603957914,0.874490443661387,0.08726646259971647,0.7661995416255107,10.876893997192383,8.959770202636719
1790852768894927338,0x69,joint_3,-0.6642136811544826,0.7497620852717671,0.7497620852717671,0.7497620852717671,0.0,0.7504915783575618,21.03900909423828,19.121885299682617
1790852768904769354,0x68,joint_2,-1.1013982057018903,1.1078545603957914,1.1078545603957914,0.874490443661387,0.08726646259971647,0.767944870877505,30.88092803955078,28.963804244995117
1790852768914775553,0x69,joint_3,-0.6642136811544826,0.7497620852717671,0.7497620852717671,0.7497620852717671,0.0,0.7504915783575618,40.88711738586426,38.969993591308594
1790852768924615406,0x68,joint_2,-1.1060001480655473,1.1078545603957914,1.1078545603957914,0.874490443661387,0.08726646259971647,0.7696902001294995,0.6558895111083984,48.81000518798828
1790852768934668317,0x69,joint_3,-0.6642136811544826,0.7497620852717671,0.7497620852717671,0.7497620852717671,0.0,0.7504915783575618,10.70857048034668,9.608030319213867
1790852768944949230,0x68,joint_2,-1.1060001480655473,1.1078545603957914,1.1078545603957914,0.874490443661387,0.08726646259971647,0.7714355293814937,20.989656448364258,19.889116287231445
1790852768954876202,0x69,joint_3,-0.6642136811544826,0.7497620852717671,0.7497620852717671,0.7497620852717671,0.0,0.7504915783575618,30.916452407836914,29.8159122467041
1790852768965227912,0x68,joint_2,-1.1060001480655473,1.1078545603957914,1.1078545603957914,0.874490443661387,0.08726646259971647,0.773180858633488,41.268348693847656,40.167808532714844
1790852768974946644,0x69,joint_3,-0.6642136811544826,0.7497620852717671,0.7497620852717671,0.7497620852717671,0.0,0.7504915783575618,0.0896453857421875,49.886465072631836
1790852768985394439,0x68,joint_2,-1.1106020904292042,1.1124565027594482,1.1124565027594482,0.8832126759837226,0.08726646259971647,0.7749261878854824,10.537385940551758,9.28044319152832
1790852768995046131,0x69,joint_3,-0.6642136811544826,0.7497620852717671,0.7497620852717671,0.7497620852717671,0.0,0.7504915783575618,20.18904685974121,18.932104110717773
1790852769004418100,0x68,joint_2,-1.1106020904292042,1.1124565027594482,1.1124565027594482,0.8832126759837226,0.08726646259971647,0.7766715171374766,29.56104278564453,28.304100036621094
1790852769014429699,0x69,joint_3,-0.6642136811544826,0.7497620852717671,0.7497620852717671,0.7497620852717671,0.0,0.7504915783575618,39.572715759277344,38.315773010253906
1790852769024592398,0x68,joint_2,-1.1167380135807468,1.1124565027594482,1.1124565027594482,0.8832126759837226,0.08726646259971647,0.7766715171374766,1.6331672668457031,48.47836494445801
1790852769034836763,0x69,joint_3,-0.6642136811544826,0.7497620852717671,0.7497620852717671,0.7497620852717671,0.0,0.7504915783575618,11.87753677368164,9.964704513549805
1790852769044982061,0x68,joint_2,-1.1167380135807468,1.1231943682746477,1.1231943682746477,0.8875026624730065,0.08726646259971647,0.7784168463894712,22.02296257019043,20.110130310058594
1790852769055145377,0x69,joint_3,-0.6642136811544826,0.7497620852717671,0.7497620852717671,0.7497620852717671,0.0,0.7504915783575618,32.186269760131836,30.2734375
1790852769065136014,0x68,joint_2,-1.1167380135807468,1.1231943682746477,1.1231943682746477,0.8875026624730065,0.08726646259971647,0.7801621756414654,42.17696189880371,40.264129638671875
1790852769074902170,0x69,joint_3,-0.6642136811544826,0.7497620852717671,0.7497620852717671,0.7497620852717671,0.0,0.7504915783575618,0.039577484130859375,50.03023147583008
1790852769084989779,0x68,joint_2,-1.1198059751565181,1.1231943682746477,1.1231943682746477,0.8875026624730065,0.08726646259971647,0.7819075048934596,10.127067565917969,9.307146072387695
1790852769094904259,0x69,joint_3,-0.6642136811544826,0.7497620852717671,0.7497620852717671,0.7497620852717671,0.0,0.7504915783575618,20.041704177856445,19.221782684326172
1790852769107485607,0x68,joint_2,-1.1198059751565181,1.1231943682746477,1.1231943682746477,0.8875026624730065,0.08726646259971647,0.7836528341454541,32.6230525970459,31.803131103515625
1790852769114834706,0x69,joint_3,-0.6642136811544826,0.7497620852717671,0.7497620852717671,0.7497620852717671,0.0,0.7504915783575618,39.97206687927246,39.15214538574219
1790852769124848468,0x68,joint_2,-1.1228739367322893,1.1231943682746477,1.1231943682746477,0.8875026624730065,0.08726646259971647,0.7853981633974483,0.2338886260986328,49.165964126586914
1790852769134825060,0x69,joint_3,-0.662679700366597,0.7497620852717671,0.7497620852717671,0.7497620852717671,0.0,0.7504915783575618,10.210275650024414,8.906126022338867
1790852769145106096,0x68,joint_2,-1.1228739367322893,1.126262329850419,1.126262329850419,0.8962293087329781,0.08677509860295243,0.7871434926494427,20.491600036621094,19.187450408935547
1790852769155023270,0x69,joint_3,-0.662679700366597,0.7497620852717671,0.7497620852717671,0.7497620852717671,0.0,0.7504915783575618,30.408859252929688,29.10470962524414
1790852769164918130,0x68,joint_2,-1.1228739367322893,1.126262329850419,1.126262329850419,0.8962293087329781,0.08677509860295243,0.788888821901437,40.30346870422363,38.999319076538086
1790852769174767510,0x69,joint_3,-0.662679700366597,0.7497620852717671,0.7497620852717671,0.7497620852717671,0.0,0.7504915783575618,0.5509853363037109,48.848867416381836
1790852769184840745,0x68,joint_2,-1.1274758790959463,1.1293302914261902,1.1293302914261902,0.9005647555514227,0.08726646259971647,0.7906341511534313,10.624170303344727,9.271621704101562
1790852769194836636,0x69,joint_3,-0.662679700366597,0.7482281044838816,0.7482281044838816,0.7486830942220326,-0.021697895299670634,0.7504915783575618,20.620107650756836,19.267559051513672
1790852769204805792,0x68,joint_2,-1.1274758790959463,1.1293302914261902,1.1293302914261902,0.9005647555514227,0.08726646259971647,0.7906341511534313,30.58934211730957,29.236793518066406
1790852769214845206,0x69,joint_3,-0.662679700366597,0.7482281044838816,0.7482281044838816,0.7486830942220326,-0.021697895299670634,0.7504915783575618,40.62843322753906,39.2758846282959
1790852769224765597,0x68,joint_2,-1.1320778214596032,1.1293302914261902,1.1293302914261902,0.9005647555514227,0.08726646259971647,0.7923794804054257,0.5443096160888672,49.196481704711914
1790852769234836730,0x69,joint_3,-0.662679700366597,0.7482281044838816,0.7482281044838816,0.7482281044838816,-0.00910408788664526,0.7504915783575618,10.615348815917969,9.264945983886719
1790852769244834743,0x68,joint_2,-1.1320778214596032,1.1339322337898472,1.1339322337898472,0.9049220428965971,0.08726646259971647,0.7941248096574199,20.613431930541992,19.263029098510742
1790852769254996626,0x69,joint_3,-0.662679700366597,0.7482281044838816,0.7482281044838816,0.7482281044838816,-0.00910408788664526,0.7504915783575618,30.77530860900879,29.42490577697754
1790852769265009006,0x68,joint_2,-1.1320778214596032,1.1339322337898472,1.1339322337898472,0.9049220428965971,0.08726646259971647,0.7958701389094144,40.787458419799805,39.437055587768555
1790852769274765386,0x69,joint_3,-0.662679700366597,0.7482281044838816,0.7482281044838816,0.7482281044838816,-0.00910408788664526,0.7504915783575618,0.6647109985351562,49.193620681762695
1790852769284833118,0x68,joint_2,-1.1351457830353744,1.1385341761535042,1.1385341761535042,0.9092790111083194,0.08726646259971647,0.7976154681614086,10.732412338256836,9.281635284423828
1790852769294836214,0x69,joint_3,-0.662679700366597,0.7482281044838816,0.7482281044838816,0.7482281044838816,0.0,0.7504915783575618,20.735502243041992,19.284725189208984
1790852769304851199,0x68,joint_2,-1.1351457830353744,1.1385341761535042,1.1385341761535042,0.9092790111083194,0.08726646259971647,0.7993607974134029,30.750513076782227,29.29973602294922
1790852769315063765,0x69,joint_3,-0.662679700366597,0.7482281044838816,0.7482281044838816,0.7482281044838816,0.0,0.7487462491055673,40.963172912597656,39.51239585876465
1790852769324597041,0x68,joint_2,-1.1382137446111458,1.1385341761535042,1.1385341761535042,0.9092790111083194,0.08726646259971647,0.8011061266653974,0.6725788116455078,49.045562744140625
1790852769334824146,0x69,joint_3,-0.662679700366597,0.7482281044838816,0.7482281044838816,0.7482281044838816,0.0,0.7487462491055673,10.899782180786133,8.768796920776367
1790852769344991534,0x68,joint_2,-1.1382137446111458,1.1446700993050467,1.1446700993050467,0.9136826929701386,0.08726646259971647,0.8028514559173916,21.067142486572266,18.9361572265625
1790852769354572947,0x69,joint_3,-0.662679700366597,0.7482281044838816,0.7482281044838816,0.7482281044838816,0.0,0.7487462491055673,30.64870834350586,28.517723083496094
1790852769364706903,0x68,joint_2,-1.1382137446111458,1.1446700993050467,1.1446700993050467,0.9136826929701386,0.08726646259971647,0.804596785169386,40.78245162963867,38.651466369628906
1790852769374394670,0x69,joint_3,-0.662679700366597,0.7482281044838816,0.7482281044838816,0.7482281044838816,0.0,0.7487462491055673,0.9698867797851562,48.339128494262695
1790852769384669623,0x68,joint_2,-1.1412817061869172,1.147738060880818,1.147738060880818,0.9179455073882316,0.08726646259971647,0.804596785169386,11.245012283325195,9.975433349609375
1790852769394677688,0x69,joint_3,-0.662679700366597,0.7482281044838816,0.7482281044838816,0.7482281044838816,0.0,0.7487462491055673,21.253108978271484,19.983530044555664
1790852769404723207,0x68,joint_2,-1.1412817061869172,1.147738060880818,1.147738060880818,0.9179455073882316,0.08726646259971647,0.8063421144213803,31.29863739013672,30.0290584564209
1790852769414937327,0x69,joint_3,-0.662679700366597,0.7482281044838816,0.7482281044838816,0.7482281044838816,0.0,0.7487462491055673,41.51272773742676,40.24314880371094
1790852769425092949,0x68,joint_2,-1.145883648550574,1.147738060880818,1.147738060880818,0.9179455073882316,0.08726646259971647,0.8080874436733745,0.6928443908691406,50.39858818054199
1790852769435209690,0x69,joint_3,-0.662679700366597,0.7482281044838816,0.7482281044838816,0.7482281044838816,0.0,0.7487462491055673,10.809659957885742,9.313344955444336
1790852769445085326,0x68,joint_2,-1.145883648550574,1.147738060880818,1.147738060880818,0.9179455073882316,0.08726646259971647,0.809832772925369,20.685434341430664,19.189119338989258
1790852769455113071,0x69,joint_3,-0.662679700366597,0.7482281044838816,0.7482281044838816,0.7482281044838816,0.0,0.7487462491055673,30.71308135986328,29.216766357421875
1790852769465219446,0x68,joint_2,-1.145883648550574,1.147738060880818,1.147738060880818,0.9179455073882316,0.08726646259971647,0.8115781021773633,40.819406509399414,39.32309150695801
1790852769475365770,0x69,joint_3,-0.662679700366597,0.7482281044838816,0.7482281044838816,0.7482281044838816,0.0,0.7487462491055673,50.96602439880371,49.469709396362305
1790852769485223927,0x68,joint_2,-1.1489516101263453,1.1523400032444748,1.1523400032444748,0.9266721536482032,0.08612244477030509,0.8133234314293577,9.842395782470703,8.569955825805664
1790852769495214833,0x69,joint_3,-0.662679700366597,0.7482281044838816,0.7482281044838816,0.7482281044838816,0.0,0.7487462491055673,19.83332633972168,18.56088638305664
1790852769508767041,0x68,joint_2,-1.1489516101263453,1.1523400032444748,1.1523400032444748,0.9266721536482032,0.08612244477030509,0.8150687606813519,33.385515213012695,32.113075256347656
1790852769514916697,0x69,joint_3,-0.662679700366597,0.7482281044838816,0.7482281044838816,0.7482281044838816,0.0,0.7487462491055673,39.5350456237793,38.26260566711426
1790852769524896133,0x68,joint_2,-1.1489516101263453,1.1523400032444748,1.1523400032444748,0.9266721536482032,0.08612244477030509,0.8168140899333461,49.5147705078125,48.24233055114746
1790852769535084886,0x69,joint_3,-0.662679700366597,0.7482281044838816,0.7482281044838816,0.7482281044838816,0.0,0.7487462491055673,9.743690490722656,8.927345275878906
1790852769544642600,0x68,joint_2,-1.1535535524900022,1.1554079648202462,1.1554079648202462,0.9309874740278247,0.08726646259971647,0.8185594191853407,19.301414489746094,18.485069274902344
1790852769554568081,0x69,joint_3,-0.662679700366597,0.7482281044838816,0.7482281044838816,0.7482281044838816,0.0,0.7487462491055673,29.227018356323242,28.410673141479492
1790852769564652564,0x68,joint_2,-1.1535535524900022,1.1554079648202462,1.1554079648202462,0.9309874740278247,0.08726646259971647,0.8203047484373349,39.31140899658203,38.49506378173828
1790852769574670381,0x69,joint_3,-0.662679700366597,0.7482281044838816,0.7482281044838816,0.7482281044838816,0.0,0.7487462491055673,0.5509853363037109,48.512935638427734
1790852769584729591,0x68,joint_2,-1.1581554948536592,1.1600099071839032,1.1600099071839032,0.9352940777095987,0.08726646259971647,0.8203047484373349,10.610103607177734,9.510040283203125
1790852769596782437,0x69,joint_3,-0.662679700366597,0.7482281044838816,0.7482281044838816,0.7482281044838816,0.0,0.7487462491055673,22.662878036499023,21.562814712524414
1790852769605448756,0x68,joint_2,-1.1581554948536592,1.1600099071839032,1.1600099071839032,0.9352940777095987,0.08726646259971647,0.8220500776893294,31.32915496826172,30.22909164428711
1790852769615398138,0x69,joint_3,-0.662679700366597,0.7482281044838816,0.7482281044838816,0.7482281044838816,0.0,0.7487462491055673,41.27860069274902,40.178537368774414
1790852769625708615,0x68,joint_2,-1.162757437217316,1.1600099071839032,1.1600099071839032,0.9352940777095987,0.08726646259971647,0.8237954069413236,1.8422603607177734,50.488948822021484
1790852769635440633,0x69,joint_3,-0.6611457195787114,0.7466941236959959,0.7466941236959959,0.7470928239810606,-0.022256674677455558,0.7487462491055673,11.574506759643555,9.199857711791992
1790852769645454810,0x68,joint_2,-1.162757437217316,1.1692137919112169,1.1692137919112169,0.9397425980399138,0.08726646259971647,0.8255407361933178,21.588563919067383,19.21391487121582
1790852769655450054,0x69,joint_3,-0.6611457195787114,0.7466941236959959,0.7466941236959959,0.7470928239810606,-0.022256674677455558,0.7487462491055673,31.583786010742188,29.209136962890625
1790852769665485372,0x68,joint_2,-1.162757437217316,1.1692137919112169,1.1692137919112169,0.9397425980399138,0.08726646259971647,0.8272860654453124,41.619062423706055,39.24441337585449
1790852769675666353,0x69,joint_3,-0.6611457195787114,0.7466941236959959,0.7466941236959959,0.7470928239810606,-0.022256674677455558,0.7487462491055673,1.8153190612792969,49.425601959228516
1790852769684717946,0x68,joint_2,-1.1688933603688585,1.1753497150627596,1.1753497150627596,0.9440982315109595,0.08726646259971647,0.8290313946973066,10.866641998291016,8.515596389770508
1790852769694892356,0x69,joint_3,-0.6611457195787114,0.7466941236959959,0.7466941236959959,0.7466941236959959,-0.007982776377630115,0.7487462491055673,21.041154861450195,18.690109252929688
1790852769704772753,0x68,joint_2,-1.1688933603688585,1.1753497150627596,1.1753497150627596,0.9440982315109595,0.08726646259971647,0.830776723949301,30.92169761657715,28.57065200805664
1790852769715090144,0x69,joint_3,-0.6611457195787114,0.7466941236959959,0.7466941236959959,0.7466941236959959,-0.007982776377630115,0.7487462491055673,41.239023208618164,38.887977600097656
1790852769725040661,0x68,joint_2,-1.1688933603688585,1.1753497150627596,1.1753497150627596,0.9440982315109595,0.08726646259971647,0.8325220532012952,51.189422607421875,48.83837699890137
1790852769735024228,0x69,joint_3,-0.6611457195787114,0.7466941236959959,0.7466941236959959,0.7466941236959959,-0.007982776377630115,0.7487462491055673,9.647130966186523,9.067058563232422
1790852769745213506,0x68,joint_2,-1.1750292835204013,1.1753497150627596,1.1753497150627596,0.9440982315109595,0.08726646259971647,0.8342673824532895,19.83642578125,19.2563533782959
1790852769755053212,0x69,joint_3,-0.6611457195787114,0.7466941236959959,0.7466941236959959,0.7466941236959959,-0.007982776377630115,0.7487462491055673,29.676437377929688,29.096364974975586
1790852769768128693,0x68,joint_2,-1.1750292835204013,1.1753497150627596,1.1753497150627596,0.9440982315109595,0.08726646259971647,0.8342673824532895,42.75178909301758,42.17171669006348
1790852769774591656,0x69,joint_3,-0.6611457195787114,0.7466941236959959,0.7466941236959959,0.7466941236959959,-0.007982776377630115,0.7487462491055673,0.9925365447998047,48.63476753234863
1790852769784613045,0x68,joint_2,-1.1780972450961724,1.1845535997900734,1.1845535997900734,0.9527222605267015,0.08726646259971647,0.8360127117052839,11.01374626159668,9.53364372253418
1790852769794688868,0x69,joint_3,-0.6611457195787114,0.7466941236959959,0.7466941236959959,0.7466941236959959,0.0,0.7487462491055673,21.089553833007812,19.609451293945312
1790852769804683946,0x68,joint_2,-1.1780972450961724,1.1845535997900734,1.1845535997900734,0.9527222605267015,0.08726646259971647,0.8377580409572782,31.084775924682617,29.604673385620117
1790852769814662241,0x69,joint_3,-0.6611457195787114,0.7466941236959959,0.7466941236959959,0.7466941236959959,0.0,0.747000919853573,41.06283187866211,39.58272933959961
1790852769824474202,0x68,joint_2,-1.1826991874598294,1.1845535997900734,1.1845535997900734,0.9527222605267015,0.08726646259971647,0.8395033702092727,1.1799335479736328,49.394845962524414
1790852769834716341,0x69,joint_3,-0.6611457195787114,0.7466941236959959,0.7466941236959959,0.7466941236959959,0.0,0.747000919853573,11.422157287597656,9.83572006225586
1790852769844794605,0x68,joint_2,-1.1826991874598294,1.1891555421537303,1.1891555421537303,0.9570734694136043,0.08726646259971647,0.8412486994612669,21.500349044799805,19.913911819458008
1790852769854995845,0x69,joint_3,-0.6611457195787114,0.7466941236959959,0.7466941236959959,0.7466941236959959,0.0,0.747000919853573,31.70156478881836,30.115127563476562
1790852769865069088,0x68,joint_2,-1.1826991874598294,1.1891555421537303,1.1891555421537303,0.9570734694136043,0.08726646259971647,0.8429940287132611,41.774749755859375,40.18831253051758
1790852769874940758,0x69,joint_3,-0.6611457195787114,0.7466941236959959,0.7466941236959959,0.7466941236959959,0.0,0.747000919853573,51.64647102355957,50.06003379821777
1790852769885082738,0x68,joint_2,-1.1857671490356005,1.1891555421537303,1.1891555421537303,0.9570734694136043,0.08726646259971647,0.8447393579652556,10.05244255065918,9.252548217773438
1790852769895073056,0x69,joint_3,-0.6611457195787114,0.7466941236959959,0.7466941236959959,0.7466941236959959,0.0,0.747000919853573,20.042896270751953,19.24300193786621
1790852769905215808,0x68,joint_2,-1.1857671490356005,1.1891555421537303,1.1891555421537303,0.9570734694136043,0.08726646259971647,0.8464846872172498,30.185461044311523,29.38556671142578
1790852769915070364,0x69,joint_3,-0.6611457195787114,0.7466941236959959,0.7466941236959959,0.7466941236959959,0.0,0.747000919853573,40.04025459289551,39.240360260009766
1790852769925068860,0x68,joint_2,-1.1857671490356005,1.1891555421537303,1.1891555421537303,0.9570734694136043,0.08726646259971647,0.8482300164692443,50.03857612609863,49.23868179321289
1790852769935214509,0x69,joint_3,-0.6611457195787114,0.7466941236959959,0.7466941236959959,0.7466941236959959,0.0,0.747000919853573,10.00523567199707,8.85915756225586
1790852769945056702,0x68,joint_2,-1.188835110611372,1.1922235037295017,1.1922235037295017,0.9658001156735759,0.08646013709091313,0.8482300164692443,19.847393035888672,18.70131492614746
1790852769955058833,0x69,joint_3,-0.6611457195787114,0.7466941236959959,0.7466941236959959,0.7466941236959959,0.0,0.747000919853573,29.849529266357422,28.70345115661621
1790852769964968413,0x68,joint_2,-1.188835110611372,1.1922235037295017,1.1922235037295017,0.9658001156735759,0.08646013709091313,0.8499753457212386,39.758920669555664,38.61284255981445
1790852769974399619,0x69,joint_3,-0.6611457195787114,0.7466941236959959,0.7466941236959959,0.7466941236959959,0.0,0.747000919853573,0.7719993591308594,48.04420471191406
1790852769984630856,0x68,joint_2,-1.1919030721871433,1.1983594268810442,1.1983594268810442,0.9700571383037511,0.08726646259971647,0.8517206749732328,11.00301742553711,9.915828704833984
1790852769994562440,0x69,joint_3,-0.6611457195787114,0.7466941236959959,0.7466941236959959,0.7466941236959959,0.0,0.747000919853573,20.9348201751709,19.847631454467773
1790852770004671448,0x68,joint_2,-1.1919030721871433,1.1983594268810442,1.1983594268810442,0.9700571383037511,0.08726646259971647,0.8534660042252272,31.04376792907715,29.956579208374023
1790852770014684209,0x69,joint_3,-0.6611457195787114,0.7466941236959959,0.7466941236959959,0.7466941236959959,0.0,0.747000919853573,41.05639457702637,39.96920585632324
1790852770024845897,0x68,joint_2,-1.1965050145508,1.1983594268810442,1.1983594268810442,0.9700571383037511,0.08726646259971647,0.8552113334772214,1.0809898376464844,50.13084411621094
1790852770034810271,0x69,joint_3,-0.6611457195787114,0.7466941236959959,0.7466941236959959,0.7466941236959959,0.0,0.747000919853573,11.045694351196289,9.439468383789062
1790852770045180642,0x68,joint_2,-1.1965050145508,1.202961369244701,1.202961369244701,0.9744657114507405,0.08726646259971647,0.856956662729216,21.41594886779785,19.809722900390625
1790852770055212106,0x69,joint_3,-0.6611457195787114,0.7466941236959959,0.7466941236959959,0.7466941236959959,0.0,0.747000919853573,31.447410583496094,29.841184616088867
1790852770065227730,0x68,joint_2,-1.1965050145508,1.202961369244701,1.202961369244701,0.9744657114507405,0.08726646259971647,0.8587019919812102,41.46313667297363,39.856910705566406
1790852770074955911,0x69,joint_3,-0.6611457195787114,0.7466941236959959,0.7466941236959959,0.7466941236959959,0.0,0.747000919853573,51.19132995605469,49.58510398864746
1790852770085060504,0x68,joint_2,-1.2026409377023426,1.202961369244701,1.202961369244701,0.9744657114507405,0.08726646259971647,0.8604473212332044,9.937047958374023,9.200096130371094
1790852770095063783,0x69,joint_3,-0.6611457195787114,0.7466941236959959,0.7466941236959959,0.7466941236959959,0.0,0.747000919853573,19.94013786315918,19.20318603515625
1790852770105236610,0x68,joint_2,-1.2026409377023426,1.202961369244701,1.202961369244701,0.9744657114507405,0.08726646259971647,0.8621926504851989,30.11298179626465,29.37602996826172
1790852770115080020,0x69,joint_3,-0.6611457195787114,0.7466941236959959,0.7466941236959959,0.7466941236959959,0.0,0.747000919853573,39.95633125305176,39.21937942504883
1790852770125035091,0x68,joint_2,-1.2087768608538854,1.202961369244701,1.202961369244701,0.9744657114507405,0.08726646259971647,0.8639379797371931,0.051975250244140625,49.17430877685547
1790852770134914138,0x69,joint_3,-0.6596117387908257,0.7466941236959959,0.7466941236959959,0.7466941236959959,0.0,0.747000919853573,9.931087493896484,8.587121963500977
1790852770145210927,0x68,joint_2,-1.2087768608538854,1.2090972923962438,1.2090972923962438,0.983192357710712,0.08685005739409571,0.8639379797371931,20.227909088134766,18.883943557739258
1790852770155203454,0x69,joint_3,-0.6596117387908257,0.7466941236959959,0.7466941236959959,0.7466941236959959,0.0,0.747000919853573,30.22027015686035,28.876304626464844
1790852770165273734,0x68,joint_2,-1.2087768608538854,1.2090972923962438,1.2090972923962438,0.983192357710712,0.08685005739409571,0.8656833089891875,40.29083251953125,38.94686698913574
1790852770175136562,0x69,joint_3,-0.6596117387908257,0.7466941236959959,0.7466941236959959,0.7466941236959959,0.0,0.747000919853573,0.5469322204589844,48.80952835083008
1790852770193156367,0x68,joint_2,-1.214912784005428,1.2152332155477863,1.2152332155477863,0.9875551134341425,0.08726646259971647,0.8674286382411819,18.56684684753418,16.701698303222656
1790852770197775785,0x69,joint_3,-0.6596117387908257,0.7451601429081103,0.7451601429081103,0.7456004249385098,-0.021845276573612904,0.747000919853573,23.186445236206055,21.32129669189453
1790852770205611211,0x68,joint_2,-1.214912784005428,1.2152332155477863,1.2152332155477863,0.9875551134341425,0.08726646259971647,0.8691739674931761,31.021833419799805,29.15668487548828
1790852770215313228,0x69,joint_3,-0.6596117387908257,0.7451601429081103,0.7451601429081103,0.7456004249385098,-0.021845276573612904,0.747000919853573,40.723562240600586,38.85841369628906
1790852770224539439,0x68,joint_2,-1.2195147263690846,1.2152332155477863,1.2152332155477863,0.9875551134341425,0.08726646259971647,0.8709192967451705,0.5769729614257812,48.08473587036133
1790852770235104431,0x69,joint_3,-0.65807775800294,0.7436261621202245,0.7436261621202245,0.7436261621202245,-0.03951567632418008,0.747000919853573,11.14201545715332,9.096860885620117
1790852770245230797,0x68,joint_2,-1.2195147263690846,1.2259710810629858,1.2259710810629858,0.9919125885766631,0.08726646259971647,0.8726646259971648,21.268367767333984,19.22321319580078
1790852770255458934,0x69,joint_3,-0.65807775800294,0.7436261621202245,0.7436261621202245,0.7436261621202245,-0.03951567632418008,0.747000919853573,31.496286392211914,29.45113182067871
1790852770265519425,0x68,joint_2,-1.2195147263690846,1.2259710810629858,1.2259710810629858,0.9919125885766631,0.08726646259971647,0.8744099552491592,41.55683517456055,39.511680603027344
1790852770275238012,0x69,joint_3,-0.65807775800294,0.7436261621202245,0.7436261621202245,0.7436261621202245,-0.03951567632418008,0.747000919853573,1.558542251586914,49.230337142944336
1790852770285302321,0x68,joint_2,-1.2241166687327416,1.2305730234266425,1.2305730234266425,0.9962469849686548,0.08726646259971647,0.8761552845011534,11.622905731201172,9.587764739990234
1790852770294812212,0x69,joint_3,-0.65807775800294,0.7436261621202245,0.7436261621202245,0.7427400010603621,-0.017831322161568026,0.747000919853573,21.132707595825195,19.097566604614258
1790852770304869653,0x68,joint_2,-1.2241166687327416,1.2305730234266425,1.2305730234266425,0.9962469849686548,0.08726646259971647,0.8779006137531478,31.190156936645508,29.15501594543457
1790852770315047175,0x69,joint_3,-0.65807775800294,0.7436261621202245,0.7436261621202245,0.7427400010603621,-0.017831322161568026,0.747000919853573,41.36776924133301,39.33262825012207
1790852770324844248,0x68,joint_2,-1.2302525918842842,1.2305730234266425,1.2305730234266425,0.9962469849686548,0.08726646259971647,0.8779006137531478,0.2512931823730469,49.12972450256348
1790852770335051454,0x69,joint_3,-0.65807775800294,0.7436261621202245,0.7436261621202245,0.7427400010603621,-0.017831322161568026,0.747000919853573,10.45846939086914,9.569644927978516
1790852770345045897,0x68,joint_2,-1.2302525918842842,1.2305730234266425,1.2305730234266425,0.9962469849686548,0.08726646259971647,0.8796459430051422,20.45297622680664,19.564151763916016
1790852770354965371,0x69,joint_3,-0.65807775800294,0.7436261621202245,0.7436261621202245,0.7427400010603621,-0.017831322161568026,0.747000919853573,30.37238121032715,29.483556747436523
1790852770364981164,0x68,joint_2,-1.2302525918842842,1.2305730234266425,1.2305730234266425,0.9962469849686548,0.08726646259971647,0.8813912722571364,40.38834571838379,39.499521255493164
1790852770374851919,0x69,joint_3,-0.6565437772150544,0.7436261621202245,0.7436261621202245,0.7427400010603621,-0.017831322161568026,0.747000919853573,0.1239776611328125,49.37005043029785
1790852770384778416,0x68,joint_2,-1.2363885150358267,1.236708946578185,1.236708946578185,1.0049499295701192,0.08726646259971647,0.8831366015091309,10.050535202026367,9.003162384033203
1790852770394892044,0x69,joint_3,-0.6565437772150544,0.7436261621202245,0.7436261621202245,0.7436261621202245,0.008877975103777025,0.7452555906015788,20.16425132751465,19.116878509521484
1790852770404515229,0x68,joint_2,-1.2363885150358267,1.236708946578185,1.236708946578185,1.0049499295701192,0.08726646259971647,0.8848819307611251,29.787540435791016,28.74016761779785
1790852770414719433,0x69,joint_3,-0.6565437772150544,0.7436261621202245,0.7436261621202245,0.7436261621202245,0.008877975103777025,0.7452555906015788,39.99161720275879,38.944244384765625
1790852770424450337,0x68,joint_2,-1.2409904573994837,1.236708946578185,1.236708946578185,1.0049499295701192,0.08726646259971647,0.8866272600131193,1.1913776397705078,48.6750602722168
1790852770434557521,0x69,joint_3,-0.6565437772150544,0.7420921813323389,0.7420921813323389,0.7430046370506055,-0.01261668838602853,0.7452555906015788,11.298418045043945,9.80234146118164
1790852770444573203,0x68,joint_2,-1.2409904573994837,1.2474468120933846,1.2474468120933846,1.009247226632648,0.08726646259971647,0.8883725892651139,21.314382553100586,19.81830596923828
1790852770454600653,0x69,joint_3,-0.6565437772150544,0.7420921813323389,0.7420921813323389,0.7430046370506055,-0.01261668838602853,0.7452555906015788,31.3417911529541,29.845714569091797
1790852770464679681,0x68,joint_2,-1.2409904573994837,1.2474468120933846,1.2474468120933846,1.009247226632648,0.08726646259971647,0.8901179185171081,41.420698165893555,39.92462158203125
1790852770474920477,0x69,joint_3,-0.6565437772150544,0.7420921813323389,0.7420921813323389,0.7430046370506055,-0.01261668838602853,0.7452555906015788,0.5726814270019531,50.165414810180664
1790852770485074170,0x68,joint_2,-1.2455923997631406,1.2474468120933846,1.2474468120933846,1.009247226632648,0.08726646259971647,0.8918632477691025,10.726451873779297,9.269952774047852
1790852770494957866,0x69,joint_3,-0.6565437772150544,0.7420921813323389,0.7420921813323389,0.7430046370506055,-0.01261668838602853,0.7452555906015788,20.61009407043457,19.153594970703125
1790852770505063400,0x68,joint_2,-1.2455923997631406,1.2474468120933846,1.2474468120933846,1.009247226632648,0.08726646259971647,0.8918632477691025,30.7157039642334,29.259204864501953
1790852770515223932,0x69,joint_3,-0.6565437772150544,0.7420921813323389,0.7420921813323389,0.7430046370506055,-0.01261668838602853,0.7435102613495844,40.876150131225586,39.41965103149414
1790852770525208179,0x68,joint_2,-1.248660361338912,1.2474468120933846,1.2474468120933846,1.009247226632648,0.08726646259971647,0.8936085770210968,0.270843505859375,49.40390586853027
1790852770535198144,0x69,joint_3,-0.6565437772150544,0.7420921813323389,0.7420921813323389,0.7420921813323389,-0.00899849936475985,0.7435102613495844,10.260820388793945,8.50677490234375
1790852770545210092,0x68,joint_2,-1.248660361338912,1.2520487544570416,1.2520487544570416,1.0179738728926195,0.08613958115278976,0.895353906273091,20.27273178100586,18.518686294555664
1790852770555230921,0x69,joint_3,-0.6565437772150544,0.7420921813323389,0.7420921813323389,0.7420921813323389,-0.00899849936475985,0.7435102613495844,30.293703079223633,28.539657592773438
1790852770565061411,0x68,joint_2,-1.248660361338912,1.2520487544570416,1.2520487544570416,1.0179738728926195,0.08613958115278976,0.8970992355250855,40.12417793273926,38.37013244628906
1790852770575222565,0x69,joint_3,-0.6565437772150544,0.7420921813323389,0.7420921813323389,0.7420921813323389,-0.00899849936475985,0.7435102613495844,0.21266937255859375,48.531293869018555
1790852770584891740,0x68,joint_2,-1.2532623037025687,1.255116716032813,1.255116716032813,1.0223275172119204,0.08726646259971647,0.8988445647770797,9.881734848022461,8.179903030395508
1790852770594928824,0x69,joint_3,-0.6565437772150544,0.7420921813323389,0.7420921813323389,0.7420921813323389,0.0,0.7435102613495844,19.91891860961914,18.217086791992188
1790852770605060991,0x68,joint_2,-1.2532623037025687,1.255116716032813,1.255116716032813,1.0223275172119204,0.08726646259971647,0.9005898940290742,30.050992965698242,28.34916114807129
1790852770614912486,0x69,joint_3,-0.6565437772150544,0.7420921813323389,0.7420921813323389,0.7420921813323389,0.0,0.7435102613495844,39.902448654174805,38.20061683654785
1790852770625062331,0x68,joint_2,-1.2578642460662257,1.255116716032813,1.255116716032813,1.0223275172119204,0.08726646259971647,0.9023352232810684,0.4172325134277344,48.35057258605957
1790852770634973248,0x69,joint_3,-0.6565437772150544,0.7420921813323389,0.7420921813323389,0.7420921813323389,0.0,0.7417649320975901,10.328054428100586,8.45789909362793
1790852770645058118,0x68,joint_2,-1.2578642460662257,1.25971865839647,1.25971865839647,1.0266600528213237,0.08726646259971647,0.9040805525330626,20.412921905517578,18.542766571044922
1790852770655047983,0x69,joint_3,-0.6565437772150544,0.7420921813323389,0.7420921813323389,0.7420921813323389,0.0,0.7417649320975901,30.40289878845215,28.532743453979492
1790852770664912353,0x68,joint_2,-1.2578642460662257,1.25971865839647,1.25971865839647,1.0266600528213237,0.08726646259971647,0.9058258817850572,40.267229080200195,38.39707374572754
1790852770674790040,0x69,joint_3,-0.6550097964271687,0.7420921813323389,0.7420921813323389,0.7420921813323389,0.0,0.7417649320975901,0.43129920959472656,48.27475547790527
1790852770685050556,0x68,joint_2,-1.260932207641997,1.2643206007601266,1.2643206007601266,1.0309718292226893,0.08726646259971647,0.9075712110370514,10.69188117980957,9.219646453857422
1790852770694873947,0x69,joint_3,-0.6550097964271687,0.7420921813323389,0.7420921813323389,0.7420921813323389,0.0,0.7417649320975901,20.51520347595215,19.04296875
1790852770705066109,0x68,joint_2,-1.260932207641997,1.2643206007601266,1.2643206007601266,1.0309718292226893,0.08726646259971647,0.9075712110370514,30.707359313964844,29.235124588012695
1790852770714916822,0x69,joint_3,-0.6550097964271687,0.7420921813323389,0.7420921813323389,0.7420921813323389,0.0,0.7417649320975901,40.5580997467041,39.08586502075195
1790852770724853596,0x68,joint_2,-1.2640001692177683,1.2643206007601266,1.2643206007601266,1.0309718292226893,0.08726646259971647,0.9093165402890458,0.2810955047607422,49.02243614196777
1790852770734876762,0x69,joint_3,-0.6550097964271687,0.7405582005444533,0.7405582005444533,0.7409995083631239,-0.021835029745997752,0.7417649320975901,10.304450988769531,8.981466293334961
1790852770744907791,0x68,joint_2,-1.2640001692177683,1.267388562335898,1.267388562335898,1.0353341307241835,0.08726646259971647,0.9110618695410401,20.33543586730957,19.012451171875
1790852770754872480,0x69,joint_3,-0.6550097964271687,0.7405582005444533,0.7405582005444533,0.7409995083631239,-0.021835029745997752,0.7417649320975901,30.300378799438477,28.977394104003906
1790852770765051954,0x68,joint_2,-1.2640001692177683,1.267388562335898,1.267388562335898,1.0353341307241835,0.08726646259971647,0.9128071987930343,40.47966003417969,39.15667533874512
1790852770774762525,0x69,joint_3,-0.6550097964271687,0.7405582005444533,0.7405582005444533,0.7409995083631239,-0.021835029745997752,0.7417649320975901,0.13589859008789062,48.867225646972656
1790852770785044695,0x68,joint_2,-1.2686021115814252,1.2704565239116694,1.2704565239116694,1.0396777166238758,0.08726646259971647,0.9145525280450287,10.418176651000977,9.256362915039062
1790852770794800082,0x69,joint_3,-0.6550097964271687,0.7405582005444533,0.7405582005444533,0.7405582005444533,-0.008852803133520106,0.7417649320975901,20.17354965209961,19.011735916137695
1790852770804761269,0x68,joint_2,-1.2686021115814252,1.2704565239116694,1.2704565239116694,1.0396777166238758,0.08726646259971647,0.9162978572970231,30.13467788696289,28.972864151000977
1790852770814759458,0x69,joint_3,-0.6550097964271687,0.7405582005444533,0.7405582005444533,0.7405582005444533,-0.008852803133520106,0.7417649320975901,40.132761001586914,38.970947265625
1790852770824809473,0x68,joint_2,-1.2716700731571966,1.2704565239116694,1.2704565239116694,1.0396777166238758,0.08726646259971647,0.9180431865490175,0.6289482116699219,49.021005630493164
1790852770835059916,0x69,joint_3,-0.6550097964271687,0.7405582005444533,0.7405582005444533,0.7405582005444533,0.0,0.7417649320975901,10.8795166015625,9.24062728881836
1790852770844785275,0x68,joint_2,-1.2716700731571966,1.2750584662753262,1.2750584662753262,1.0440320022644933,0.08726646259971647,0.9197885158010117,20.604610443115234,18.965721130371094
1790852770855051348,0x69,joint_3,-0.6550097964271687,0.7405582005444533,0.7405582005444533,0.7405582005444533,0.0,0.7417649320975901,30.870676040649414,29.231786727905273
1790852770865046382,0x68,joint_2,-1.2716700731571966,1.2750584662753262,1.2750584662753262,1.0440320022644933,0.08726646259971647,0.921533845053006,40.86589813232422,39.22700881958008
1790852770874845564,0x69,joint_3,-0.6550097964271687,0.7405582005444533,0.7405582005444533,0.7405582005444533,0.0,0.7417649320975901,0.164031982421875,49.0260124206543
1790852770885064795,0x68,joint_2,-1.2762720155208536,1.2781264278510975,1.2781264278510975,1.0483930644076966,0.08726646259971647,0.921533845053006,10.383367538452148,9.202003479003906
1790852770895061763,0x69,joint_3,-0.6550097964271687,0.7405582005444533,0.7405582005444533,0.7405582005444533,0.0,0.7417649320975901,20.380496978759766,19.199132919311523
1790852770904924627,0x68,joint_2,-1.2762720155208536,1.2781264278510975,1.2781264278510975,1.0483930644076966,0.08726646259971647,0.9232791743050004,30.243396759033203,29.06203269958496
1790852770915061541,0x69,joint_3,-0.6550097964271687,0.7405582005444533,0.7405582005444533,0.7405582005444533,0.0,0.7417649320975901,40.380239486694336,39.198875427246094
1790852770924853387,0x68,joint_2,-1.2808739578845103,1.2781264278510975,1.2781264278510975,1.0483930644076966,0.08726646259971647,0.9250245035569946,0.20503997802734375,48.990726470947266
1790852770934912178,0x69,joint_3,-0.6534758156392831,0.7405582005444533,0.7405582005444533,0.7405582005444533,0.0,0.7417649320975901,10.263919830322266,9.04083251953125
1790852770945043579,0x68,joint_2,-1.2808739578845103,1.2827283702147545,1.2827283702147545,1.052750477678275,0.08726646259971647,0.9267698328089892,20.39504051208496,19.171953201293945
1790852770954940282,0x69,joint_3,-0.6534758156392831,0.7405582005444533,0.7405582005444533,0.7405582005444533,0.0,0.7417649320975901,30.29179573059082,29.068708419799805
1790852770965052915,0x68,joint_2,-1.2808739578845103,1.2827283702147545,1.2827283702147545,1.052750477678275,0.08726646259971647,0.9285151620609834,40.404558181762695,39.18147087097168
1790852770974835635,0x69,joint_3,-0.6534758156392831,0.7405582005444533,0.7405582005444533,0.7405582005444533,0.0,0.7417649320975901,0.7064342498779297,48.96426200866699
1790852770985034530,0x68,joint_2,-1.287009881036053,1.2873303125784115,1.2873303125784115,1.057098228544312,0.08726646259971647,0.9302604913129776,10.905265808105469,9.214162826538086
1790852770994880320,0x69,joint_3,-0.6534758156392831,0.7390242197565676,0.7390242197565676,0.7394709251065847,-0.021781033186506853,0.7417649320975901,20.750999450683594,19.05989646911621
1790852771004815691,0x68,joint_2,-1.287009881036053,1.2873303125784115,1.2873303125784115,1.057098228544312,0.08726646259971647,0.932005820564972,30.686378479003906,28.995275497436523
1790852771014880909,0x69,joint_3,-0.6534758156392831,0.7390242197565676,0.7390242197565676,0.7394709251065847,-0.021781033186506853,0.7417649320975901,40.75169563293457,39.06059265136719
1790852771026064173,0x68,joint_2,-1.2916118233997098,1.2873303125784115,1.2873303125784115,1.057098228544312,0.08726646259971647,0.9337511498169663,1.764535903930664,50.24361610412598
1790852771034902479,0x69,joint_3,-0.6534758156392831,0.7390242197565676,0.7390242197565676,0.7390242197565676,-0.008563546418623546,0.7417649320975901,10.602951049804688,6.879091262817383
1790852771046931914,0x68,joint_2,-1.2916118233997098,1.2934662357299542,1.2934662357299542,1.0616457423788974,0.08726646259971647,0.9354964790689608,22.632360458374023,18.90850067138672
1790852771054928497,0x69,joint_3,-0.6534758156392831,0.7390242197565676,0.7390242197565676,0.7390242197565676,-0.008563546418623546,0.7417649320975901,30.62891960144043,26.905059814453125
1790852771064900239,0x68,joint_2,-1.2916118233997098,1.2934662357299542,1.2934662357299542,1.0616457423788974,0.08726646259971647,0.9354964790689608,40.60077667236328,36.87691688537598
1790852771074844442,0x69,joint_3,-0.6519418348513975,0.7390242197565676,0.7390242197565676,0.7390242197565676,-0.008563546418623546,0.7417649320975901,0.46753883361816406,46.82111740112305
1790852771084763590,0x68,joint_2,-1.2962137657633668,1.2980681780936107,1.2980681780936107,1.065805807431194,0.08726646259971647,0.937241808320955,10.38670539855957,9.01031494140625
1790852771095059501,0x69,joint_3,-0.6519418348513975,0.7390242197565676,0.7390242197565676,0.7390242197565676,0.0,0.7417649320975901,20.682573318481445,19.306182861328125
1790852771104904193,0x68,joint_2,-1.2962137657633668,1.2980681780936107,1.2980681780936107,1.065805807431194,0.08726646259971647,0.9389871375729493,30.527353286743164,29.150962829589844
1790852771115042355,0x69,joint_3,-0.6519418348513975,0.7390242197565676,0.7390242197565676,0.7390242197565676,0.0,0.7400196028455958,40.665388107299805,39.288997650146484
1790852771126991007,0x68,joint_2,-1.2992817273391382,1.2980681780936107,1.2980681780936107,1.065805807431194,0.08726646259971647,0.9407324668249437,2.641439437866211,51.23782157897949
1790852771134752762,0x69,joint_3,-0.6519418348513975,0.737490238968682,0.737490238968682,0.7377955756492748,-0.023153771295130545,0.7400196028455958,10.403156280517578,5.8956146240234375
1790852771145041217,0x68,joint_2,-1.2992817273391382,1.3026701204572677,1.3026701204572677,1.0704319888402187,0.08726646259971647,0.9424777960769379,20.691394805908203,16.183853149414062
1790852771155049080,0x69,joint_3,-0.6519418348513975,0.737490238968682,0.737490238968682,0.7377955756492748,-0.023153771295130545,0.7400196028455958,30.69925308227539,26.19171142578125
1790852771164901833,0x68,joint_2,-1.2992817273391382,1.3026701204572677,1.3026701204572677,1.0704319888402187,0.08726646259971647,0.9442231253289325,40.55213928222656,36.04459762573242
1790852771174845270,0x69,joint_3,-0.6519418348513975,0.737490238968682,0.737490238968682,0.7377955756492748,-0.023153771295130545,0.7400196028455958,0.4279613494873047,45.987844467163086
1790852771184874184,0x68,joint_2,-1.3038836697027951,1.305738082033039,1.305738082033039,1.0745159270812104,0.08726646259971647,0.9459684545809267,10.457038879394531,9.132862091064453
1790852771194899878,0x69,joint_3,-0.6519418348513975,0.737490238968682,0.737490238968682,0.737490238968682,-0.006513924643430779,0.7400196028455958,20.482778549194336,19.158601760864258
1790852771207171556,0x68,joint_2,-1.3038836697027951,1.305738082033039,1.305738082033039,1.0745159270812104,0.08726646259971647,0.9477137838329209,32.75442123413086,31.43024444580078
1790852771214784392,0x69,joint_3,-0.6519418348513975,0.737490238968682,0.737490238968682,0.737490238968682,-0.006513924643430779,0.7400196028455958,40.36736488342285,39.04318809509277
1790852771224723212,0x68,joint_2,-1.3084856120664519,1.305738082033039,1.305738082033039,1.0745159270812104,0.08726646259971647,0.9494591130849154,0.4963874816894531,48.98190498352051
1790852771234917394,0x69,joint_3,-0.6519418348513975,0.737490238968682,0.737490238968682,0.737490238968682,0.0,0.7382742735936013,10.690450668334961,9.297609329223633
1790852771244782724,0x68,joint_2,-1.3084856120664519,1.310340024396696,1.310340024396696,1.0788575171095125,0.08726646259971647,0.9512044423369096,20.555973052978516,19.163131713867188
1790852771254910475,0x69,joint_3,-0.6519418348513975,0.737490238968682,0.737490238968682,0.737490238968682,0.0,0.7382742735936013,30.683517456054688,29.29067611694336
1790852771264926940,0x68,joint_2,-1.3084856120664519,1.310340024396696,1.310340024396696,1.0788575171095125,0.08726646259971647,0.9512044423369096,40.70019721984863,39.307355880737305
1790852771274851377,0x69,joint_3,-0.6519418348513975,0.737490238968682,0.737490238968682,0.737490238968682,0.0,0.7382742735936013,0.3268718719482422,49.231529235839844
1790852771284900636,0x68,joint_2,-1.3115535736422232,1.3149419667603528,1.3149419667603528,1.083228253612676,0.08726646259971647,0.952949771588904,10.376214981079102,9.132623672485352
1790852771297150751,0x69,joint_3,-0.6519418348513975,0.737490238968682,0.737490238968682,0.737490238968682,0.0,0.7382742735936013,22.626399993896484,21.382808685302734
1790852771304923866,0x68,joint_2,-1.3115535736422232,1.3149419667603528,1.3149419667603528,1.083228253612676,0.08726646259971647,0.9546951008408983,30.399560928344727,29.155969619750977
1790852771315107673,0x69,joint_3,-0.6519418348513975,0.737490238968682,0.737490238968682,0.737490238968682,0.0,0.7382742735936013,40.583133697509766,39.339542388916016
1790852771324808894,0x68,joint_2,-1.3146215352179944,1.3149419667603528,1.3149419667603528,1.083228253612676,0.08726646259971647,0.9564404300928926,0.19240379333496094,49.041032791137695
1790852771334730268,0x69,joint_3,-0.6519418348513975,0.737490238968682,0.737490238968682,0.737490238968682,0.0,0.7382742735936013,10.113716125488281,8.942604064941406
1790852771344905115,0x68,joint_2,-1.3146215352179944,1.3180099283361242,1.3180099283361242,1.0875789211856024,0.08726646259971647,0.958185759344887,20.288705825805664,19.11759376525879
1790852771354929265,0x69,joint_3,-0.6519418348513975,0.737490238968682,0.737490238968682,0.737490238968682,0.0,0.7382742735936013,30.312538146972656,29.14142608642578
1790852771367204650,0x68,joint_2,-1.3146215352179944,1.3180099283361242,1.3180099283361242,1.0875789211856024,0.08726646259971647,0.9599310885968813,42.587995529174805,41.41688346862793
1790852771374859565,0x69,joint_3,-0.6519418348513975,0.737490238968682,0.737490238968682,0.737490238968682,0.0,0.7382742735936013,0.5035400390625,49.0717887878418
1790852771384742505,0x68,joint_2,-1.3192234775816514,1.3210778899118956,1.3210778899118956,1.0919376026996432,0.08726646259971647,0.9616764178488757,10.386466979980469,8.96143913269043
1790852771395057150,0x69,joint_3,-0.6519418348513975,0.737490238968682,0.737490238968682,0.737490238968682,0.0,0.7382742735936013,20.701169967651367,19.276142120361328
1790852771404884852,0x68,joint_2,-1.3192234775816514,1.3210778899118956,1.3210778899118956,1.0919376026996432,0.08726646259971647,0.9634217471008699,30.528783798217773,29.103755950927734
1790852771414776614,0x69,joint_3,-0.6519418348513975,0.737490238968682,0.737490238968682,0.737490238968682,0.0,0.7382742735936013,40.4207706451416,38.99574279785156
1790852771424727176,0x68,joint_2,-1.3222914391574228,1.3210778899118956,1.3210778899118956,1.0919376026996432,0.08726646259971647,0.9651670763528641,0.6680488586425781,48.946380615234375
1790852771434919555,0x69,joint_3,-0.6519418348513975,0.737490238968682,0.737490238968682,0.737490238968682,0.0,0.7382742735936013,10.860443115234375,9.319543838500977
1790852771444906039,0x68,joint_2,-1.3222914391574228,1.3256798322755523,1.3256798322755523,1.0962769196985027,0.08726646259971647,0.9651670763528641,20.84660530090332,19.305706024169922
1790852771454764402,0x69,joint_3,-0.6519418348513975,0.737490238968682,0.737490238968682,0.737490238968682,0.0,0.7382742735936013,30.704975128173828,29.16407585144043
1790852771464923415,0x68,joint_2,-1.3222914391574228,1.3256798322755523,1.3256798322755523,1.0962769196985027,0.08726646259971647,0.9669124056048587,40.86422920227051,39.32332992553711
1790852771475031186,0x69,joint_3,-0.6519418348513975,0.737490238968682,0.737490238968682,0.737490238968682,0.0,0.7382742735936013,0.26988983154296875,49.43108558654785
1790852771485086788,0x68,joint_2,-1.3284273623089653,1.3287477938513237,1.3287477938513237,1.1006790818149548,0.08726646259971647,0.9686577348568529,10.325431823730469,8.647918701171875
1790852771494934655,0x69,joint_3,-0.6519418348513975,0.737490238968682,0.737490238968682,0.737490238968682,0.0,0.7382742735936013,20.173072814941406,18.495559692382812
1790852771505064082,0x68,joint_2,-1.3284273623089653,1.3287477938513237,1.3287477938513237,1.1006790818149548,0.08726646259971647,0.9704030641088474,30.302762985229492,28.6252498626709
1790852771515229646,0x69,joint_3,-0.6519418348513975,0.737490238968682,0.737490238968682,0.737490238968682,0.0,0.7382742735936013,40.46821594238281,38.79070281982422
1790852771525063573,0x68,joint_2,-1.3284273623089653,1.3287477938513237,1.3287477938513237,1.1006790818149548,0.08726646259971647,0.9721483933608416,50.30226707458496,48.62475395202637
1790852771535278165,0x69,joint_3,-0.6519418348513975,0.737490238968682,0.737490238968682,0.737490238968682,0.0,0.7382742735936013,10.157108306884766,8.88824462890625
1790852771544943326,0x68,joint_2,-1.3345632854605078,1.3348837170028662,1.3348837170028662,1.105033115080933,0.08726646259971647,0.9738937226128358,19.82259750366211,18.553733825683594
1790852771555164379,0x69,joint_3,-0.6519418348513975,0.737490238968682,0.737490238968682,0.737490238968682,0.0,0.7382742735936013,30.043601989746094,28.774738311767578
1790852771565060388,0x68,joint_2,-1.3345632854605078,1.3348837170028662,1.3348837170028662,1.105033115080933,0.08726646259971647,0.9756390518648304,39.93940353393555,38.67053985595703
1790852771574959784,0x69,joint_3,-0.6519418348513975,0.737490238968682,0.737490238968682,0.737490238968682,0.0,0.7382742735936013,0.0050067901611328125,48.57015609741211
1790852771585036216,0x68,joint_2,-1.3391652278241648,1.3410196401544088,1.3410196401544088,1.109378386357812,0.08726646259971647,0.9773843811168246,10.08152961730957,8.745908737182617
1790852771595109702,0x69,joint_3,-0.6519418348513975,0.737490238968682,0.737490238968682,0.737490238968682,0.0,0.7382742735936013,20.154714584350586,18.819093704223633
1790852771605083450,0x68,joint_2,-1.3391652278241648,1.3410196401544088,1.3410196401544088,1.109378386357812,0.08726646259971647,0.979129710368819,30.12847900390625,28.792858123779297
1790852771614947696,0x69,joint_3,-0.6519418348513975,0.737490238968682,0.737490238968682,0.737490238968682,0.0,0.7382742735936013,39.9928092956543,38.657188415527344
1790852771624899747,0x68,joint_2,-1.3437671701878218,1.3410196401544088,1.3410196401544088,1.109378386357812,0.08726646259971647,0.979129710368819,0.3724098205566406,48.609256744384766
1790852771635228076,0x69,joint_3,-0.6519418348513975,0.737490238968682,0.737490238968682,0.737490238968682,0.0,0.7382742735936013,10.700702667236328,9.057283401489258
1790852771645184893,0x68,joint_2,-1.3437671701878218,1.3456215825180657,1.3456215825180657,1.1137246214926173,0.08726646259971647,0.9808750396208132,20.65753936767578,19.01412010192871
1790852771655273021,0x69,joint_3,-0.6519418348513975,0.737490238968682,0.737490238968682,0.737490238968682,0.0,0.7382742735936013,30.745506286621094,29.102087020874023
1790852771664943917,0x68,joint_2,-1.3437671701878218,1.3456215825180657,1.3456215825180657,1.1137246214926173,0.08726646259971647,0.9826203688728075,40.41647911071777,38.7730598449707
1790852771674383736,0x69,joint_3,-0.6519418348513975,0.737490238968682,0.737490238968682,0.737490238968682,0.0,0.7382742735936013,0.5385875701904297,48.21276664733887
1790852771685087622,0x68,joint_2,-1.3483691125514785,1.3548254672453797,1.3548254672453797,1.1179989699190847,0.08726646259971647,0.984365698124802,11.242866516113281,10.427474975585938
1790852771695158120,0x69,joint_3,-0.6519418348513975,0.737490238968682,0.737490238968682,0.737490238968682,0.0,0.7382742735936013,21.313190460205078,20.497798919677734
1790852771704959187,0x68,joint_2,-1.3483691125514785,1.3548254672453797,1.3548254672453797,1.1179989699190847,0.08726646259971647,0.9861110273767962,31.11433982849121,30.298948287963867
1790852771715064387,0x69,joint_3,-0.6519418348513975,0.737490238968682,0.737490238968682,0.737490238968682,0.0,0.7382742735936013,41.219472885131836,40.40408134460449
1790852771725114564,0x68,joint_2,-1.3483691125514785,1.3548254672453797,1.3548254672453797,1.1179989699190847,0.08726646259971647,0.9878563566287907,51.2697696685791,50.45437812805176
1790852771735069500,0x69,joint_3,-0.6519418348513975,0.737490238968682,0.737490238968682,0.737490238968682,0.0,0.7382742735936013,9.846925735473633,9.078502655029297
1790852771745085545,0x68,joint_2,-1.35143707412725,1.3548254672453797,1.3548254672453797,1.1179989699190847,0.08726646259971647,0.9896016858807849,19.862890243530273,19.094467163085938
1790852771755398910,0x69,joint_3,-0.6519418348513975,0.737490238968682,0.737490238968682,0.737490238968682,0.0,0.7382742735936013,30.176401138305664,29.407978057861328
1790852771765107788,0x68,joint_2,-1.35143707412725,1.3548254672453797,1.3548254672453797,1.1179989699190847,0.08726646259971647,0.9913470151327791,39.88528251647949,39.116859436035156
1790852771775121438,0x69,joint_3,-0.6519418348513975,0.737490238968682,0.737490238968682,0.737490238968682,0.0,0.7382742735936013,1.1696815490722656,49.13043975830078
1790852771784600403,0x68,joint_2,-1.3560390164909069,1.3624953711848078,1.3624953711848078,1.1267256161790562,0.08650590098792686,0.9930923443847736,10.648727416992188,8.797883987426758
1790852771794559983,0x69,joint_3,-0.6519418348513975,0.737490238968682,0.737490238968682,0.737490238968682,0.0,0.7382742735936013,20.60842514038086,18.75758171081543
1790852771804554368,0x68,joint_2,-1.3560390164909069,1.3624953711848078,1.3624953711848078,1.1267256161790562,0.08650590098792686,0.9948376736367679,30.602693557739258,28.751850128173828
1790852771814828898,0x69,joint_3,-0.6519418348513975,0.737490238968682,0.737490238968682,0.737490238968682,0.0,0.7382742735936013,40.87710380554199,39.02626037597656
1790852771824600813,0x68,joint_2,-1.363708920430335,1.3624953711848078,1.3624953711848078,1.1267256161790562,0.08650590098792686,0.9948376736367679,1.1892318725585938,48.798322677612305
1790852771834853579,0x69,joint_3,-0.6519418348513975,0.737490238968682,0.737490238968682,0.737490238968682,0.0,0.7382742735936013,11.441946029663086,9.801864624023438
1790852771844629428,0x68,joint_2,-1.363708920430335,1.370165275124236,1.370165275124236,1.1310295427002681,0.08726646259971647,0.9965830028887623,21.217823028564453,19.577741622924805
1790852771854792847,0x69,joint_3,-0.6519418348513975,0.737490238968682,0.737490238968682,0.737490238968682,0.0,0.7382742735936013,31.38136863708496,29.741287231445312
1790852771864915524,0x68,joint_2,-1.363708920430335,1.370165275124236,1.370165275124236,1.1310295427002681,0.08726646259971647,0.9983283321407566,41.50390625,39.86382484436035
1790852771874898656,0x69,joint_3,-0.6519418348513975,0.737490238968682,0.737490238968682,0.737490238968682,0.0,0.7382742735936013,0.2300739288330078,49.84712600708008
1790852771884901476,0x68,joint_2,-1.3713788243697633,1.370165275124236,1.370165275124236,1.1310295427002681,0.08726646259971647,1.0000736613927508,10.232686996459961,9.148120880126953
1790852771895199739,0x69,joint_3,-0.6519418348513975,0.737490238968682,0.737490238968682,0.737490238968682,0.0,0.7382742735936013,20.53093910217285,19.446372985839844
1790852771905148279,0x68,joint_2,-1.3713788243697633,1.370165275124236,1.370165275124236,1.1310295427002681,0.08726646259971647,1.0018189906447452,30.47943115234375,29.394865036010742
1790852771915192004,0x69,joint_3,-0.6519418348513975,0.737490238968682,0.737490238968682,0.737490238968682,0.0,0.7382742735936013,40.52329063415527,39.438724517822266
1790852771924942001,0x68,joint_2,-1.380582709097077,1.370165275124236,1.370165275124236,1.1310295427002681,0.08726646259971647,1.0035643198967394,0.18787384033203125,49.188852310180664
1790852771935076668,0x69,joint_3,-0.6519418348513975,0.737490238968682,0.737490238968682,0.737490238968682,0.0,0.7382742735936013,10.322332382202148,8.887767791748047
1790852771945031275,0x68,joint_2,-1.380582709097077,1.3778351790636643,1.3778351790636643,1.13975618896024,0.0867173432344408,1.0053096491487339,20.276784896850586,18.842220306396484
1790852771955015496,0x69,joint_3,-0.6519418348513975,0.737490238968682,0.737490238968682,0.737490238968682,0.0,0.7382742735936013,30.26103973388672,28.826475143432617
1790852771964867449,0x68,joint_2,-1.380582709097077,1.3778351790636643,1.3778351790636643,1.13975618896024,0.0867173432344408,1.007054978400728,40.112972259521484,38.67840766906738
1790852771974932556,0x69,joint_3,-0.6519418348513975,0.737490238968682,0.737490238968682,0.737490238968682,0.0,0.7382742735936013,0.16021728515625,48.74372482299805
1790852771985045590,0x68,joint_2,-1.3882526130365054,1.387039063790978,1.387039063790978,1.144109969066149,0.08726646259971647,1.0088003076527223,10.273218154907227,8.872032165527344
1790852771995192775,0x69,joint_3,-0.6519418348513975,0.737490238968682,0.737490238968682,0.737490238968682,0.0,0.7382742735936013,20.420551300048828,19.019365310668945
1790852772005009025,0x68,joint_2,-1.3882526130365054,1.387039063790978,1.387039063790978,1.144109969066149,0.08726646259971647,1.0088003076527223,30.23672103881836,28.835535049438477
1790852772015190151,0x69,joint_3,-0.6519418348513975,0.737490238968682,0.737490238968682,0.737490238968682,0.0,0.7382742735936013,40.41790962219238,39.0167236328125
1790852772025044466,0x68,joint_2,-1.397456497763819,1.387039063790978,1.387039063790978,1.144109969066149,0.08726646259971647,1.010545636904717,0.38361549377441406,48.87104034423828
1790852772034868393,0x69,joint_3,-0.6504078540635119,0.737490238968682,0.737490238968682,0.737490238968682,0.0,0.7382742735936013,10.207414627075195,8.487939834594727
1790852772045189184,0x68,joint_2,-1.397456497763819,1.3947089677304063,1.3947089677304063,1.1484722424679015,0.08726646259971647,1.0122909661567112,20.528078079223633,18.808603286743164
1790852772055010656,0x69,joint_3,-0.6504078540635119,0.737490238968682,0.737490238968682,0.737490238968682,0.0,0.7382742735936013,30.3494930267334,28.63001823425293
1790852772064920593,0x68,joint_2,-1.397456497763819,1.3947089677304063,1.3947089677304063,1.1484722424679015,0.08726646259971647,1.0140362954087057,40.259599685668945,38.54012489318848
1790852772074967061,0x69,joint_3,-0.6504078540635119,0.737490238968682,0.737490238968682,0.737490238968682,0.0,0.7382742735936013,0.0858306884765625,48.58660697937012
1790852772085199692,0x68,joint_2,-1.4035924209153616,1.40391285245772,1.40391285245772,1.1528219510699305,0.08726646259971647,1.0157816246606999,10.318517684936523,8.986711502075195
1790852772095017631,0x69,joint_3,-0.6504078540635119,0.7359562581807964,0.7359562581807964,0.7364032198348891,-0.02177846580734298,0.7382742735936013,20.136594772338867,18.80478858947754
1790852772104867581,0x68,joint_2,-1.4035924209153616,1.40391285245772,1.40391285245772,1.1528219510699305,0.08726646259971647,1.017526953912694,29.98638153076172,28.65457534790039
1790852772115014060,0x69,joint_3,-0.6504078540635119,0.7359562581807964,0.7359562581807964,0.7364032198348891,-0.02177846580734298,0.7382742735936013,40.132999420166016,38.80119323730469
1790852772124898743,0x68,joint_2,-1.4081943632790186,1.40391285245772,1.40391285245772,1.1528219510699305,0.08726646259971647,1.0192722831646885,0.06818771362304688,48.68578910827637
1790852772135014904,0x69,joint_3,-0.6473398924877406,0.7359562581807964,0.7359562581807964,0.7359562581807964,-0.008966048920035394,0.7382742735936013,10.184288024902344,8.937835693359375
1790852772145032596,0x68,joint_2,-1.4081943632790186,1.4100487756092626,1.4100487756092626,1.1571661146735277,0.08726646259971647,1.0210176124166828,20.202159881591797,18.955707550048828
1790852772154904354,0x69,joint_3,-0.6473398924877406,0.7359562581807964,0.7359562581807964,0.7359562581807964,-0.008966048920035394,0.7382742735936013,30.07364273071289,28.827190399169922
1790852772165041706,0x68,joint_2,-1.4081943632790186,1.4100487756092626,1.4100487756092626,1.1571661146735277,0.08726646259971647,1.0227629416686772,40.21096229553223,38.96450996398926
1790852772174971282,0x69,joint_3,-0.6458059116998549,0.7359562581807964,0.7359562581807964,0.7359562581807964,-0.008966048920035394,0.7382742735936013,0.10514259338378906,48.894405364990234
1790852772185030827,0x68,joint_2,-1.4097283440669042,1.4146507179729195,1.4146507179729195,1.1615284724618111,0.08726646259971647,1.0227629416686772,10.164499282836914,8.833646774291992
1790852772195203325,0x69,joint_3,-0.6458059116998549,0.7328882966050251,0.7328882966050251,0.734414175655099,-0.03080711881445497,0.7382742735936013,20.33710479736328,19.00625228881836
1790852772205018082,0x68,joint_2,-1.4097283440669042,1.4146507179729195,1.4146507179729195,1.1615284724618111,0.08726646259971647,1.0245082709206714,30.151844024658203,28.82099151611328
1790852772215199668,0x69,joint_3,-0.6458059116998549,0.7328882966050251,0.7328882966050251,0.734414175655099,-0.03080711881445497,0.7382742735936013,40.33350944519043,39.00265693664551
1790852772227985289,0x68,joint_2,-1.4127963056426756,1.4146507179729195,1.4146507179729195,1.1615284724618111,0.08726646259971647,1.0262536001726656,2.612590789794922,51.788330078125
1790852772234620246,0x69,joint_3,-0.6412039693361979,0.7313543158171395,0.7313543158171395,0.7313684634662442,-0.054978959424195416,0.7382742735936013,9.247303009033203,2.7604103088378906
1790852772244686465,0x68,joint_2,-1.4127963056426756,1.416184698760805,1.416184698760805,1.1663541711842311,0.08726646259971647,1.0279989294246603,19.313573837280273,12.826681137084961
1790852772254718426,0x69,joint_3,-0.6412039693361979,0.7313543158171395,0.7313543158171395,0.7313684634662442,-0.054978959424195416,0.7382742735936013,29.34551239013672,22.858619689941406
1790852772265026374,0x68,joint_2,-1.4127963056426756,1.416184698760805,1.416184698760805,1.1663541711842311,0.08726646259971647,1.0297442586766545,39.65330123901367,33.16640853881836
1790852772274811456,0x69,joint_3,-0.6350680461846554,0.7313543158171395,0.7313543158171395,0.7313684634662442,-0.054978959424195416,0.7365289443416071,0.6268024444580078,42.95158386230469
1790852772284880320,0x68,joint_2,-1.4173982480063325,1.4192526603365765,1.4192526603365765,1.1702051507306057,0.08726646259971647,1.031489587928649,10.695695877075195,9.168863296508789
1790852772294717809,0x69,joint_3,-0.6350680461846554,0.7267523734534824,0.7267523734534824,0.7280879082911627,-0.07425574663928194,0.7365289443416071,20.533084869384766,19.00625228881836
1790852772304880702,0x68,joint_2,-1.4173982480063325,1.4192526603365765,1.4192526603365765,1.1702051507306057,0.08726646259971647,1.0332349171806432,30.69615364074707,29.169321060180664
1790852772314834931,0x69,joint_3,-0.6350680461846554,0.7267523734534824,0.7267523734534824,0.7280879082911627,-0.07425574663928194,0.7365289443416071,40.650367736816406,39.12353515625
1790852772324824077,0x68,joint_2,-1.4204662095821037,1.4192526603365765,1.4192526603365765,1.1702051507306057,0.08726646259971647,1.0349802464326374,0.7174015045166016,49.112558364868164
1790852772335024261,0x69,joint_3,-0.6273981422452273,0.72061645030194,0.72061645030194,0.7237264277925964,-0.08726646259971647,0.7347836150896128,10.917901992797852,9.328126907348633
1790852772344878322,0x68,joint_2,-1.4204662095821037,1.4238546027002335,1.4238546027002335,1.1745624317051973,0.08726646259971647,1.0367255756846319,20.77174186706543,19.18196678161621
1790852772355022688,0x69,joint_3,-0.6273981422452273,0.72061645030194,0.72061645030194,0.7237264277925964,-0.08726646259971647,0.7347836150896128,30.91597557067871,29.326200485229492
1790852772365036980,0x68,joint_2,-1.4204662095821037,1.4238546027002335,1.4238546027002335,1.1745624317051973,0.08726646259971647,1.038470904936626,40.93050956726074,39.34073448181152
1790852772374812879,0x69,joint_3,-0.619728238305799,0.72061645030194,0.72061645030194,0.7237264277925964,-0.08726646259971647,0.7347836150896128,0.42557716369628906,49.11661148071289
1790852772384887242,0x68,joint_2,-1.4250681519457606,1.4269225642760046,1.4269225642760046,1.1789184795174703,0.08726646259971647,1.038470904936626,10.499954223632812,9.202718734741211
1790852772395034168,0x69,joint_3,-0.619728238305799,0.7129465463625118,0.7129465463625118,0.7193660962442696,-0.08726646259971647,0.7330382858376184,20.64681053161621,19.34957504272461
1790852772406860701,0x68,joint_2,-1.4250681519457606,1.4269225642760046,1.4269225642760046,1.1789184795174703,0.08726646259971647,1.0402162341886205,32.47332572937012,31.176090240478516
1790852772415023500,0x69,joint_3,-0.619728238305799,0.7129465463625118,0.7129465463625118,0.7193660962442696,-0.08726646259971647,0.7330382858376184,40.636301040649414,39.33906555175781
1790852772424926419,0x68,joint_2,-1.428136113521532,1.4269225642760046,1.4269225642760046,1.1789184795174703,0.08726646259971647,1.0419615634406147,0.8218288421630859,49.24178123474121
1790852772434881264,0x69,joint_3,-0.6120583343663708,0.7052766424230835,0.7052766424230835,0.714992743056079,-0.08726646259971647,0.7330382858376184,10.776758193969727,9.094715118408203
1790852772444803579,0x68,joint_2,-1.428136113521532,1.4315245066396616,1.4315245066396616,1.1832874746184148,0.08726646259971647,1.0437068926926092,20.699024200439453,19.01698112487793
1790852772454504916,0x69,joint_3,-0.6120583343663708,0.7052766424230835,0.7052766424230835,0.714992743056079,-0.08726646259971647,0.7330382858376184,30.40027618408203,28.718233108520508
1790852772464652015,0x68,joint_2,-1.428136113521532,1.4315245066396616,1.4315245066396616,1.1832874746184148,0.08726646259971647,1.0454522219446034,40.54737091064453,38.86532783508301
1790852772474414249,0x69,joint_3,-0.6043884304269426,0.7052766424230835,0.7052766424230835,0.714992743056079,-0.08726646259971647,0.7312929565856241,0.8757114410400391,48.627614974975586
1790852772484607827,0x68,joint_2,-1.4327380558851888,1.43919441057909,1.43919441057909,1.187578228878092,0.08726646259971647,1.0471975511965976,11.069297790527344,9.908199310302734
1790852772494451090,0x69,joint_3,-0.6043884304269426,0.6899368345442272,0.6899368345442272,0.710700398277928,-0.08726646259971647,0.7312929565856241,20.912647247314453,19.751548767089844
1790852772504592843,0x68,joint_2,-1.4327380558851888,1.43919441057909,1.43919441057909,1.187578228878092,0.08726646259971647,1.048942880448592,31.054258346557617,29.893159866333008
1790852772514859669,0x69,joint_3,-0.6043884304269426,0.6899368345442272,0.6899368345442272,0.710700398277928,-0.08726646259971647,0.7295476273336297,41.3212776184082,40.160179138183594
1790852772524857485,0x68,joint_2,-1.4358060174609601,1.43919441057909,1.43919441057909,1.187578228878092,0.08726646259971647,1.0506882097005865,1.256704330444336,50.158023834228516
1790852772534964826,0x69,joint_3,-0.5982525072754,0.6838009113926846,0.6838009113926846,0.7062855611441453,-0.08726646259971647,0.7295476273336297,11.363744735717773,9.447574615478516
1790852772545223951,0x68,joint_2,-1.4358060174609601,1.442262372154861,1.442262372154861,1.1919898151615431,0.08726646259971647,1.0524335389525807,21.622896194458008,19.70672607421875
1790852772555270621,0x69,joint_3,-0.5982525072754,0.6838009113926846,0.6838009113926846,0.7062855611441453,-0.08726646259971647,0.7295476273336297,31.66961669921875,29.753446578979492
1790852772565225003,0x68,joint_2,-1.4358060174609601,1.442262372154861,1.442262372154861,1.1919898151615431,0.08726646259971647,1.0524335389525807,41.62406921386719,39.70789909362793
1790852772574898882,0x69,joint_3,-0.5982525072754,0.6838009113926846,0.6838009113926846,0.7062855611441453,-0.08726646259971647,0.7278022980816354,51.297903060913086,49.38173294067383
1790852772585081836,0x68,joint_2,-1.4404079598246171,1.442262372154861,1.442262372154861,1.1919898151615431,0.08726646259971647,1.0541788682045752,10.164022445678711,9.311199188232422
1790852772595088192,0x69,joint_3,-0.5921165841238575,0.6838009113926846,0.6838009113926846,0.7062855611441453,-0.08726646259971647,0.7278022980816354,20.170211791992188,19.3173885345459
1790852772605074556,0x68,joint_2,-1.4404079598246171,1.442262372154861,1.442262372154861,1.1919898151615431,0.08726646259971647,1.0559241974565694,30.156612396240234,29.303789138793945
1790852772615079422,0x69,joint_3,-0.5921165841238575,0.6838009113926846,0.6838009113926846,0.7062855611441453,-0.08726646259971647,0.7260569688296411,40.1616096496582,39.308786392211914
1790852772624961815,0x68,joint_2,-1.4434759214003883,1.442262372154861,1.442262372154861,1.1919898151615431,0.08726646259971647,1.0576695267085636,0.10013580322265625,49.19099807739258
1790852772635224275,0x69,joint_3,-0.5859806609723149,0.677664988241142,0.677664988241142,0.6975589148841738,-0.08690557243680364,0.7260569688296411,10.362625122070312,8.917808532714844
1790852772645064002,0x68,joint_2,-1.4434759214003883,1.446864314518518,1.446864314518518,1.2007164614215147,0.08696990479110292,1.059414855960558,20.2023983001709,18.75758171081543
1790852772655069456,0x69,joint_3,-0.5859806609723149,0.677664988241142,0.677664988241142,0.6975589148841738,-0.08690557243680364,0.7243116395776468,30.20787239074707,28.7630558013916
1790852772664943899,0x68,joint_2,-1.4434759214003883,1.446864314518518,1.446864314518518,1.2007164614215147,0.08696990479110292,1.0611601852125525,40.08221626281738,38.637399673461914
1790852772674856335,0x69,joint_3,-0.5859806609723149,0.677664988241142,0.677664988241142,0.6975589148841738,-0.08690557243680364,0.7243116395776468,49.99494552612305,48.55012893676758
1790852772685070453,0x68,joint_2,-1.4465438829761597,1.4499322760942894,1.4499322760942894,1.205056843594743,0.08726646259971647,1.0629055144645467,10.202646255493164,8.950948715209961
1790852772695233016,0x69,joint_3,-0.581378718608658,0.6715290650895994,0.6715290650895994,0.6932121801487167,-0.08726646259971647,0.7225663103256524,20.365238189697266,19.113540649414062
1790852772705086979,0x68,joint_2,-1.4465438829761597,1.4499322760942894,1.4499322760942894,1.205056843594743,0.08726646259971647,1.064650843716541,30.219316482543945,28.967618942260742
1790852772715166747,0x69,joint_3,-0.581378718608658,0.6715290650895994,0.6715290650895994,0.6932121801487167,-0.08726646259971647,0.7225663103256524,40.2989387512207,39.0472412109375
1790852772725083675,0x68,joint_2,-1.4496118445519308,1.4499322760942894,1.4499322760942894,1.205056843594743,0.08726646259971647,1.0663961729685354,0.7326602935791016,48.96426200866699
1790852772734910080,0x69,joint_3,-0.5752427954571154,0.6669271227259426,0.6669271227259426,0.6888447061893876,-0.08726646259971647,0.7208209810736581,10.558843612670898,8.880376815795898
1790852772744908725,0x68,joint_2,-1.4496118445519308,1.4530002376700606,1.4530002376700606,1.2094196354465039,0.08726646259971647,1.0663961729685354,20.557641983032227,18.879175186157227
1790852772754854704,0x69,joint_3,-0.5752427954571154,0.6669271227259426,0.6669271227259426,0.6888447061893876,-0.08726646259971647,0.7190756518216638,30.503511428833008,28.825044631958008
1790852772765061217,0x68,joint_2,-1.4496118445519308,1.4530002376700606,1.4530002376700606,1.2094196354465039,0.08726646259971647,1.0681415022205298,40.7099723815918,39.0315055847168
1790852772774764938,0x69,joint_3,-0.5691068723055729,0.6669271227259426,0.6669271227259426,0.6888447061893876,-0.08726646259971647,0.7190756518216638,0.41413307189941406,48.735618591308594
1790852772785052808,0x68,joint_2,-1.4511458253398166,1.456068199245832,1.456068199245832,1.2137468903002282,0.08726646259971647,1.069886831472524,10.701894760131836,9.34910774230957
1790852772795048499,0x69,joint_3,-0.5691068723055729,0.6607911995743999,0.6607911995743999,0.6845129345108528,-0.08726646259971647,0.7173303225696694,20.697355270385742,19.344568252563477
1790852772805053969,0x68,joint_2,-1.4511458253398166,1.456068199245832,1.456068199245832,1.2137468903002282,0.08726646259971647,1.0716321607245185,30.702829360961914,29.35004234313965
1790852772815063436,0x69,joint_3,-0.5691068723055729,0.6607911995743999,0.6607911995743999,0.6845129345108528,-0.08726646259971647,0.7155849933176751,40.712594985961914,39.35980796813965
1790852772824757790,0x68,joint_2,-1.4496118445519308,1.456068199245832,1.456068199245832,1.2137468903002282,0.08726646259971647,1.0733774899765127,0.3056526184082031,49.05390739440918
1790852772835051228,0x69,joint_3,-0.5614369683661447,0.6546552764228574,0.6546552764228574,0.6801528599622787,-0.08726646259971647,0.7155849933176751,10.599136352539062,9.34910774230957
1790852772844907428,0x68,joint_2,-1.4496118445519308,1.4576021800337176,1.4576021800337176,1.218102352816375,0.08726646259971647,1.075122819228507,20.455360412597656,19.205331802368164
1790852772855032482,0x69,joint_3,-0.5614369683661447,0.6546552764228574,0.6546552764228574,0.6801528599622787,-0.08726646259971647,0.7138396640656808,30.580520629882812,29.33049201965332
1790852772864751726,0x68,joint_2,-1.4496118445519308,1.4576021800337176,1.4576021800337176,1.218102352816375,0.08726646259971647,1.0768681484805014,40.29965400695801,39.049625396728516
1790852772874745282,0x69,joint_3,-0.5553010452146021,0.6546552764228574,0.6546552764228574,0.6801528599622787,-0.08726646259971647,0.7120943348136864,0.5822181701660156,49.04317855834961
1790852772885063941,0x68,joint_2,-1.4480778637640452,1.456068199245832,1.456068199245832,1.2224567446603052,0.08726646259971647,1.0786134777324958,10.90097427368164,9.376287460327148
1790852772895051034,0x69,joint_3,-0.5553010452146021,0.6469853724834292,0.6469853724834292,0.6757938056458839,-0.08726646259971647,0.7120943348136864,20.88785171508789,19.3631649017334
1790852772908059822,0x68,joint_2,-1.4480778637640452,1.456068199245832,1.456068199245832,1.2224567446603052,0.08726646259971647,1.08035880698449,33.89692306518555,32.372236251831055
1790852772914749345,0x69,joint_3,-0.5553010452146021,0.6469853724834292,0.6469853724834292,0.6757938056458839,-0.08726646259971647,0.7103490055616922,40.58647155761719,39.061784744262695
1790852772924765136,0x68,joint_2,-1.445009902188274,1.456068199245832,1.456068199245832,1.2224567446603052,0.08726646259971647,1.0821041362364843,0.6706714630126953,49.077510833740234
1790852772934905272,0x69,joint_3,-0.5491651220630596,0.6408494493318866,0.6408494493318866,0.671431008645496,-0.08726646259971647,0.7086036763096978,10.81085205078125,9.193658828735352
1790852772944897473,0x68,joint_2,-1.445009902188274,1.4545342184579462,1.4545342184579462,1.2268149781483824,0.08726646259971647,1.0821041362364843,20.802974700927734,19.185781478881836
1790852772955056526,0x69,joint_3,-0.5491651220630596,0.6408494493318866,0.6408494493318866,0.671431008645496,-0.08726646259971647,0.7068583470577035,30.961990356445312,29.344797134399414
1790852772965054351,0x68,joint_2,-1.445009902188274,1.4545342184579462,1.4545342184579462,1.2268149781483824,0.08726646259971647,1.0838494654884787,40.959835052490234,39.342641830444336
1790852772974745517,0x69,joint_3,-0.5430291989115169,0.6408494493318866,0.6408494493318866,0.671431008645496,-0.08726646259971647,0.7068583470577035,0.3337860107421875,49.03388023376465
1790852772985076610,0x68,joint_2,-1.4434759214003883,1.451466256882175,1.451466256882175,1.2311705355230838,0.08726646259971647,1.085594794740473,10.664939880371094,9.384393692016602
1790852772995043422,0x69,joint_3,-0.5430291989115169,0.634713526180344,0.634713526180344,0.667070930780752,-0.08726646259971647,0.7051130178057091,20.63155174255371,19.35100555419922
1790852773005140694,0x68,joint_2,-1.4434759214003883,1.451466256882175,1.451466256882175,1.2311705355230838,0.08726646259971647,1.0873401239924674,30.728816986083984,29.448270797729492
1790852773015221136,0x69,joint_3,-0.5430291989115169,0.634713526180344,0.634713526180344,0.667070930780752,-0.08726646259971647,0.7033676885537148,40.80939292907715,39.528846740722656
1790852773025015921,0x68,joint_2,-1.4434759214003883,1.451466256882175,1.451466256882175,1.2311705355230838,0.08726646259971647,1.0890854532444618,0.23484230041503906,49.323320388793945
1790852773038545396,0x69,joint_3,-0.5368932757599744,0.6285776030288014,0.6285776030288014,0.662671094315617,-0.08726646259971647,0.7016223593017206,13.764619827270508,12.224674224853516
1790852773045033982,0x68,joint_2,-1.4434759214003883,1.4499322760942894,1.4499322760942894,1.2355639654081845,0.08726646259971647,1.090830782496456,20.25318145751953,18.71323585510254
1790852773055008020,0x69,joint_3,-0.5368932757599744,0.6285776030288014,0.6285776030288014,0.662671094315617,-0.08726646259971647,0.6998770300497261,30.227184295654297,28.687238693237305
1790852773065074478,0x68,joint_2,-1.4434759214003883,1.4499322760942894,1.4499322760942894,1.2355639654081845,0.08726646259971647,1.0925761117484503,40.29345512390137,38.753509521484375
1790852773074880924,0x69,joint_3,-0.5368932757599744,0.6285776030288014,0.6285776030288014,0.662671094315617,-0.08726646259971647,0.6981317007977318,50.100088119506836,48.560142517089844
1790852773084913138,0x68,joint_2,-1.4434759214003883,1.4499322760942894,1.4499322760942894,1.2399059881037153,0.08726646259971647,1.0943214410004447,9.878873825073242,8.744478225708008
1790852773095268798,0x69,joint_3,-0.5292233718205462,0.6224416798772588,0.6224416798772588,0.658322615472749,-0.08726646259971647,0.6981317007977318,20.23458480834961,19.100189208984375
1790852773105120711,0x68,joint_2,-1.4434759214003883,1.4499322760942894,1.4499322760942894,1.2399059881037153,0.08726646259971647,1.096066770252439,30.086517333984375,28.95212173461914
1790852773115083246,0x69,joint_3,-0.5292233718205462,0.6224416798772588,0.6224416798772588,0.658322615472749,-0.08726646259971647,0.6963863715457375,40.049076080322266,38.91468048095703
1790852773125270770,0x68,joint_2,-1.4434759214003883,1.4499322760942894,1.4499322760942894,1.2399059881037153,0.08726646259971647,1.096066770252439,0.4591941833496094,49.102067947387695
1790852773134904469,0x69,joint_3,-0.521553467881118,0.6147717759378307,0.6147717759378307,0.6539077650746042,-0.08726646259971647,0.6946410422937431,10.092973709106445,7.817745208740234
1790852773144890224,0x68,joint_2,-1.4434759214003883,1.4499322760942894,1.4499322760942894,1.2443108416049729,0.08726646259971647,1.0978120995044334,20.078659057617188,17.803430557250977
1790852773155187743,0x69,joint_3,-0.521553467881118,0.6147717759378307,0.6147717759378307,0.6539077650746042,-0.08726646259971647,0.6928957130417489,30.376195907592773,28.100967407226562
1790852773165099277,0x68,joint_2,-1.4434759214003883,1.4499322760942894,1.4499322760942894,1.2443108416049729,0.08726646259971647,1.0995574287564276,40.28773307800293,38.01250457763672
1790852773175071833,0x69,joint_3,-0.521553467881118,0.6147717759378307,0.6147717759378307,0.6539077650746042,-0.08726646259971647,0.6911503837897546,50.260305404663086,47.985076904296875
1790852773185091328,0x68,joint_2,-1.4434759214003883,1.4499322760942894,1.4499322760942894,1.2486259343936856,0.08726646259971647,1.101302758008422,9.809017181396484,8.667945861816406
1790852773195111820,0x69,joint_3,-0.5123495831538042,0.6071018719984025,0.6071018719984025,0.6495861413511534,-0.08726646259971647,0.6894050545377601,19.829511642456055,18.688440322875977
1790852773205068776,0x68,joint_2,-1.4434759214003883,1.4499322760942894,1.4499322760942894,1.2486259343936856,0.08726646259971647,1.1030480872604163,29.786348342895508,28.64527702331543
1790852773215085835,0x69,joint_3,-0.5123495831538042,0.6071018719984025,0.6071018719984025,0.6495861413511534,-0.08726646259971647,0.6876597252857658,39.803504943847656,38.66243362426758
1790852773228231094,0x68,joint_2,-1.4434759214003883,1.4499322760942894,1.4499322760942894,1.2486259343936856,0.08726646259971647,1.1047934165124107,3.222942352294922,51.80764198303223
1790852773235095654,0x69,joint_3,-0.5031456984264903,0.5978979872710887,0.5978979872710887,0.6448351830378444,-0.08726646259971647,0.6859143960337715,10.08749008178711,4.195451736450195
1790852773245035424,0x68,joint_2,-1.4434759214003883,1.4499322760942894,1.4499322760942894,1.2533705182409964,0.08726646259971647,1.1065387457644051,20.02739906311035,14.135360717773438
1790852773255077682,0x69,joint_3,-0.5031456984264903,0.5978979872710887,0.5978979872710887,0.6448351830378444,-0.08726646259971647,0.6859143960337715,30.069589614868164,24.17755126953125
1790852773264682828,0x68,joint_2,-1.4434759214003883,1.4499322760942894,1.4499322760942894,1.2533705182409964,0.08726646259971647,1.1082840750163994,39.67452049255371,33.7824821472168
1790852773274717963,0x69,joint_3,-0.49394181369917645,0.5978979872710887,0.5978979872710887,0.6448351830378444,-0.08726646259971647,0.6841690667817772,0.44155120849609375,43.817758560180664
1790852773284765655,0x68,joint_2,-1.4434759214003883,1.4499322760942894,1.4499322760942894,1.2572896646756844,0.08726646259971647,1.1100294042683936,10.489225387573242,8.996009826660156
1790852773295065056,0x69,joint_3,-0.49394181369917645,0.5886941025437747,0.5886941025437747,0.6409094221544634,-0.08726646259971647,0.6824237375297829,20.78866958618164,19.295454025268555
1790852773304895502,0x68,joint_2,-1.4434759214003883,1.4499322760942894,1.4499322760942894,1.2572896646756844,0.08726646259971647,1.1100294042683936,30.619144439697266,29.12592887878418
1790852773315069018,0x69,joint_3,-0.49394181369917645,0.5886941025437747,0.5886941025437747,0.6409094221544634,-0.08726646259971647,0.6806784082777885,40.79246520996094,39.29924964904785
1790852773324843883,0x68,joint_2,-1.4419419406125027,1.4499322760942894,1.4499322760942894,1.2572896646756844,0.08726646259971647,1.111774733520388,0.4208087921142578,49.07417297363281
1790852773334753845,0x69,joint_3,-0.4847379289718626,0.5794902178164609,0.5794902178164609,0.6365415363846475,-0.08726646259971647,0.6789330790257941,10.330915451049805,8.997201919555664
1790852773344904866,0x68,joint_2,-1.4419419406125027,1.4499322760942894,1.4499322760942894,1.261650784153022,0.08726646259971647,1.1135200627723822,20.48206329345703,19.14834976196289
1790852773354909021,0x69,joint_3,-0.4847379289718626,0.5794902178164609,0.5794902178164609,0.6365415363846475,-0.08726646259971647,0.6771877497737998,30.485868453979492,29.15215492248535
1790852773364907356,0x68,joint_2,-1.4419419406125027,1.4499322760942894,1.4499322760942894,1.261650784153022,0.08726646259971647,1.1152653920243767,40.48418998718262,39.15047645568848
1790852773374767285,0x69,joint_3,-0.47553404424454876,0.5794902178164609,0.5794902178164609,0.6365415363846475,-0.08726646259971647,0.6754424205218056,0.3616809844970703,49.0107536315918
1790852773384915271,0x68,joint_2,-1.4419419406125027,1.4483982953064036,1.4483982953064036,1.265997830953224,0.08726646259971647,1.117010721276371,10.509490966796875,9.243488311767578
1790852773394901630,0x69,joint_3,-0.47553404424454876,0.570286333089147,0.570286333089147,0.632189846659462,-0.08726646259971647,0.6736970912698113,20.49565315246582,19.229650497436523
1790852773404949869,0x68,joint_2,-1.4419419406125027,1.4483982953064036,1.4483982953064036,1.265997830953224,0.08726646259971647,1.1187560505283651,30.544042587280273,29.278039932250977
1790852773415059082,0x69,joint_3,-0.47553404424454876,0.570286333089147,0.570286333089147,0.632189846659462,-0.08726646259971647,0.6719517620178169,40.65346717834473,39.38746452331543
1790852773424850036,0x68,joint_2,-1.4404079598246171,1.4483982953064036,1.4483982953064036,1.265997830953224,0.08726646259971647,1.1205013797803596,0.2040863037109375,49.178123474121094
1790852773435070149,0x69,joint_3,-0.4663301595172349,0.5610824483618333,0.5610824483618333,0.6278189614540727,-0.08726646259971647,0.6719517620178169,10.424375534057617,9.307622909545898
1790852773445050744,0x68,joint_2,-1.4404079598246171,1.4483982953064036,1.4483982953064036,1.2703620051930429,0.08726646259971647,1.122246709032354,20.404815673828125,19.288063049316406
1790852773454939679,0x69,joint_3,-0.4663301595172349,0.5610824483618333,0.5610824483618333,0.6278189614540727,-0.08726646259971647,0.6702064327658225,30.293941497802734,29.177188873291016
1790852773465072456,0x68,joint_2,-1.4404079598246171,1.4483982953064036,1.4483982953064036,1.2703620051930429,0.08726646259971647,1.1239920382843482,40.42649269104004,39.30974006652832
1790852773474876711,0x69,joint_3,-0.4540583132141498,0.5610824483618333,0.5610824483618333,0.6278189614540727,-0.08726646259971647,0.6684611035138281,0.7898807525634766,49.114227294921875
1790852773484746177,0x68,joint_2,-1.4388739790367315,1.446864314518518,1.446864314518518,1.2747280178753133,0.08726646259971647,1.1257373675363425,10.659456253051758,8.872270584106445
1790852773494673707,0x69,joint_3,-0.4540583132141498,0.5518785636345195,0.5518785636345195,0.623448218842242,-0.08726646259971647,0.6667157742618339,20.586729049682617,18.799543380737305
1790852773504919516,0x68,joint_2,-1.4388739790367315,1.446864314518518,1.446864314518518,1.2747280178753133,0.08726646259971647,1.1257373675363425,30.832767486572266,29.045581817626953
1790852773514793141,0x69,joint_3,-0.4540583132141498,0.5518785636345195,0.5518785636345195,0.623448218842242,-0.08726646259971647,0.6649704450098396,40.70639610290527,38.91921043395996
1790852773524968759,0x68,joint_2,-1.4373399982488457,1.446864314518518,1.446864314518518,1.2747280178753133,0.08726646259971647,1.1274826967883367,0.1347064971923828,49.09467697143555
1790852773535104402,0x69,joint_3,-0.44485442848683593,0.5396067173314343,0.5396067173314343,0.6190739725692317,-0.08726646259971647,0.6632251157578453,10.270357131958008,8.924245834350586
1790852773544715726,0x68,joint_2,-1.4373399982488457,1.4453303337306325,1.4453303337306325,1.2790957252723023,0.08726646259971647,1.1292280260403313,19.881725311279297,18.535614013671875
1790852773554906954,0x69,joint_3,-0.44485442848683593,0.5396067173314343,0.5396067173314343,0.6190739725692317,-0.08726646259971647,0.6614797865058508,30.072927474975586,28.726816177368164
1790852773564905065,0x68,joint_2,-1.4373399982488457,1.4453303337306325,1.4453303337306325,1.2790957252723023,0.08726646259971647,1.1309733552923258,40.07101058959961,38.72489929199219
1790852773574964273,0x69,joint_3,-0.43565054375952206,0.5396067173314343,0.5396067173314343,0.6190739725692317,-0.08726646259971647,0.6597344572538565,0.13494491577148438,48.78401756286621
1790852773585065210,0x68,joint_2,-1.4373399982488457,1.4437963529427467,1.4437963529427467,1.283448403900902,0.08726646259971647,1.13271868454432,10.236024856567383,8.890151977539062
1790852773595062530,0x69,joint_3,-0.43565054375952206,0.5304028326041205,0.5304028326041205,0.6147148080353887,-0.08726646259971647,0.6579891280018623,20.2333927154541,18.88751983642578
1790852773605062329,0x68,joint_2,-1.4373399982488457,1.4437963529427467,1.4437963529427467,1.283448403900902,0.08726646259971647,1.1344640137963142,30.233144760131836,28.887271881103516
1790852773615065096,0x69,joint_3,-0.43565054375952206,0.5304028326041205,0.5304028326041205,0.6147148080353887,-0.08726646259971647,0.6579891280018623,40.23575782775879,38.88988494873047
1790852773624974799,0x68,joint_2,-1.4358060174609601,1.4437963529427467,1.4437963529427467,1.283448403900902,0.08726646259971647,1.1362093430483085,0.5373954772949219,48.799753189086914
1790852773634939097,0x69,joint_3,-0.42644665903220824,0.5211989478768065,0.5211989478768065,0.6103548949297297,-0.08726646259971647,0.6562437987498679,10.501623153686523,8.872747421264648
1790852773644961173,0x68,joint_2,-1.4358060174609601,1.4437963529427467,1.4437963529427467,1.2878016029867363,0.08726646259971647,1.137954672300303,20.523786544799805,18.89491081237793
1790852773655056180,0x69,joint_3,-0.42644665903220824,0.5211989478768065,0.5211989478768065,0.6103548949297297,-0.08726646259971647,0.6544984694978736,30.618667602539062,28.989791870117188
1790852773664941615,0x68,joint_2,-1.4358060174609601,1.4437963529427467,1.4437963529427467,1.2878016029867363,0.08726646259971647,1.1397000015522973,40.50421714782715,38.87534141540527
1790852773674972109,0x69,joint_3,-0.41877675509278,0.5211989478768065,0.5211989478768065,0.6103548949297297,-0.08726646259971647,0.6527531402458793,0.6191730499267578,48.90584945678711
1790852773684939995,0x68,joint_2,-1.4358060174609601,1.442262372154861,1.442262372154861,1.2921544366006805,0.08726646259971647,1.1397000015522973,10.586977005004883,8.897781372070312
1790852773694758304,0x69,joint_3,-0.41877675509278,0.5119950631494927,0.5119950631494927,0.6059953782756641,-0.08726646259971647,0.6510078109938848,20.405292510986328,18.716096878051758
1790852773704897757,0x68,joint_2,-1.4358060174609601,1.442262372154861,1.442262372154861,1.2921544366006805,0.08726646259971647,1.1414453308042916,30.544757843017578,28.855562210083008
1790852773715068631,0x69,joint_3,-0.41877675509278,0.5119950631494927,0.5119950631494927,0.6059953782756641,-0.08726646259971647,0.6492624817418906,40.715694427490234,39.026498794555664
1790852773724971106,0x68,joint_2,-1.4342720366730746,1.442262372154861,1.442262372154861,1.2921544366006805,0.08726646259971647,1.1431906600562858,0.19121170043945312,48.92873764038086
1790852773737115932,0x69,joint_3,-0.4111068511533518,0.5043251592100645,0.5043251592100645,0.6016342572274672,-0.08726646259971647,0.6475171524898963,12.336254119873047,10.92529296875
1790852773745106357,0x68,joint_2,-1.4342720366730746,1.442262372154861,1.442262372154861,1.2965089815100341,0.08726646259971647,1.14493598930828,20.326614379882812,18.915653228759766
1790852773754767656,0x69,joint_3,-0.4111068511533518,0.5043251592100645,0.5043251592100645,0.6016342572274672,-0.08726646259971647,0.6457718232379019,29.987812042236328,28.57685089111328
1790852773764792755,0x68,joint_2,-1.4342720366730746,1.442262372154861,1.442262372154861,1.2965089815100341,0.08726646259971647,1.1466813185602747,40.01307487487793,38.60211372375488
1790852773774982965,0x69,joint_3,-0.40190296642603796,0.5043251592100645,0.5043251592100645,0.6016342572274672,-0.08726646259971647,0.6440264939859076,0.5505084991455078,48.792123794555664
1790852773784920213,0x68,joint_2,-1.4312040750973032,1.4407283913669755,1.4407283913669755,1.3008618514267605,0.08726646259971647,1.148426647812269,10.488033294677734,8.849382400512695
1790852773794919181,0x69,joint_3,-0.40190296642603796,0.49665525527063636,0.49665525527063636,0.5972747157896707,-0.08726646259971647,0.6440264939859076,20.486831665039062,18.848180770874023
1790852773804892969,0x68,joint_2,-1.4312040750973032,1.4407283913669755,1.4407283913669755,1.3008618514267605,0.08726646259971647,1.1501719770642633,30.460596084594727,28.821945190429688
1790852773814888691,0x69,joint_3,-0.40190296642603796,0.49665525527063636,0.49665525527063636,0.5972747157896707,-0.08726646259971647,0.6422811647339133,40.456295013427734,38.817644119262695
1790852773824968980,0x68,joint_2,-1.428136113521532,1.4407283913669755,1.4407283913669755,1.3008618514267605,0.08726646259971647,1.1519173063162575,0.16117095947265625,48.89798164367676
1790852773834897942,0x69,joint_3,-0.3957670432744954,0.4874513705433224,0.4874513705433224,0.5929159004087841,-0.08726646259971647,0.640535835481919,10.090112686157227,8.731603622436523
1790852773844903478,0x68,joint_2,-1.428136113521532,1.4376604297912041,1.4376604297912041,1.305214071033859,0.08726646259971647,1.1536626355682518,20.0955867767334,18.737077713012695
1790852773854890761,0x69,joint_3,-0.3957670432744954,0.4874513705433224,0.4874513705433224,0.5929159004087841,-0.08726646259971647,0.6387905062299246,30.08294105529785,28.72443199157715
1790852773864883792,0x68,joint_2,-1.428136113521532,1.4376604297912041,1.4376604297912041,1.305214071033859,0.08726646259971647,1.1536626355682518,40.07601737976074,38.71750831604004
1790852773874967747,0x69,joint_3,-0.38963112012295287,0.4874513705433224,0.4874513705433224,0.5929159004087841,-0.08726646259971647,0.6370451769779303,0.6470680236816406,48.801422119140625
1790852773884908103,0x68,joint_2,-1.4250681519457606,1.434592468215433,1.434592468215433,1.3095657837973058,0.08726646259971647,1.1554079648202462,10.587453842163086,8.884906768798828
1790852773894777308,0x69,joint_3,-0.38963112012295287,0.48131544739177995,0.48131544739177995,0.5885581801347829,-0.08726646259971647,0.635299847725936,20.456790924072266,18.754243850708008
1790852773904759140,0x68,joint_2,-1.4250681519457606,1.434592468215433,1.434592468215433,1.3095657837973058,0.08726646259971647,1.1571532940722407,30.43842315673828,28.735876083374023
1790852773914888465,0x69,joint_3,-0.38963112012295287,0.48131544739177995,0.48131544739177995,0.5885581801347829,-0.08726646259971647,0.6335545184739416,40.567874908447266,38.86532783508301
1790852773924973141,0x68,joint_2,-1.423534171157875,1.434592468215433,1.434592468215433,1.3095657837973058,0.08726646259971647,1.1588986233242349,0.5831718444824219,48.9499568939209
1790852773934913423,0x69,joint_3,-0.3850291777592959,0.47517952424023735,0.47517952424023735,0.5841962324115169,-0.08726646259971647,0.6318091892219474,10.523557662963867,8.86678695678711
1790852773944896589,0x68,joint_2,-1.423534171157875,1.4315245066396616,1.4315245066396616,1.31392105554884,0.08726646259971647,1.160643952576229,20.506620407104492,18.849849700927734
1790852773954903560,0x69,joint_3,-0.3850291777592959,0.47517952424023735,0.47517952424023735,0.5841962324115169,-0.08726646259971647,0.630063859969953,30.513525009155273,28.856754302978516
1790852773964893429,0x68,joint_2,-1.423534171157875,1.4315245066396616,1.4315245066396616,1.31392105554884,0.08726646259971647,1.1623892818282233,40.503501892089844,38.846731185913086
1790852773974886883,0x69,joint_3,-0.38196121618352463,0.47517952424023735,0.47517952424023735,0.5841962324115169,-0.08726646259971647,0.630063859969953,0.7166862487792969,48.84028434753418
1790852773985068957,0x68,joint_2,-1.4204662095821037,1.429990525851776,1.429990525851776,1.3182685973244215,0.08726646259971647,1.1641346110802178,10.898828506469727,9.090423583984375
1790852773995073113,0x69,joint_3,-0.38196121618352463,0.47057758187658033,0.47057758187658033,0.5798438175894614,-0.08726646259971647,0.6283185307179586,20.902633666992188,19.094228744506836
1790852774005060399,0x68,joint_2,-1.4204662095821037,1.429990525851776,1.429990525851776,1.3182685973244215,0.08726646259971647,1.1658799403322124,30.88998794555664,29.08158302307129
1790852774015071955,0x69,joint_3,-0.38196121618352463,0.47057758187658033,0.47057758187658033,0.5798438175894614,-0.08726646259971647,0.6265732014659643,40.90166091918945,39.0932559967041
1790852774027318849,0x68,joint_2,-1.4173982480063325,1.429990525851776,1.429990525851776,1.3182685973244215,0.08726646259971647,1.1676252695842066,3.1464099884033203,51.34010314941406
1790852774034740965,0x69,joint_3,-0.37889325460775336,0.46750962030080917,0.46750962030080917,0.575200883201338,-0.08726646259971647,0.62482787221397,10.568618774414062,5.568504333496094
1790852774044883441,0x68,joint_2,-1.4173982480063325,1.4269225642760046,1.4269225642760046,1.3229069738725339,0.08726646259971647,1.1676252695842066,20.71094512939453,15.710830688476562
1790852774055058520,0x69,joint_3,-0.37889325460775336,0.46750962030080917,0.46750962030080917,0.575200883201338,-0.08726646259971647,0.6230825429619757,30.885934829711914,25.885820388793945
1790852774065073550,0x68,joint_2,-1.4173982480063325,1.4269225642760046,1.4269225642760046,1.3229069738725339,0.08726646259971647,1.1693705988362009,40.90118408203125,35.90106964111328
1790852774074983831,0x69,joint_3,-0.3773592738198677,0.46750962030080917,0.46750962030080917,0.575200883201338,-0.08726646259971647,0.6213372137099813,0.5774497985839844,45.81141471862793
1790852774084910883,0x68,joint_2,-1.4158642672184467,1.4238546027002335,1.4238546027002335,1.3269875101178505,0.08726646259971647,1.171115928088195,10.50424575805664,8.846759796142578
1790852774094884711,0x69,joint_3,-0.3773592738198677,0.4644416587250379,0.4644416587250379,0.5711137445500523,-0.08726646259971647,0.619591884457987,20.478010177612305,18.820524215698242
1790852774104760827,0x68,joint_2,-1.4158642672184467,1.4238546027002335,1.4238546027002335,1.3269875101178505,0.08726646259971647,1.1728612573401895,30.35426139831543,28.696775436401367
1790852774115073002,0x69,joint_3,-0.3773592738198677,0.4644416587250379,0.4644416587250379,0.5711137445500523,-0.08726646259971647,0.6178465552059926,40.66658020019531,39.00909423828125
1790852774124977017,0x68,joint_2,-1.4143302864305611,1.4238546027002335,1.4238546027002335,1.3269875101178505,0.08726646259971647,1.174606586592184,0.316619873046875,48.913002014160156
1790852774134912895,0x69,joint_3,-0.3773592738198677,0.46290767793715226,0.46290767793715226,0.5667546426734223,-0.08726646259971647,0.6161012259539983,10.25247573852539,8.776664733886719
1790852774144887300,0x68,joint_2,-1.4143302864305611,1.4223206219123479,1.4223206219123479,1.3313397731835848,0.08726646259971647,1.1763519158441782,20.22695541381836,18.751144409179688
1790852774155059859,0x69,joint_3,-0.3773592738198677,0.46290767793715226,0.46290767793715226,0.5667546426734223,-0.08726646259971647,0.6143558967020041,30.399560928344727,28.923749923706055
1790852774164933626,0x68,joint_2,-1.4143302864305611,1.4223206219123479,1.4223206219123479,1.3313397731835848,0.08726646259971647,1.1780972450961724,40.273189544677734,38.79737854003906
1790852774174983157,0x69,joint_3,-0.3758252930319821,0.46290767793715226,0.46290767793715226,0.5667546426734223,-0.08726646259971647,0.6143558967020041,0.46944618225097656,48.84696006774902
1790852774187226807,0x68,joint_2,-1.4143302864305611,1.420786641124462,1.420786641124462,1.3356936369780592,0.08726646259971647,1.1798425743481666,12.713193893432617,11.121511459350586
1790852774194893011,0x69,joint_3,-0.3758252930319821,0.46290767793715226,0.46290767793715226,0.562393760473746,-0.08726646259971647,0.6126105674500097,20.379304885864258,18.787622451782227
1790852774205075018,0x68,joint_2,-1.4143302864305611,1.420786641124462,1.420786641124462,1.3356936369780592,0.08726646259971647,1.181587903600161,30.561208724975586,28.969526290893555
1790852774214798554,0x69,joint_3,-0.3758252930319821,0.46290767793715226,0.46290767793715226,0.562393760473746,-0.08726646259971647,0.6108652381980153,40.28487205505371,38.69318962097168
1790852774224976868,0x68,joint_2,-1.4127963056426756,1.420786641124462,1.420786641124462,1.3356936369780592,0.08726646259971647,1.1833332328521555,0.37598609924316406,48.871517181396484
1790852774234916468,0x69,joint_3,-0.37429131224409645,0.4613736971492666,0.4613736971492666,0.5580355063035376,-0.08726646259971647,0.609119908946021,10.315418243408203,8.79049301147461
1790852774244939711,0x68,joint_2,-1.4127963056426756,1.420786641124462,1.420786641124462,1.3400451598497867,0.08726646259971647,1.1833332328521555,20.338773727416992,18.8138484954834
1790852774254917782,0x69,joint_3,-0.37429131224409645,0.4613736971492666,0.4613736971492666,0.5580355063035376,-0.08726646259971647,0.6073745796940266,30.317068099975586,28.792142868041992
1790852774265071442,0x68,joint_2,-1.4127963056426756,1.420786641124462,1.420786641124462,1.3400451598497867,0.08726646259971647,1.18507856210415,40.47036170959473,38.94543647766113
1790852774274980488,0x69,joint_3,-0.3696893698804395,0.4613736971492666,0.4613736971492666,0.5580355063035376,-0.08726646259971647,0.6056292504420324,0.43702125549316406,48.854827880859375
1790852774284897703,0x68,joint_2,-1.41126232485479,1.4192526603365765,1.4192526603365765,1.3443995770882669,0.08726646259971647,1.1868238913561442,10.354042053222656,8.779525756835938
1790852774294713664,0x69,joint_3,-0.3696893698804395,0.459839716361381,0.459839716361381,0.5536743354262811,-0.08726646259971647,0.6038839211900381,20.169973373413086,18.595457077026367
1790852774304738539,0x68,joint_2,-1.41126232485479,1.4192526603365765,1.4192526603365765,1.3443995770882669,0.08726646259971647,1.1885692206081384,30.194997787475586,28.620481491088867
1790852774314762173,0x69,joint_3,-0.3696893698804395,0.459839716361381,0.459839716361381,0.5536743354262811,-0.08726646259971647,0.6021385919380436,40.21859169006348,38.64407539367676
1790852774324788675,0x68,joint_2,-1.4081943632790186,1.4192526603365765,1.4192526603365765,1.3443995770882669,0.08726646259971647,1.1903145498601329,0.7135868072509766,48.67053031921387
1790852774335192025,0x69,joint_3,-0.3666214083046682,0.4552377739977239,0.4552377739977239,0.5493500888219894,-0.08726646259971647,0.6003932626860493,11.116981506347656,9.465456008911133
1790852774345078659,0x68,joint_2,-1.4081943632790186,1.417718679548691,1.417718679548691,1.348719016532162,0.08726646259971647,1.1920598791121273,21.00372314453125,19.352197647094727
1790852774355229678,0x69,joint_3,-0.3666214083046682,0.4552377739977239,0.4552377739977239,0.5493500888219894,-0.08726646259971647,0.6003932626860493,31.154632568359375,29.50310707092285
1790852774365083333,0x68,joint_2,-1.4081943632790186,1.417718679548691,1.417718679548691,1.348719016532162,0.08726646259971647,1.1938052083641215,41.00823402404785,39.35670852661133
1790852774375067599,0x69,joint_3,-0.3666214083046682,0.4552377739977239,0.4552377739977239,0.5493500888219894,-0.08726646259971647,0.598647933434055,50.992488861083984,49.34096336364746
1790852774385220969,0x68,joint_2,-1.406660382491133,1.4146507179729195,1.4146507179729195,1.3531154245598858,0.08726646259971647,1.1955505376161157,10.070562362670898,8.823156356811523
1790852774394957829,0x69,joint_3,-0.3620194659410113,0.45216981242195275,0.45216981242195275,0.5449472996087812,-0.08726646259971647,0.5969026041820608,19.80757713317871,18.560171127319336
1790852774404978403,0x68,joint_2,-1.406660382491133,1.4146507179729195,1.4146507179729195,1.3531154245598858,0.08726646259971647,1.19729586686811,29.82807159423828,28.580665588378906
1790852774415070416,0x69,joint_3,-0.3620194659410113,0.45216981242195275,0.45216981242195275,0.5449472996087812,-0.08726646259971647,0.5951572749300664,39.92009162902832,38.672685623168945
1790852774424895182,0x68,joint_2,-1.406660382491133,1.4146507179729195,1.4146507179729195,1.3531154245598858,0.08726646259971647,1.19729586686811,49.74484443664551,48.49743843078613
1790852774435077178,0x69,joint_3,-0.35895150436524004,0.44756787005829585,0.44756787005829585,0.5405992162574664,-0.08726646259971647,0.5934119456780721,10.054588317871094,8.792638778686523
1790852774445066366,0x68,joint_2,-1.4035924209153616,1.413116737185034,1.413116737185034,1.357455436374195,0.08726646259971647,1.1990411961201044,20.04384994506836,18.78190040588379
1790852774455116719,0x69,joint_3,-0.35895150436524004,0.44756787005829585,0.44756787005829585,0.5405992162574664,-0.08726646259971647,0.5916666164260777,30.094385147094727,28.832435607910156
1790852774465169111,0x68,joint_2,-1.4035924209153616,1.413116737185034,1.413116737185034,1.357455436374195,0.08726646259971647,1.2007865253720988,40.146589279174805,38.884639739990234
1790852774474845668,0x69,joint_3,-0.3574175235773544,0.44756787005829585,0.44756787005829585,0.5405992162574664,-0.08726646259971647,0.5899212871740833,0.6203651428222656,48.56133460998535
1790852774484565386,0x68,joint_2,-1.4005244593395905,1.4100487756092626,1.4100487756092626,1.3617960363645916,0.08726646259971647,1.202531854624093,10.339975357055664,8.542776107788086
1790852774494668166,0x69,joint_3,-0.3574175235773544,0.4444999084825246,0.4444999084825246,0.5362519523382206,-0.08726646259971647,0.5881759579220891,20.442962646484375,18.645763397216797
1790852774504611971,0x68,joint_2,-1.4005244593395905,1.4100487756092626,1.4100487756092626,1.3617960363645916,0.08726646259971647,1.2042771838760873,30.386686325073242,28.589487075805664
1790852774514622254,0x69,joint_3,-0.3574175235773544,0.4444999084825246,0.4444999084825246,0.5362519523382206,-0.08726646259971647,0.5864306286700948,40.396690368652344,38.599491119384766
1790852774524779655,0x68,joint_2,-1.397456497763819,1.4100487756092626,1.4100487756092626,1.3617960363645916,0.08726646259971647,1.2060225131280815,1.3155937194824219,48.757076263427734
1790852774534593019,0x69,joint_3,-0.35588354278946877,0.44143194690675325,0.44143194690675325,0.5319244446734895,-0.08726646259971647,0.5846852994181004,11.128902435302734,9.250879287719727
1790852774544736963,0x68,joint_2,-1.397456497763819,1.40391285245772,1.40391285245772,1.3661206178102911,0.08726646259971647,1.2077678423800762,21.272897720336914,19.394874572753906
1790852774554776945,0x69,joint_3,-0.35588354278946877,0.44143194690675325,0.44143194690675325,0.5319244446734895,-0.08726646259971647,0.5846852994181004,31.31270408630371,29.434680938720703
1790852774564953938,0x68,joint_2,-1.397456497763819,1.40391285245772,1.40391285245772,1.3661206178102911,0.08726646259971647,1.2095131716320706,41.48983955383301,39.61181640625
1790852774574877468,0x69,joint_3,-0.35588354278946877,0.44143194690675325,0.44143194690675325,0.5319244446734895,-0.08726646259971647,0.582939970166106,0.4260540008544922,49.535274505615234
1790852774585101761,0x68,joint_2,-1.394388536188048,1.40391285245772,1.40391285245772,1.3661206178102911,0.08726646259971647,1.2112585008840648,10.650396347045898,9.533882141113281
1790852774594768921,0x69,joint_3,-0.35588354278946877,0.44143194690675325,0.44143194690675325,0.5319244446734895,-0.08726646259971647,0.5811946409141117,20.317554473876953,19.201040267944336
1790852774605342796,0x68,joint_2,-1.394388536188048,1.40391285245772,1.40391285245772,1.3661206178102911,0.08726646259971647,1.213003830136059,30.89141845703125,29.774904251098633
1790852774615086595,0x69,joint_3,-0.35588354278946877,0.44143194690675325,0.44143194690675325,0.5319244446734895,-0.08726646259971647,0.5794493116621174,40.63534736633301,39.51883316040039
1790852774624798544,0x68,joint_2,-1.389786593824391,1.40391285245772,1.40391285245772,1.3661206178102911,0.08726646259971647,1.213003830136059,0.19550323486328125,49.23057556152344
1790852774634979609,0x69,joint_3,-0.35281558121369744,0.44143194690675325,0.44143194690675325,0.5231977984135179,-0.08709638165560137,0.5777039824101231,10.376691818237305,9.14454460144043
1790852774645111251,0x68,joint_2,-1.389786593824391,1.4008448908819489,1.4008448908819489,1.3748472640702627,0.08714649063954501,1.2147491593880533,20.508289337158203,19.276142120361328
1790852774654951019,0x69,joint_3,-0.35281558121369744,0.44143194690675325,0.44143194690675325,0.5231977984135179,-0.08709638165560137,0.5759586531581288,30.34806251525879,29.115915298461914
1790852774665110422,0x68,joint_2,-1.389786593824391,1.4008448908819489,1.4008448908819489,1.3748472640702627,0.08714649063954501,1.2164944886400477,40.50755500793457,39.275407791137695
1790852774674876204,0x69,joint_3,-0.35281558121369744,0.44143194690675325,0.44143194690675325,0.5231977984135179,-0.08709638165560137,0.5742133239061344,0.46634674072265625,49.041032791137695
1790852774685107111,0x68,joint_2,-1.3867186322486196,1.396242948518292,1.396242948518292,1.379210167448415,0.08726646259971647,1.2182398178920422,10.697364807128906,9.185314178466797
1790852774697441110,0x69,joint_3,-0.35281558121369744,0.43836398533098186,0.43836398533098186,0.5188298298280302,-0.08726646259971647,0.57246799465414,23.031234741210938,21.519184112548828
1790852774704969894,0x68,joint_2,-1.3867186322486196,1.396242948518292,1.396242948518292,1.379210167448415,0.08726646259971647,1.2199851471440364,30.56025505065918,29.04820442199707
1790852774714948932,0x69,joint_3,-0.35281558121369744,0.43836398533098186,0.43836398533098186,0.5188298298280302,-0.08726646259971647,0.5707226654021458,40.53902626037598,39.02697563171387
1790852774724833346,0x68,joint_2,-1.380582709097077,1.396242948518292,1.396242948518292,1.379210167448415,0.08726646259971647,1.2217304763960306,0.7259845733642578,48.91157150268555
1790852774734961247,0x69,joint_3,-0.35281558121369744,0.43836398533098186,0.43836398533098186,0.5144749386453641,-0.08726646259971647,0.5707226654021458,10.853767395019531,9.10329818725586
1790852774745105459,0x68,joint_2,-1.380582709097077,1.3931749869425205,1.3931749869425205,1.3835579753868292,0.08726646259971647,1.2234758056480248,20.998001098632812,19.24753189086914
1790852774754951246,0x69,joint_3,-0.35281558121369744,0.43836398533098186,0.43836398533098186,0.5144749386453641,-0.08726646259971647,0.5689773361501514,30.843734741210938,29.093265533447266
1790852774764973877,0x68,joint_2,-1.380582709097077,1.3931749869425205,1.3931749869425205,1.3835579753868292,0.08726646259971647,1.2252211349000195,40.86637496948242,39.11590576171875
1790852774774871788,0x69,joint_3,-0.35281558121369744,0.43836398533098186,0.43836398533098186,0.5144749386453641,-0.08726646259971647,0.5672320068981571,0.2903938293457031,49.01385307312012
1790852774787515914,0x68,joint_2,-1.37598076673342,1.387039063790978,1.387039063790978,1.387039063790978,0.06966556124660071,1.226966464152014,12.934684753417969,11.611223220825195
1790852774796347499,0x69,joint_3,-0.35281558121369744,0.43836398533098186,0.43836398533098186,0.5101094051430534,-0.08726646259971647,0.5654866776461628,21.766185760498047,20.442724227905273
1790852774806173016,0x68,joint_2,-1.37598076673342,1.387039063790978,1.387039063790978,1.387039063790978,0.06966556124660071,1.226966464152014,31.59165382385254,30.268192291259766
1790852774816140343,0x69,joint_3,-0.35281558121369744,0.43836398533098186,0.43836398533098186,0.5101094051430534,-0.08726646259971647,0.5637413483941683,41.55898094177246,40.23551940917969
1790852774826142294,0x68,joint_2,-1.3713788243697633,1.387039063790978,1.387039063790978,1.387039063790978,0.06966556124660071,1.2287117934040082,1.5635490417480469,50.237417221069336
1790852774835953970,0x69,joint_3,-0.35281558121369744,0.43836398533098186,0.43836398533098186,0.5056379161926698,-0.08726646259971647,0.5619960191421741,11.375188827514648,8.772611618041992
1790852774846207369,0x68,joint_2,-1.3713788243697633,1.382437121427321,1.382437121427321,1.3894616737744885,0.04733316415151045,1.2304571226560024,21.628856658935547,19.02627944946289
1790852774855945909,0x69,joint_3,-0.35281558121369744,0.43836398533098186,0.43836398533098186,0.5056379161926698,-0.08726646259971647,0.5602506898901798,31.36730194091797,28.764724731445312
1790852774866346285,0x68,joint_2,-1.3713788243697633,1.382437121427321,1.382437121427321,1.3894616737744885,0.04733316415151045,1.2322024519079966,41.76759719848633,39.16501998901367
1790852774874873905,0x69,joint_3,-0.35281558121369744,0.43836398533098186,0.43836398533098186,0.5056379161926698,-0.08726646259971647,0.5585053606381855,0.4277229309082031,47.69253730773926
1790852774884944520,0x68,joint_2,-1.3652429012182206,1.3778351790636643,1.3778351790636643,1.390731692204711,0.026107284421119408,1.233947781159991,10.498523712158203,9.033679962158203
1790852774894931943,0x69,joint_3,-0.35281558121369744,0.43836398533098186,0.43836398533098186,0.501387728271791,-0.08726646259971647,0.5567600313861911,20.485877990722656,19.021034240722656
1790852774904952111,0x68,joint_2,-1.3652429012182206,1.3778351790636643,1.3778351790636643,1.390731692204711,0.026107284421119408,1.2356931104119855,30.506134033203125,29.041290283203125
1790852774914944164,0x69,joint_3,-0.35281558121369744,0.43836398533098186,0.43836398533098186,0.501387728271791,-0.08726646259971647,0.5567600313861911,40.49825668334961,39.03341293334961
1790852774924867957,0x68,joint_2,-1.3606409588545638,1.3778351790636643,1.3778351790636643,1.390731692204711,0.026107284421119408,1.2374384396639797,0.5078315734863281,48.956871032714844
1790852774934920389,0x69,joint_3,-0.35281558121369744,0.43836398533098186,0.43836398533098186,0.49702732350692236,-0.08726646259971647,0.5550147021341968,10.56051254272461,9.017705917358398
1790852774944937415,0x68,joint_2,-1.3606409588545638,1.3716992559121217,1.3716992559121217,1.3909478602431165,0.004331459297581031,1.239183768915974,20.577430725097656,19.034624099731445
1790852774955102830,0x69,joint_3,-0.35281558121369744,0.43836398533098186,0.43836398533098186,0.49702732350692236,-0.08726646259971647,0.5532693728822026,30.742883682250977,29.200077056884766
1790852774965114633,0x68,joint_2,-1.3606409588545638,1.3716992559121217,1.3716992559121217,1.3909478602431165,0.004331459297581031,1.2409290981679681,40.75479507446289,39.21198844909668
1790852774974878326,0x69,joint_3,-0.35281558121369744,0.43836398533098186,0.43836398533098186,0.49702732350692236,-0.08726646259971647,0.5515240436302081,50.51827430725098,48.975467681884766
1790852774984951550,0x68,joint_2,-1.3545050357030213,1.3670973135484648,1.3670973135484648,1.3900757382085471,-0.017461430346286923,1.2426744274199626,10.067224502563477,9.004592895507812
1790852774995100926,0x69,joint_3,-0.35281558121369744,0.43836398533098186,0.43836398533098186,0.4926635884793667,-0.08726646259971647,0.5497787143782138,20.21646499633789,19.153833389282227
1790852775005115515,0x68,joint_2,-1.3545050357030213,1.3670973135484648,1.3670973135484648,1.3900757382085471,-0.017461430346286923,1.2426744274199626,30.230998992919922,29.168367385864258
1790852775015104220,0x69,joint_3,-0.35281558121369744,0.43836398533098186,0.43836398533098186,0.4926635884793667,-0.08726646259971647,0.5480333851262195,40.219783782958984,39.15715217590332
1790852775024664383,0x68,joint_2,-1.3499030933393643,1.3670973135484648,1.3670973135484648,1.3900757382085471,-0.017461430346286923,1.2444197566719573,0.9102821350097656,48.71726036071777
1790852775034584428,0x69,joint_3,-0.3543495620015831,0.4398979661188675,0.4398979661188675,0.4883440903923936,-0.08726646259971647,0.5462880558742251,10.830402374267578,9.413957595825195
1790852775044663978,0x68,joint_2,-1.3499030933393643,1.3563594480332652,1.3563594480332652,1.3881445862423807,-0.039043243797190555,1.2461650859239515,20.910024642944336,19.493579864501953
1790852775054821424,0x69,joint_3,-0.3543495620015831,0.4398979661188675,0.4398979661188675,0.4883440903923936,-0.08726646259971647,0.5445427266222309,31.067371368408203,29.65092658996582
1790852775064683865,0x68,joint_2,-1.3499030933393643,1.3563594480332652,1.3563594480332652,1.3881445862423807,-0.039043243797190555,1.2479104151759457,40.92979431152344,39.513349533081055
1790852775074550466,0x69,joint_3,-0.3543495620015831,0.4398979661188675,0.4398979661188675,0.4883440903923936,-0.08726646259971647,0.5427973973702365,0.5545616149902344,49.38006401062012
1790852775084802579,0x68,joint_2,-1.346835131763593,1.3563594480332652,1.3563594480332652,1.3881445862423807,-0.039043243797190555,1.24965574442794,10.806560516357422,9.897232055664062
1790852775094996524,0x69,joint_3,-0.3543495620015831,0.4398979661188675,0.4398979661188675,0.4883440903923936,-0.08726646259971647,0.5427973973702365,21.00062370300293,20.09129524230957
1790852775105087492,0x68,joint_2,-1.346835131763593,1.3563594480332652,1.3563594480332652,1.3881445862423807,-0.039043243797190555,1.2514010736799344,31.09145164489746,30.1821231842041
1790852775115079830,0x69,joint_3,-0.3543495620015831,0.4398979661188675,0.4398979661188675,0.4883440903923936,-0.08726646259971647,0.5410520681182421,41.08405113220215,40.17472267150879
1790852775125161968,0x68,joint_2,-1.342233189399936,1.3563594480332652,1.3563594480332652,1.3881445862423807,-0.039043243797190555,1.2531464029319288,0.28514862060546875,50.25672912597656
1790852775134900356,0x69,joint_3,-0.35281558121369744,0.4398979661188675,0.4398979661188675,0.47961744413242197,-0.08634660188883803,0.5393067388662478,10.02359390258789,7.949590682983398
1790852775144910180,0x68,joint_2,-1.342233189399936,1.3532914864574939,1.3532914864574939,1.3797555455356585,-0.08309444043730035,1.254891732183923,20.03312110900879,17.959117889404297
1790852775155096679,0x69,joint_3,-0.35281558121369744,0.4398979661188675,0.4398979661188675,0.47961744413242197,-0.08634660188883803,0.5375614096142535,30.21979331970215,28.145790100097656
1790852775164954408,0x68,joint_2,-1.342233189399936,1.3532914864574939,1.3532914864574939,1.3797555455356585,-0.08309444043730035,1.254891732183923,40.07744789123535,38.00344467163086
1790852775175029204,0x69,joint_3,-0.35281558121369744,0.4398979661188675,0.4398979661188675,0.47961744413242197,-0.08634660188883803,0.5358160803622593,0.09846687316894531,48.078298568725586
1790852775185072240,0x68,joint_2,-1.3391652278241648,1.348689544093837,1.348689544093837,1.3754367366791407,-0.08726646259971647,1.2566370614359172,10.141372680664062,8.726358413696289
1790852775195077454,0x69,joint_3,-0.35281558121369744,0.43836398533098186,0.43836398533098186,0.4752921183909577,-0.08726646259971647,0.5340707511102649,20.146608352661133,18.73159408569336
1790852775205237983,0x68,joint_2,-1.3391652278241648,1.348689544093837,1.348689544093837,1.3754367366791407,-0.08726646259971647,1.2583823906879115,30.307292938232422,28.89227867126465
1790852775215067235,0x69,joint_3,-0.35281558121369744,0.43836398533098186,0.43836398533098186,0.4752921183909577,-0.08726646259971647,0.5323254218582705,40.13633728027344,38.721323013305664
1790852775225046675,0x68,joint_2,-1.3391652278241648,1.348689544093837,1.348689544093837,1.3754367366791407,-0.08726646259971647,1.260127719939906,50.11606216430664,48.70104789733887
1790852775234902673,0x69,joint_3,-0.3543495620015831,0.43836398533098186,0.43836398533098186,0.4709297708127821,-0.08726646259971647,0.5305800926062761,9.6282958984375,8.52656364440918
1790852775244929167,0x68,joint_2,-1.3360972662483934,1.3456215825180657,1.3456215825180657,1.3710807529204883,-0.08726646259971647,1.2618730491919004,19.65475082397461,18.55301856994629
1790852775255073065,0x69,joint_3,-0.3543495620015831,0.43836398533098186,0.43836398533098186,0.4709297708127821,-0.08726646259971647,0.5288347633542818,29.798507690429688,28.696775436401367
1790852775265075705,0x68,joint_2,-1.3360972662483934,1.3456215825180657,1.3456215825180657,1.3710807529204883,-0.08726646259971647,1.2636183784438948,39.80135917663574,38.69962692260742
1790852775275037862,0x69,joint_3,-0.3543495620015831,0.43836398533098186,0.43836398533098186,0.4709297708127821,-0.08726646259971647,0.5288347633542818,0.17523765563964844,48.66170883178711
1790852775285073423,0x68,joint_2,-1.3330293046726223,1.3425536209422944,1.3425536209422944,1.3667189169856881,-0.08726646259971647,1.265363707695889,10.210752487182617,8.645772933959961
1790852775294932057,0x69,joint_3,-0.3543495620015831,0.4398979661188675,0.4398979661188675,0.4665614550812471,-0.08726646259971647,0.5270894341022876,20.069360733032227,18.50438117980957
1790852775305215741,0x68,joint_2,-1.3330293046726223,1.3425536209422944,1.3425536209422944,1.3667189169856881,-0.08726646259971647,1.2671090369478832,30.353069305419922,28.788089752197266
1790852775315007498,0x69,joint_3,-0.3543495620015831,0.4398979661188675,0.4398979661188675,0.4665614550812471,-0.08726646259971647,0.5253441048502933,40.144920349121094,38.57994079589844
1790852775324917055,0x68,joint_2,-1.3299613430968509,1.3425536209422944,1.3425536209422944,1.3667189169856881,-0.08726646259971647,1.2688543661998777,0.31685829162597656,48.48933219909668
1790852775334962975,0x69,joint_3,-0.3543495620015831,0.4398979661188675,0.4398979661188675,0.46220361891733924,-0.08726646259971647,0.5235987755982988,10.362863540649414,8.426189422607422
1790852775344750320,0x68,joint_2,-1.3299613430968509,1.3394856593665232,1.3394856593665232,1.362369682328004,-0.08726646259971647,1.2705996954518721,20.150184631347656,18.213510513305664
1790852775354903540,0x69,joint_3,-0.3543495620015831,0.4398979661188675,0.4398979661188675,0.46220361891733924,-0.08726646259971647,0.5218534463463045,30.303478240966797,28.366804122924805
1790852775364912422,0x68,joint_2,-1.3299613430968509,1.3394856593665232,1.3394856593665232,1.362369682328004,-0.08726646259971647,1.2705996954518721,40.31229019165039,38.3756160736084
1790852775374827979,0x69,joint_3,-0.3543495620015831,0.4398979661188675,0.4398979661188675,0.46220361891733924,-0.08726646259971647,0.5201081170943102,0.36835670471191406,48.29120635986328
1790852775385035393,0x68,joint_2,-1.3268933815210797,1.3364176977907518,1.3364176977907518,1.3580563062450846,-0.08726646259971647,1.2723450247038663,10.57577133178711,9.284257888793945
1790852775394835463,0x69,joint_3,-0.3543495620015831,0.4398979661188675,0.4398979661188675,0.45788565811630505,-0.08726646259971647,0.5183627878423159,20.375728607177734,19.08421516418457
1790852775404899189,0x68,joint_2,-1.3268933815210797,1.3364176977907518,1.3364176977907518,1.3580563062450846,-0.08726646259971647,1.2740903539558606,30.439376831054688,29.147863388061523
1790852775414895620,0x69,joint_3,-0.3543495620015831,0.4398979661188675,0.4398979661188675,0.45788565811630505,-0.08726646259971647,0.5166174585903216,40.4360294342041,39.14451599121094
1790852775424827100,0x68,joint_2,-1.3238254199453083,1.3364176977907518,1.3364176977907518,1.3580563062450846,-0.08726646259971647,1.2758356832078548,0.34356117248535156,49.076080322265625
1790852775434751575,0x69,joint_3,-0.3543495620015831,0.4398979661188675,0.4398979661188675,0.4535283165787147,-0.08726646259971647,0.5148721293383273,10.26773452758789,9.000778198242188
1790852775444743826,0x68,joint_2,-1.3238254199453083,1.3333497362149807,1.3333497362149807,1.3537034994219388,-0.08726646259971647,1.2775810124598492,20.260334014892578,18.993377685546875
1790852775455045357,0x69,joint_3,-0.3543495620015831,0.4398979661188675,0.4398979661188675,0.4535283165787147,-0.08726646259971647,0.5131268000863328,30.56168556213379,29.294729232788086
1790852775465041417,0x68,joint_2,-1.3238254199453083,1.3333497362149807,1.3333497362149807,1.3537034994219388,-0.08726646259971647,1.2793263417118437,40.557861328125,39.2909049987793
1790852775474848652,0x69,joint_3,-0.3543495620015831,0.4398979661188675,0.4398979661188675,0.4535283165787147,-0.08726646259971647,0.5131268000863328,0.1480579376220703,49.09825325012207
1790852775484895558,0x68,joint_2,-1.3207574583695372,1.3302817746392093,1.3302817746392093,1.3493467889082522,-0.08726646259971647,1.281071670963838,10.194778442382812,9.126663208007812
1790852775497832203,0x69,joint_3,-0.3543495620015831,0.4398979661188675,0.4398979661188675,0.4491645773622543,-0.08726646259971647,0.5113814708343385,23.131370544433594,22.063255310058594
1790852775504836301,0x68,joint_2,-1.3207574583695372,1.3302817746392093,1.3302817746392093,1.3493467889082522,-0.08726646259971647,1.2828170002158321,30.135631561279297,29.067516326904297
1790852775514897702,0x69,joint_3,-0.3543495620015831,0.4398979661188675,0.4398979661188675,0.4491645773622543,-0.08726646259971647,0.5096361415823443,40.196895599365234,39.128780364990234
1790852775524756774,0x68,joint_2,-1.3176894967937658,1.3302817746392093,1.3302817746392093,1.3493467889082522,-0.08726646259971647,1.2845623294678266,0.5414485931396484,48.98786544799805
1790852775534894514,0x69,joint_3,-0.35588354278946877,0.4398979661188675,0.4398979661188675,0.4448159682306259,-0.08726646259971647,0.5078908123303499,10.679244995117188,9.234428405761719
1790852775544781731,0x68,joint_2,-1.3176894967937658,1.327213813063438,1.327213813063438,1.345002663178296,-0.08726646259971647,1.286307658719821,20.566463470458984,19.121646881103516
1790852775554762670,0x69,joint_3,-0.35588354278946877,0.4398979661188675,0.4398979661188675,0.4448159682306259,-0.08726646259971647,0.5061454830783556,30.547380447387695,29.102563858032227
1790852775565052608,0x68,joint_2,-1.3176894967937658,1.327213813063438,1.327213813063438,1.345002663178296,-0.08726646259971647,1.286307658719821,40.83728790283203,39.39247131347656
1790852775574829780,0x69,joint_3,-0.35588354278946877,0.4398979661188675,0.4398979661188675,0.4448159682306259,-0.08726646259971647,0.5044001538263612,0.46324729919433594,49.16954040527344
1790852775585040592,0x68,joint_2,-1.3161555160058802,1.3241458514876667,1.3241458514876667,1.3406394475606298,-0.08726646259971647,1.2880529879718154,10.674238204956055,9.28640365600586
1790852775595042601,0x69,joint_3,-0.35588354278946877,0.44143194690675325,0.44143194690675325,0.44143194690675325,-0.06761155194178081,0.5026548245743668,20.676136016845703,19.288301467895508
1790852775605055648,0x68,joint_2,-1.3161555160058802,1.3241458514876667,1.3241458514876667,1.3406394475606298,-0.08726646259971647,1.2897983172238097,30.689239501953125,29.30140495300293
1790852775614903297,0x69,joint_3,-0.35588354278946877,0.44143194690675325,0.44143194690675325,0.44143194690675325,-0.06761155194178081,0.5009094953223726,40.53688049316406,39.14904594421387
1790852775624836727,0x68,joint_2,-1.3130875544301088,1.3241458514876667,1.3241458514876667,1.3406394475606298,-0.08726646259971647,1.2915436464758039,0.598907470703125,49.082279205322266
1790852775634726326,0x69,joint_3,-0.35588354278946877,0.44143194690675325,0.44143194690675325,0.43914353333819883,-0.04581917280647917,0.4991641660703783,10.488748550415039,8.981466293334961
1790852775644892194,0x68,joint_2,-1.3130875544301088,1.3226118706997811,1.3226118706997811,1.3362854062662222,-0.08726646259971647,1.293288975727798,20.65443992614746,19.147157669067383
1790852775654707839,0x69,joint_3,-0.35588354278946877,0.44143194690675325,0.44143194690675325,0.43914353333819883,-0.04581917280647917,0.4991641660703783,30.47013282775879,28.96285057067871
1790852775664751000,0x68,joint_2,-1.3130875544301088,1.3226118706997811,1.3226118706997811,1.3362854062662222,-0.08726646259971647,1.2950343049797925,40.51351547241211,39.00623321533203
1790852775674765535,0x69,joint_3,-0.35588354278946877,0.44143194690675325,0.44143194690675325,0.43914353333819883,-0.04581917280647917,0.49741883681838395,0.48232078552246094,49.02052879333496
1790852775684957211,0x68,joint_2,-1.3100195928543377,1.3195439091240098,1.3195439091240098,1.3319381782135498,-0.08726646259971647,1.296779634231787,10.673999786376953,9.226799011230469
1790852775695056012,0x69,joint_3,-0.35588354278946877,0.44143194690675325,0.44143194690675325,0.43794370201620936,-0.024060226762212675,0.49567350756638956,20.772933959960938,19.325733184814453
1790852775704765124,0x68,joint_2,-1.3100195928543377,1.3195439091240098,1.3195439091240098,1.3319381782135498,-0.08726646259971647,1.2985249634837812,30.482053756713867,29.034852981567383
1790852775715051052,0x69,joint_3,-0.35588354278946877,0.44143194690675325,0.44143194690675325,0.43794370201620936,-0.024060226762212675,0.4939281783143952,40.76790809631348,39.32070732116699
1790852775724844440,0x68,joint_2,-1.3084856120664519,1.3195439091240098,1.3195439091240098,1.3319381782135498,-0.08726646259971647,1.2985249634837812,0.35190582275390625,49.114227294921875
1790852775734894174,0x69,joint_3,-0.35588354278946877,0.44143194690675325,0.44143194690675325,0.4378331966882402,-0.002206336988555576,0.492182849062401,10.401487350463867,9.07754898071289
1790852775745036645,0x68,joint_2,-1.3084856120664519,1.3164759475482386,1.3164759475482386,1.3275744138642964,-0.08726646259971647,1.3002702927357754,20.543813705444336,19.21987533569336
1790852775754770777,0x69,joint_3,-0.35588354278946877,0.44143194690675325,0.44143194690675325,0.4378331966882402,-0.002206336988555576,0.4904375198104066,30.27796745300293,28.954029083251953
1790852775764736877,0x68,joint_2,-1.3084856120664519,1.3164759475482386,1.3164759475482386,1.3275744138642964,-0.08726646259971647,1.3020156219877697,40.244102478027344,38.92016410827637
1790852775774843444,0x69,joint_3,-0.35588354278946877,0.44143194690675325,0.44143194690675325,0.4378331966882402,-0.002206336988555576,0.4886921905584123,0.38623809814453125,49.0267276763916
1790852775785055051,0x68,joint_2,-1.3069516312785663,1.3149419667603528,1.3149419667603528,1.3232207876092403,-0.08726646259971647,1.3037609512397643,10.597944259643555,9.24825668334961
1790852775795052014,0x69,joint_3,-0.35588354278946877,0.44143194690675325,0.44143194690675325,0.4388123403659312,0.019595841297777177,0.4869468613064179,20.59483528137207,19.245147705078125
1790852775804914601,0x68,joint_2,-1.3069516312785663,1.3149419667603528,1.3149419667603528,1.3232207876092403,-0.08726646259971647,1.3055062804917588,30.457496643066406,29.10780906677246
1790852775815055466,0x69,joint_3,-0.35588354278946877,0.44143194690675325,0.44143194690675325,0.4388123403659312,0.019595841297777177,0.48520153205442357,40.598154067993164,39.24846649169922
1790852775824832562,0x68,joint_2,-1.3054176504906807,1.3149419667603528,1.3149419667603528,1.3232207876092403,-0.08726646259971647,1.307251609743753,0.4928112030029297,49.025774002075195
1790852775834901689,0x69,joint_3,-0.35588354278946877,0.44143194690675325,0.44143194690675325,0.44087859831550147,0.04138232121989259,0.48345620280242935,10.561943054199219,9.096860885620117
1790852775844819330,0x68,joint_2,-1.3054176504906807,1.3134079859724672,1.3134079859724672,1.3188681395238178,-0.08726646259971647,1.3089969389957472,20.479679107666016,19.014596939086914
1790852775854893349,0x69,joint_3,-0.35588354278946877,0.44143194690675325,0.44143194690675325,0.44087859831550147,0.04138232121989259,0.48345620280242935,30.553579330444336,29.088497161865234
1790852775864618738,0x68,joint_2,-1.3054176504906807,1.3134079859724672,1.3134079859724672,1.3188681395238178,-0.08726646259971647,1.3107422682477414,40.27891159057617,38.81382942199707
1790852775874575853,0x69,joint_3,-0.35588354278946877,0.44143194690675325,0.44143194690675325,0.44087859831550147,0.04138232121989259,0.48171087355043496,0.4477500915527344,48.77114295959473
1790852775884681424,0x68,joint_2,-1.3038836697027951,1.3118740051845816,1.3118740051845816,1.3145558811498363,-0.08726646259971647,1.3124875974997359,10.553359985351562,9.792089462280273
1790852775894566275,0x69,joint_3,-0.35588354278946877,0.44143194690675325,0.44143194690675325,0.44185802037940564,0.01981330365040148,0.4799655442984406,20.438194274902344,19.676923751831055
1790852775904685507,0x68,joint_2,-1.3038836697027951,1.3118740051845816,1.3118740051845816,1.3145558811498363,-0.08726646259971647,1.3142329267517303,30.55739402770996,29.796123504638672
1790852775914873079,0x69,joint_3,-0.35588354278946877,0.44143194690675325,0.44143194690675325,0.44185802037940564,0.01981330365040148,0.4782202150464463,40.744781494140625,39.983510971069336
1790852775925043954,0x68,joint_2,-1.3008157081270237,1.3118740051845816,1.3118740051845816,1.3145558811498363,-0.08726646259971647,1.3142329267517303,1.397848129272461,50.15444755554199
1790852775935184776,0x69,joint_3,-0.35588354278946877,0.44143194690675325,0.44143194690675325,0.44174255806007384,-0.0022802957517746103,0.4764748857944519,11.53874397277832,9.410858154296875
1790852775945191710,0x68,joint_2,-1.3008157081270237,1.3072720628209247,1.3072720628209247,1.3101409285625143,-0.08726646259971647,1.3159782560037245,21.5456485748291,19.417762756347656
1790852775955019463,0x69,joint_3,-0.35588354278946877,0.44143194690675325,0.44143194690675325,0.44174255806007384,-0.0022802957517746103,0.4747295565424577,31.37350082397461,29.245615005493164
1790852775964886486,0x68,joint_2,-1.3008157081270237,1.3072720628209247,1.3072720628209247,1.3101409285625143,-0.08726646259971647,1.3177235852557188,41.24045372009277,39.11256790161133
1790852775974854441,0x69,joint_3,-0.35588354278946877,0.44143194690675325,0.44143194690675325,0.44174255806007384,-0.0022802957517746103,0.47298422729046335,0.23627281188964844,49.08037185668945
1790852775985187458,0x68,joint_2,-1.2992817273391382,1.3072720628209247,1.3072720628209247,1.3101409285625143,-0.08726646259971647,1.319468914507713,10.569572448730469,9.541511535644531
1790852775995182534,0x69,joint_3,-0.35588354278946877,0.44143194690675325,0.44143194690675325,0.44174255806007384,-0.0022802957517746103,0.47298422729046335,20.564556121826172,19.536495208740234
1790852776005024259,0x68,joint_2,-1.2992817273391382,1.3072720628209247,1.3072720628209247,1.3101409285625143,-0.08726646259971647,1.3212142437597074,30.40623664855957,29.378175735473633
1790852776015040274,0x69,joint_3,-0.35588354278946877,0.44143194690675325,0.44143194690675325,0.44174255806007384,-0.0022802957517746103,0.47123889803846897,40.42220115661621,39.39414024353027
1790852776024978571,0x68,joint_2,-1.2992817273391382,1.3072720628209247,1.3072720628209247,1.3101409285625143,-0.08726646259971647,1.322959573011702,50.360679626464844,49.332618713378906
1790852776035223497,0x69,joint_3,-0.35588354278946877,0.44143194690675325,0.44143194690675325,0.44143194690675325,-0.0031019752663429883,0.46949356878647464,10.165691375732422,9.02700424194336
1790852776045038122,0x68,joint_2,-1.2962137657633668,1.305738082033039,1.305738082033039,1.305738082033039,-0.0439975468987077,1.3247049022636963,19.980192184448242,18.84150505065918
1790852776055205875,0x69,joint_3,-0.35588354278946877,0.44143194690675325,0.44143194690675325,0.44143194690675325,-0.0031019752663429883,0.46774823953448025,30.148029327392578,29.009342193603516
1790852776065025107,0x68,joint_2,-1.2962137657633668,1.305738082033039,1.305738082033039,1.305738082033039,-0.0439975468987077,1.3247049022636963,39.96706008911133,38.828372955322266
1790852776074894630,0x69,joint_3,-0.35588354278946877,0.44143194690675325,0.44143194690675325,0.44143194690675325,-0.0031019752663429883,0.46774823953448025,0.07009506225585938,48.69794845581055
1790852776084875264,0x68,joint_2,-1.2931458041875956,1.3026701204572677,1.3026701204572677,1.3026701204572677,-0.06150658653510688,1.3264502315156905,10.050773620605469,8.695840835571289
1790852776094992342,0x69,joint_3,-0.35588354278946877,0.44143194690675325,0.44143194690675325,0.44143194690675325,0.0,0.466002910282486,20.167827606201172,18.812894821166992
1790852776105050557,0x68,joint_2,-1.2931458041875956,1.3026701204572677,1.3026701204572677,1.3026701204572677,-0.06150658653510688,1.3281955607676847,30.22623062133789,28.87129783630371
1790852776115192206,0x69,joint_3,-0.35588354278946877,0.44143194690675325,0.44143194690675325,0.44143194690675325,0.0,0.4642575810304917,40.367841720581055,39.012908935546875
1790852776124977249,0x68,joint_2,-1.2931458041875956,1.3026701204572677,1.3026701204572677,1.3026701204572677,-0.06150658653510688,1.3299408900196792,50.15277862548828,48.7978458404541
1790852776135191063,0x69,joint_3,-0.35588354278946877,0.44143194690675325,0.44143194690675325,0.44143194690675325,0.0,0.4642575810304917,10.098934173583984,8.991479873657227
1790852776145040127,0x68,joint_2,-1.2900778426118242,1.2996021588814965,1.2996021588814965,1.2996021588814965,-0.06143309006264139,1.3299408900196792,19.94800567626953,18.840551376342773
1790852776155198935,0x69,joint_3,-0.35588354278946877,0.44143194690675325,0.44143194690675325,0.44143194690675325,0.0,0.4625122517784973,30.106782913208008,28.99932861328125
1790852776165032766,0x68,joint_2,-1.2900778426118242,1.2996021588814965,1.2996021588814965,1.2996021588814965,-0.06143309006264139,1.3316862192716736,39.940595626831055,38.8331413269043
1790852776174871354,0x69,joint_3,-0.35588354278946877,0.44143194690675325,0.44143194690675325,0.44143194690675325,0.0,0.460766922526503,0.3509521484375,48.671722412109375
1790852776184859746,0x68,joint_2,-1.287009881036053,1.2965341973057252,1.2965341973057252,1.2965341973057252,-0.061655037587931075,1.3316862192716736,10.33926010131836,8.803606033325195
1790852776195271350,0x69,joint_3,-0.35588354278946877,0.44143194690675325,0.44143194690675325,0.44143194690675325,0.0,0.460766922526503,20.750999450683594,19.21534538269043
1790852776205056636,0x68,joint_2,-1.287009881036053,1.2965341973057252,1.2965341973057252,1.2965341973057252,-0.061655037587931075,1.3334315485236679,30.536174774169922,29.000520706176758
1790852776215009835,0x69,joint_3,-0.35588354278946877,0.44143194690675325,0.44143194690675325,0.44143194690675325,0.0,0.45902159327450864,40.48943519592285,38.95378112792969
1790852776224973177,0x68,joint_2,-1.2839419194602817,1.2965341973057252,1.2965341973057252,1.2965341973057252,-0.061655037587931075,1.335176877775662,0.005245208740234375,48.91705513000488
1790852776235034569,0x69,joint_3,-0.35588354278946877,0.44143194690675325,0.44143194690675325,0.44143194690675325,0.0,0.45902159327450864,10.066747665405273,8.842229843139648
1790852776245028284,0x68,joint_2,-1.2839419194602817,1.2934662357299542,1.2934662357299542,1.2934662357299542,-0.06131568144090037,1.335176877775662,20.06053924560547,18.836021423339844
1790852776255024815,0x69,joint_3,-0.35588354278946877,0.44143194690675325,0.44143194690675325,0.44143194690675325,0.0,0.45727626402251437,30.05695343017578,28.832435607910156
1790852776264863087,0x68,joint_2,-1.2839419194602817,1.2934662357299542,1.2934662357299542,1.2934662357299542,-0.06131568144090037,1.3369222070276563,39.895057678222656,38.67053985595703
1790852776274977387,0x69,joint_3,-0.35588354278946877,0.44143194690675325,0.44143194690675325,0.44143194690675325,0.0,0.45553093477052004,0.20956993103027344,48.78497123718262
1790852776284853167,0x68,joint_2,-1.2793399770966247,1.2903982741541826,1.2903982741541826,1.2903982741541826,-0.06147210413334782,1.3369222070276563,10.085582733154297,8.677482604980469
1790852776294878920,0x69,joint_3,-0.35588354278946877,0.44143194690675325,0.44143194690675325,0.44143194690675325,0.0,0.45553093477052004,20.1113224029541,18.703222274780273
1790852776304853636,0x68,joint_2,-1.2793399770966247,1.2903982741541826,1.2903982741541826,1.2903982741541826,-0.06147210413334782,1.3386675362796507,30.086040496826172,28.677940368652344
1790852776315184780,0x69,joint_3,-0.35588354278946877,0.44143194690675325,0.44143194690675325,0.44143194690675325,0.0,0.4537856055185257,40.41719436645508,39.00909423828125
1790852776324984077,0x68,joint_2,-1.2762720155208536,1.2903982741541826,1.2903982741541826,1.2903982741541826,-0.06147210413334782,1.3386675362796507,0.012874603271484375,48.80809783935547
1790852776335186163,0x69,joint_3,-0.3574175235773544,0.44143194690675325,0.44143194690675325,0.44143194690675325,0.0,0.4537856055185257,10.215044021606445,8.76164436340332
1790852776344951838,0x68,joint_2,-1.2762720155208536,1.2857963317905257,1.2857963317905257,1.2862354369264044,-0.08328208229616405,1.3404128655316452,19.980669021606445,18.52726936340332
1790852776354846555,0x69,joint_3,-0.3574175235773544,0.44143194690675325,0.44143194690675325,0.44143194690675325,0.0,0.4520402762665313,29.87527847290039,28.421878814697266
1790852776364849813,0x68,joint_2,-1.2762720155208536,1.2857963317905257,1.2857963317905257,1.2862354369264044,-0.08328208229616405,1.3404128655316452,39.87884521484375,38.425445556640625
1790852776374874177,0x69,joint_3,-0.3574175235773544,0.44143194690675325,0.44143194690675325,0.44143194690675325,0.0,0.4520402762665313,0.42366981506347656,48.44951629638672
1790852776384864633,0x68,joint_2,-1.2732040539450822,1.2827283702147545,1.2827283702147545,1.2827283702147545,-0.07062423449815197,1.3421581947836396,10.41412353515625,8.754253387451172
1790852776399145258,0x69,joint_3,-0.3574175235773544,0.4429659276946389,0.4429659276946389,0.4425106465300424,0.0216949648918931,0.4520402762665313,24.69491958618164,23.035049438476562
1790852776406268467,0x68,joint_2,-1.2732040539450822,1.2827283702147545,1.2827283702147545,1.2827283702147545,-0.07062423449815197,1.3421581947836396,31.818151473999023,30.158281326293945
1790852776416628209,0x69,joint_3,-0.3574175235773544,0.4429659276946389,0.4429659276946389,0.4425106465300424,0.0216949648918931,0.450294947014537,42.17791557312012,40.51804542541504
1790852776426470442,0x68,joint_2,-1.270136092369311,1.2827283702147545,1.2827283702147545,1.2827283702147545,-0.07062423449815197,1.3421581947836396,1.7824172973632812,50.36020278930664
1790852776436107754,0x69,joint_3,-0.3574175235773544,0.4429659276946389,0.4429659276946389,0.4429659276946389,0.008833706094424106,0.450294947014537,11.41977310180664,8.452653884887695
1790852776446003214,0x68,joint_2,-1.270136092369311,1.2796604086389831,1.2796604086389831,1.2796604086389831,-0.059600608286536225,1.3439035240356338,21.31509780883789,18.347978591918945
1790852776456107582,0x69,joint_3,-0.3574175235773544,0.4429659276946389,0.4429659276946389,0.4429659276946389,0.008833706094424106,0.44854961776254276,31.41951560974121,28.452396392822266
1790852776464944306,0x68,joint_2,-1.270136092369311,1.2796604086389831,1.2796604086389831,1.2796604086389831,-0.059600608286536225,1.3439035240356338,40.256500244140625,37.28938102722168
1790852776474775319,0x69,joint_3,-0.3574175235773544,0.4429659276946389,0.4429659276946389,0.4429659276946389,0.008833706094424106,0.44854961776254276,0.48279762268066406,47.120094299316406
1790852776486889913,0x68,joint_2,-1.2670681307935396,1.2765924470632122,1.2765924470632122,1.2765924470632122,-0.062486209036378235,1.345648853287628,12.59756088256836,10.236978530883789
1790852776494859719,0x69,joint_3,-0.3574175235773544,0.4429659276946389,0.4429659276946389,0.4429659276946389,0.0,0.44854961776254276,20.56741714477539,18.20683479309082
1790852776504762940,0x68,joint_2,-1.2670681307935396,1.2765924470632122,1.2765924470632122,1.2765924470632122,-0.062486209036378235,1.345648853287628,30.47037124633789,28.10978889465332
1790852776514716232,0x69,joint_3,-0.3574175235773544,0.4429659276946389,0.4429659276946389,0.4429659276946389,0.0,0.4468042885105484,40.42387008666992,38.06328773498535
1790852776524682510,0x68,joint_2,-1.2624661884298827,1.2765924470632122,1.2765924470632122,1.2765924470632122,-0.062486209036378235,1.345648853287628,0.6346702575683594,48.029422760009766
1790852776534700603,0x69,joint_3,-0.3574175235773544,0.4429659276946389,0.4429659276946389,0.4429659276946389,0.0,0.4468042885105484,10.652780532836914,9.131669998168945
1790852776544739590,0x68,joint_2,-1.2624661884298827,1.2735244854874406,1.2735244854874406,1.2735244854874406,-0.06281956013776394,1.3473941825396225,20.691871643066406,19.170761108398438
1790852776554750009,0x69,joint_3,-0.3574175235773544,0.4429659276946389,0.4429659276946389,0.4429659276946389,0.0,0.4468042885105484,30.70211410522461,29.18100357055664
1790852776564729458,0x68,joint_2,-1.2624661884298827,1.2735244854874406,1.2735244854874406,1.2735244854874406,-0.06281956013776394,1.3473941825396225,40.68160057067871,39.16049003601074
1790852776574778189,0x69,joint_3,-0.3574175235773544,0.4429659276946389,0.4429659276946389,0.4429659276946389,0.0,0.4468042885105484,0.8351802825927734,49.2093563079834
1790852776584714019,0x68,joint_2,-1.2593982268541115,1.2689225431237836,1.2689225431237836,1.2692798342762859,-0.08468878873843998,1.3473941825396225,10.771036148071289,8.798360824584961
1790852776596745274,0x69,joint_3,-0.3574175235773544,0.4429659276946389,0.4429659276946389,0.4429659276946389,0.0,0.4468042885105484,22.802114486694336,20.829439163208008
1790852776604886224,0x68,joint_2,-1.2593982268541115,1.2689225431237836,1.2689225431237836,1.2692798342762859,-0.08468878873843998,1.3473941825396225,30.94315528869629,28.97047996520996
1790852776614872651,0x69,joint_3,-0.3574175235773544,0.4429659276946389,0.4429659276946389,0.4429659276946389,0.0,0.44505895925855404,40.929555892944336,38.95688056945801
1790852776624806920,0x68,joint_2,-1.2563302652783401,1.2689225431237836,1.2689225431237836,1.2692798342762859,-0.08468878873843998,1.349139511791617,0.36597251892089844,48.891305923461914
1790852776634866030,0x69,joint_3,-0.3574175235773544,0.4429659276946389,0.4429659276946389,0.4429659276946389,0.0,0.44505895925855404,10.42485237121582,9.176969528198242
1790852776645035578,0x68,joint_2,-1.2563302652783401,1.2658545815480124,1.2658545815480124,1.2658545815480124,-0.06877919053514994,1.349139511791617,20.59459686279297,19.34671401977539
1790852776655032822,0x69,joint_3,-0.3574175235773544,0.4429659276946389,0.4429659276946389,0.4429659276946389,0.0,0.44505895925855404,30.591726303100586,29.343843460083008
1790852776665033858,0x68,joint_2,-1.2563302652783401,1.2658545815480124,1.2658545815480124,1.2658545815480124,-0.06877919053514994,1.349139511791617,40.59290885925293,39.34502601623535
1790852776674816468,0x69,joint_3,-0.3574175235773544,0.4429659276946389,0.4429659276946389,0.4429659276946389,0.0,0.44505895925855404,0.2753734588623047,49.12757873535156
1790852776685037363,0x68,joint_2,-1.2532623037025687,1.262786619972241,1.262786619972241,1.262786619972241,-0.06143105178790626,1.349139511791617,10.496139526367188,9.335041046142578
1790852776694874792,0x69,joint_3,-0.3574175235773544,0.4429659276946389,0.4429659276946389,0.4429659276946389,0.0,0.44505895925855404,20.33376693725586,19.17266845703125
1790852776704885737,0x68,joint_2,-1.2532623037025687,1.262786619972241,1.262786619972241,1.262786619972241,-0.06143105178790626,1.349139511791617,30.344724655151367,29.183626174926758
1790852776714732195,0x69,joint_3,-0.3574175235773544,0.4429659276946389,0.4429659276946389,0.4429659276946389,0.0,0.44505895925855404,40.1911735534668,39.03007507324219
1790852776724725768,0x68,joint_2,-1.248660361338912,1.262786619972241,1.262786619972241,1.262786619972241,-0.06143105178790626,1.3508848410436112,0.8132457733154297,49.02362823486328
1790852776734898652,0x69,joint_3,-0.3574175235773544,0.4429659276946389,0.4429659276946389,0.4429659276946389,0.0,0.44331363000655966,10.986089706420898,9.289979934692383
1790852776746894331,0x68,joint_2,-1.248660361338912,1.25971865839647,1.25971865839647,1.25971865839647,-0.0615596920348395,1.3508848410436112,22.981643676757812,21.285533905029297
1790852776754711391,0x69,joint_3,-0.3574175235773544,0.4429659276946389,0.4429659276946389,0.4429659276946389,0.0,0.44331363000655966,30.798673629760742,29.102563858032227
1790852776764713261,0x68,joint_2,-1.248660361338912,1.25971865839647,1.25971865839647,1.25971865839647,-0.0615596920348395,1.3508848410436112,40.80057144165039,39.104461669921875
1790852776775268099,0x69,joint_3,-0.3574175235773544,0.4429659276946389,0.4429659276946389,0.4429659276946389,0.0,0.44331363000655966,1.4102458953857422,49.65949058532715
1790852776784822615,0x68,joint_2,-1.2471263805510262,1.2535827352449271,1.2535827352449271,1.2555031272496007,-0.0835697255085402,1.3508848410436112,10.964632034301758,8.72182846069336
1790852776794715447,0x69,joint_3,-0.3574175235773544,0.4429659276946389,0.4429659276946389,0.4429659276946389,0.0,0.44331363000655966,20.85733413696289,18.614530563354492
1790852776805031538,0x68,joint_2,-1.2471263805510262,1.2535827352449271,1.2535827352449271,1.2555031272496007,-0.0835697255085402,1.3508848410436112,31.1734676361084,28.9306640625
1790852776815026446,0x69,joint_3,-0.3574175235773544,0.4429659276946389,0.4429659276946389,0.4429659276946389,0.0,0.44331363000655966,41.1684513092041,38.9256477355957
1790852776824848374,0x68,joint_2,-1.244058418975255,1.2535827352449271,1.2535827352449271,1.2555031272496007,-0.0835697255085402,1.3508848410436112,0.7603168487548828,48.74753952026367
1790852776835029055,0x69,joint_3,-0.3574175235773544,0.4429659276946389,0.4429659276946389,0.4429659276946389,0.0,0.44331363000655966,10.941028594970703,9.593486785888672
1790852776844725238,0x68,joint_2,-1.244058418975255,1.2535827352449271,1.2535827352449271,1.2555031272496007,-0.0835697255085402,1.3508848410436112,20.63727378845215,19.289731979370117
1790852776854787368,0x69,joint_3,-0.3574175235773544,0.4429659276946389,0.4429659276946389,0.4429659276946389,0.0,0.44331363000655966,30.69925308227539,29.35171127319336
1790852776864873288,0x68,joint_2,-1.244058418975255,1.2535827352449271,1.2535827352449271,1.2555031272496007,-0.0835697255085402,1.3508848410436112,40.78531265258789,39.43777084350586
1790852776874816698,0x69,joint_3,-0.3574175235773544,0.4429659276946389,0.4429659276946389,0.4429659276946389,0.0,0.44331363000655966,0.30303001403808594,49.381256103515625
1790852776884870662,0x68,joint_2,-1.239456476611598,1.250514773669156,1.250514773669156,1.250514773669156,-0.0501294468090754,1.3508848410436112,10.356903076171875,9.174108505249023
1790852776894880615,0x69,joint_3,-0.3574175235773544,0.4429659276946389,0.4429659276946389,0.4429659276946389,0.0,0.44331363000655966,20.366668701171875,19.183874130249023
1790852776904872088,0x68,joint_2,-1.239456476611598,1.250514773669156,1.250514773669156,1.250514773669156,-0.0501294468090754,1.3508848410436112,30.358552932739258,29.175758361816406
1790852776914869966,0x69,joint_3,-0.3574175235773544,0.4429659276946389,0.4429659276946389,0.4429659276946389,0.0,0.44331363000655966,40.35615921020508,39.17336463928223
1790852776924726643,0x68,joint_2,-1.2379224958237125,1.250514773669156,1.250514773669156,1.250514773669156,-0.0501294468090754,1.3508848410436112,0.6093978881835938,49.03006553649902
1790852776934728372,0x69,joint_3,-0.3574175235773544,0.4429659276946389,0.4429659276946389,0.4429659276946389,0.0,0.44331363000655966,10.611295700073242,9.062528610229492
1790852776944871059,0x68,joint_2,-1.2379224958237125,1.245912831305499,1.245912831305499,1.2469298149878698,-0.07188858134849506,1.3508848410436112,20.753860473632812,19.205093383789062
1790852776954759665,0x69,joint_3,-0.3574175235773544,0.4429659276946389,0.4429659276946389,0.4429659276946389,0.0,0.44331363000655966,30.64250946044922,29.09374237060547
1790852776964716338,0x68,joint_2,-1.2379224958237125,1.245912831305499,1.245912831305499,1.2469298149878698,-0.07188858134849506,1.3508848410436112,40.59910774230957,39.05034065246582
1790852776974806208,0x69,joint_3,-0.3574175235773544,0.4429659276946389,0.4429659276946389,0.4429659276946389,0.0,0.44331363000655966,0.31375885009765625,49.140214920043945
1790852776984876933,0x68,joint_2,-1.2348545342479411,1.2443788505176134,1.2443788505176134,1.2443788505176134,-0.05104827359316685,1.3508848410436112,10.384559631347656,9.172916412353516
1790852776994738712,0x69,joint_3,-0.3574175235773544,0.4429659276946389,0.4429659276946389,0.4429659276946389,0.0,0.44331363000655966,20.246267318725586,19.034624099731445
1790852777004706016,0x68,joint_2,-1.2348545342479411,1.2443788505176134,1.2443788505176134,1.2443788505176134,-0.05104827359316685,1.3508848410436112,30.213594436645508,29.001951217651367
1790852777015054277,0x69,joint_3,-0.3574175235773544,0.4429659276946389,0.4429659276946389,0.4429659276946389,0.0,0.44331363000655966,40.56191444396973,39.350271224975586
1790852777024806219,0x68,joint_2,-1.23178657267217,1.2443788505176134,1.2443788505176134,1.2443788505176134,-0.05104827359316685,1.3508848410436112,0.5967617034912109,49.102067947387695
1790852777034875609,0x69,joint_3,-0.3574175235773544,0.4429659276946389,0.4429659276946389,0.4429659276946389,0.0,0.44331363000655966,10.666370391845703,9.189367294311523
1790852777045032750,0x68,joint_2,-1.23178657267217,1.241310888941842,1.241310888941842,1.241310888941842,-0.06145212992805416,1.3508848410436112,20.823240280151367,19.346237182617188
1790852777055019838,0x69,joint_3,-0.3574175235773544,0.4429659276946389,0.4429659276946389,0.4429659276946389,0.0,0.44331363000655966,30.81035614013672,29.33335304260254
1790852777065070317,0x68,joint_2,-1.23178657267217,1.241310888941842,1.241310888941842,1.241310888941842,-0.06145212992805416,1.3508848410436112,40.860891342163086,39.383888244628906
1790852777074806482,0x69,joint_3,-0.3574175235773544,0.4429659276946389,0.4429659276946389,0.4429659276946389,0.0,0.44331363000655966,0.4935264587402344,49.120187759399414
1790852777085001999,0x68,joint_2,-1.2302525918842842,1.238242927366071,1.238242927366071,1.238242927366071,-0.0614347298829131,1.3508848410436112,10.689020156860352,9.313821792602539
1790852777095030094,0x69,joint_3,-0.3574175235773544,0.4429659276946389,0.4429659276946389,0.4429659276946389,0.0,0.44331363000655966,20.71690559387207,19.341707229614258
1790852777104871205,0x68,joint_2,-1.2302525918842842,1.238242927366071,1.238242927366071,1.238242927366071,-0.0614347298829131,1.3508848410436112,30.558109283447266,29.182910919189453
1790852777115301443,0x69,joint_3,-0.3574175235773544,0.4429659276946389,0.4429659276946389,0.4429659276946389,0.0,0.44331363000655966,40.98820686340332,39.61300849914551
1790852777124900526,0x68,joint_2,-1.227184630308513,1.238242927366071,1.238242927366071,1.238242927366071,-0.0614347298829131,1.349139511791617,0.09846687316894531,49.21245574951172
1790852777134912472,0x69,joint_3,-0.3574175235773544,0.4429659276946389,0.4429659276946389,0.4429659276946389,0.0,0.44331363000655966,10.11037826538086,8.780956268310547
1790852777144598381,0x68,joint_2,-1.227184630308513,1.236708946578185,1.236708946578185,1.2362583634406008,-0.03952799153964698,1.349139511791617,19.796133041381836,18.466711044311523
1790852777154554504,0x69,joint_3,-0.3574175235773544,0.4429659276946389,0.4429659276946389,0.4429659276946389,0.0,0.44331363000655966,29.752492904663086,28.423070907592773
1790852777164674038,0x68,joint_2,-1.227184630308513,1.236708946578185,1.236708946578185,1.2362583634406008,-0.03952799153964698,1.349139511791617,39.8716926574707,38.54227066040039
1790852777174531104,0x69,joint_3,-0.3574175235773544,0.4429659276946389,0.4429659276946389,0.4429659276946389,0.0,0.44331363000655966,0.8921623229980469,48.39944839477539
1790852777186048270,0x68,joint_2,-1.2256506495206274,1.2321070042145283,1.2321070042145283,1.2332601552172953,-0.060980869228588745,1.349139511791617,12.409210205078125,11.110782623291016
1790852777194621629,0x69,joint_3,-0.3574175235773544,0.4429659276946389,0.4429659276946389,0.4429659276946389,0.0,0.44331363000655966,20.982742309570312,19.684314727783203
1790852777204882609,0x68,joint_2,-1.2256506495206274,1.2321070042145283,1.2321070042145283,1.2332601552172953,-0.060980869228588745,1.3473941825396225,31.24380111694336,29.94537353515625
1790852777215053686,0x69,joint_3,-0.3574175235773544,0.4429659276946389,0.4429659276946389,0.4429659276946389,0.0,0.44331363000655966,41.414737701416016,40.116310119628906
1790852777224851428,0x68,joint_2,-1.2241166687327416,1.2321070042145283,1.2321070042145283,1.2332601552172953,-0.060980869228588745,1.3473941825396225,0.003814697265625,49.91412162780762
1790852777235026065,0x69,joint_3,-0.3574175235773544,0.4429659276946389,0.4429659276946389,0.4429659276946389,0.0,0.44331363000655966,10.178565979003906,9.319305419921875
1790852777245046885,0x68,joint_2,-1.2241166687327416,1.2321070042145283,1.2321070042145283,1.2332601552172953,-0.060980869228588745,1.345648853287628,20.199060440063477,19.339799880981445
1790852777255188178,0x69,joint_3,-0.3574175235773544,0.4429659276946389,0.4429659276946389,0.4429659276946389,0.0,0.44331363000655966,30.34043312072754,29.481172561645508
1790852777265034213,0x68,joint_2,-1.2241166687327416,1.2321070042145283,1.2321070042145283,1.2332601552172953,-0.060980869228588745,1.345648853287628,40.18664360046387,39.327383041381836
1790852777274941461,0x69,joint_3,-0.3574175235773544,0.4429659276946389,0.4429659276946389,0.4429659276946389,0.0,0.44331363000655966,0.0362396240234375,49.23439025878906
1790852777285181442,0x68,joint_2,-1.222582687944856,1.2305730234266425,1.2305730234266425,1.2305730234266425,-0.026674036730746135,1.345648853287628,10.276317596435547,9.044885635375977
1790852777295022469,0x69,joint_3,-0.3574175235773544,0.4429659276946389,0.4429659276946389,0.4429659276946389,0.0,0.44331363000655966,20.117521286010742,18.886089324951172
1790852777305197850,0x68,joint_2,-1.222582687944856,1.2305730234266425,1.2305730234266425,1.2305730234266425,-0.026674036730746135,1.3439035240356338,30.292749404907227,29.061317443847656
1790852777315173886,0x69,joint_3,-0.3574175235773544,0.4429659276946389,0.4429659276946389,0.4429659276946389,0.0,0.44331363000655966,40.268898010253906,39.037466049194336
1790852777327870549,0x68,joint_2,-1.2195147263690846,1.2305730234266425,1.2305730234266425,1.2305730234266425,-0.026674036730746135,1.3439035240356338,2.7828216552734375,51.733970642089844
1790852777334859133,0x69,joint_3,-0.3574175235773544,0.4429659276946389,0.4429659276946389,0.4429659276946389,0.0,0.44331363000655966,9.771347045898438,4.528045654296875
1790852777344897450,0x68,joint_2,-1.2195147263690846,1.229039042638757,1.229039042638757,1.229039042638757,-0.028366265665778014,1.3421581947836396,19.809961318969727,14.566659927368164
1790852777354910470,0x69,joint_3,-0.3574175235773544,0.4429659276946389,0.4429659276946389,0.4429659276946389,0.0,0.44331363000655966,29.822826385498047,24.579524993896484
1790852777365192227,0x68,joint_2,-1.2195147263690846,1.229039042638757,1.229039042638757,1.229039042638757,-0.028366265665778014,1.3421581947836396,40.10462760925293,34.86132621765137
1790852777374882907,0x69,joint_3,-0.3574175235773544,0.4429659276946389,0.4429659276946389,0.4429659276946389,0.0,0.44331363000655966,49.79515075683594,44.551849365234375
1790852777388567541,0x68,joint_2,-1.217980745581199,1.2259710810629858,1.2259710810629858,1.2268291125693336,-0.048321456689106194,1.3421581947836396,13.540983200073242,12.203216552734375
1790852777394820622,0x69,joint_3,-0.3574175235773544,0.4429659276946389,0.4429659276946389,0.4429659276946389,0.0,0.44331363000655966,19.793987274169922,18.456220626831055
1790852777404603689,0x68,joint_2,-1.217980745581199,1.2259710810629858,1.2259710810629858,1.2268291125693336,-0.048321456689106194,1.3404128655316452,29.577016830444336,28.23925018310547
1790852777414714130,0x69,joint_3,-0.3574175235773544,0.4429659276946389,0.4429659276946389,0.4429659276946389,0.0,0.44331363000655966,39.6876335144043,38.34986686706543
1790852777424902228,0x68,joint_2,-1.2164467647933135,1.2259710810629858,1.2259710810629858,1.2268291125693336,-0.048321456689106194,1.3404128655316452,1.065969467163086,48.5377311706543
1790852777434715710,0x69,joint_3,-0.3574175235773544,0.4429659276946389,0.4429659276946389,0.4429659276946389,0.0,0.44331363000655966,10.8795166015625,9.273529052734375
1790852777444879369,0x68,joint_2,-1.2164467647933135,1.2229031194872144,1.2229031194872144,1.2233678292868633,-0.06992108820680701,1.3386675362796507,21.04330062866211,19.437313079833984
1790852777454723954,0x69,joint_3,-0.3574175235773544,0.4429659276946389,0.4429659276946389,0.4429659276946389,0.0,0.44331363000655966,30.887603759765625,29.2816162109375
1790852777464763701,0x68,joint_2,-1.2164467647933135,1.2229031194872144,1.2229031194872144,1.2233678292868633,-0.06992108820680701,1.3369222070276563,40.92741012573242,39.3214225769043
1790852777474792261,0x69,joint_3,-0.3574175235773544,0.4429659276946389,0.4429659276946389,0.4429659276946389,0.0,0.44331363000655966,0.5314350128173828,49.35002326965332
1790852777485185457,0x68,joint_2,-1.214912784005428,1.2229031194872144,1.2229031194872144,1.2233678292868633,-0.06992108820680701,1.3369222070276563,10.924816131591797,9.746551513671875
1790852777495162996,0x69,joint_3,-0.3574175235773544,0.4429659276946389,0.4429659276946389,0.4429659276946389,0.0,0.44331363000655966,20.902156829833984,19.723892211914062
1790852777505023202,0x68,joint_2,-1.214912784005428,1.2229031194872144,1.2229031194872144,1.2233678292868633,-0.06992108820680701,1.335176877775662,30.762434005737305,29.584169387817383
1790852777515182546,0x69,joint_3,-0.3574175235773544,0.4429659276946389,0.4429659276946389,0.4429659276946389,0.0,0.44331363000655966,40.921926498413086,39.743661880493164
1790852777524959275,0x68,joint_2,-1.213378803217542,1.2229031194872144,1.2229031194872144,1.2233678292868633,-0.06992108820680701,1.335176877775662,0.1995563507080078,49.520254135131836
1790852777535024802,0x69,joint_3,-0.3574175235773544,0.4429659276946389,0.4429659276946389,0.4429659276946389,0.0,0.44331363000655966,10.265350341796875,8.847951889038086
1790852777545053554,0x68,joint_2,-1.213378803217542,1.2213691386993288,1.2213691386993288,1.2207440930986257,-0.026161750760312054,1.3334315485236679,20.293712615966797,18.876314163208008
1790852777555068438,0x69,joint_3,-0.3574175235773544,0.4429659276946389,0.4429659276946389,0.4429659276946389,0.0,0.44331363000655966,30.30872344970703,28.891324996948242
1790852777564905476,0x68,joint_2,-1.213378803217542,1.2213691386993288,1.2213691386993288,1.2207440930986257,-0.026161750760312054,1.3334315485236679,40.1458740234375,38.72847557067871
1790852777575185314,0x69,joint_3,-0.3574175235773544,0.4429659276946389,0.4429659276946389,0.4429659276946389,0.0,0.44331363000655966,0.6253719329833984,49.00836944580078
1790852777585085176,0x68,joint_2,-1.2118448224296565,1.219835157911443,1.219835157911443,1.219835157911443,-0.018124962143451894,1.3316862192716736,10.525226593017578,8.58759880065918
1790852777595084906,0x69,joint_3,-0.3574175235773544,0.4429659276946389,0.4429659276946389,0.4429659276946389,0.0,0.44331363000655966,20.52474021911621,18.587112426757812
1790852777604916485,0x68,joint_2,-1.2118448224296565,1.219835157911443,1.219835157911443,1.219835157911443,-0.018124962143451894,1.3299408900196792,30.356407165527344,28.418779373168945
1790852777614908213,0x69,joint_3,-0.3574175235773544,0.4429659276946389,0.4429659276946389,0.4429659276946389,0.0,0.44331363000655966,40.348052978515625,38.41042518615723
1790852777624985188,0x68,joint_2,-1.2118448224296565,1.219835157911443,1.219835157911443,1.219835157911443,-0.018124962143451894,1.3299408900196792,0.3237724304199219,48.48742485046387
1790852777635083157,0x69,joint_3,-0.35895150436524004,0.4429659276946389,0.4429659276946389,0.4429659276946389,0.0,0.44331363000655966,10.421991348266602,8.876562118530273
1790852777645090446,0x68,joint_2,-1.2118448224296565,1.2183011771235575,1.2183011771235575,1.2183011771235575,-0.030860538751834463,1.3281955607676847,20.429134368896484,18.883705139160156
1790852777655221325,0x69,joint_3,-0.35895150436524004,0.4429659276946389,0.4429659276946389,0.4429659276946389,0.0,0.44331363000655966,30.560016632080078,29.01458740234375
1790852777665234340,0x68,joint_2,-1.2118448224296565,1.2183011771235575,1.2183011771235575,1.2183011771235575,-0.030860538751834463,1.3264502315156905,40.5731201171875,39.02769088745117
1790852777675097234,0x69,joint_3,-0.35895150436524004,0.4429659276946389,0.4429659276946389,0.4429659276946389,0.0,0.44331363000655966,50.43601989746094,48.89059066772461
1790852777685234674,0x68,joint_2,-1.2087768608538854,1.2183011771235575,1.2183011771235575,1.2178496760173063,-0.009020223276141043,1.3264502315156905,9.936094284057617,8.795022964477539
1790852777695060513,0x69,joint_3,-0.35895150436524004,0.4444999084825246,0.4444999084825246,0.44406241809156444,0.02187313857385959,0.44331363000655966,19.76180076599121,18.620729446411133
1790852777705064117,0x68,joint_2,-1.2087768608538854,1.2183011771235575,1.2183011771235575,1.2178496760173063,-0.009020223276141043,1.3247049022636963,29.765605926513672,28.624534606933594
1790852777715088034,0x69,joint_3,-0.35895150436524004,0.4444999084825246,0.4444999084825246,0.44406241809156444,0.02187313857385959,0.44331363000655966,39.789438247680664,38.648366928100586
1790852777725095052,0x68,joint_2,-1.2072428800659996,1.2183011771235575,1.2183011771235575,1.2178496760173063,-0.009020223276141043,1.322959573011702,0.032901763916015625,48.65550994873047
1790852777734892132,0x69,joint_3,-0.35895150436524004,0.4444999084825246,0.4444999084825246,0.4444999084825246,0.008764924509379064,0.44331363000655966,9.82975959777832,8.514881134033203
1790852777745082249,0x68,joint_2,-1.2072428800659996,1.2152332155477863,1.2152332155477863,1.2163162304916448,-0.030767166691084775,1.3212142437597074,20.020008087158203,18.705129623413086
1790852777755204331,0x69,joint_3,-0.35895150436524004,0.4444999084825246,0.4444999084825246,0.4444999084825246,0.008764924509379064,0.44331363000655966,30.14206886291504,28.827190399169922
1790852777764895254,0x68,joint_2,-1.2072428800659996,1.2152332155477863,1.2152332155477863,1.2163162304916448,-0.030767166691084775,1.3212142437597074,39.83306884765625,38.51819038391113
1790852777774905570,0x69,joint_3,-0.35895150436524004,0.4444999084825246,0.4444999084825246,0.4444999084825246,0.008764924509379064,0.44331363000655966,0.37550926208496094,48.528432846069336
1790852777785219579,0x68,joint_2,-1.2041749184902284,1.2136992347599005,1.2136992347599005,1.2137080644854974,-0.0524602841520567,1.319468914507713,10.689496994018555,9.055137634277344
1790852777795054961,0x69,joint_3,-0.35895150436524004,0.4444999084825246,0.4444999084825246,0.4444999084825246,0.0,0.44331363000655966,20.52474021911621,18.890380859375
1790852777805081753,0x68,joint_2,-1.2041749184902284,1.2136992347599005,1.2136992347599005,1.2137080644854974,-0.0524602841520567,1.3177235852557188,30.551910400390625,28.917551040649414
1790852777814932445,0x69,joint_3,-0.35895150436524004,0.4444999084825246,0.4444999084825246,0.4444999084825246,0.0,0.44505895925855404,40.40241241455078,38.76805305480957
1790852777824911628,0x68,joint_2,-1.2026409377023426,1.2136992347599005,1.2136992347599005,1.2137080644854974,-0.0524602841520567,1.3159782560037245,0.03409385681152344,48.74730110168457
1790852777835202904,0x69,joint_3,-0.35895150436524004,0.4444999084825246,0.4444999084825246,0.4444999084825246,0.0,0.44505895925855404,10.325193405151367,9.06229019165039
1790852777844958562,0x68,joint_2,-1.2026409377023426,1.2106312731841293,1.2106312731841293,1.2106312731841293,-0.061677901073687064,1.3142329267517303,20.0808048248291,18.817901611328125
1790852777855046043,0x69,joint_3,-0.35895150436524004,0.4444999084825246,0.4444999084825246,0.4444999084825246,0.0,0.44505895925855404,30.168533325195312,28.905630111694336
1790852777865225926,0x68,joint_2,-1.2026409377023426,1.2106312731841293,1.2106312731841293,1.2106312731841293,-0.061677901073687064,1.3124875974997359,40.34829139709473,39.08538818359375
1790852777875009973,0x69,joint_3,-0.35895150436524004,0.4444999084825246,0.4444999084825246,0.4444999084825246,0.0,0.44505895925855404,50.13251304626465,48.86960983276367
1790852777885063475,0x68,joint_2,-1.201106956914457,1.2090972923962438,1.2090972923962438,1.2086376708124926,-0.03984826439518936,1.3107422682477414,9.310722351074219,8.744239807128906
1790852777894929490,0x69,joint_3,-0.35895150436524004,0.4444999084825246,0.4444999084825246,0.4444999084825246,0.0,0.44505895925855404,19.176483154296875,18.610000610351562
1790852777905041502,0x68,joint_2,-1.201106956914457,1.2090972923962438,1.2090972923962438,1.2086376708124926,-0.03984826439518936,1.3107422682477414,29.288530349731445,28.722047805786133
1790852777915210842,0x69,joint_3,-0.35895150436524004,0.4444999084825246,0.4444999084825246,0.4444999084825246,0.0,0.44505895925855404,39.45803642272949,38.89155387878418
1790852777925036231,0x68,joint_2,-1.201106956914457,1.2090972923962438,1.2090972923962438,1.2086376708124926,-0.03984826439518936,1.3089969389957472,49.283504486083984,48.71702194213867
1790852777935198755,0x69,joint_3,-0.35895150436524004,0.4444999084825246,0.4444999084825246,0.4444999084825246,0.0,0.44505895925855404,9.806394577026367,8.862972259521484
1790852777945219269,0x68,joint_2,-1.1995729761265714,1.207563311608358,1.207563311608358,1.207563311608358,-0.02153164779674074,1.307251609743753,19.82712745666504,18.883705139160156
1790852777955209063,0x69,joint_3,-0.35895150436524004,0.4444999084825246,0.4444999084825246,0.4444999084825246,0.0,0.44505895925855404,29.816627502441406,28.873205184936523
1790852777965233772,0x68,joint_2,-1.1995729761265714,1.207563311608358,1.207563311608358,1.207563311608358,-0.02153164779674074,1.3055062804917588,39.841413497924805,38.89799118041992
1790852777975061660,0x69,joint_3,-0.35895150436524004,0.4444999084825246,0.4444999084825246,0.4444999084825246,0.0,0.44505895925855404,49.669504165649414,48.72608184814453
1790852777988407107,0x68,joint_2,-1.1980389953386859,1.2060293308204724,1.2060293308204724,1.2060293308204724,-0.030721297800972124,1.3037609512397643,12.974977493286133,12.029647827148438
1790852777994775376,0x69,joint_3,-0.35895150436524004,0.4444999084825246,0.4444999084825246,0.4444999084825246,0.0,0.44505895925855404,19.343137741088867,18.397808074951172
1790852778005111137,0x68,joint_2,-1.1980389953386859,1.2060293308204724,1.2060293308204724,1.2060293308204724,-0.030721297800972124,1.3020156219877697,29.679059982299805,28.73373031616211
1790852778014866242,0x69,joint_3,-0.35895150436524004,0.4444999084825246,0.4444999084825246,0.4444999084825246,0.0,0.44505895925855404,39.434194564819336,38.48886489868164
1790852778024771010,0x68,joint_2,-1.1949710337629145,1.2060293308204724,1.2060293308204724,1.2060293308204724,-0.030721297800972124,1.3002702927357754,0.7221698760986328,48.39372634887695
1790852778034747522,0x69,joint_3,-0.35895150436524004,0.4444999084825246,0.4444999084825246,0.4444999084825246,0.0,0.44505895925855404,10.698795318603516,9.083747863769531
1790852778044904081,0x68,joint_2,-1.1949710337629145,1.2044953500325868,1.2044953500325868,1.2044953500325868,-0.03105515644794381,1.2985249634837812,20.855188369750977,19.240140914916992
1790852778055041438,0x69,joint_3,-0.35895150436524004,0.4444999084825246,0.4444999084825246,0.4444999084825246,0.0,0.44505895925855404,30.992507934570312,29.377460479736328
1790852778065054463,0x68,joint_2,-1.1949710337629145,1.2044953500325868,1.2044953500325868,1.2044953500325868,-0.03105515644794381,1.296779634231787,41.005611419677734,39.39056396484375
1790852778074844876,0x69,joint_3,-0.3604854851531257,0.4444999084825246,0.4444999084825246,0.4444999084825246,0.0,0.44505895925855404,0.22840499877929688,49.18098449707031
1790852778084878871,0x68,joint_2,-1.193437052975029,1.2014273884568154,1.2014273884568154,1.2018514149389568,-0.05287379624298035,1.2950343049797925,10.262250900268555,9.130716323852539
1790852778094880612,0x69,joint_3,-0.3604854851531257,0.4444999084825246,0.4444999084825246,0.4444999084825246,0.0,0.44505895925855404,20.2639102935791,19.132375717163086
1790852778104723388,0x68,joint_2,-1.193437052975029,1.2014273884568154,1.2014273884568154,1.2018514149389568,-0.05287379624298035,1.2950343049797925,30.106782913208008,28.975248336791992
1790852778114884562,0x69,joint_3,-0.3604854851531257,0.4444999084825246,0.4444999084825246,0.4444999084825246,0.0,0.44505895925855404,40.2679443359375,39.136409759521484
1790852778124841910,0x68,joint_2,-1.1903690913992575,1.2014273884568154,1.2014273884568154,1.2018514149389568,-0.05287379624298035,1.293288975727798,0.17309188842773438,49.09396171569824
1790852778135049308,0x69,joint_3,-0.3620194659410113,0.4460338892704102,0.4460338892704102,0.44558939490327515,0.02180316788787109,0.44505895925855404,10.380268096923828,9.302377700805664
1790852778147028267,0x68,joint_2,-1.1903690913992575,1.1998934076689298,1.1998934076689298,1.1998934076689298,-0.03924377073712379,1.2915436464758039,22.359371185302734,21.28148078918457
1790852778155033944,0x69,joint_3,-0.3620194659410113,0.4460338892704102,0.4460338892704102,0.44558939490327515,0.02180316788787109,0.44505895925855404,30.364990234375,29.287099838256836
1790852778165060550,0x68,joint_2,-1.1903690913992575,1.1998934076689298,1.1998934076689298,1.1998934076689298,-0.03924377073712379,1.2897983172238097,40.39168357849121,39.31379318237305
1790852778174773810,0x69,joint_3,-0.3650874275167826,0.4460338892704102,0.4460338892704102,0.44558939490327515,0.02180316788787109,0.44505895925855404,0.20933151245117188,49.0269660949707
1790852778184653804,0x68,joint_2,-1.1873011298234863,1.1968254460931584,1.1968254460931584,1.196854791353076,-0.06098448769032944,1.2880529879718154,10.089397430419922,8.972883224487305
1790852778194693173,0x69,joint_3,-0.3650874275167826,0.44756787005829585,0.44756787005829585,0.44756787005829585,0.03966540771058208,0.44505895925855404,20.128726959228516,19.0122127532959
1790852778204637724,0x68,joint_2,-1.1873011298234863,1.1968254460931584,1.1968254460931584,1.196854791353076,-0.06098448769032944,1.286307658719821,30.073165893554688,28.95665168762207
1790852778214659569,0x69,joint_3,-0.3650874275167826,0.44756787005829585,0.44756787005829585,0.44756787005829585,0.03966540771058208,0.4468042885105484,40.09509086608887,38.97857666015625
1790852778224555781,0x68,joint_2,-1.184233168247715,1.1968254460931584,1.1968254460931584,1.196854791353076,-0.06098448769032944,1.2845623294678266,1.0895729064941406,48.874855041503906
1790852778234534126,0x69,joint_3,-0.3666214083046682,0.45216981242195275,0.45216981242195275,0.45060350727403553,0.06128005298620585,0.4468042885105484,11.067867279052734,9.562969207763672
1790852778244805653,0x68,joint_2,-1.184233168247715,1.190689522941616,1.190689522941616,1.1927658015839588,-0.0825876879693819,1.2828170002158321,21.33941650390625,19.834518432617188
1790852778255168684,0x69,joint_3,-0.3666214083046682,0.45216981242195275,0.45216981242195275,0.45060350727403553,0.06128005298620585,0.4468042885105484,31.702518463134766,30.197620391845703
1790852778265229579,0x68,joint_2,-1.184233168247715,1.190689522941616,1.190689522941616,1.1927658015839588,-0.0825876879693819,1.281071670963838,41.7633056640625,40.25840759277344
1790852778275014123,0x69,joint_3,-0.36815538909255385,0.45216981242195275,0.45216981242195275,0.45060350727403553,0.06128005298620585,0.4468042885105484,0.18310546875,50.04286766052246
1790852778285093520,0x68,joint_2,-1.1826991874598294,1.190689522941616,1.190689522941616,1.1927658015839588,-0.0825876879693819,1.281071670963838,10.262727737426758,9.202957153320312
1790852778295054031,0x69,joint_3,-0.36815538909255385,0.45216981242195275,0.45216981242195275,0.45060350727403553,0.06128005298620585,0.44854961776254276,20.223140716552734,19.16337013244629
1790852778305107141,0x68,joint_2,-1.1826991874598294,1.190689522941616,1.190689522941616,1.1927658015839588,-0.0825876879693819,1.2793263417118437,30.27629852294922,29.216527938842773
1790852778315208676,0x69,joint_3,-0.36815538909255385,0.45216981242195275,0.45216981242195275,0.45060350727403553,0.06128005298620585,0.44854961776254276,40.37785530090332,39.318084716796875
1790852778325016371,0x68,joint_2,-1.179631225884058,1.190689522941616,1.190689522941616,1.1927658015839588,-0.0825876879693819,1.2775810124598492,0.14543533325195312,49.12567138671875
1790852778335103171,0x69,joint_3,-0.36815538909255385,0.4537037932098384,0.4537037932098384,0.4537037932098384,0.03074446778587009,0.44854961776254276,10.232210159301758,8.863210678100586
1790852778345058910,0x68,joint_2,-1.179631225884058,1.1891555421537303,1.1891555421537303,1.1888741989323917,-0.03861997697186358,1.2758356832078548,20.187854766845703,18.81885528564453
1790852778355206113,0x69,joint_3,-0.36815538909255385,0.4537037932098384,0.4537037932098384,0.4537037932098384,0.03074446778587009,0.44854961776254276,30.335187911987305,28.966188430786133
1790852778365235008,0x68,joint_2,-1.179631225884058,1.1891555421537303,1.1891555421537303,1.1888741989323917,-0.03861997697186358,1.2740903539558606,40.36402702331543,38.99502754211426
1790852778374986950,0x69,joint_3,-0.36815538909255385,0.4537037932098384,0.4537037932098384,0.4537037932098384,0.03074446778587009,0.450294947014537,0.17714500427246094,48.74706268310547
1790852778384568175,0x68,joint_2,-1.1765632643082868,1.186087580577959,1.186087580577959,1.186087580577959,-0.055850718112700704,1.2723450247038663,9.758234024047852,8.199453353881836
1790852778394572426,0x69,joint_3,-0.36815538909255385,0.4537037932098384,0.4537037932098384,0.4541505878943,0.008941478357813518,0.450294947014537,19.762754440307617,18.2039737701416
1790852778404534464,0x68,joint_2,-1.1765632643082868,1.186087580577959,1.186087580577959,1.186087580577959,-0.055850718112700704,1.2705996954518721,29.724597930908203,28.165817260742188
1790852778414473601,0x69,joint_3,-0.36815538909255385,0.4537037932098384,0.4537037932098384,0.4541505878943,0.008941478357813518,0.4520402762665313,39.66379165649414,38.105010986328125
1790852778424969432,0x68,joint_2,-1.1734953027325155,1.186087580577959,1.186087580577959,1.186087580577959,-0.055850718112700704,1.2688543661998777,0.9653568267822266,48.60091209411621
1790852778434437244,0x69,joint_3,-0.36815538909255385,0.4537037932098384,0.4537037932098384,0.4537037932098384,-0.008951019300644274,0.4520402762665313,10.432958602905273,8.164167404174805
1790852778444536406,0x68,joint_2,-1.1734953027325155,1.1830196190021878,1.1830196190021878,1.1830196190021878,-0.061548596851325625,1.2671090369478832,20.53213119506836,18.26333999633789
1790852778454812843,0x69,joint_3,-0.36815538909255385,0.4537037932098384,0.4537037932098384,0.4537037932098384,-0.008951019300644274,0.4520402762665313,30.808687210083008,28.53989601135254
1790852778464864506,0x68,joint_2,-1.1734953027325155,1.1830196190021878,1.1830196190021878,1.1830196190021878,-0.061548596851325625,1.2671090369478832,40.86041450500488,38.591623306274414
1790852778474748690,0x69,joint_3,-0.3696893698804395,0.4537037932098384,0.4537037932098384,0.4537037932098384,-0.008951019300644274,0.4537856055185257,1.1785030364990234,48.47574234008789
1790852778485059856,0x68,joint_2,-1.1704273411567443,1.1768836958506452,1.1768836958506452,1.178916032427241,-0.0830962332659201,1.265363707695889,11.489629745483398,9.676933288574219
1790852778495199579,0x69,joint_3,-0.3696893698804395,0.4552377739977239,0.4552377739977239,0.454327383169034,0.01261608582490015,0.4537856055185257,21.62933349609375,19.81663703918457
1790852778505212057,0x68,joint_2,-1.1704273411567443,1.1768836958506452,1.1768836958506452,1.178916032427241,-0.0830962332659201,1.2636183784438948,31.64196014404297,29.82926368713379
1790852778515030867,0x69,joint_3,-0.3696893698804395,0.4552377739977239,0.4552377739977239,0.454327383169034,0.01261608582490015,0.4537856055185257,41.460514068603516,39.647817611694336
1790852778524978783,0x68,joint_2,-1.1704273411567443,1.1768836958506452,1.1768836958506452,1.178916032427241,-0.0830962332659201,1.2618730491919004,51.40852928161621,49.59583282470703
1790852778535030707,0x69,joint_3,-0.3712233506683251,0.4552377739977239,0.4552377739977239,0.454327383169034,0.01261608582490015,0.45553093477052004,10.031938552856445,9.172677993774414
1790852778545108329,0x68,joint_2,-1.167359379580973,1.1768836958506452,1.1768836958506452,1.178916032427241,-0.0830962332659201,1.260127719939906,20.10941505432129,19.250154495239258
1790852778554711082,0x69,joint_3,-0.3712233506683251,0.4552377739977239,0.4552377739977239,0.454327383169034,0.01261608582490015,0.45553093477052004,29.712200164794922,28.85293960571289
1790852778564555913,0x68,joint_2,-1.167359379580973,1.1768836958506452,1.1768836958506452,1.178916032427241,-0.0830962332659201,1.2583823906879115,39.55721855163574,38.69795799255371
1790852778574620348,0x69,joint_3,-0.3727573314562108,0.4552377739977239,0.4552377739977239,0.454327383169034,0.01261608582490015,0.45553093477052004,1.4863014221191406,48.76232147216797
1790852778584610751,0x68,joint_2,-1.1658253987930873,1.1722817534869883,1.1722817534869883,1.1722817534869883,-0.06655434369882739,1.2566370614359172,11.476755142211914,9.699344635009766
1790852778594497366,0x69,joint_3,-0.3727573314562108,0.4583057355734953,0.4583057355734953,0.4583057355734953,0.03990336662344557,0.45727626402251437,21.363258361816406,19.585847854614258
1790852778604869854,0x68,joint_2,-1.1658253987930873,1.1722817534869883,1.1722817534869883,1.1722817534869883,-0.06655434369882739,1.254891732183923,31.735897064208984,29.958486557006836
1790852778615070211,0x69,joint_3,-0.3727573314562108,0.4583057355734953,0.4583057355734953,0.4583057355734953,0.03990336662344557,0.45727626402251437,41.93615913391113,40.158748626708984
1790852778625011713,0x68,joint_2,-1.162757437217316,1.1722817534869883,1.1722817534869883,1.1722817534869883,-0.06655434369882739,1.2531464029319288,0.10514259338378906,50.10032653808594
1790852778635057828,0x69,joint_3,-0.37429131224409645,0.4583057355734953,0.4583057355734953,0.4583057355734953,0.03990336662344557,0.45727626402251437,10.151147842407227,9.12332534790039
1790852778644929483,0x68,joint_2,-1.162757437217316,1.1722817534869883,1.1722817534869883,1.1722817534869883,-0.06655434369882739,1.2514010736799344,20.022869110107422,18.995046615600586
1790852778654830982,0x69,joint_3,-0.37429131224409645,0.4583057355734953,0.4583057355734953,0.4583057355734953,0.03990336662344557,0.45727626402251437,29.924392700195312,28.896570205688477
1790852778664909583,0x68,joint_2,-1.162757437217316,1.1722817534869883,1.1722817534869883,1.1722817534869883,-0.06655434369882739,1.2514010736799344,40.00282287597656,38.97500038146973
1790852778675035883,0x69,joint_3,-0.37429131224409645,0.4583057355734953,0.4583057355734953,0.4583057355734953,0.03990336662344557,0.45727626402251437,50.12917518615723,49.10135269165039
1790852778685076588,0x68,joint_2,-1.1596894756415448,1.1692137919112169,1.1692137919112169,1.1692137919112169,-0.030436432919518037,1.24965574442794,9.998798370361328,8.701324462890625
1790852778695077922,0x69,joint_3,-0.3758252930319821,0.459839716361381,0.459839716361381,0.459839716361381,0.015207523562273815,0.45902159327450864,20.000219345092773,18.70274543762207
1790852778705079001,0x68,joint_2,-1.1596894756415448,1.1692137919112169,1.1692137919112169,1.1692137919112169,-0.030436432919518037,1.2479104151759457,30.001401901245117,28.703927993774414
1790852778715070534,0x69,joint_3,-0.3758252930319821,0.459839716361381,0.459839716361381,0.459839716361381,0.015207523562273815,0.45902159327450864,39.9928092956543,38.695335388183594
1790852778725085973,0x68,joint_2,-1.1566215140657734,1.1692137919112169,1.1692137919112169,1.1692137919112169,-0.030436432919518037,1.2461650859239515,0.12445449829101562,48.71082305908203
1790852778735213015,0x69,joint_3,-0.3773592738198677,0.4613736971492666,0.4613736971492666,0.4613736971492666,0.030655277306785324,0.45902159327450864,10.251760482788086,8.733987808227539
1790852778745072232,0x68,joint_2,-1.1566215140657734,1.1661458303354457,1.1661458303354457,1.1666036526082455,-0.05223824119678764,1.2444197566719573,20.110607147216797,18.59283447265625
1790852778755223474,0x69,joint_3,-0.3773592738198677,0.4613736971492666,0.4613736971492666,0.4613736971492666,0.030655277306785324,0.460766922526503,30.262231826782227,28.74445915222168
1790852778765069057,0x68,joint_2,-1.1566215140657734,1.1661458303354457,1.1661458303354457,1.1666036526082455,-0.05223824119678764,1.2426744274199626,40.10772705078125,38.5899543762207
1790852778775022652,0x69,joint_3,-0.37889325460775336,0.4613736971492666,0.4613736971492666,0.4613736971492666,0.030655277306785324,0.460766922526503,0.1583099365234375,48.543453216552734
1790852778785236164,0x68,joint_2,-1.1535535524900022,1.1630778687596743,1.1630778687596743,1.1630778687596743,-0.07075484249076429,1.2409290981679681,10.371923446655273,8.83793830871582
1790852778795225965,0x69,joint_3,-0.37889325460775336,0.46290767793715226,0.46290767793715226,0.46290767793715226,0.030739649678663588,0.460766922526503,20.36142349243164,18.827438354492188
1790852778804953936,0x68,joint_2,-1.1535535524900022,1.1630778687596743,1.1630778687596743,1.1630778687596743,-0.07075484249076429,1.239183768915974,30.089616775512695,28.555631637573242
1790852778815299038,0x69,joint_3,-0.37889325460775336,0.46290767793715226,0.46290767793715226,0.46290767793715226,0.030739649678663588,0.4625122517784973,40.434837341308594,38.90085220336914
1790852778825024762,0x68,joint_2,-1.1520195717021164,1.1630778687596743,1.1630778687596743,1.1630778687596743,-0.07075484249076429,1.2374384396639797,0.15020370483398438,48.62642288208008
1790852778835237000,0x69,joint_3,-0.380427235395639,0.4644416587250379,0.4644416587250379,0.4644416587250379,0.030694621744709986,0.4625122517784973,10.362625122070312,8.791208267211914
1790852778845069295,0x68,joint_2,-1.1520195717021164,1.1600099071839032,1.1600099071839032,1.1600099071839032,-0.06147643757248254,1.2374384396639797,20.19476890563965,18.62335205078125
1790852778854757461,0x69,joint_3,-0.380427235395639,0.4644416587250379,0.4644416587250379,0.4644416587250379,0.030694621744709986,0.4625122517784973,29.88290786743164,28.311491012573242
1790852778864756157,0x68,joint_2,-1.1520195717021164,1.1600099071839032,1.1600099071839032,1.1600099071839032,-0.06147643757248254,1.2356931104119855,39.88170623779297,38.31028938293457
1790852778874881389,0x69,joint_3,-0.380427235395639,0.4644416587250379,0.4644416587250379,0.4644416587250379,0.030694621744709986,0.4625122517784973,0.7464885711669922,48.43544960021973
1790852778887089945,0x68,joint_2,-1.1489516101263453,1.1584759263960176,1.1584759263960176,1.1580351891435208,-0.03985988552378323,1.233947781159991,12.954950332641602,11.231184005737305
1790852778895054465,0x69,joint_3,-0.380427235395639,0.46597563951292353,0.46597563951292353,0.46597563951292353,0.03090647609095838,0.4642575810304917,20.9197998046875,19.196033477783203
1790852778905079583,0x68,joint_2,-1.1489516101263453,1.1584759263960176,1.1584759263960176,1.1580351891435208,-0.03985988552378323,1.2322024519079966,30.9445858001709,29.2208194732666
1790852778914884094,0x69,joint_3,-0.380427235395639,0.46597563951292353,0.46597563951292353,0.46597563951292353,0.03090647609095838,0.4642575810304917,40.74907302856445,39.025306701660156
1790852778924854258,0x68,joint_2,-1.1474176293384597,1.1584759263960176,1.1584759263960176,1.1580351891435208,-0.03985988552378323,1.2304571226560024,0.2789497375488281,48.9954948425293
1790852778935055000,0x69,joint_3,-0.380427235395639,0.46597563951292353,0.46597563951292353,0.4664303957410107,0.009098890774639217,0.4642575810304917,10.479927062988281,9.148359298706055
1790852778945053346,0x68,joint_2,-1.1474176293384597,1.1554079648202462,1.1554079648202462,1.1554079648202462,-0.052624849872258024,1.2287117934040082,20.478248596191406,19.14668083190918
1790852778954911784,0x69,joint_3,-0.380427235395639,0.46597563951292353,0.46597563951292353,0.4664303957410107,0.009098890774639217,0.4642575810304917,30.336618423461914,29.005050659179688
1790852778964907724,0x68,joint_2,-1.1474176293384597,1.1554079648202462,1.1554079648202462,1.1554079648202462,-0.052624849872258024,1.226966464152014,40.33255577087402,39.0009880065918
1790852778974858069,0x69,joint_3,-0.380427235395639,0.46597563951292353,0.46597563951292353,0.4664303957410107,0.009098890774639217,0.466002910282486,0.3447532653808594,48.951148986816406
1790852778985055843,0x68,joint_2,-1.1428156869748027,1.1538739840323606,1.1538739840323606,1.153868420788593,-0.030850144377102692,1.2252211349000195,10.542631149291992,9.201526641845703
1790852778995053081,0x69,joint_3,-0.380427235395639,0.46597563951292353,0.46597563951292353,0.46597563951292353,-0.00910121327356446,0.466002910282486,20.53976058959961,19.19865608215332
1790852779004913423,0x68,joint_2,-1.1428156869748027,1.1538739840323606,1.1538739840323606,1.153868420788593,-0.030850144377102692,1.2234758056480248,30.40027618408203,29.059171676635742
1790852779014886283,0x69,joint_3,-0.380427235395639,0.46597563951292353,0.46597563951292353,0.46597563951292353,-0.00910121327356446,0.466002910282486,40.37332534790039,39.0322208404541
1790852779024595887,0x68,joint_2,-1.1397477253990314,1.1538739840323606,1.1538739840323606,1.153868420788593,-0.030850144377102692,1.2217304763960306,1.2252330780029297,48.74157905578613
1790852779034681620,0x69,joint_3,-0.38196121618352463,0.46750962030080917,0.46750962030080917,0.4665900226451039,0.012443016693582245,0.466002910282486,11.311054229736328,9.790420532226562
1790852779044674075,0x68,joint_2,-1.1397477253990314,1.1462040800929323,1.1462040800929323,1.1512827679932234,-0.05238635891989861,1.2217304763960306,21.303415298461914,19.78278160095215
1790852779054575175,0x69,joint_3,-0.38196121618352463,0.46750962030080917,0.46750962030080917,0.4665900226451039,0.012443016693582245,0.466002910282486,31.2044620513916,29.683828353881836
1790852779064685714,0x68,joint_2,-1.1397477253990314,1.1462040800929323,1.1462040800929323,1.1512827679932234,-0.05238635891989861,1.2199851471440364,41.31507873535156,39.7944450378418
1790852779074971139,0x69,joint_3,-0.38349519697141027,0.46750962030080917,0.46750962030080917,0.4665900226451039,0.012443016693582245,0.46774823953448025,1.1069774627685547,50.0798225402832
1790852779084808182,0x68,joint_2,-1.1351457830353744,1.1416021377292755,1.1416021377292755,1.1475298672894738,-0.07439685665103273,1.2182398178920422,10.944128036499023,9.263992309570312
1790852779095098989,0x69,joint_3,-0.38349519697141027,0.4690436010886948,0.4690436010886948,0.4683298836597149,0.03446800807526049,0.46774823953448025,21.234750747680664,19.554615020751953
1790852779105132842,0x68,joint_2,-1.1351457830353744,1.1416021377292755,1.1416021377292755,1.1475298672894738,-0.07439685665103273,1.2164944886400477,31.268596649169922,29.58846092224121
1790852779115091436,0x69,joint_3,-0.38349519697141027,0.4690436010886948,0.4690436010886948,0.4683298836597149,0.03446800807526049,0.46774823953448025,41.22734069824219,39.54720497131348
1790852779124870376,0x68,joint_2,-1.1320778214596032,1.1416021377292755,1.1416021377292755,1.1475298672894738,-0.07439685665103273,1.2147491593880533,0.2288818359375,49.326181411743164
1790852779135094887,0x69,joint_3,-0.38656315854718154,0.4690436010886948,0.4690436010886948,0.4683298836597149,0.03446800807526049,0.46774823953448025,10.453224182128906,9.443044662475586
1790852779144932035,0x68,joint_2,-1.1320778214596032,1.1416021377292755,1.1416021377292755,1.1475298672894738,-0.07439685665103273,1.213003830136059,20.290613174438477,19.280433654785156
1790852779155223551,0x69,joint_3,-0.38656315854718154,0.4690436010886948,0.4690436010886948,0.4683298836597149,0.03446800807526049,0.46949356878647464,30.581951141357422,29.5717716217041
1790852779165236216,0x68,joint_2,-1.1320778214596032,1.1416021377292755,1.1416021377292755,1.1475298672894738,-0.07439685665103273,1.2112585008840648,40.59457778930664,39.58439826965332
1790852779178499843,0x69,joint_3,-0.3880971393350672,0.4690436010886948,0.4690436010886948,0.4683298836597149,0.03446800807526049,0.46949356878647464,3.386974334716797,52.848100662231445
1790852779186050466,0x68,joint_2,-1.1305438406717176,1.1385341761535042,1.1385341761535042,1.138803221029502,-0.08300841717796356,1.2095131716320706,10.937690734863281,4.965543746948242
1790852779195206394,0x69,joint_3,-0.3880971393350672,0.47211156266446597,0.47211156266446597,0.47211156266446597,0.03594714386673644,0.46949356878647464,20.093441009521484,14.121294021606445
1790852779205271963,0x68,joint_2,-1.1305438406717176,1.1385341761535042,1.1385341761535042,1.138803221029502,-0.08300841717796356,1.2077678423800762,30.15923500061035,24.187088012695312
1790852779215053230,0x69,joint_3,-0.3880971393350672,0.47211156266446597,0.47211156266446597,0.47211156266446597,0.03594714386673644,0.46949356878647464,39.94035720825195,33.968210220336914
1790852779225210012,0x68,joint_2,-1.1274758790959463,1.1385341761535042,1.1385341761535042,1.138803221029502,-0.08300841717796356,1.2077678423800762,0.4038810729980469,44.12508010864258
1790852779234975674,0x69,joint_3,-0.3911651009108385,0.4736455434523516,0.4736455434523516,0.4736455434523516,0.0337539067304939,0.47123889803846897,10.169506072998047,8.320331573486328
1790852779244883390,0x68,joint_2,-1.1274758790959463,1.1370001953656186,1.1370001953656186,1.1359352365387376,-0.06321146599516624,1.2060225131280815,20.077228546142578,18.22805404663086
1790852779254860172,0x69,joint_3,-0.3911651009108385,0.4736455434523516,0.4736455434523516,0.4736455434523516,0.0337539067304939,0.47123889803846897,30.054092407226562,28.204917907714844
1790852779265031840,0x68,joint_2,-1.1274758790959463,1.1370001953656186,1.1370001953656186,1.1359352365387376,-0.06321146599516624,1.2042771838760873,40.22574424743652,38.376569747924805
1790852779274922073,0x69,joint_3,-0.39269908169872414,0.4736455434523516,0.4736455434523516,0.4736455434523516,0.0337539067304939,0.47123889803846897,0.31113624572753906,48.26664924621582
1790852779284724778,0x68,joint_2,-1.124407917520175,1.1339322337898472,1.1339322337898472,1.133878576741869,-0.041682202225231245,1.202531854624093,10.113954544067383,8.910894393920898
1790852779295034332,0x69,joint_3,-0.39269908169872414,0.47671350502812304,0.47671350502812304,0.4763773876186549,0.05530641392257898,0.47123889803846897,20.423412322998047,19.220352172851562
1790852779305061100,0x68,joint_2,-1.124407917520175,1.1339322337898472,1.1339322337898472,1.133878576741869,-0.041682202225231245,1.2007865253720988,30.45034408569336,29.247283935546875
1790852779315032391,0x69,joint_3,-0.39269908169872414,0.47671350502812304,0.47671350502812304,0.4763773876186549,0.05530641392257898,0.47298422729046335,40.421485900878906,39.21842575073242
1790852779324851752,0x68,joint_2,-1.1198059751565181,1.1339322337898472,1.1339322337898472,1.133878576741869,-0.041682202225231245,1.1990411961201044,0.3845691680908203,49.03769493103027
1790852779335035713,0x69,joint_3,-0.3957670432744954,0.4782474858160087,0.4782474858160087,0.4782474858160087,0.03748644189279807,0.47298422729046335,10.568618774414062,9.307861328125
1790852779345047193,0x68,joint_2,-1.1198059751565181,1.130864272214076,1.130864272214076,1.130864272214076,-0.06050587815761655,1.19729586686811,20.580291748046875,19.319534301757812
1790852779354916222,0x69,joint_3,-0.3957670432744954,0.4782474858160087,0.4782474858160087,0.4782474858160087,0.03748644189279807,0.47298422729046335,30.44891357421875,29.188156127929688
1790852779365046818,0x68,joint_2,-1.1198059751565181,1.130864272214076,1.130864272214076,1.130864272214076,-0.06050587815761655,1.1955505376161157,40.579795837402344,39.31903839111328
1790852779374692849,0x69,joint_3,-0.39730102406238105,0.4782474858160087,0.4782474858160087,0.4782474858160087,0.03748644189279807,0.47298422729046335,0.37026405334472656,48.9649772644043
1790852779384887566,0x68,joint_2,-1.1167380135807468,1.126262329850419,1.126262329850419,1.1267756170077508,-0.08220727196968095,1.1938052083641215,10.565042495727539,9.329557418823242
1790852779395039056,0x69,joint_3,-0.39730102406238105,0.48131544739177995,0.48131544739177995,0.4811954697547964,0.05921060265240355,0.4747295565424577,20.716428756713867,19.48094367980957
1790852779405069831,0x68,joint_2,-1.1167380135807468,1.126262329850419,1.126262329850419,1.1267756170077508,-0.08220727196968095,1.1920598791121273,30.747175216674805,29.511690139770508
1790852779415044505,0x69,joint_3,-0.39730102406238105,0.48131544739177995,0.48131544739177995,0.4811954697547964,0.05921060265240355,0.4747295565424577,40.72213172912598,39.48664665222168
1790852779424695817,0x68,joint_2,-1.1136700520049756,1.126262329850419,1.126262329850419,1.1267756170077508,-0.08220727196968095,1.1920598791121273,0.3592967987060547,49.13783073425293
1790852779434722708,0x69,joint_3,-0.4003689856381523,0.4828494281796656,0.4828494281796656,0.4830648962425646,0.03740162630830123,0.4747295565424577,10.386228561401367,9.143829345703125
1790852779444727010,0x68,joint_2,-1.1136700520049756,1.1231943682746477,1.1231943682746477,1.1231943682746477,-0.07172215674940197,1.1903145498601329,20.39051055908203,19.14811134338379
1790852779454760469,0x69,joint_3,-0.4003689856381523,0.4828494281796656,0.4828494281796656,0.4830648962425646,0.03740162630830123,0.4764748857944519,30.423879623413086,29.181480407714844
1790852779464770812,0x68,joint_2,-1.1136700520049756,1.1231943682746477,1.1231943682746477,1.1231943682746477,-0.07172215674940197,1.1885692206081384,40.43436050415039,39.19196128845215
1790852779474726246,0x69,joint_3,-0.40190296642603796,0.4828494281796656,0.4828494281796656,0.4830648962425646,0.03740162630830123,0.4764748857944519,0.2796649932861328,49.14712905883789
1790852779484913453,0x68,joint_2,-1.1106020904292042,1.1201264066988765,1.1201264066988765,1.1201264066988765,-0.061431735705634684,1.1868238913561442,10.467052459716797,9.325504302978516
1790852779495029709,0x69,joint_3,-0.40190296642603796,0.48591738975543686,0.48591738975543686,0.48591738975543686,0.057059958458111924,0.4782202150464463,20.583391189575195,19.441843032836914
1790852779504898346,0x68,joint_2,-1.1106020904292042,1.1201264066988765,1.1201264066988765,1.1201264066988765,-0.061431735705634684,1.18507856210415,30.45177459716797,29.310226440429688
1790852779515034644,0x69,joint_3,-0.40190296642603796,0.48591738975543686,0.48591738975543686,0.48591738975543686,0.057059958458111924,0.4782202150464463,40.5881404876709,39.44659233093262
1790852779524845431,0x68,joint_2,-1.1060001480655473,1.1201264066988765,1.1201264066988765,1.1201264066988765,-0.061431735705634684,1.1833332328521555,0.6132125854492188,49.25727844238281
1790852779534736096,0x69,joint_3,-0.4034369472139236,0.4874513705433224,0.4874513705433224,0.48768140550643235,0.035182996740876084,0.4799655442984406,10.504007339477539,8.999824523925781
1790852779545055086,0x68,joint_2,-1.1060001480655473,1.1170584451231051,1.1170584451231051,1.1170584451231051,-0.06127654249941918,1.181587903600161,20.823001861572266,19.318819046020508
1790852779554883926,0x69,joint_3,-0.4034369472139236,0.4874513705433224,0.4874513705433224,0.48768140550643235,0.035182996740876084,0.4799655442984406,30.65180778503418,29.147624969482422
1790852779565052105,0x68,joint_2,-1.1060001480655473,1.1170584451231051,1.1170584451231051,1.1170584451231051,-0.06127654249941918,1.1798425743481666,40.82012176513672,39.31593894958496
1790852779574834678,0x69,joint_3,-0.4049709280018092,0.4874513705433224,0.4874513705433224,0.48768140550643235,0.035182996740876084,0.4799655442984406,0.3237724304199219,49.09849166870117
1790852779585080443,0x68,joint_2,-1.1013982057018903,1.1124565027594482,1.1124565027594482,1.1129154285014788,-0.08304471828131589,1.1780972450961724,10.569334030151367,9.352684020996094
1790852779595038360,0x69,joint_3,-0.4049709280018092,0.488985351331208,0.488985351331208,0.488985351331208,0.026109769888292885,0.48171087355043496,20.52760124206543,19.310951232910156
1790852779604896869,0x68,joint_2,-1.1013982057018903,1.1124565027594482,1.1124565027594482,1.1129154285014788,-0.08304471828131589,1.1780972450961724,30.385732650756836,29.169082641601562
1790852779615030147,0x69,joint_3,-0.4049709280018092,0.488985351331208,0.488985351331208,0.488985351331208,0.026109769888292885,0.48171087355043496,40.51923751831055,39.30258750915527
1790852779624842329,0x68,joint_2,-1.0983302441261191,1.1124565027594482,1.1124565027594482,1.1129154285014788,-0.08304471828131589,1.1763519158441782,0.6182193756103516,49.11470413208008
1790852779634923846,0x69,joint_3,-0.4065049087896949,0.49051933211909365,0.49051933211909365,0.49051933211909365,0.03068867996683127,0.48345620280242935,10.699748992919922,9.180307388305664
1790852779645043715,0x68,joint_2,-1.0983302441261191,1.1078545603957914,1.1078545603957914,1.1085600870240244,-0.08726646259971647,1.174606586592184,20.819664001464844,19.300222396850586
1790852779654810533,0x69,joint_3,-0.4065049087896949,0.49051933211909365,0.49051933211909365,0.49051933211909365,0.03068867996683127,0.48345620280242935,30.58648109436035,29.067039489746094
1790852779664780562,0x68,joint_2,-1.0983302441261191,1.1078545603957914,1.1078545603957914,1.1085600870240244,-0.08726646259971647,1.1728612573401895,40.55643081665039,39.03698921203613
1790852779674749812,0x69,joint_3,-0.40803888957758055,0.49051933211909365,0.49051933211909365,0.49051933211909365,0.03068867996683127,0.48345620280242935,0.7145404815673828,49.00622367858887
1790852779684923603,0x68,joint_2,-1.0952622825503477,1.10478659882002,1.10478659882002,1.10478659882002,-0.07579278687289384,1.171115928088195,10.888338088989258,9.293317794799805
1790852779695045732,0x69,joint_3,-0.40803888957758055,0.4920533129069794,0.4920533129069794,0.4920533129069794,0.03078087745723441,0.48520153205442357,21.010398864746094,19.41537857055664
1790852779705056919,0x68,joint_2,-1.0952622825503477,1.10478659882002,1.10478659882002,1.10478659882002,-0.07579278687289384,1.1693705988362009,31.021833419799805,29.42681312561035
1790852779714747562,0x69,joint_3,-0.40803888957758055,0.4920533129069794,0.4920533129069794,0.4920533129069794,0.03078087745723441,0.48520153205442357,40.71235656738281,39.11733627319336
1790852779724837439,0x68,joint_2,-1.0921943209745766,1.10478659882002,1.10478659882002,1.10478659882002,-0.07579278687289384,1.1676252695842066,0.3688335418701172,49.207210540771484
1790852779734896655,0x69,joint_3,-0.40803888957758055,0.4935872936948651,0.4935872936948651,0.4935872936948651,0.03063273052604132,0.48520153205442357,10.42795181274414,9.171485900878906
1790852779745037048,0x68,joint_2,-1.0921943209745766,1.1017186372442487,1.1017186372442487,1.1017186372442487,-0.061325508619357726,1.1658799403322124,20.568370819091797,19.311904907226562
1790852779755035856,0x69,joint_3,-0.40803888957758055,0.4935872936948651,0.4935872936948651,0.4935872936948651,0.03063273052604132,0.4869468613064179,30.567407608032227,29.310941696166992
1790852779764905467,0x68,joint_2,-1.0921943209745766,1.1017186372442487,1.1017186372442487,1.1017186372442487,-0.061325508619357726,1.1641346110802178,40.43698310852051,39.18051719665527
1790852779774836461,0x69,joint_3,-0.4095728703654662,0.4935872936948651,0.4935872936948651,0.4935872936948651,0.03063273052604132,0.4869468613064179,0.2739429473876953,49.111366271972656
1790852779785051145,0x68,joint_2,-1.0875923786109196,1.0986506756684775,1.0986506756684775,1.0986506756684775,-0.061475890625107894,1.1641346110802178,10.488748550415039,9.316444396972656
1790852779795026578,0x69,joint_3,-0.4095728703654662,0.4935872936948651,0.4935872936948651,0.4940286871937797,0.008835871566835447,0.4869468613064179,20.464181900024414,19.29187774658203
1790852779805054127,0x68,joint_2,-1.0875923786109196,1.0986506756684775,1.0986506756684775,1.0986506756684775,-0.061475890625107894,1.1623892818282233,30.49182891845703,29.31952476501465
1790852779814930651,0x69,joint_3,-0.4095728703654662,0.4935872936948651,0.4935872936948651,0.4940286871937797,0.008835871566835447,0.4886921905584123,40.36831855773926,39.196014404296875
1790852779824840913,0x68,joint_2,-1.0845244170351482,1.0986506756684775,1.0986506756684775,1.0986506756684775,-0.061475890625107894,1.160643952576229,0.4432201385498047,49.10612106323242
1790852779835040757,0x69,joint_3,-0.41264083194123746,0.49512127448275073,0.49512127448275073,0.49512127448275073,0.02186467304873765,0.4886921905584123,10.64300537109375,9.307146072387695
1790852779844902499,0x68,joint_2,-1.0845244170351482,1.0940487333048206,1.0940487333048206,1.0944967813332764,-0.08324794060171371,1.1588986233242349,20.50471305847168,19.168853759765625
1790852779854744074,0x69,joint_3,-0.41264083194123746,0.49512127448275073,0.49512127448275073,0.49512127448275073,0.02186467304873765,0.4886921905584123,30.346393585205078,29.010534286499023
1790852779864946905,0x68,joint_2,-1.0845244170351482,1.0940487333048206,1.0940487333048206,1.0944967813332764,-0.08324794060171371,1.1571532940722407,40.549278259277344,39.21341896057129
1790852779874780187,0x69,joint_3,-0.4141748127291231,0.49512127448275073,0.49512127448275073,0.49512127448275073,0.02186467304873765,0.4904375198104066,0.5671977996826172,49.04651641845703
1790852779884926369,0x68,joint_2,-1.0799224746714915,1.0909807717290492,1.0909807717290492,1.0909807717290492,-0.07054306160013157,1.1554079648202462,10.713577270507812,9.205341339111328
1790852779894750791,0x69,joint_3,-0.4141748127291231,0.498189236058522,0.498189236058522,0.49729829999222047,0.043634363340545185,0.4904375198104066,20.537853240966797,19.029617309570312
1790852779905047878,0x68,joint_2,-1.0799224746714915,1.0909807717290492,1.0909807717290492,1.0909807717290492,-0.07054306160013157,1.1536626355682518,30.83491325378418,29.326677322387695
1790852779914905496,0x69,joint_3,-0.4141748127291231,0.498189236058522,0.498189236058522,0.49729829999222047,0.043634363340545185,0.4904375198104066,40.692806243896484,39.1845703125
1790852779924833137,0x68,joint_2,-1.0768545130957201,1.0909807717290492,1.0909807717290492,1.0909807717290492,-0.07054306160013157,1.1519173063162575,0.3662109375,49.11184310913086
1790852779934860238,0x69,joint_3,-0.4141748127291231,0.49972321684640764,0.49972321684640764,0.49972321684640764,0.04847447600853926,0.492182849062401,10.393619537353516,9.054183959960938
1790852779944905241,0x68,joint_2,-1.0768545130957201,1.0863788293653924,1.0863788293653924,1.086619856280845,-0.08726646259971647,1.1501719770642633,20.438432693481445,19.098997116088867
1790852779954888728,0x69,joint_3,-0.4141748127291231,0.49972321684640764,0.49972321684640764,0.49972321684640764,0.04847447600853926,0.492182849062401,30.421972274780273,29.082536697387695
1790852779964790204,0x68,joint_2,-1.0768545130957201,1.0863788293653924,1.0863788293653924,1.086619856280845,-0.08726646259971647,1.148426647812269,40.323495864868164,38.984060287475586
1790852779974854348,0x69,joint_3,-0.41570879351700873,0.49972321684640764,0.49972321684640764,0.49972321684640764,0.04847447600853926,0.492182849062401,0.2570152282714844,49.04818534851074
1790852779984883268,0x68,joint_2,-1.0737865515199487,1.083310867789621,1.083310867789621,1.083310867789621,-0.06630226989668273,1.148426647812269,10.28585433959961,9.116888046264648
1790852779994952975,0x69,joint_3,-0.41570879351700873,0.49972321684640764,0.49972321684640764,0.5010560527593749,0.026663001661972413,0.4939281783143952,20.355701446533203,19.186735153198242
1790852780004905174,0x68,joint_2,-1.0737865515199487,1.083310867789621,1.083310867789621,1.083310867789621,-0.06630226989668273,1.1466813185602747,30.307769775390625,29.138803482055664
1790852780014909163,0x69,joint_3,-0.41570879351700873,0.49972321684640764,0.49972321684640764,0.5010560527593749,0.026663001661972413,0.4939281783143952,40.31181335449219,39.14284706115723
1790852780024852167,0x68,joint_2,-1.069184609156292,1.083310867789621,1.083310867789621,1.083310867789621,-0.06630226989668273,1.14493598930828,0.6175041198730469,49.08585548400879
1790852780035033459,0x69,joint_3,-0.41724277430489437,0.5012571976342933,0.5012571976342933,0.5012991886896911,0.0048674089388436904,0.49567350756638956,10.79869270324707,9.282827377319336
1790852780044962651,0x68,joint_2,-1.069184609156292,1.0802429062138497,1.0802429062138497,1.0802429062138497,-0.06150897141405628,1.1431906600562858,20.727872848510742,19.212007522583008
1790852780055034089,0x69,joint_3,-0.41724277430489437,0.5012571976342933,0.5012571976342933,0.5012991886896911,0.0048674089388436904,0.49567350756638956,30.799388885498047,29.283523559570312
1790852780064917315,0x68,joint_2,-1.069184609156292,1.0802429062138497,1.0802429062138497,1.0802429062138497,-0.06150897141405628,1.1414453308042916,40.68255424499512,39.16668891906738
1790852780074846165,0x69,joint_3,-0.41877675509278,0.5012571976342933,0.5012571976342933,0.5012991886896911,0.0048674089388436904,0.49567350756638956,0.41794776916503906,49.09563064575195
1790852780084727012,0x68,joint_2,-1.0661166475805206,1.075640963850193,1.075640963850193,1.0760881578104506,-0.0832777126822062,1.1397000015522973,10.298728942871094,8.962631225585938
1790852780094746114,0x69,joint_3,-0.41877675509278,0.5027911784221789,0.5027911784221789,0.50263213399676,0.026672723145482653,0.49741883681838395,20.317792892456055,18.9816951751709
1790852780104908993,0x68,joint_2,-1.0661166475805206,1.075640963850193,1.075640963850193,1.0760881578104506,-0.0832777126822062,1.137954672300303,30.48086166381836,29.144763946533203
1790852780115045798,0x69,joint_3,-0.41877675509278,0.5027911784221789,0.5027911784221789,0.50263213399676,0.026672723145482653,0.49741883681838395,40.61770439147949,39.281606674194336
1790852780124819936,0x68,joint_2,-1.0630486860047494,1.075640963850193,1.075640963850193,1.0760881578104506,-0.0832777126822062,1.1362093430483085,0.133514404296875,49.05557632446289
1790852780134895304,0x69,joint_3,-0.42031073588066564,0.5043251592100645,0.5043251592100645,0.5043251592100645,0.03392777558066736,0.49741883681838395,10.209083557128906,9.180307388305664
1790852780144891756,0x68,joint_2,-1.0630486860047494,1.0725730022744215,1.0725730022744215,1.0725730022744215,-0.07051398419951282,1.1344640137963142,20.205259323120117,19.176483154296875
1790852780154901412,0x69,joint_3,-0.42031073588066564,0.5043251592100645,0.5043251592100645,0.5043251592100645,0.03392777558066736,0.4991641660703783,30.215024948120117,29.186248779296875
1790852780164916281,0x68,joint_2,-1.0630486860047494,1.0725730022744215,1.0725730022744215,1.0725730022744215,-0.07051398419951282,1.1344640137963142,40.22979736328125,39.20102119445801
1790852780174821804,0x69,joint_3,-0.42184471666855133,0.5043251592100645,0.5043251592100645,0.5043251592100645,0.03392777558066736,0.4991641660703783,0.29540061950683594,49.10683631896973
1790852780184859067,0x68,joint_2,-1.059980724428978,1.0695050406986504,1.0695050406986504,1.0695050406986504,-0.061471739550585824,1.13271868454432,10.332584381103516,9.142398834228516
1790852780195040827,0x69,joint_3,-0.42184471666855133,0.5058591399979501,0.5058591399979501,0.5058591399979501,0.030705470992645634,0.4991641660703783,20.514249801635742,19.324064254760742
1790852780205052315,0x68,joint_2,-1.059980724428978,1.0695050406986504,1.0695050406986504,1.0695050406986504,-0.061471739550585824,1.1309733552923258,30.525922775268555,29.335737228393555
1790852780214791809,0x69,joint_3,-0.42184471666855133,0.5058591399979501,0.5058591399979501,0.5058591399979501,0.030705470992645634,0.5009094953223726,40.26532173156738,39.07513618469238
1790852780224849639,0x68,joint_2,-1.055378782065321,1.0695050406986504,1.0695050406986504,1.0695050406986504,-0.061471739550585824,1.1292280260403313,0.33545494079589844,49.1328239440918
1790852780234887471,0x69,joint_3,-0.42184471666855133,0.5073931207858359,0.5073931207858359,0.5073931207858359,0.030678881305418758,0.5009094953223726,10.373353958129883,9.143829345703125
1790852780245041100,0x68,joint_2,-1.055378782065321,1.066437079122879,1.066437079122879,1.066437079122879,-0.0614495734499418,1.1274826967883367,20.527124404907227,19.29759979248047
1790852780254909084,0x69,joint_3,-0.42184471666855133,0.5073931207858359,0.5073931207858359,0.5073931207858359,0.030678881305418758,0.5009094953223726,30.395030975341797,29.16550636291504
1790852780264917115,0x68,joint_2,-1.055378782065321,1.066437079122879,1.066437079122879,1.066437079122879,-0.0614495734499418,1.1257373675363425,40.402889251708984,39.17336463928223
1790852780274870895,0x69,joint_3,-0.42184471666855133,0.5073931207858359,0.5073931207858359,0.5073931207858359,0.030678881305418758,0.5026548245743668,0.5249977111816406,49.12710189819336
1790852780284712766,0x68,joint_2,-1.0507768397016641,1.061835136759222,1.061835136759222,1.0622762709166493,-0.08325580220975494,1.1239920382843482,10.36691665649414,8.878946304321289
1790852780294748521,0x69,joint_3,-0.42184471666855133,0.5073931207858359,0.5073931207858359,0.5078358299614482,0.008848668668009423,0.5026548245743668,20.40266990661621,18.91469955444336
1790852780304781009,0x68,joint_2,-1.0507768397016641,1.061835136759222,1.061835136759222,1.0622762709166493,-0.08325580220975494,1.122246709032354,30.43532371520996,28.94735336303711
1790852780317371273,0x69,joint_3,-0.42184471666855133,0.5073931207858359,0.5073931207858359,0.5078358299614482,0.008848668668009423,0.5044001538263612,43.02573204040527,41.53776168823242
1790852780324853890,0x68,joint_2,-1.0461748973380074,1.061835136759222,1.061835136759222,1.0622762709166493,-0.08325580220975494,1.1205013797803596,0.5788803100585938,49.02029037475586
1790852780334911468,0x69,joint_3,-0.42337869745643697,0.5073931207858359,0.5073931207858359,0.5073931207858359,-0.00886280329745326,0.5044001538263612,10.636329650878906,9.094715118408203
1790852780345032670,0x68,joint_2,-1.0461748973380074,1.057233194395565,1.057233194395565,1.0579239964188516,-0.08726646259971647,1.1187560505283651,20.757675170898438,19.216060638427734
1790852780354791214,0x69,joint_3,-0.42337869745643697,0.5073931207858359,0.5073931207858359,0.5073931207858359,-0.00886280329745326,0.5044001538263612,30.51590919494629,28.974294662475586
1790852780365046833,0x68,joint_2,-1.0461748973380074,1.057233194395565,1.057233194395565,1.0579239964188516,-0.08726646259971647,1.1187560505283651,40.7717227935791,39.2301082611084
1790852780374880558,0x69,joint_3,-0.4249126782443226,0.5073931207858359,0.5073931207858359,0.5073931207858359,-0.00886280329745326,0.5061454830783556,0.4611015319824219,49.063682556152344
1790852780385055748,0x68,joint_2,-1.0415729549743504,1.0526312520319083,1.0526312520319083,1.0535655983463,-0.08726646259971647,1.117010721276371,10.636329650878906,9.226322174072266
1790852780395027361,0x69,joint_3,-0.4249126782443226,0.5089271015737215,0.5089271015737215,0.5080407007336304,0.012952423507005824,0.5061454830783556,20.608186721801758,19.198179244995117
1790852780404871366,0x68,joint_2,-1.0415729549743504,1.0526312520319083,1.0526312520319083,1.0535655983463,-0.08726646259971647,1.1152653920243767,30.45201301574707,29.04200553894043
1790852780414902465,0x69,joint_3,-0.4249126782443226,0.5089271015737215,0.5089271015737215,0.5080407007336304,0.012952423507005824,0.5061454830783556,40.48323631286621,39.07322883605957
1790852780424866326,0x68,joint_2,-1.0369710126106935,1.0526312520319083,1.0526312520319083,1.0535655983463,-0.08726646259971647,1.1135200627723822,0.400543212890625,49.03697967529297
1790852780435044012,0x69,joint_3,-0.42644665903220824,0.5104610823616071,0.5104610823616071,0.5097778730604146,0.034759170193154575,0.5061454830783556,10.578393936157227,9.199380874633789
1790852780445049503,0x68,joint_2,-1.0369710126106935,1.0480293096682514,1.0480293096682514,1.049210279034372,-0.08726646259971647,1.111774733520388,20.5838680267334,19.20485496520996
1790852780454736075,0x69,joint_3,-0.42644665903220824,0.5104610823616071,0.5104610823616071,0.5097778730604146,0.034759170193154575,0.5078908123303499,30.27033805847168,28.891324996948242
1790852780464700278,0x68,joint_2,-1.0369710126106935,1.0480293096682514,1.0480293096682514,1.049210279034372,-0.08726646259971647,1.1100294042683936,40.23432731628418,38.85531425476074
1790852780474867671,0x69,joint_3,-0.4295146206079795,0.5104610823616071,0.5104610823616071,0.5097778730604146,0.034759170193154575,0.5078908123303499,0.6864070892333984,49.02291297912598
1790852780484882651,0x68,joint_2,-1.030835089459151,1.0434273673045944,1.0434273673045944,1.044855414031844,-0.08726646259971647,1.1082840750163994,10.701417922973633,9.063243865966797
1790852780494766832,0x69,joint_3,-0.4295146206079795,0.5119950631494927,0.5119950631494927,0.5119950631494927,0.044379949250034176,0.5078908123303499,20.58553695678711,18.947362899780273
1790852780504739284,0x68,joint_2,-1.030835089459151,1.0434273673045944,1.0434273673045944,1.044855414031844,-0.08726646259971647,1.1065387457644051,30.558109283447266,28.91993522644043
1790852780514807514,0x69,joint_3,-0.4295146206079795,0.5119950631494927,0.5119950631494927,0.5119950631494927,0.044379949250034176,0.5096361415823443,40.62628746032715,38.98811340332031
1790852780524869476,0x68,joint_2,-1.026233147095494,1.0434273673045944,1.0434273673045944,1.044855414031844,-0.08726646259971647,1.1047934165124107,0.4494190216064453,49.04985427856445
1790852780534903617,0x69,joint_3,-0.4325825821837508,0.515063024725264,0.515063024725264,0.515063024725264,0.0613915332833457,0.5096361415823443,10.483741760253906,9.081840515136719
1790852780545039912,0x68,joint_2,-1.026233147095494,1.0372914441530519,1.0372914441530519,1.0404990938609244,-0.08726646259971647,1.1047934165124107,20.619869232177734,19.217967987060547
1790852780554824389,0x69,joint_3,-0.4325825821837508,0.515063024725264,0.515063024725264,0.515063024725264,0.0613915332833457,0.5096361415823443,30.40456771850586,29.002666473388672
1790852780564920133,0x68,joint_2,-1.026233147095494,1.0372914441530519,1.0372914441530519,1.0404990938609244,-0.08726646259971647,1.1030480872604163,40.50016403198242,39.098262786865234
1790852780574471493,0x69,joint_3,-0.4371845245474077,0.515063024725264,0.515063024725264,0.515063024725264,0.0613915332833457,0.5113814708343385,0.4668235778808594,48.64954948425293
1790852780584532906,0x68,joint_2,-1.0200972239439514,1.032689501789395,1.032689501789395,1.0362026535804334,-0.08726646259971647,1.101302758008422,10.528564453125,9.768486022949219
1790852780594591664,0x69,joint_3,-0.4371845245474077,0.5181309863010354,0.5181309863010354,0.5181309863010354,0.062291731257891766,0.5113814708343385,20.58720588684082,19.82712745666504
1790852780604566917,0x68,joint_2,-1.0200972239439514,1.032689501789395,1.032689501789395,1.0362026535804334,-0.08726646259971647,1.0995574287564276,30.562400817871094,29.802322387695312
1790852780614560479,0x69,joint_3,-0.4371845245474077,0.5181309863010354,0.5181309863010354,0.5181309863010354,0.062291731257891766,0.5113814708343385,40.55595397949219,39.795875549316406
1790852780624549512,0x68,joint_2,-1.0154952815802945,1.032689501789395,1.032689501789395,1.0362026535804334,-0.08726646259971647,1.0978120995044334,1.0058879852294922,49.78489875793457
1790852780634898391,0x69,joint_3,-0.440252486123179,0.5258008902404635,0.5258008902404635,0.5223587530786632,0.08420033012230685,0.5131268000863328,11.354923248291016,9.740591049194336
1790852780649609729,0x68,joint_2,-1.0154952815802945,1.0219516362741954,1.0219516362741954,1.031824106467006,-0.08726646259971647,1.096066770252439,26.066064834594727,24.451732635498047
1790852780654892821,0x69,joint_3,-0.440252486123179,0.5258008902404635,0.5258008902404635,0.5223587530786632,0.08420033012230685,0.5131268000863328,31.34918212890625,29.73484992980957
1790852780665272424,0x68,joint_2,-1.0154952815802945,1.0219516362741954,1.0219516362741954,1.031824106467006,-0.08726646259971647,1.0943214410004447,41.72873497009277,40.114402770996094
1790852780675029891,0x69,joint_3,-0.440252486123179,0.5258008902404635,0.5258008902404635,0.5223587530786632,0.08420033012230685,0.5148721293383273,51.48649215698242,49.87215995788574
1790852780684889238,0x68,joint_2,-1.0124273200045233,1.0219516362741954,1.0219516362741954,1.031824106467006,-0.08726646259971647,1.0925761117484503,9.784698486328125,8.867025375366211
1790852780694936312,0x69,joint_3,-0.4433204476989503,0.5258008902404635,0.5258008902404635,0.5223587530786632,0.08420033012230685,0.5148721293383273,19.83165740966797,18.913984298706055
1790852780704918214,0x68,joint_2,-1.0124273200045233,1.0219516362741954,1.0219516362741954,1.031824106467006,-0.08726646259971647,1.090830782496456,29.813528060913086,28.895854949951172
1790852780714916523,0x69,joint_3,-0.4433204476989503,0.5258008902404635,0.5258008902404635,0.5223587530786632,0.08420033012230685,0.5148721293383273,39.81184959411621,38.8941764831543
1790852780724992840,0x68,joint_2,-1.0078253776408663,1.0219516362741954,1.0219516362741954,1.031824106467006,-0.08726646259971647,1.090830782496456,0.34880638122558594,48.97046089172363
1790852780734913207,0x69,joint_3,-0.44638840927472156,0.5288688518162348,0.5288688518162348,0.5288688518162348,0.06460473065942485,0.5166174585903216,10.2691650390625,8.562088012695312
1790852780745219934,0x68,joint_2,-1.0078253776408663,1.0188836746984242,1.0188836746984242,1.0230974602070344,-0.08666478797653455,1.0890854532444618,20.575761795043945,18.868684768676758
1790852780755070179,0x69,joint_3,-0.44638840927472156,0.5288688518162348,0.5288688518162348,0.5288688518162348,0.06460473065942485,0.5166174585903216,30.426025390625,28.718948364257812
1790852780765091054,0x68,joint_2,-1.0078253776408663,1.0188836746984242,1.0188836746984242,1.0230974602070344,-0.08666478797653455,1.0873401239924674,40.44699668884277,38.739919662475586
1790852780775119660,0x69,joint_3,-0.44638840927472156,0.5288688518162348,0.5288688518162348,0.5288688518162348,0.06460473065942485,0.5166174585903216,50.4755973815918,48.76852035522461
1790852780784878882,0x68,joint_2,-1.004757416065095,1.0142817323347673,1.0142817323347673,1.0187264023887408,-0.08726646259971647,1.085594794740473,9.528875350952148,8.36801528930664
1790852780795199783,0x69,joint_3,-0.44945637085049284,0.531936813392006,0.531936813392006,0.531936813392006,0.061157675388769824,0.5183627878423159,19.849777221679688,18.68891716003418
1790852780805079016,0x68,joint_2,-1.004757416065095,1.0142817323347673,1.0142817323347673,1.0187264023887408,-0.08726646259971647,1.0838494654884787,29.729127883911133,28.568267822265625
1790852780815055870,0x69,joint_3,-0.44945637085049284,0.531936813392006,0.531936813392006,0.531936813392006,0.061157675388769824,0.5183627878423159,39.70599174499512,38.54513168334961
1790852780825022092,0x68,joint_2,-1.000155473701438,1.0142817323347673,1.0142817323347673,1.0187264023887408,-0.08726646259971647,1.0821041362364843,0.061511993408203125,48.51126670837402
1790852780835073087,0x69,joint_3,-0.4509903516383785,0.5350047749677774,0.5350047749677774,0.5350047749677774,0.06158893360269701,0.5201081170943102,10.112524032592773,8.679866790771484
1790852780845059839,0x68,joint_2,-1.000155473701438,1.0112137707589959,1.0112137707589959,1.0143857435808148,-0.08726646259971647,1.08035880698449,20.099163055419922,18.666505813598633
1790852780854920694,0x69,joint_3,-0.4509903516383785,0.5350047749677774,0.5350047749677774,0.5350047749677774,0.06158893360269701,0.5201081170943102,29.960155487060547,28.527498245239258
1790852780864898767,0x68,joint_2,-1.000155473701438,1.0112137707589959,1.0112137707589959,1.0143857435808148,-0.08726646259971647,1.0786134777324958,39.93821144104004,38.50555419921875
1790852780874956718,0x69,joint_3,-0.4540583132141498,0.5350047749677774,0.5350047749677774,0.5350047749677774,0.06158893360269701,0.5218534463463045,0.41031837463378906,48.563480377197266
1790852780884603760,0x68,joint_2,-0.9970875121256668,1.006611828395339,1.006611828395339,1.0100431862909525,-0.08726646259971647,1.0768681484805014,10.057210922241211,8.445501327514648
1790852780894499433,0x69,joint_3,-0.4540583132141498,0.5365387557556629,0.5365387557556629,0.5369903950095385,0.03984482591142811,0.5218534463463045,19.953012466430664,18.3413028717041
1790852780904532696,0x68,joint_2,-0.9970875121256668,1.006611828395339,1.006611828395339,1.0100431862909525,-0.08726646259971647,1.0768681484805014,29.98638153076172,28.374671936035156
1790852780914472398,0x69,joint_3,-0.4540583132141498,0.5365387557556629,0.5365387557556629,0.5369903950095385,0.03984482591142811,0.5235987755982988,39.92605209350586,38.3143424987793
1790852780924448645,0x68,joint_2,-0.9940195505498954,1.006611828395339,1.006611828395339,1.0100431862909525,-0.08726646259971647,1.075122819228507,1.4276504516601562,48.29072952270508
1790852780934432167,0x69,joint_3,-0.45712627478992107,0.5426746789072056,0.5426746789072056,0.5399924267343897,0.06123567939855894,0.5253441048502933,11.410951614379883,9.575605392456055
1790852780944409368,0x68,joint_2,-0.9940195505498954,1.0004759052437964,1.0004759052437964,1.0057666593446937,-0.08726646259971647,1.0733774899765127,21.38805389404297,19.55270767211914
1790852780954438741,0x69,joint_3,-0.45712627478992107,0.5426746789072056,0.5426746789072056,0.5399924267343897,0.06123567939855894,0.5253441048502933,31.417369842529297,29.58202362060547
1790852780964413677,0x68,joint_2,-0.9940195505498954,1.0004759052437964,1.0004759052437964,1.0057666593446937,-0.08726646259971647,1.0716321607245185,41.39256477355957,39.55721855163574
1790852780974430468,0x69,joint_3,-0.4586602555778067,0.5426746789072056,0.5426746789072056,0.5399924267343897,0.06123567939855894,0.5270894341022876,1.482248306274414,49.57389831542969
1790852780984412060,0x68,joint_2,-0.9894176081862386,0.9958739628801395,0.9958739628801395,1.0014083476658993,-0.08726646259971647,1.069886831472524,11.46388053894043,9.683847427368164
1790852780994420216,0x69,joint_3,-0.4586602555778067,0.5442086596950912,0.5442086596950912,0.5441409252156544,0.08303516551481549,0.5270894341022876,21.47197723388672,19.691944122314453
1790852781004420376,0x68,joint_2,-0.9894176081862386,0.9958739628801395,0.9958739628801395,1.0014083476658993,-0.08726646259971647,1.0681415022205298,31.472206115722656,29.69217300415039
1790852781014403916,0x69,joint_3,-0.4586602555778067,0.5442086596950912,0.5442086596950912,0.5441409252156544,0.08303516551481549,0.5288347633542818,41.455745697021484,39.67571258544922
1790852781024384199,0x68,joint_2,-0.9863496466104673,0.9958739628801395,0.9958739628801395,1.0014083476658993,-0.08726646259971647,1.0663961729685354,0.8857250213623047,49.655914306640625
1790852781034938131,0x69,joint_3,-0.46019423636569234,0.5457426404829768,0.5457426404829768,0.54719982621781,0.06124097821848241,0.5288347633542818,11.439800262451172,10.256290435791016
1790852781044814698,0x68,joint_2,-0.9863496466104673,0.9928060013043682,0.9928060013043682,0.9970511117208024,-0.08726646259971647,1.064650843716541,21.316051483154297,20.13254165649414
1790852781056050993,0x69,joint_3,-0.46019423636569234,0.5457426404829768,0.5457426404829768,0.54719982621781,0.06124097821848241,0.5305800926062761,32.552480697631836,31.36897087097168
1790852781064767498,0x68,joint_2,-0.9863496466104673,0.9928060013043682,0.9928060013043682,0.9970511117208024,-0.08726646259971647,1.0629055144645467,41.26906394958496,40.085554122924805
1790852781075032615,0x69,joint_3,-0.4632621979414636,0.5457426404829768,0.5457426404829768,0.54719982621781,0.06124097821848241,0.5323254218582705,1.1749267578125,50.35066604614258
1790852781084541368,0x68,joint_2,-0.983281685034696,0.989738039728597,0.989738039728597,0.9926191321377299,-0.08726646259971647,1.0611601852125525,10.683774948120117,8.807897567749023
1790852781094451233,0x69,joint_3,-0.4632621979414636,0.5488106020587481,0.5488106020587481,0.5491853647375513,0.03906203745197213,0.5323254218582705,20.593643188476562,18.71776580810547
1790852781104480859,0x68,joint_2,-0.983281685034696,0.989738039728597,0.989738039728597,0.9926191321377299,-0.08726646259971647,1.0611601852125525,30.623197555541992,28.7473201751709
1790852781114612919,0x69,joint_3,-0.4632621979414636,0.5488106020587481,0.5488106020587481,0.5491853647375513,0.03906203745197213,0.5340707511102649,40.755271911621094,38.87939453125
1790852781124352076,0x68,joint_2,-0.9802137234589248,0.989738039728597,0.989738039728597,0.9926191321377299,-0.08726646259971647,1.059414855960558,0.5977153778076172,48.61855506896973
1790852781134570600,0x69,joint_3,-0.46479617872934925,0.5503445828466338,0.5503445828466338,0.5503445828466338,0.02361117670113587,0.5340707511102649,10.816097259521484,9.94110107421875
1790852781144681984,0x68,joint_2,-0.9802137234589248,0.9866700781528257,0.9866700781528257,0.9883362760167244,-0.08726646259971647,1.0576695267085636,20.92766761779785,20.052671432495117
1790852781154662680,0x69,joint_3,-0.46479617872934925,0.5503445828466338,0.5503445828466338,0.5503445828466338,0.02361117670113587,0.5358160803622593,30.90834617614746,30.033349990844727
1790852781164667788,0x68,joint_2,-0.9802137234589248,0.9866700781528257,0.9866700781528257,0.9883362760167244,-0.08726646259971647,1.0559241974565694,40.91358184814453,40.0385856628418
1790852781174565939,0x69,joint_3,-0.4663301595172349,0.5503445828466338,0.5503445828466338,0.5503445828466338,0.02361117670113587,0.5358160803622593,0.8940696716308594,49.936532974243164
1790852781184760438,0x68,joint_2,-0.9756117810952678,0.9820681357891687,0.9820681357891687,0.9839505181627819,-0.08726646259971647,1.0541788682045752,11.088371276855469,9.747505187988281
1790852781194894219,0x69,joint_3,-0.4663301595172349,0.5518785636345195,0.5518785636345195,0.5518785636345195,0.030505533490430146,0.5375614096142535,21.222591400146484,19.881725311279297
1790852781205070122,0x68,joint_2,-0.9756117810952678,0.9820681357891687,0.9820681357891687,0.9839505181627819,-0.08726646259971647,1.0524335389525807,31.398296356201172,30.057430267333984
1790852781214957317,0x69,joint_3,-0.4663301595172349,0.5518785636345195,0.5518785636345195,0.5518785636345195,0.030505533490430146,0.5393067388662478,41.28551483154297,39.94464874267578
1790852781225040739,0x68,joint_2,-0.9725438195194965,0.9820681357891687,0.9820681357891687,0.9839505181627819,-0.08726646259971647,1.0506882097005865,0.019311904907226562,50.02784729003906
1790852781235059625,0x69,joint_3,-0.4678641403051205,0.5518785636345195,0.5518785636345195,0.5518785636345195,0.030505533490430146,0.5393067388662478,10.038375854492188,9.101390838623047
1790852781245223422,0x68,joint_2,-0.9725438195194965,0.9820681357891687,0.9820681357891687,0.9839505181627819,-0.08726646259971647,1.048942880448592,20.202159881591797,19.265174865722656
1790852781255044162,0x69,joint_3,-0.4678641403051205,0.5518785636345195,0.5518785636345195,0.5518785636345195,0.030505533490430146,0.5410520681182421,30.022859573364258,29.085874557495117
1790852781265181792,0x68,joint_2,-0.9725438195194965,0.9820681357891687,0.9820681357891687,0.9839505181627819,-0.08726646259971647,1.0471975511965976,40.160417556762695,39.223432540893555
1790852781275026113,0x69,joint_3,-0.4678641403051205,0.5518785636345195,0.5518785636345195,0.5518785636345195,0.030505533490430146,0.5410520681182421,50.00495910644531,49.06797409057617
1790852781285059331,0x68,joint_2,-0.9694758579437253,0.9790001742133975,0.9790001742133975,0.9790001742133975,-0.04910657488749568,1.0471975511965976,9.977340698242188,8.713483810424805
1790852781295221294,0x69,joint_3,-0.46939812109300616,0.553412544422405,0.553412544422405,0.553412544422405,0.015206154297989605,0.5427973973702365,20.139217376708984,18.8753604888916
1790852781304966698,0x68,joint_2,-0.9694758579437253,0.9790001742133975,0.9790001742133975,0.9790001742133975,-0.04910657488749568,1.0454522219446034,29.88457679748535,28.62071990966797
1790852781314919736,0x69,joint_3,-0.46939812109300616,0.553412544422405,0.553412544422405,0.553412544422405,0.015206154297989605,0.5427973973702365,39.83759880065918,38.5737419128418
1790852781324942556,0x68,joint_2,-0.966407896367954,0.9790001742133975,0.9790001742133975,0.9790001742133975,-0.04910657488749568,1.0437068926926092,0.41604042053222656,48.59662055969238
1790852781334939811,0x69,joint_3,-0.46939812109300616,0.5549465252102906,0.5549465252102906,0.5549465252102906,0.03078115787248808,0.5445427266222309,10.413408279418945,8.772134780883789
1790852781344978539,0x68,joint_2,-0.966407896367954,0.9759322126376262,0.9759322126376262,0.9759322126376262,-0.06164918365480437,1.0419615634406147,20.452022552490234,18.810749053955078
1790852781354900837,0x69,joint_3,-0.46939812109300616,0.5549465252102906,0.5549465252102906,0.5549465252102906,0.03078115787248808,0.5445427266222309,30.37428855895996,28.733015060424805
1790852781365077095,0x68,joint_2,-0.966407896367954,0.9759322126376262,0.9759322126376262,0.9759322126376262,-0.06164918365480437,1.0402162341886205,40.55047035217285,38.909196853637695
1790852781374942212,0x69,joint_3,-0.47093210188089185,0.5549465252102906,0.5549465252102906,0.5549465252102906,0.03078115787248808,0.5462880558742251,0.4527568817138672,48.77448081970215
1790852781385054459,0x68,joint_2,-0.961805954004297,0.9728642510618549,0.9728642510618549,0.9728642510618549,-0.06150126623041186,1.038470904936626,10.565042495727539,8.897542953491211
1790852781395077699,0x69,joint_3,-0.47093210188089185,0.5549465252102906,0.5549465252102906,0.5553953165578667,0.008983726881518281,0.5462880558742251,20.588159561157227,18.9206600189209
1790852781405217299,0x68,joint_2,-0.961805954004297,0.9728642510618549,0.9728642510618549,0.9728642510618549,-0.06150126623041186,1.0367255756846319,30.727863311767578,29.06036376953125
1790852781415197448,0x69,joint_3,-0.47093210188089185,0.5549465252102906,0.5549465252102906,0.5553953165578667,0.008983726881518281,0.5462880558742251,40.708065032958984,39.040565490722656
1790852781425014784,0x68,joint_2,-0.9587379924285258,0.9728642510618549,0.9728642510618549,0.9728642510618549,-0.06150126623041186,1.0349802464326374,0.1277923583984375,48.857927322387695
1790852781435061372,0x69,joint_3,-0.47093210188089185,0.5564805059981763,0.5564805059981763,0.5564805059981763,0.021668930863695222,0.5480333851262195,10.174274444580078,8.75711441040039
1790852781449588502,0x68,joint_2,-0.9587379924285258,0.968262308698198,0.968262308698198,0.9686976608531338,-0.0833207708368681,1.0332349171806432,24.701356887817383,23.284196853637695
1790852781456353091,0x69,joint_3,-0.47093210188089185,0.5564805059981763,0.5564805059981763,0.5564805059981763,0.021668930863695222,0.5480333851262195,31.466007232666016,30.048847198486328
1790852781466222696,0x68,joint_2,-0.9587379924285258,0.968262308698198,0.968262308698198,0.9686976608531338,-0.0833207708368681,1.0332349171806432,41.3355827331543,39.91842269897461
1790852781476031814,0x69,joint_3,-0.4740000634566631,0.5564805059981763,0.5564805059981763,0.5564805059981763,0.021668930863695222,0.5480333851262195,1.3051033020019531,49.727439880371094
1790852781485821335,0x68,joint_2,-0.9556700308527545,0.9651943471224267,0.9651943471224267,0.9651943471224267,-0.06906495160870997,1.031489587928649,11.094808578491211,8.910417556762695
1790852781495808580,0x69,joint_3,-0.4740000634566631,0.5564805059981763,0.5564805059981763,0.5564805059981763,0.0,0.5497787143782138,21.081924438476562,18.897533416748047
1790852781506034194,0x68,joint_2,-0.9556700308527545,0.9651943471224267,0.9651943471224267,0.9651943471224267,-0.06906495160870997,1.0297442586766545,31.307697296142578,29.123306274414062
1790852781516059549,0x69,joint_3,-0.4740000634566631,0.5564805059981763,0.5564805059981763,0.5564805059981763,0.0,0.5497787143782138,41.33319854736328,39.148807525634766
1790852781526010130,0x68,joint_2,-0.9526020692769832,0.9651943471224267,0.9651943471224267,0.9651943471224267,-0.06906495160870997,1.0279989294246603,1.5747547149658203,49.09920692443848
1790852781534712916,0x69,joint_3,-0.4740000634566631,0.5595484675739476,0.5595484675739476,0.5575695365623834,0.021798606033565832,0.5515240436302081,10.277509689331055,7.817506790161133
1790852781544891339,0x68,joint_2,-0.9526020692769832,0.9621263855466554,0.9621263855466554,0.9621263855466554,-0.061468991775581336,1.0262536001726656,20.45607566833496,17.99607276916504
1790852781554741864,0x69,joint_3,-0.4740000634566631,0.5595484675739476,0.5595484675739476,0.5575695365623834,0.021798606033565832,0.5515240436302081,30.306339263916016,27.846336364746094
1790852781564793094,0x68,joint_2,-0.9526020692769832,0.9621263855466554,0.9621263855466554,0.9621263855466554,-0.061468991775581336,1.0245082709206714,40.35758972167969,37.897586822509766
1790852781574863210,0x69,joint_3,-0.4740000634566631,0.5595484675739476,0.5595484675739476,0.5575695365623834,0.021798606033565832,0.5532693728822026,0.5006790161132812,47.96767234802246
1790852781585050967,0x68,joint_2,-0.9480001269133262,0.9590584239708841,0.9590584239708841,0.9590584239708841,-0.06293332745373623,1.0227629416686772,10.688543319702148,9.301424026489258
1790852781594856642,0x69,joint_3,-0.4740000634566631,0.5595484675739476,0.5595484675739476,0.5595484675739476,0.040533918764432,0.5532693728822026,20.49422264099121,19.10710334777832
1790852781605066435,0x68,joint_2,-0.9480001269133262,0.9590584239708841,0.9590584239708841,0.9590584239708841,-0.06293332745373623,1.0210176124166828,30.704021453857422,29.31690216064453
1790852781615042128,0x69,joint_3,-0.4740000634566631,0.5595484675739476,0.5595484675739476,0.5595484675739476,0.040533918764432,0.5532693728822026,40.6796932220459,39.29257392883301
1790852781624867684,0x68,joint_2,-0.944932165337555,0.9590584239708841,0.9590584239708841,0.9590584239708841,-0.06293332745373623,1.0192722831646885,0.5500316619873047,49.1180419921875
1790852781635035267,0x69,joint_3,-0.47553404424454876,0.5595484675739476,0.5595484675739476,0.5604843889926335,0.018725244363065534,0.5550147021341968,10.71786880493164,9.27591323852539
1790852781645048927,0x68,joint_2,-0.944932165337555,0.9544564816072272,0.9544564816072272,0.9548306561130427,-0.08471009200053234,1.017526953912694,20.731210708618164,19.289255142211914
1790852781654770809,0x69,joint_3,-0.47553404424454876,0.5595484675739476,0.5595484675739476,0.5604843889926335,0.018725244363065534,0.5550147021341968,30.453205108642578,29.011249542236328
1790852781664896134,0x68,joint_2,-0.944932165337555,0.9544564816072272,0.9544564816072272,0.9548306561130427,-0.08471009200053234,1.017526953912694,40.578603744506836,39.136648178100586
1790852781674873457,0x69,joint_3,-0.47553404424454876,0.5595484675739476,0.5595484675739476,0.5604843889926335,0.018725244363065534,0.5550147021341968,0.5757808685302734,49.11375045776367
1790852781684888160,0x68,joint_2,-0.940330222973898,0.9513885200314559,0.9513885200314559,0.9513885200314559,-0.0689736681401143,1.0157816246606999,10.590553283691406,9.10496711730957
1790852781695049747,0x69,joint_3,-0.47553404424454876,0.5610824483618333,0.5610824483618333,0.5610824483618333,0.011962516419505988,0.5567600313861911,20.7521915435791,19.266605377197266
1790852781705065279,0x68,joint_2,-0.940330222973898,0.9513885200314559,0.9513885200314559,0.9513885200314559,-0.0689736681401143,1.0140362954087057,30.76767921447754,29.282093048095703
1790852781715040106,0x69,joint_3,-0.47553404424454876,0.5610824483618333,0.5610824483618333,0.5610824483618333,0.011962516419505988,0.5567600313861911,40.74263572692871,39.257049560546875
1790852781724875703,0x68,joint_2,-0.9357282806102412,0.9513885200314559,0.9513885200314559,0.9513885200314559,-0.0689736681401143,1.0122909661567112,0.4734992980957031,49.092769622802734
1790852781734890394,0x69,joint_3,-0.47553404424454876,0.5610824483618333,0.5610824483618333,0.5610824483618333,0.0,0.5567600313861911,10.488271713256836,9.110689163208008
1790852781744846678,0x68,joint_2,-0.9357282806102412,0.9467865776677991,0.9467865776677991,0.9470350720616039,-0.08726646259971647,1.010545636904717,20.444393157958984,19.066810607910156
1790852781754746653,0x69,joint_3,-0.47553404424454876,0.5610824483618333,0.5610824483618333,0.5610824483618333,0.0,0.5585053606381855,30.344247817993164,28.966665267944336
1790852781764763828,0x68,joint_2,-0.9357282806102412,0.9467865776677991,0.9467865776677991,0.9470350720616039,-0.08726646259971647,1.0088003076527223,40.361642837524414,38.984060287475586
1790852781774879034,0x69,joint_3,-0.47553404424454876,0.5610824483618333,0.5610824483618333,0.5610824483618333,0.0,0.5585053606381855,0.6060600280761719,49.098968505859375
1790852781784889929,0x68,joint_2,-0.9326603190344699,0.9421846353041421,0.9421846353041421,0.9426811515439729,-0.08726646259971647,1.007054978400728,10.61701774597168,9.117841720581055
1790852781795033140,0x69,joint_3,-0.47553404424454876,0.5610824483618333,0.5610824483618333,0.5610824483618333,0.0,0.5585053606381855,20.760297775268555,19.26112174987793
1790852781805058179,0x68,joint_2,-0.9326603190344699,0.9421846353041421,0.9421846353041421,0.9426811515439729,-0.08726646259971647,1.0053096491487339,30.785560607910156,29.28638458251953
1790852781815049903,0x69,joint_3,-0.47553404424454876,0.5610824483618333,0.5610824483618333,0.5610824483618333,0.0,0.5585053606381855,40.77720642089844,39.27803039550781
1790852781824852792,0x68,joint_2,-0.9295923574586986,0.9421846353041421,0.9421846353041421,0.9426811515439729,-0.08726646259971647,1.0035643198967394,0.16832351684570312,49.080848693847656
1790852781835050365,0x69,joint_3,-0.47553404424454876,0.5610824483618333,0.5610824483618333,0.5610824483618333,0.0,0.5602506898901798,10.365724563598633,9.264945983886719
1790852781844779119,0x68,joint_2,-0.9295923574586986,0.9391166737283708,0.9391166737283708,0.9391166737283708,-0.0714293521243113,1.0035643198967394,20.09439468383789,18.993616104125977
1790852781854892692,0x69,joint_3,-0.47553404424454876,0.5610824483618333,0.5610824483618333,0.5610824483618333,0.0,0.5602506898901798,30.208349227905273,29.10757064819336
1790852781864893818,0x68,joint_2,-0.9295923574586986,0.9391166737283708,0.9391166737283708,0.9391166737283708,-0.0714293521243113,1.0018189906447452,40.209293365478516,39.1085147857666
1790852781874878263,0x69,joint_3,-0.47553404424454876,0.5610824483618333,0.5610824483618333,0.5610824483618333,0.0,0.5602506898901798,0.46539306640625,49.093008041381836
1790852781884897946,0x68,joint_2,-0.9249904150950417,0.9360487121525995,0.9360487121525995,0.9360487121525995,-0.06149282591037917,1.0000736613927508,10.485172271728516,9.123086929321289
1790852781895035718,0x69,joint_3,-0.47553404424454876,0.5610824483618333,0.5610824483618333,0.5610824483618333,0.0,0.5602506898901798,20.622730255126953,19.260644912719727
1790852781905050646,0x68,joint_2,-0.9249904150950417,0.9360487121525995,0.9360487121525995,0.9360487121525995,-0.06149282591037917,0.9983283321407566,30.637741088867188,29.27565574645996
1790852781914902108,0x69,joint_3,-0.47553404424454876,0.5610824483618333,0.5610824483618333,0.5610824483618333,0.0,0.5602506898901798,40.48919677734375,39.12711143493652
1790852781924875509,0x68,joint_2,-0.9219224535192704,0.9360487121525995,0.9360487121525995,0.9360487121525995,-0.06149282591037917,0.9965830028887623,0.3840923309326172,49.100637435913086
1790852781934874618,0x69,joint_3,-0.47553404424454876,0.5610824483618333,0.5610824483618333,0.5610824483618333,0.0,0.5602506898901798,10.383129119873047,9.095430374145508
1790852781944896954,0x68,joint_2,-0.9219224535192704,0.9314467697889426,0.9314467697889426,0.9318940767691251,-0.08326444391740441,0.9948376736367679,20.40553092956543,19.11783218383789
1790852781954728946,0x69,joint_3,-0.47553404424454876,0.5610824483618333,0.5610824483618333,0.5610824483618333,0.0,0.5619960191421741,30.237436294555664,28.949737548828125
1790852781964768465,0x68,joint_2,-0.9219224535192704,0.9314467697889426,0.9314467697889426,0.9318940767691251,-0.08326444391740441,0.9930923443847736,40.27700424194336,38.98930549621582
1790852781974789259,0x69,joint_3,-0.47553404424454876,0.5610824483618333,0.5610824483618333,0.5610824483618333,0.0,0.5619960191421741,0.7035732269287109,49.01003837585449
1790852781984737232,0x68,joint_2,-0.9188544919434991,0.9283788082131713,0.9283788082131713,0.9283788082131713,-0.07059959351159734,0.9913470151327791,10.651588439941406,9.053468704223633
1790852781994776378,0x69,joint_3,-0.47553404424454876,0.5610824483618333,0.5610824483618333,0.5610824483618333,0.0,0.5619960191421741,20.6906795501709,19.092559814453125
1790852782004902187,0x68,joint_2,-0.9188544919434991,0.9283788082131713,0.9283788082131713,0.9283788082131713,-0.07059959351159734,0.9896016858807849,30.81655502319336,29.218435287475586
1790852782015038074,0x69,joint_3,-0.47553404424454876,0.5610824483618333,0.5610824483618333,0.5610824483618333,0.0,0.5619960191421741,40.952205657958984,39.35408592224121
1790852782024874456,0x68,joint_2,-0.9142525495798421,0.9283788082131713,0.9283788082131713,0.9283788082131713,-0.07059959351159734,0.9878563566287907,0.3650188446044922,49.19075965881348
1790852782035045668,0x69,joint_3,-0.47553404424454876,0.5610824483618333,0.5610824483618333,0.5610824483618333,0.0,0.5619960191421741,10.53619384765625,9.261369705200195
1790852782045045886,0x68,joint_2,-0.9142525495798421,0.9253108466374,0.9253108466374,0.9253108466374,-0.06132604921713674,0.9878563566287907,20.536184310913086,19.26136016845703
1790852782054876794,0x69,joint_3,-0.47553404424454876,0.5610824483618333,0.5610824483618333,0.5610824483618333,0.0,0.5619960191421741,30.367136001586914,29.09231185913086
1790852782065058158,0x68,joint_2,-0.9142525495798421,0.9253108466374,0.9253108466374,0.9253108466374,-0.06132604921713674,0.9861110273767962,40.54856300354004,39.273738861083984
1790852782074832935,0x69,joint_3,-0.47553404424454876,0.5610824483618333,0.5610824483618333,0.5610824483618333,0.0,0.5619960191421741,0.11420249938964844,49.048423767089844
1790852782085063295,0x68,joint_2,-0.9096506072161852,0.9207089042737431,0.9207089042737431,0.92116775406196,-0.08308426309598496,0.984365698124802,10.344505310058594,9.28044319152832
1790852782095033443,0x69,joint_3,-0.47553404424454876,0.5610824483618333,0.5610824483618333,0.5610824483618333,0.0,0.5619960191421741,20.314693450927734,19.25063133239746
1790852782105074120,0x68,joint_2,-0.9096506072161852,0.9207089042737431,0.9207089042737431,0.92116775406196,-0.08308426309598496,0.9826203688728075,30.35569190979004,29.291629791259766
1790852782115030549,0x69,joint_3,-0.47553404424454876,0.5610824483618333,0.5610824483618333,0.5610824483618333,0.0,0.5619960191421741,40.31181335449219,39.247751235961914
1790852782124845381,0x68,joint_2,-0.9050486648525283,0.9207089042737431,0.9207089042737431,0.92116775406196,-0.08308426309598496,0.9808750396208132,0.1709461212158203,49.06272888183594
1790852782134834864,0x69,joint_3,-0.47553404424454876,0.5610824483618333,0.5610824483618333,0.5610824483618333,0.0,0.5619960191421741,10.160446166992188,9.042739868164062
1790852782144874566,0x68,joint_2,-0.9050486648525283,0.9161069619100862,0.9161069619100862,0.9168139661892195,-0.08726646259971647,0.979129710368819,20.200014114379883,19.082307815551758
1790852782154851347,0x69,joint_3,-0.47553404424454876,0.5610824483618333,0.5610824483618333,0.5610824483618333,0.0,0.5619960191421741,30.176877975463867,29.059171676635742
1790852782164756798,0x68,joint_2,-0.9050486648525283,0.9161069619100862,0.9161069619100862,0.9168139661892195,-0.08726646259971647,0.9773843811168246,40.08221626281738,38.96450996398926
1790852782174854448,0x69,joint_3,-0.47553404424454876,0.5610824483618333,0.5610824483618333,0.5610824483618333,0.0,0.5619960191421741,0.4680156707763672,49.062252044677734
1790852782184770690,0x68,joint_2,-0.9004467224888714,0.9115050195464293,0.9115050195464293,0.9124630059244189,-0.08726646259971647,0.9756390518648304,10.384321212768555,9.016036987304688
1790852782194888403,0x69,joint_3,-0.47553404424454876,0.5610824483618333,0.5610824483618333,0.5610824483618333,0.0,0.5619960191421741,20.502090454101562,19.133806228637695
1790852782204902390,0x68,joint_2,-0.9004467224888714,0.9115050195464293,0.9115050195464293,0.9124630059244189,-0.08726646259971647,0.9738937226128358,30.51590919494629,29.147624969482422
1790852782214763231,0x69,joint_3,-0.47553404424454876,0.5610824483618333,0.5610824483618333,0.5610824483618333,0.0,0.5619960191421741,40.376901626586914,39.00861740112305
1790852782224869546,0x68,joint_2,-0.8958447801252145,0.9115050195464293,0.9115050195464293,0.9124630059244189,-0.08726646259971647,0.9738937226128358,0.4978179931640625,49.11494255065918
1790852782234932150,0x69,joint_3,-0.47553404424454876,0.5610824483618333,0.5610824483618333,0.5610824483618333,0.0,0.5619960191421741,10.56051254272461,9.171485900878906
1790852782244887933,0x68,joint_2,-0.8958447801252145,0.9069030771827723,0.9069030771827723,0.9081079926560324,-0.08726646259971647,0.9721483933608416,20.515918731689453,19.12689208984375
1790852782254899039,0x69,joint_3,-0.47553404424454876,0.5610824483618333,0.5610824483618333,0.5610824483618333,0.0,0.5619960191421741,30.527114868164062,29.13808822631836
1790852782265058889,0x68,joint_2,-0.8958447801252145,0.9069030771827723,0.9069030771827723,0.9081079926560324,-0.08726646259971647,0.9704030641088474,40.68708419799805,39.298057556152344
1790852782274867400,0x69,joint_3,-0.47553404424454876,0.5610824483618333,0.5610824483618333,0.5610824483618333,0.0,0.5619960191421741,0.5419254302978516,49.106597900390625
1790852782285080389,0x68,joint_2,-0.8927768185494431,0.9023011348191154,0.9023011348191154,0.9037538282285592,-0.08726646259971647,0.9686577348568529,10.754823684692383,9.313344955444336
1790852782295038485,0x69,joint_3,-0.47553404424454876,0.5610824483618333,0.5610824483618333,0.5610824483618333,0.0,0.5619960191421741,20.712852478027344,19.271373748779297
1790852782304912680,0x68,joint_2,-0.8927768185494431,0.9023011348191154,0.9023011348191154,0.9037538282285592,-0.08726646259971647,0.9669124056048587,30.587196350097656,29.14571762084961
1790852782315035096,0x69,joint_3,-0.47553404424454876,0.5610824483618333,0.5610824483618333,0.5610824483618333,0.0,0.5619960191421741,40.709733963012695,39.26825523376465
1790852782324863947,0x68,joint_2,-0.8897088569736719,0.9023011348191154,0.9023011348191154,0.9037538282285592,-0.08726646259971647,0.9651670763528641,0.301361083984375,49.09706115722656
1790852782335057026,0x69,joint_3,-0.47553404424454876,0.5610824483618333,0.5610824483618333,0.5610824483618333,0.0,0.5619960191421741,10.494470596313477,9.2926025390625
1790852782345050037,0x68,joint_2,-0.8897088569736719,0.8992331732433442,0.8992331732433442,0.8994004942288512,-0.08726646259971647,0.9634217471008699,20.487546920776367,19.28567886352539
1790852782354774100,0x69,joint_3,-0.47553404424454876,0.5610824483618333,0.5610824483618333,0.5610824483618333,0.0,0.5619960191421741,30.211448669433594,29.009580612182617
1790852782364732914,0x68,joint_2,-0.8897088569736719,0.8992331732433442,0.8992331732433442,0.8994004942288512,-0.08726646259971647,0.9616764178488757,40.17019271850586,38.96832466125488
1790852782374776937,0x69,joint_3,-0.47553404424454876,0.5610824483618333,0.5610824483618333,0.5610824483618333,0.0,0.5619960191421741,0.5898475646972656,49.012184143066406
1790852782385066552,0x68,joint_2,-0.8881748761857863,0.8961652116675728,0.8961652116675728,0.896136957407352,-0.06553921915218086,0.9599310885968813,10.8795166015625,9.404659271240234
1790852782394767350,0x69,joint_3,-0.47553404424454876,0.5610824483618333,0.5610824483618333,0.5610824483618333,0.0,0.5619960191421741,20.580530166625977,19.10567283630371
1790852782404917830,0x68,joint_2,-0.8881748761857863,0.8961652116675728,0.8961652116675728,0.896136957407352,-0.06553921915218086,0.9599310885968813,30.7309627532959,29.256105422973633
1790852782414900572,0x69,joint_3,-0.47553404424454876,0.5610824483618333,0.5610824483618333,0.5610824483618333,0.0,0.5619960191421741,40.71354866027832,39.238691329956055
1790852782424860472,0x68,joint_2,-0.8835729338221293,0.8961652116675728,0.8961652116675728,0.896136957407352,-0.06553921915218086,0.958185759344887,0.6513595581054688,49.19862747192383
1790852782434906195,0x69,joint_3,-0.47553404424454876,0.5610824483618333,0.5610824483618333,0.5610824483618333,0.0,0.5619960191421741,10.697126388549805,9.154558181762695
1790852782445060588,0x68,joint_2,-0.8835729338221293,0.8946312308796872,0.8946312308796872,0.8939504324967108,-0.04371473817653412,0.9564404300928926,20.851612091064453,19.309043884277344
1790852782455103039,0x69,joint_3,-0.47553404424454876,0.5610824483618333,0.5610824483618333,0.5610824483618333,0.0,0.5619960191421741,30.894041061401367,29.351472854614258
1790852782465132335,0x68,joint_2,-0.8835729338221293,0.8946312308796872,0.8946312308796872,0.8939504324967108,-0.04371473817653412,0.9546951008408983,40.923357009887695,39.380788803100586
1790852782475320689,0x69,joint_3,-0.47553404424454876,0.5610824483618333,0.5610824483618333,0.5610824483618333,0.0,0.5619960191421741,0.09465217590332031,49.568891525268555
1790852782485120494,0x68,joint_2,-0.880504972246358,0.8900292885160302,0.8900292885160302,0.8906184515350091,-0.06580728994538954,0.952949771588904,9.894609451293945,8.131980895996094
1790852782495081302,0x69,joint_3,-0.47553404424454876,0.5610824483618333,0.5610824483618333,0.5610824483618333,0.0,0.5619960191421741,19.855499267578125,18.092870712280273
1790852782505013966,0x68,joint_2,-0.880504972246358,0.8900292885160302,0.8900292885160302,0.8906184515350091,-0.06580728994538954,0.9512044423369096,29.78825569152832,28.02562713623047
1790852782515157814,0x69,joint_3,-0.47553404424454876,0.5610824483618333,0.5610824483618333,0.5610824483618333,0.0,0.5619960191421741,39.9320125579834,38.16938400268555
1790852782524897354,0x68,joint_2,-0.880504972246358,0.8900292885160302,0.8900292885160302,0.8906184515350091,-0.06580728994538954,0.9494591130849154,49.67141151428223,47.908782958984375
1790852782534861321,0x69,joint_3,-0.47553404424454876,0.5610824483618333,0.5610824483618333,0.5610824483618333,0.0,0.5619960191421741,8.980989456176758,8.492708206176758
1790852782544584814,0x68,joint_2,-0.8759030298827011,0.886961326940259,0.886961326940259,0.886961326940259,-0.07415003215013873,0.9477137838329209,18.70441436767578,18.21613311767578
1790852782554747650,0x69,joint_3,-0.47553404424454876,0.5610824483618333,0.5610824483618333,0.5610824483618333,0.0,0.5619960191421741,28.867483139038086,28.379201889038086
1790852782564681994,0x68,joint_2,-0.8759030298827011,0.886961326940259,0.886961326940259,0.886961326940259,-0.07415003215013873,0.9459684545809267,38.80167007446289,38.31338882446289
1790852782574744239,0x69,joint_3,-0.47553404424454876,0.5610824483618333,0.5610824483618333,0.5610824483618333,0.0,0.5619960191421741,1.3318061828613281,48.375844955444336
1790852782584736218,0x68,joint_2,-0.8713010875190442,0.8777574422129452,0.8777574422129452,0.8826551919667387,-0.08726646259971647,0.9459684545809267,11.323690414428711,9.453058242797852
1790852782594583399,0x69,joint_3,-0.47553404424454876,0.5610824483618333,0.5610824483618333,0.5610824483618333,0.0,0.5619960191421741,21.170854568481445,19.300222396850586
1790852782604764420,0x68,joint_2,-0.8713010875190442,0.8777574422129452,0.8777574422129452,0.8826551919667387,-0.08726646259971647,0.9442231253289325,31.351804733276367,29.481172561645508
1790852782614653935,0x69,joint_3,-0.47553404424454876,0.5610824483618333,0.5610824483618333,0.5610824483618333,0.0,0.5619960191421741,41.24140739440918,39.37077522277832
1790852782625063705,0x68,joint_2,-0.868233125943273,0.8777574422129452,0.8777574422129452,0.8826551919667387,-0.08726646259971647,0.9424777960769379,1.3861656188964844,49.78060722351074
1790852782634693989,0x69,joint_3,-0.47553404424454876,0.5610824483618333,0.5610824483618333,0.5610824483618333,0.0,0.5619960191421741,11.016368865966797,8.858680725097656
1790852782644692568,0x68,joint_2,-0.868233125943273,0.8746894806371739,0.8746894806371739,0.8782583676780252,-0.08726646259971647,0.9407324668249437,21.014928817749023,18.857240676879883
1790852782654854953,0x69,joint_3,-0.47553404424454876,0.5610824483618333,0.5610824483618333,0.5610824483618333,0.0,0.5619960191421741,31.177282333374023,29.019594192504883
1790852782664853243,0x68,joint_2,-0.868233125943273,0.8746894806371739,0.8746894806371739,0.8782583676780252,-0.08726646259971647,0.9389871375729493,41.17560386657715,39.01791572570801
1790852782674726352,0x69,joint_3,-0.47553404424454876,0.5610824483618333,0.5610824483618333,0.5610824483618333,0.0,0.5619960191421741,0.6322860717773438,48.89106750488281
1790852782685002801,0x68,joint_2,-0.863631183579616,0.8746894806371739,0.8746894806371739,0.8782583676780252,-0.08726646259971647,0.937241808320955,10.90860366821289,9.731292724609375
1790852782694849188,0x69,joint_3,-0.47553404424454876,0.5610824483618333,0.5610824483618333,0.5610824483618333,0.0,0.5619960191421741,20.755290985107422,19.577980041503906
1790852782704821233,0x68,joint_2,-0.863631183579616,0.8746894806371739,0.8746894806371739,0.8782583676780252,-0.08726646259971647,0.9354964790689608,30.727148056030273,29.549837112426758
1790852782714845210,0x69,joint_3,-0.47553404424454876,0.5610824483618333,0.5610824483618333,0.5610824483618333,0.0,0.5619960191421741,40.750980377197266,39.57366943359375
1790852782726756744,0x68,joint_2,-0.859029241215959,0.8746894806371739,0.8746894806371739,0.8782583676780252,-0.08726646259971647,0.9337511498169663,2.342700958251953,51.485538482666016
1790852782735698654,0x69,joint_3,-0.4724660826687775,0.5610824483618333,0.5610824483618333,0.5610824483618333,0.0,0.5619960191421741,11.284351348876953,7.309913635253906
1790852782745999022,0x68,joint_2,-0.859029241215959,0.8700875382735169,0.8700875382735169,0.8700875382735169,-0.07974878583074488,0.932005820564972,21.584749221801758,17.61031150817871
1790852782756002570,0x69,joint_3,-0.4724660826687775,0.5610824483618333,0.5610824483618333,0.5610824483618333,0.0,0.5619960191421741,31.588315963745117,27.61387825012207
1790852782766290553,0x68,joint_2,-0.859029241215959,0.8700875382735169,0.8700875382735169,0.8700875382735169,-0.07974878583074488,0.9302604913129776,41.87607765197754,37.90163993835449
1790852782775643247,0x69,joint_3,-0.4724660826687775,0.5610824483618333,0.5610824483618333,0.5610824483618333,0.0,0.5619960191421741,1.6078948974609375,47.25456237792969
1790852782785646926,0x68,joint_2,-0.8544272988523022,0.8654855959098601,0.8654855959098601,0.8659012462457458,-0.08726646259971647,0.9302604913129776,11.611461639404297,9.230852127075195
1790852782795736139,0x69,joint_3,-0.4724660826687775,0.558014486786062,0.558014486786062,0.5600763421402648,-0.020952247010267686,0.5619960191421741,21.700620651245117,19.320011138916016
1790852782805916706,0x68,joint_2,-0.8544272988523022,0.8654855959098601,0.8654855959098601,0.8659012462457458,-0.08726646259971647,0.9285151620609834,31.881332397460938,29.500722885131836
1790852782814827366,0x69,joint_3,-0.4724660826687775,0.558014486786062,0.558014486786062,0.5600763421402648,-0.020952247010267686,0.5619960191421741,40.791988372802734,38.41137886047363
1790852782824645068,0x68,joint_2,-0.8482913757007596,0.8654855959098601,0.8654855959098601,0.8659012462457458,-0.08726646259971647,0.9267698328089892,0.6666183471679688,48.229217529296875
1790852782835000044,0x69,joint_3,-0.4724660826687775,0.558014486786062,0.558014486786062,0.558014486786062,-0.04209745100714083,0.5619960191421741,11.021614074707031,9.581565856933594
1790852782844711379,0x68,joint_2,-0.8482913757007596,0.8608836535462031,0.8608836535462031,0.8616311615714842,-0.08726646259971647,0.9250245035569946,20.732879638671875,19.292831420898438
1790852782854751010,0x69,joint_3,-0.4724660826687775,0.558014486786062,0.558014486786062,0.558014486786062,-0.04209745100714083,0.5619960191421741,30.77244758605957,29.332399368286133
1790852782864742477,0x68,joint_2,-0.8482913757007596,0.8608836535462031,0.8608836535462031,0.8616311615714842,-0.08726646259971647,0.9232791743050004,40.76385498046875,39.32380676269531
1790852782874779548,0x69,joint_3,-0.4740000634566631,0.558014486786062,0.558014486786062,0.558014486786062,-0.04209745100714083,0.5619960191421741,0.7140636444091797,49.36099052429199
1790852782884852742,0x68,joint_2,-0.842155452549217,0.8547477303946606,0.8547477303946606,0.857260888453178,-0.08726646259971647,0.921533845053006,10.787248611450195,9.272336959838867
1790852782894841818,0x69,joint_3,-0.4740000634566631,0.558014486786062,0.558014486786062,0.5570006465104719,-0.020225577360573715,0.5619960191421741,20.77627182006836,19.26136016845703
1790852782904847321,0x68,joint_2,-0.842155452549217,0.8547477303946606,0.8547477303946606,0.857260888453178,-0.08726646259971647,0.9197885158010117,30.78174591064453,29.266834259033203
1790852782914811133,0x69,joint_3,-0.4740000634566631,0.558014486786062,0.558014486786062,0.5570006465104719,-0.020225577360573715,0.5619960191421741,40.74549674987793,39.2305850982666
1790852782924778314,0x68,joint_2,-0.8375535101855601,0.8547477303946606,0.8547477303946606,0.857260888453178,-0.08726646259971647,0.9180431865490175,0.522613525390625,49.19791221618652
1790852782934843883,0x69,joint_3,-0.4740000634566631,0.5595484675739476,0.5595484675739476,0.5570795369457225,0.0015787014291264523,0.5619960191421741,10.58816909790039,9.272575378417969
1790852782944852487,0x68,joint_2,-0.8375535101855601,0.848611807243118,0.848611807243118,0.852904000003032,-0.08726646259971647,0.9162978572970231,20.596742630004883,19.28114891052246
1790852782954855544,0x69,joint_3,-0.4740000634566631,0.5595484675739476,0.5595484675739476,0.5570795369457225,0.0015787014291264523,0.5619960191421741,30.599594116210938,29.284000396728516
1790852782964937282,0x68,joint_2,-0.8375535101855601,0.848611807243118,0.848611807243118,0.852904000003032,-0.08726646259971647,0.9145525280450287,40.68136215209961,39.36576843261719
1790852782975037777,0x69,joint_3,-0.47553404424454876,0.5595484675739476,0.5595484675739476,0.5570795369457225,0.0015787014291264523,0.5619960191421741,1.3878345489501953,49.46637153625488
1790852782984695144,0x68,joint_2,-0.8329515678219032,0.8394079225158041,0.8394079225158041,0.8485227701438892,-0.08726646259971647,0.9145525280450287,11.045217514038086,8.871316909790039
1790852782995001183,0x69,joint_3,-0.47553404424454876,0.5610824483618333,0.5610824483618333,0.5582606912049253,0.0235049586632105,0.5602506898901798,21.351337432861328,19.17743682861328
1790852783004849584,0x68,joint_2,-0.8329515678219032,0.8394079225158041,0.8394079225158041,0.8485227701438892,-0.08726646259971647,0.9128071987930343,31.19969367980957,29.025793075561523
1790852783015001789,0x69,joint_3,-0.47553404424454876,0.5610824483618333,0.5610824483618333,0.5582606912049253,0.0235049586632105,0.5602506898901798,41.352033615112305,39.17813301086426
1790852783025232034,0x68,joint_2,-0.8298836062461319,0.8394079225158041,0.8394079225158041,0.8485227701438892,-0.08726646259971647,0.9110618695410401,1.3458728790283203,49.4084358215332
1790852783034586004,0x69,joint_3,-0.47553404424454876,0.5610824483618333,0.5610824483618333,0.5605376484738968,0.045392199934027835,0.5602506898901798,10.699748992919922,8.579254150390625
1790852783044670415,0x68,joint_2,-0.8298836062461319,0.8363399609400328,0.8363399609400328,0.8441493810019787,-0.08726646259971647,0.9093165402890458,20.78413963317871,18.663644790649414
1790852783054552898,0x69,joint_3,-0.47553404424454876,0.5610824483618333,0.5610824483618333,0.5605376484738968,0.045392199934027835,0.5602506898901798,30.666589736938477,28.54609489440918
1790852783064692918,0x68,joint_2,-0.8298836062461319,0.8363399609400328,0.8363399609400328,0.8441493810019787,-0.08726646259971647,0.9075712110370514,40.80677032470703,38.686275482177734
1790852783074654413,0x69,joint_3,-0.47553404424454876,0.5610824483618333,0.5610824483618333,0.5605376484738968,0.045392199934027835,0.5602506898901798,1.0712146759033203,48.64764213562012
1790852783084835893,0x68,joint_2,-0.8268156446703606,0.8332719993642616,0.8332719993642616,0.8398525655630036,-0.08726646259971647,0.9058258817850572,11.252641677856445,9.659767150878906
1790852783095193646,0x69,joint_3,-0.47553404424454876,0.5610824483618333,0.5610824483618333,0.5617149145329459,0.02389348509848334,0.5602506898901798,21.610260009765625,20.017385482788086
1790852783108224538,0x68,joint_2,-0.8268156446703606,0.8332719993642616,0.8332719993642616,0.8398525655630036,-0.08726646259971647,0.9040805525330626,34.641265869140625,33.048391342163086
1790852783115070888,0x69,joint_3,-0.47553404424454876,0.5610824483618333,0.5610824483618333,0.5617149145329459,0.02389348509848334,0.5585053606381855,41.487693786621094,39.894819259643555
1790852783125071070,0x68,joint_2,-0.8268156446703606,0.8332719993642616,0.8332719993642616,0.8398525655630036,-0.08726646259971647,0.9023352232810684,51.48792266845703,49.89504814147949
1790852783135096648,0x69,joint_3,-0.47553404424454876,0.5610824483618333,0.5610824483618333,0.5617149145329459,0.02389348509848334,0.5585053606381855,9.897947311401367,9.122610092163086
1790852783145281656,0x68,joint_2,-0.8252816638824749,0.8332719993642616,0.8332719993642616,0.8398525655630036,-0.08726646259971647,0.9005898940290742,20.082712173461914,19.307374954223633
1790852783155238224,0x69,joint_3,-0.47553404424454876,0.5610824483618333,0.5610824483618333,0.5617149145329459,0.02389348509848334,0.5585053606381855,30.039310455322266,29.263973236083984
1790852783165066822,0x68,joint_2,-0.8252816638824749,0.8332719993642616,0.8332719993642616,0.8398525655630036,-0.08726646259971647,0.9005898940290742,39.86811637878418,39.0927791595459
1790852783175088135,0x69,joint_3,-0.47553404424454876,0.5610824483618333,0.5610824483618333,0.5617149145329459,0.02389348509848334,0.5585053606381855,49.889326095581055,49.11398887634277
1790852783185127964,0x68,joint_2,-0.8222137023067037,0.831738018576376,0.831738018576376,0.831738018576376,-0.08056545178794307,0.8988445647770797,9.83285903930664,8.760929107666016
1790852783194927485,0x69,joint_3,-0.47553404424454876,0.5610824483618333,0.5610824483618333,0.5610824483618333,-0.006275053958333762,0.5585053606381855,19.632339477539062,18.560409545898438
1790852783205291446,0x68,joint_2,-0.8222137023067037,0.831738018576376,0.831738018576376,0.831738018576376,-0.08056545178794307,0.8970992355250855,29.996633529663086,28.92470359802246
1790852783214929316,0x69,joint_3,-0.47553404424454876,0.5610824483618333,0.5610824483618333,0.5610824483618333,-0.006275053958333762,0.5585053606381855,39.63446617126465,38.56253623962402
1790852783224945343,0x68,joint_2,-0.8206797215188181,0.831738018576376,0.831738018576376,0.831738018576376,-0.08056545178794307,0.895353906273091,0.058650970458984375,48.578500747680664
1790852783234916011,0x69,joint_3,-0.47553404424454876,0.5610824483618333,0.5610824483618333,0.5610824483618333,0.0,0.5585053606381855,10.029315948486328,8.693456649780273
1790852783244907242,0x68,joint_2,-0.8206797215188181,0.8286700570006046,0.8286700570006046,0.8286700570006046,-0.06167399213529338,0.8936085770210968,20.020484924316406,18.68462562561035
1790852783255025418,0x69,joint_3,-0.47553404424454876,0.5610824483618333,0.5610824483618333,0.5610824483618333,0.0,0.5585053606381855,30.138731002807617,28.802871704101562
1790852783265156115,0x68,joint_2,-0.8206797215188181,0.8286700570006046,0.8286700570006046,0.8286700570006046,-0.06167399213529338,0.8918632477691025,40.26937484741211,38.933515548706055
1790852783275086085,0x69,joint_3,-0.47553404424454876,0.5610824483618333,0.5610824483618333,0.5610824483618333,0.0,0.5585053606381855,50.199270248413086,48.86341094970703
1790852783285082446,0x68,joint_2,-0.8176117599430468,0.827136076212719,0.827136076212719,0.8266759976783855,-0.039828537101072266,0.8901179185171081,9.958028793334961,8.655548095703125
1790852783295104476,0x69,joint_3,-0.4740000634566631,0.5610824483618333,0.5610824483618333,0.5610824483618333,0.0,0.5585053606381855,19.980192184448242,18.677711486816406
1790852783305102029,0x68,joint_2,-0.8176117599430468,0.827136076212719,0.827136076212719,0.8266759976783855,-0.039828537101072266,0.8883725892651139,29.97756004333496,28.675079345703125
1790852783315140024,0x69,joint_3,-0.4740000634566631,0.5610824483618333,0.5610824483618333,0.5610824483618333,0.0,0.5585053606381855,40.01569747924805,38.71321678161621
1790852783325012658,0x68,joint_2,-0.8176117599430468,0.827136076212719,0.827136076212719,0.8266759976783855,-0.039828537101072266,0.8866272600131193,49.88837242126465,48.58589172363281
1790852783335267457,0x69,joint_3,-0.4724660826687775,0.5595484675739476,0.5595484675739476,0.5599982099949201,-0.021750591589127052,0.5585053606381855,10.120153427124023,8.957147598266602
1790852783345238545,0x68,joint_2,-0.8160777791551611,0.8240681146369477,0.8240681146369477,0.8240681146369477,-0.052389402207067254,0.8866272600131193,20.09105682373047,18.928050994873047
1790852783355241342,0x69,joint_3,-0.4724660826687775,0.5595484675739476,0.5595484675739476,0.5599982099949201,-0.021750591589127052,0.5585053606381855,30.093669891357422,28.9306640625
1790852783365130442,0x68,joint_2,-0.8160777791551611,0.8240681146369477,0.8240681146369477,0.8240681146369477,-0.052389402207067254,0.8848819307611251,39.98303413391113,38.82002830505371
1790852783375043593,0x69,joint_3,-0.4724660826687775,0.5595484675739476,0.5595484675739476,0.5599982099949201,-0.021750591589127052,0.5585053606381855,0.05888938903808594,48.73299598693848
1790852783385128795,0x68,joint_2,-0.8130098175793898,0.822534133849062,0.822534133849062,0.822534133849062,-0.030708552425801946,0.8831366015091309,10.14399528503418,8.741378784179688
1790852783394933809,0x69,joint_3,-0.4724660826687775,0.558014486786062,0.558014486786062,0.558014486786062,-0.03965601461168839,0.5585053606381855,19.94919776916504,18.546581268310547
1790852783404857816,0x68,joint_2,-0.8130098175793898,0.822534133849062,0.822534133849062,0.822534133849062,-0.030708552425801946,0.8813912722571364,29.873132705688477,28.470516204833984
1790852783415130325,0x69,joint_3,-0.4724660826687775,0.558014486786062,0.558014486786062,0.558014486786062,-0.03965601461168839,0.5585053606381855,40.1456356048584,38.743019104003906
1790852783425031421,0x68,joint_2,-0.8099418560036186,0.822534133849062,0.822534133849062,0.822534133849062,-0.030708552425801946,0.8796459430051422,0.15616416931152344,48.644065856933594
1790852783434898080,0x69,joint_3,-0.4724660826687775,0.558014486786062,0.558014486786062,0.5571222652911445,-0.017867189839519612,0.5585053606381855,10.023117065429688,8.545637130737305
1790852783444928426,0x68,joint_2,-0.8099418560036186,0.8194661722732908,0.8194661722732908,0.8199181006956106,-0.052465104750519145,0.8779006137531478,20.053386688232422,18.57590675354004
1790852783454927041,0x69,joint_3,-0.4724660826687775,0.558014486786062,0.558014486786062,0.5571222652911445,-0.017867189839519612,0.5585053606381855,30.05194664001465,28.574466705322266
1790852783465140434,0x68,joint_2,-0.8099418560036186,0.8194661722732908,0.8194661722732908,0.8199181006956106,-0.052465104750519145,0.8761552845011534,40.26532173156738,38.787841796875
1790852783475039680,0x69,joint_3,-0.4724660826687775,0.558014486786062,0.558014486786062,0.5571222652911445,-0.017867189839519612,0.5585053606381855,0.050067901611328125,48.68721961975098
1790852783485104975,0x68,joint_2,-0.8068738944278473,0.8163982106975195,0.8163982106975195,0.8163982106975195,-0.07054923247688626,0.8744099552491592,10.11514663696289,8.752584457397461
1790852783499585028,0x69,joint_3,-0.4724660826687775,0.558014486786062,0.558014486786062,0.5573187893425116,0.003933374889919481,0.5585053606381855,24.595260620117188,23.232698440551758
1790852783506452077,0x68,joint_2,-0.8068738944278473,0.8163982106975195,0.8163982106975195,0.8163982106975195,-0.07054923247688626,0.8726646259971648,31.46219253540039,30.09963035583496
1790852783516105453,0x69,joint_3,-0.4724660826687775,0.558014486786062,0.558014486786062,0.5573187893425116,0.003933374889919481,0.5585053606381855,41.115760803222656,39.75319862365723
1790852783524909212,0x68,joint_2,-0.8022719520641903,0.8163982106975195,0.8163982106975195,0.8163982106975195,-0.07054923247688626,0.8726646259971648,0.4584789276123047,48.55704307556152
1790852783535830102,0x69,joint_3,-0.4724660826687775,0.558014486786062,0.558014486786062,0.558014486786062,0.013708556313384827,0.5585053606381855,11.379003524780273,8.90350341796875
1790852783546409581,0x68,joint_2,-0.8022719520641903,0.8133302491217482,0.8133302491217482,0.8133302491217482,-0.06051203876837653,0.8709192967451705,21.958589553833008,19.483089447021484
1790852783555916827,0x69,joint_3,-0.4724660826687775,0.558014486786062,0.558014486786062,0.558014486786062,0.013708556313384827,0.5585053606381855,31.466007232666016,28.990507125854492
1790852783566451782,0x68,joint_2,-0.8022719520641903,0.8133302491217482,0.8133302491217482,0.8133302491217482,-0.06051203876837653,0.8691739674931761,42.000770568847656,39.52527046203613
1790852783575290157,0x69,joint_3,-0.4724660826687775,0.558014486786062,0.558014486786062,0.558014486786062,0.013708556313384827,0.5585053606381855,1.825094223022461,48.363685607910156
1790852783585265942,0x68,joint_2,-0.7992039904884191,0.80566034518232,0.80566034518232,0.8093129791561943,-0.08191152639928109,0.8674286382411819,11.801004409790039,9.431600570678711
1790852783595658816,0x69,joint_3,-0.4724660826687775,0.558014486786062,0.558014486786062,0.558014486786062,0.0,0.5585053606381855,22.19367027282715,19.82426643371582
1790852783605495801,0x68,joint_2,-0.7992039904884191,0.80566034518232,0.80566034518232,0.8093129791561943,-0.08191152639928109,0.8656833089891875,32.03082084655762,29.66141700744629
1790852783615688375,0x69,joint_3,-0.4724660826687775,0.558014486786062,0.558014486786062,0.558014486786062,0.0,0.5585053606381855,42.223453521728516,39.85404968261719
1790852783625583777,0x68,joint_2,-0.7961360289126478,0.80566034518232,0.80566034518232,0.8093129791561943,-0.08191152639928109,0.8639379797371931,1.8267631530761719,49.74937438964844
1790852783635371369,0x69,joint_3,-0.4724660826687775,0.558014486786062,0.558014486786062,0.558014486786062,0.0,0.5585053606381855,11.614322662353516,9.246587753295898
1790852783645295353,0x68,joint_2,-0.7961360289126478,0.8025923836065487,0.8025923836065487,0.8049285219215072,-0.08726646259971647,0.8621926504851989,21.538257598876953,19.170522689819336
1790852783655469535,0x69,joint_3,-0.4724660826687775,0.558014486786062,0.558014486786062,0.558014486786062,0.0,0.5585053606381855,31.71253204345703,29.344797134399414
1790852783665557776,0x68,joint_2,-0.7961360289126478,0.8025923836065487,0.8025923836065487,0.8049285219215072,-0.08726646259971647,0.8604473212332044,41.800737380981445,39.43300247192383
1790852783674460960,0x69,joint_3,-0.4724660826687775,0.558014486786062,0.558014486786062,0.558014486786062,0.0,0.5585053606381855,0.9973049163818359,48.33626747131348
1790852783684738026,0x68,joint_2,-0.7915340865489908,0.7979904412428918,0.7979904412428918,0.8006676668974119,-0.08726646259971647,0.8587019919812102,11.274337768554688,9.74416732788086
1790852783694920283,0x69,joint_3,-0.4724660826687775,0.558014486786062,0.558014486786062,0.558014486786062,0.0,0.5585053606381855,21.456480026245117,19.92630958557129
1790852783705125059,0x68,joint_2,-0.7915340865489908,0.7979904412428918,0.7979904412428918,0.8006676668974119,-0.08726646259971647,0.8587019919812102,31.661510467529297,30.13134002685547
1790852783715108238,0x69,joint_3,-0.4724660826687775,0.558014486786062,0.558014486786062,0.558014486786062,0.0,0.5585053606381855,41.64457321166992,40.114402770996094
1790852783725038309,0x68,joint_2,-0.7884661249732196,0.7979904412428918,0.7979904412428918,0.8006676668974119,-0.08726646259971647,0.856956662729216,0.19025802612304688,50.04453659057617
1790852783735073313,0x69,joint_3,-0.4724660826687775,0.558014486786062,0.558014486786062,0.558014486786062,0.0,0.5585053606381855,10.225057601928711,9.078264236450195
1790852783745104311,0x68,joint_2,-0.7884661249732196,0.7979904412428918,0.7979904412428918,0.8006676668974119,-0.08726646259971647,0.8552113334772214,20.25628089904785,19.109487533569336
1790852783755222658,0x69,joint_3,-0.4724660826687775,0.558014486786062,0.558014486786062,0.558014486786062,0.0,0.5585053606381855,30.374526977539062,29.227733612060547
1790852783765297146,0x68,joint_2,-0.7884661249732196,0.7979904412428918,0.7979904412428918,0.8006676668974119,-0.08726646259971647,0.8534660042252272,40.448904037475586,39.30211067199707
1790852783775057023,0x69,joint_3,-0.4724660826687775,0.558014486786062,0.558014486786062,0.558014486786062,0.0,0.5585053606381855,50.20880699157715,49.06201362609863
1790852783785094352,0x68,joint_2,-0.786932144185334,0.7949224796671205,0.7949224796671205,0.7949224796671205,-0.0569378273489869,0.8517206749732328,9.954690933227539,8.690357208251953
1790852783794961362,0x69,joint_3,-0.4724660826687775,0.558014486786062,0.558014486786062,0.558014486786062,0.0,0.5585053606381855,19.821643829345703,18.557310104370117
1790852783804974922,0x68,joint_2,-0.786932144185334,0.7949224796671205,0.7949224796671205,0.7949224796671205,-0.0569378273489869,0.8499753457212386,29.835224151611328,28.570890426635742
1790852783814916098,0x69,joint_3,-0.4724660826687775,0.558014486786062,0.558014486786062,0.558014486786062,0.0,0.5585053606381855,39.77632522583008,38.51199150085449
1790852783825044001,0x68,joint_2,-0.782330201821677,0.7949224796671205,0.7949224796671205,0.7949224796671205,-0.0569378273489869,0.8482300164692443,0.16379356384277344,48.64001274108887
1790852783835205898,0x69,joint_3,-0.4724660826687775,0.558014486786062,0.558014486786062,0.558014486786062,0.0,0.5585053606381855,10.32567024230957,8.809804916381836
1790852783844941098,0x68,joint_2,-0.782330201821677,0.7933884988792349,0.7933884988792349,0.7931679974463329,-0.03517277527022082,0.8464846872172498,20.06077766418457,18.544912338256836
1790852783854914452,0x69,joint_3,-0.4724660826687775,0.558014486786062,0.558014486786062,0.558014486786062,0.0,0.5585053606381855,30.034303665161133,28.5184383392334
1790852783865128249,0x68,joint_2,-0.782330201821677,0.7933884988792349,0.7933884988792349,0.7931679974463329,-0.03517277527022082,0.8447393579652556,40.24791717529297,38.732051849365234
1790852783875281214,0x69,joint_3,-0.4740000634566631,0.558014486786062,0.558014486786062,0.558014486786062,0.0,0.5585053606381855,0.3025531768798828,48.88510704040527
1790852783885029202,0x68,joint_2,-0.7792622402459057,0.7887865565155779,0.7887865565155779,0.7903079913139586,-0.05704768666316354,0.8429940287132611,10.050535202026367,8.411645889282227
1790852783894951030,0x69,joint_3,-0.4740000634566631,0.558014486786062,0.558014486786062,0.558014486786062,0.0,0.5585053606381855,19.97232437133789,18.33343505859375
1790852783905109276,0x68,joint_2,-0.7792622402459057,0.7887865565155779,0.7887865565155779,0.7903079913139586,-0.05704768666316354,0.8429940287132611,30.130624771118164,28.491735458374023
1790852783915096283,0x69,joint_3,-0.4740000634566631,0.558014486786062,0.558014486786062,0.558014486786062,0.0,0.5585053606381855,40.117740631103516,38.478851318359375
1790852783925068118,0x68,joint_2,-0.7792622402459057,0.7887865565155779,0.7887865565155779,0.7903079913139586,-0.05704768666316354,0.8412486994612669,50.089359283447266,48.450469970703125
1790852783935061907,0x69,joint_3,-0.4740000634566631,0.5595484675739476,0.5595484675739476,0.5590966944689936,0.021730213561728988,0.5585053606381855,9.877920150756836,8.414268493652344
1790852783945234935,0x68,joint_2,-0.7761942786701345,0.7857185949398067,0.7857185949398067,0.7863921981308547,-0.07874532016383395,0.8395033702092727,20.050764083862305,18.587112426757812
1790852783955223062,0x69,joint_3,-0.4740000634566631,0.5595484675739476,0.5595484675739476,0.5590966944689936,0.021730213561728988,0.5585053606381855,30.038833618164062,28.57518196105957
1790852783964968806,0x68,joint_2,-0.7761942786701345,0.7857185949398067,0.7857185949398067,0.7863921981308547,-0.07874532016383395,0.8377580409572782,39.78466987609863,38.32101821899414
1790852783975033652,0x69,joint_3,-0.4740000634566631,0.5595484675739476,0.5595484675739476,0.5590966944689936,0.021730213561728988,0.5585053606381855,0.34928321838378906,48.3858585357666
1790852783985084397,0x68,joint_2,-0.7731263170943632,0.7826506333640354,0.7826506333640354,0.7826506333640354,-0.07507440126138544,0.8360127117052839,10.400056838989258,8.504867553710938
1790852783995236534,0x69,joint_3,-0.4740000634566631,0.5595484675739476,0.5595484675739476,0.5595484675739476,0.00904992025167204,0.5585053606381855,20.55215835571289,18.65696907043457
1790852784005330480,0x68,joint_2,-0.7731263170943632,0.7826506333640354,0.7826506333640354,0.7826506333640354,-0.07507440126138544,0.8342673824532895,30.646085739135742,28.750896453857422
1790852784014912351,0x69,joint_3,-0.4740000634566631,0.5595484675739476,0.5595484675739476,0.5595484675739476,0.00904992025167204,0.5585053606381855,40.22789001464844,38.33270072937012
1790852784024905923,0x68,joint_2,-0.7715923363064775,0.7826506333640354,0.7826506333640354,0.7826506333640354,-0.07507440126138544,0.8325220532012952,0.35762786865234375,48.32649230957031
1790852784035228823,0x69,joint_3,-0.47553404424454876,0.5595484675739476,0.5595484675739476,0.5595484675739476,0.0,0.5585053606381855,10.680437088012695,8.833169937133789
1790852784045077993,0x68,joint_2,-0.7715923363064775,0.7795826717882641,0.7795826717882641,0.7795826717882641,-0.06177041990349728,0.830776723949301,20.529508590698242,18.682241439819336
1790852784054926391,0x69,joint_3,-0.47553404424454876,0.5595484675739476,0.5595484675739476,0.5595484675739476,0.0,0.5602506898901798,30.377864837646484,28.530597686767578
1790852784064759850,0x68,joint_2,-0.7715923363064775,0.7795826717882641,0.7795826717882641,0.7795826717882641,-0.06177041990349728,0.8290313946973066,40.21143913269043,38.36417198181152
1790852784074852685,0x69,joint_3,-0.47553404424454876,0.5595484675739476,0.5595484675739476,0.5595484675739476,0.0,0.5602506898901798,0.5071163177490234,48.45690727233887
1790852784085063607,0x68,joint_2,-0.7715923363064775,0.7780486910003784,0.7780486910003784,0.7775920011750828,-0.04012113333254356,0.8290313946973066,10.718107223510742,9.131193161010742
1790852784094918890,0x69,joint_3,-0.47553404424454876,0.5610824483618333,0.5610824483618333,0.560626045642327,0.021683683520391395,0.5602506898901798,20.57337760925293,18.98646354675293
1790852784105082411,0x68,joint_2,-0.7715923363064775,0.7780486910003784,0.7780486910003784,0.7775920011750828,-0.04012113333254356,0.8272860654453124,30.736923217773438,29.150009155273438
1790852784114909882,0x69,joint_3,-0.47553404424454876,0.5610824483618333,0.5610824483618333,0.560626045642327,0.021683683520391395,0.5602506898901798,40.564537048339844,38.977622985839844
1790852784124853704,0x68,joint_2,-0.7700583555185919,0.7780486910003784,0.7780486910003784,0.7775920011750828,-0.04012113333254356,0.8255407361933178,0.4889965057373047,48.92134666442871
1790852784135054399,0x69,joint_3,-0.47553404424454876,0.5610824483618333,0.5610824483618333,0.5610824483618333,0.00913083655621664,0.5602506898901798,10.689496994018555,9.197711944580078
1790852784144834931,0x68,joint_2,-0.7700583555185919,0.7780486910003784,0.7780486910003784,0.7766764369818651,-0.01834706357418668,0.8237954069413236,20.470142364501953,18.978357315063477
1790852784154895571,0x69,joint_3,-0.47553404424454876,0.5610824483618333,0.5610824483618333,0.5610824483618333,0.00913083655621664,0.5602506898901798,30.530929565429688,29.03914451599121
1790852784164917535,0x68,joint_2,-0.7700583555185919,0.7780486910003784,0.7780486910003784,0.7766764369818651,-0.01834706357418668,0.8220500776893294,40.55285453796387,39.06106948852539
1790852784174850409,0x69,joint_3,-0.47553404424454876,0.5610824483618333,0.5610824483618333,0.5610824483618333,0.00913083655621664,0.5602506898901798,0.4546642303466797,48.993825912475586
1790852784185078049,0x68,joint_2,-0.7700583555185919,0.7765147102124929,0.7765147102124929,0.7765147102124929,-0.0032415141080037835,0.8203047484373349,10.682344436645508,9.280920028686523
1790852784194838209,0x69,joint_3,-0.47553404424454876,0.5610824483618333,0.5610824483618333,0.5610824483618333,0.0,0.5602506898901798,20.442485809326172,19.041061401367188
1790852784205084030,0x68,joint_2,-0.7700583555185919,0.7765147102124929,0.7765147102124929,0.7765147102124929,-0.0032415141080037835,0.8185594191853407,30.68828582763672,29.286861419677734
1790852784214783605,0x69,joint_3,-0.47553404424454876,0.5610824483618333,0.5610824483618333,0.5610824483618333,0.0,0.5602506898901798,40.387868881225586,38.9864444732666
1790852784224745441,0x68,joint_2,-0.7700583555185919,0.7765147102124929,0.7765147102124929,0.7765147102124929,-0.0032415141080037835,0.8168140899333461,0.667572021484375,48.94828796386719
1790852784234917715,0x69,joint_3,-0.47553404424454876,0.5610824483618333,0.5610824483618333,0.5610824483618333,0.0,0.5619960191421741,10.839700698852539,9.239912033081055
1790852784244843908,0x68,joint_2,-0.7700583555185919,0.7765147102124929,0.7765147102124929,0.7765147102124929,0.0,0.8150687606813519,20.766258239746094,19.16646957397461
1790852784254882422,0x69,joint_3,-0.47553404424454876,0.5610824483618333,0.5610824483618333,0.5610824483618333,0.0,0.5619960191421741,30.80439567565918,29.204607009887695
1790852784264920305,0x68,joint_2,-0.7700583555185919,0.7765147102124929,0.7765147102124929,0.7765147102124929,0.0,0.8150687606813519,40.842533111572266,39.24274444580078
1790852784274835040,0x69,joint_3,-0.4724660826687775,0.5610824483618333,0.5610824483618333,0.5610824483618333,0.0,0.5619960191421741,0.4794597625732422,49.15738105773926
1790852784284917098,0x68,joint_2,-0.7700583555185919,0.7765147102124929,0.7765147102124929,0.7765147102124929,0.0,0.8133234314293577,10.561466217041016,9.164810180664062
1790852784294909032,0x69,joint_3,-0.4724660826687775,0.5610824483618333,0.5610824483618333,0.5610824483618333,0.0,0.5619960191421741,20.5533504486084,19.156694412231445
1790852784304998415,0x68,joint_2,-0.7700583555185919,0.7765147102124929,0.7765147102124929,0.7765147102124929,0.0,0.8115781021773633,30.64274787902832,29.246091842651367
1790852784314909303,0x69,joint_3,-0.4724660826687775,0.5610824483618333,0.5610824483618333,0.5610824483618333,0.0,0.5619960191421741,40.55356979370117,39.15691375732422
1790852784324944154,0x68,joint_2,-0.7700583555185919,0.7765147102124929,0.7765147102124929,0.7765147102124929,0.0,0.809832772925369,0.41365623474121094,49.191951751708984
1790852784334901978,0x69,joint_3,-0.47093210188089185,0.558014486786062,0.558014486786062,0.5599882962677774,-0.021849803522495954,0.5619960191421741,10.37144660949707,9.044170379638672
1790852784344921729,0x68,joint_2,-0.7700583555185919,0.7765147102124929,0.7765147102124929,0.7765147102124929,0.0,0.8080874436733745,20.391464233398438,19.06418800354004
1790852784355052249,0x69,joint_3,-0.47093210188089185,0.558014486786062,0.558014486786062,0.5599882962677774,-0.021849803522495954,0.5619960191421741,30.521869659423828,29.19459342956543
1790852784364914291,0x68,joint_2,-0.7700583555185919,0.7765147102124929,0.7765147102124929,0.7765147102124929,0.0,0.8063421144213803,40.38357734680176,39.05630111694336
1790852784374950213,0x69,joint_3,-0.4678641403051205,0.558014486786062,0.558014486786062,0.5599882962677774,-0.021849803522495954,0.5619960191421741,0.2715587615966797,49.09229278564453
1790852784384913627,0x68,joint_2,-0.7700583555185919,0.7765147102124929,0.7765147102124929,0.7765147102124929,0.0,0.8063421144213803,10.235071182250977,9.03630256652832
1790852784395050729,0x69,joint_3,-0.4678641403051205,0.5564805059981763,0.5564805059981763,0.5578056900699636,-0.043661656168947495,0.5619960191421741,20.37215232849121,19.173383712768555
1790852784405073769,0x68,joint_2,-0.7700583555185919,0.7765147102124929,0.7765147102124929,0.7765147102124929,0.0,0.804596785169386,30.3952693939209,29.196500778198242
1790852784414907867,0x69,joint_3,-0.4678641403051205,0.5564805059981763,0.5564805059981763,0.5578056900699636,-0.043661656168947495,0.5619960191421741,40.22932052612305,39.03055191040039
1790852784424854592,0x68,joint_2,-0.7700583555185919,0.7765147102124929,0.7765147102124929,0.7765147102124929,0.0,0.8028514559173916,0.5435943603515625,48.97737503051758
1790852784434753450,0x69,joint_3,-0.461728217153578,0.553412544422405,0.553412544422405,0.5545431114248128,-0.06542157872531822,0.5619960191421741,10.442495346069336,8.970499038696289
1790852784445071159,0x68,joint_2,-0.7700583555185919,0.7765147102124929,0.7765147102124929,0.7765147102124929,0.0,0.8011061266653974,20.760059356689453,19.288063049316406
1790852784455021819,0x69,joint_3,-0.461728217153578,0.553412544422405,0.553412544422405,0.5545431114248128,-0.06542157872531822,0.5619960191421741,30.710697174072266,29.23870086669922
1790852784464889335,0x68,joint_2,-0.7700583555185919,0.7765147102124929,0.7765147102124929,0.7765147102124929,0.0,0.8011061266653974,40.578365325927734,39.10636901855469
1790852784474756210,0x69,joint_3,-0.4540583132141498,0.553412544422405,0.553412544422405,0.5545431114248128,-0.06542157872531822,0.5619960191421741,0.7443428039550781,48.97308349609375
1790852784485069239,0x68,joint_2,-0.7700583555185919,0.7765147102124929,0.7765147102124929,0.7765147102124929,0.0,0.7993607974134029,11.057615280151367,9.388208389282227
1790852784495051873,0x69,joint_3,-0.4540583132141498,0.5472766212708625,0.5472766212708625,0.5501989646312211,-0.0871670778808964,0.5619960191421741,21.039962768554688,19.370555877685547
1790852784504922354,0x68,joint_2,-0.7700583555185919,0.7765147102124929,0.7765147102124929,0.7765147102124929,0.0,0.7976154681614086,30.910491943359375,29.241085052490234
1790852784515052624,0x69,joint_3,-0.4540583132141498,0.5472766212708625,0.5472766212708625,0.5501989646312211,-0.0871670778808964,0.5619960191421741,41.040658950805664,39.37125205993652
1790852784524852766,0x68,joint_2,-0.7715923363064775,0.7765147102124929,0.7765147102124929,0.7765147102124929,0.0,0.7976154681614086,0.4322528839111328,49.17144775390625
1790852784535051057,0x69,joint_3,-0.44638840927472156,0.5396067173314343,0.5396067173314343,0.5458274185570341,-0.08726646259971647,0.5619960191421741,10.630607604980469,9.286880493164062
1790852784545066049,0x68,joint_2,-0.7715923363064775,0.7765147102124929,0.7765147102124929,0.7765147102124929,0.0,0.7958701389094144,20.645618438720703,19.301891326904297
1790852784554928877,0x69,joint_3,-0.44638840927472156,0.5396067173314343,0.5396067173314343,0.5458274185570341,-0.08726646259971647,0.5602506898901798,30.50851821899414,29.164791107177734
1790852784565238423,0x68,joint_2,-0.7715923363064775,0.7765147102124929,0.7765147102124929,0.7765147102124929,0.0,0.7958701389094144,40.818214416503906,39.4744873046875
1790852784575436385,0x69,joint_3,-0.4371845245474077,0.5396067173314343,0.5396067173314343,0.5458274185570341,-0.08726646259971647,0.5602506898901798,1.5358924865722656,49.67212677001953
1790852784584767661,0x68,joint_2,-0.7715923363064775,0.7780486910003784,0.7780486910003784,0.7776297592261677,0.022057468468606255,0.7941248096574199,10.86735725402832,8.166313171386719
1790852784594916613,0x69,joint_3,-0.4371845245474077,0.5227329286646921,0.5227329286646921,0.5414091847508141,-0.08726646259971647,0.5602506898901798,21.016359329223633,18.31531524658203
1790852784604783031,0x68,joint_2,-0.7715923363064775,0.7780486910003784,0.7780486910003784,0.7776297592261677,0.022057468468606255,0.7923794804054257,30.882835388183594,28.181791305541992
1790852784615050891,0x69,joint_3,-0.4371845245474077,0.5227329286646921,0.5227329286646921,0.5414091847508141,-0.08726646259971647,0.5602506898901798,41.150569915771484,38.44952583312988
1790852784624771288,0x68,joint_2,-0.7731263170943632,0.7780486910003784,0.7780486910003784,0.7776297592261677,0.022057468468606255,0.7923794804054257,0.6787776947021484,48.169851303100586
1790852784634740148,0x69,joint_3,-0.4249126782443226,0.5227329286646921,0.5227329286646921,0.5414091847508141,-0.08726646259971647,0.5602506898901798,10.647773742675781,9.326457977294922
1790852784644500532,0x68,joint_2,-0.7731263170943632,0.7780486910003784,0.7780486910003784,0.7776297592261677,0.022057468468606255,0.7906341511534313,20.407915115356445,19.086599349975586
1790852784654437466,0x69,joint_3,-0.4249126782443226,0.5227329286646921,0.5227329286646921,0.5414091847508141,-0.08726646259971647,0.5602506898901798,30.34496307373047,29.02364730834961
1790852784664572223,0x68,joint_2,-0.7731263170943632,0.7780486910003784,0.7780486910003784,0.7776297592261677,0.022057468468606255,0.7906341511534313,40.47966003417969,39.15834426879883
1790852784674451523,0x69,joint_3,-0.4141748127291231,0.5227329286646921,0.5227329286646921,0.5414091847508141,-0.08726646259971647,0.5602506898901798,1.2850761413574219,49.03769493103027
1790852784684577417,0x68,joint_2,-0.7746602978822488,0.7811166525761497,0.7811166525761497,0.7811166525761497,0.035359658375185614,0.788888821901437,11.411190032958984,9.742975234985352
1790852784694769391,0x69,joint_3,-0.4141748127291231,0.49972321684640764,0.49972321684640764,0.5328016348721293,-0.08726646259971647,0.5602506898901798,21.603107452392578,19.934892654418945
1790852784705003213,0x68,joint_2,-0.7746602978822488,0.7811166525761497,0.7811166525761497,0.7811166525761497,0.035359658375185614,0.788888821901437,31.836748123168945,30.168533325195312
1790852784714953953,0x69,joint_3,-0.4141748127291231,0.49972321684640764,0.49972321684640764,0.5328016348721293,-0.08726646259971647,0.5585053606381855,41.78762435913086,40.11940956115723
1790852784724914617,0x68,joint_2,-0.77772825945802,0.7811166525761497,0.7811166525761497,0.7811166525761497,0.035359658375185614,0.788888821901437,0.5609989166259766,50.080060958862305
1790852784734937921,0x69,joint_3,-0.4034369472139236,0.49972321684640764,0.49972321684640764,0.5328016348721293,-0.08726646259971647,0.5585053606381855,10.584115982055664,9.279251098632812
1790852784745030058,0x68,joint_2,-0.77772825945802,0.7811166525761497,0.7811166525761497,0.7811166525761497,0.035359658375185614,0.7871434926494427,20.676374435424805,19.371509552001953
1790852784755084841,0x69,joint_3,-0.4034369472139236,0.49972321684640764,0.49972321684640764,0.5328016348721293,-0.08726646259971647,0.5585053606381855,30.731201171875,29.42633628845215
1790852784764945910,0x68,joint_2,-0.77772825945802,0.7811166525761497,0.7811166525761497,0.7811166525761497,0.035359658375185614,0.7871434926494427,40.592193603515625,39.28732872009277
1790852784774798147,0x69,joint_3,-0.39269908169872414,0.49972321684640764,0.49972321684640764,0.5328016348721293,-0.08726646259971647,0.5585053606381855,0.3116130828857422,49.13949966430664
1790852784785111661,0x68,joint_2,-0.782330201821677,0.7841846141519211,0.7841846141519211,0.7841846141519211,0.03051254856983818,0.7853981633974483,10.625123977661133,9.329557418823242
1790852784795028895,0x69,joint_3,-0.39269908169872414,0.488985351331208,0.488985351331208,0.5240749886121576,-0.08674416643280122,0.5567600313861911,20.542621612548828,19.247055053710938
1790852784805121902,0x68,joint_2,-0.782330201821677,0.7841846141519211,0.7841846141519211,0.7841846141519211,0.03051254856983818,0.7853981633974483,30.635356903076172,29.33979034423828
1790852784815090063,0x69,joint_3,-0.39269908169872414,0.488985351331208,0.488985351331208,0.5240749886121576,-0.08674416643280122,0.5567600313861911,40.6036376953125,39.30807113647461
1790852784824883606,0x68,joint_2,-0.7853981633974483,0.7841846141519211,0.7841846141519211,0.7841846141519211,0.03051254856983818,0.7836528341454541,0.12063980102539062,49.101829528808594
1790852784834949423,0x69,joint_3,-0.3850291777592959,0.4782474858160087,0.4782474858160087,0.5197055152036705,-0.08726646259971647,0.5567600313861911,10.186195373535156,9.062767028808594
1790852784844856961,0x68,joint_2,-0.7853981633974483,0.7887865565155779,0.7887865565155779,0.7868019624716991,0.0523344019527018,0.7836528341454541,20.093917846679688,18.970489501953125
1790852784854796647,0x69,joint_3,-0.3850291777592959,0.4782474858160087,0.4782474858160087,0.5197055152036705,-0.08726646259971647,0.5567600313861911,30.033349990844727,28.909921646118164
1790852784864949988,0x68,joint_2,-0.7853981633974483,0.7887865565155779,0.7887865565155779,0.7868019624716991,0.0523344019527018,0.7836528341454541,40.18688201904297,39.063453674316406
1790852784874906410,0x69,joint_3,-0.3758252930319821,0.4782474858160087,0.4782474858160087,0.5197055152036705,-0.08726646259971647,0.5550147021341968,0.41866302490234375,49.019813537597656
1790852784884901972,0x68,joint_2,-0.7884661249732196,0.7918545180913492,0.7918545180913492,0.7905023230287902,0.07411831449565334,0.7836528341454541,10.41412353515625,9.007930755615234
1790852784895156244,0x69,joint_3,-0.3758252930319821,0.47057758187658033,0.47057758187658033,0.5153436598083773,-0.08726646259971647,0.5550147021341968,20.668506622314453,19.262313842773438
1790852784905106358,0x68,joint_2,-0.7884661249732196,0.7918545180913492,0.7918545180913492,0.7905023230287902,0.07411831449565334,0.7836528341454541,30.618667602539062,29.212474822998047
1790852784915077470,0x69,joint_3,-0.3758252930319821,0.47057758187658033,0.47057758187658033,0.5153436598083773,-0.08726646259971647,0.5550147021341968,40.58957099914551,39.18337821960449
1790852784924985048,0x68,joint_2,-0.7915340865489908,0.7918545180913492,0.7918545180913492,0.7905023230287902,0.07411831449565334,0.7819075048934596,0.26345252990722656,49.09110069274902
1790852784935018759,0x69,joint_3,-0.36815538909255385,0.4613736971492666,0.4613736971492666,0.5109752624826499,-0.08726646259971647,0.5550147021341968,10.297060012817383,9.034395217895508
1790852784945099780,0x68,joint_2,-0.7915340865489908,0.7949224796671205,0.7949224796671205,0.7948656439771931,0.08726646259971647,0.7819075048934596,20.37811279296875,19.115447998046875
1790852784955081275,0x69,joint_3,-0.36815538909255385,0.4613736971492666,0.4613736971492666,0.5109752624826499,-0.08726646259971647,0.5550147021341968,30.359506607055664,29.09684181213379
1790852784964936102,0x68,joint_2,-0.7915340865489908,0.7949224796671205,0.7949224796671205,0.7948656439771931,0.08726646259971647,0.7819075048934596,40.21453857421875,38.951873779296875
1790852784974894818,0x69,joint_3,-0.3604854851531257,0.4613736971492666,0.4613736971492666,0.5109752624826499,-0.08726646259971647,0.5532693728822026,0.37932395935058594,48.91061782836914
1790852784985114945,0x68,joint_2,-0.7930680673368765,0.7979904412428918,0.7979904412428918,0.7981300179737845,0.06553087996910613,0.7819075048934596,10.599374771118164,9.142875671386719
1790852784995078772,0x69,joint_3,-0.3604854851531257,0.4537037932098384,0.4537037932098384,0.506623054918434,-0.08726646259971647,0.5532693728822026,20.563125610351562,19.106626510620117
1790852785004932043,0x68,joint_2,-0.7930680673368765,0.7979904412428918,0.7979904412428918,0.7981300179737845,0.06553087996910613,0.7819075048934596,30.416488647460938,28.959989547729492
1790852785015088034,0x69,joint_3,-0.3604854851531257,0.4537037932098384,0.4537037932098384,0.506623054918434,-0.08726646259971647,0.5532693728822026,40.5726432800293,39.11614418029785
1790852785024896968,0x68,joint_2,-0.7930680673368765,0.7979904412428918,0.7979904412428918,0.7981300179737845,0.06553087996910613,0.7819075048934596,0.17118453979492188,48.924922943115234
1790852785035076583,0x69,joint_3,-0.3512816004258118,0.4460338892704102,0.4460338892704102,0.5022600111284011,-0.08726646259971647,0.5515240436302081,10.350704193115234,9.066581726074219
1790852785044949290,0x68,joint_2,-0.7930680673368765,0.7995244220307774,0.7995244220307774,0.80031440634342,0.04374063144398153,0.7819075048934596,20.223379135131836,18.93925666809082
1790852785054779398,0x69,joint_3,-0.3512816004258118,0.4460338892704102,0.4460338892704102,0.5022600111284011,-0.08726646259971647,0.5515240436302081,30.05361557006836,28.769493103027344
1790852785064784123,0x68,joint_2,-0.7930680673368765,0.7995244220307774,0.7995244220307774,0.80031440634342,0.04374063144398153,0.7819075048934596,40.05837440490723,38.77425193786621
1790852785074896587,0x69,joint_3,-0.3436116964863836,0.4460338892704102,0.4460338892704102,0.5022600111284011,-0.08726646259971647,0.5515240436302081,0.37384033203125,48.886775970458984
1790852785084959981,0x68,joint_2,-0.7946020481247621,0.7995244220307774,0.7995244220307774,0.8014105892869492,0.021973614123831448,0.7819075048934596,10.437250137329102,9.074926376342773
1790852785094939854,0x69,joint_3,-0.3436116964863836,0.43683000454309634,0.43683000454309634,0.4979015291926737,-0.08726646259971647,0.5497787143782138,20.416975021362305,19.054651260375977
1790852785104632321,0x68,joint_2,-0.7946020481247621,0.7995244220307774,0.7995244220307774,0.8014105892869492,0.021973614123831448,0.7819075048934596,30.109405517578125,28.747081756591797
1790852785114680796,0x69,joint_3,-0.3436116964863836,0.43683000454309634,0.43683000454309634,0.4979015291926737,-0.08726646259971647,0.5497787143782138,40.15803337097168,38.79570960998535
1790852785124403832,0x68,joint_2,-0.7961360289126478,0.7995244220307774,0.7995244220307774,0.8014105892869492,0.021973614123831448,0.7819075048934596,0.9315013885498047,48.51841926574707
1790852785134667887,0x69,joint_3,-0.337475773334841,0.42302417745212545,0.42302417745212545,0.49361139958647604,-0.08726646259971647,0.5480333851262195,11.195659637451172,9.92894172668457
1790852785144701464,0x68,joint_2,-0.7961360289126478,0.8025923836065487,0.8025923836065487,0.8025923836065487,0.024049087716128358,0.7819075048934596,21.229267120361328,19.962549209594727
1790852785154678988,0x69,joint_3,-0.337475773334841,0.42302417745212545,0.42302417745212545,0.49361139958647604,-0.08726646259971647,0.5480333851262195,31.206846237182617,29.940128326416016
1790852785165080800,0x68,joint_2,-0.7961360289126478,0.8025923836065487,0.8025923836065487,0.8025923836065487,0.024049087716128358,0.7819075048934596,41.60881042480469,40.342092514038086
1790852785175031857,0x69,joint_3,-0.3313398501832985,0.42302417745212545,0.42302417745212545,0.49361139958647604,-0.08726646259971647,0.5462880558742251,0.1513957977294922,50.29296875
1790852785185071754,0x68,joint_2,-0.7961360289126478,0.8025923836065487,0.8025923836065487,0.8025923836065487,0.024049087716128358,0.7819075048934596,10.19144058227539,9.091854095458984
1790852785195075895,0x69,joint_3,-0.3313398501832985,0.42302417745212545,0.42302417745212545,0.49361139958647604,-0.08726646259971647,0.5462880558742251,20.195484161376953,19.095897674560547
1790852785205066069,0x68,joint_2,-0.7961360289126478,0.8025923836065487,0.8025923836065487,0.8025923836065487,0.024049087716128358,0.7819075048934596,30.185699462890625,29.08611297607422
1790852785215050830,0x69,joint_3,-0.3313398501832985,0.42302417745212545,0.42302417745212545,0.49361139958647604,-0.08726646259971647,0.5445427266222309,40.17043113708496,39.070844650268555
1790852785225030527,0x68,joint_2,-0.7961360289126478,0.8025923836065487,0.8025923836065487,0.8025923836065487,0.024049087716128358,0.7819075048934596,50.14991760253906,49.050331115722656
1790852785234905842,0x69,joint_3,-0.32520392703175593,0.416888254300583,0.416888254300583,0.48488475332650444,-0.0863026774492384,0.5445427266222309,9.77945327758789,8.517265319824219
1790852785245053620,0x68,joint_2,-0.7976700097005335,0.8025923836065487,0.8025923836065487,0.8025923836065487,0.0,0.7819075048934596,19.927263259887695,18.665075302124023
1790852785254939554,0x69,joint_3,-0.32520392703175593,0.416888254300583,0.416888254300583,0.48488475332650444,-0.0863026774492384,0.5427973973702365,29.813289642333984,28.551101684570312
1790852785264901422,0x68,joint_2,-0.7976700097005335,0.8025923836065487,0.8025923836065487,0.8025923836065487,0.0,0.7819075048934596,39.77489471435547,38.5127067565918
1790852785274933577,0x69,joint_3,-0.32060198466809897,0.416888254300583,0.416888254300583,0.48488475332650444,-0.0863026774492384,0.5410520681182421,0.3905296325683594,48.544883728027344
1790852785285082847,0x68,joint_2,-0.7976700097005335,0.8041263643944344,0.8041263643944344,0.8036713785619851,0.021697934570354033,0.7819075048934596,10.540008544921875,8.919000625610352
1790852785295192757,0x69,joint_3,-0.32060198466809897,0.4107523311490404,0.4107523311490404,0.48053888401249245,-0.08726646259971647,0.5410520681182421,20.64990997314453,19.028902053833008
1790852785305061283,0x68,joint_2,-0.7976700097005335,0.8041263643944344,0.8041263643944344,0.8036713785619851,0.021697934570354033,0.7819075048934596,30.518531799316406,28.897523880004883
1790852785314915591,0x69,joint_3,-0.32060198466809897,0.4107523311490404,0.4107523311490404,0.48053888401249245,-0.08726646259971647,0.5393067388662478,40.372610092163086,38.75160217285156
1790852785324901188,0x68,joint_2,-0.7976700097005335,0.8041263643944344,0.8041263643944344,0.8036713785619851,0.021697934570354033,0.7819075048934596,0.0743865966796875,48.737287521362305
1790852785335228724,0x69,joint_3,-0.31600004230444206,0.4061503887853834,0.4061503887853834,0.47618146376067094,-0.08726646259971647,0.5375614096142535,10.401725769042969,9.055614471435547
1790852785345055520,0x68,joint_2,-0.7976700097005335,0.8041263643944344,0.8041263643944344,0.8041263643944344,0.009124805484202806,0.7836528341454541,20.22862434387207,18.88251304626465
1790852785355195373,0x69,joint_3,-0.31600004230444206,0.4061503887853834,0.4061503887853834,0.47618146376067094,-0.08726646259971647,0.5358160803622593,30.368566513061523,29.0224552154541
1790852785365227491,0x68,joint_2,-0.7976700097005335,0.8041263643944344,0.8041263643944344,0.8041263643944344,0.009124805484202806,0.7836528341454541,40.40074348449707,39.05463218688965
1790852785375020492,0x69,joint_3,-0.3098641191528995,0.4061503887853834,0.4061503887853834,0.47618146376067094,-0.08726646259971647,0.5340707511102649,0.07796287536621094,48.84767532348633
1790852785385226772,0x68,joint_2,-0.7976700097005335,0.8041263643944344,0.8041263643944344,0.8041263643944344,0.0,0.7836528341454541,10.284185409545898,8.922576904296875
1790852785395195761,0x69,joint_3,-0.3098641191528995,0.4015484464217266,0.4015484464217266,0.4718098201225787,-0.08726646259971647,0.5340707511102649,20.25294303894043,18.891334533691406
1790852785405056233,0x68,joint_2,-0.7976700097005335,0.8041263643944344,0.8041263643944344,0.8041263643944344,0.0,0.7836528341454541,30.113697052001953,28.75208854675293
1790852785415140422,0x69,joint_3,-0.3098641191528995,0.4015484464217266,0.4015484464217266,0.4718098201225787,-0.08726646259971647,0.5323254218582705,40.19761085510254,38.836002349853516
1790852785428331079,0x68,joint_2,-0.7992039904884191,0.8041263643944344,0.8041263643944344,0.8041263643944344,0.0,0.7853981633974483,3.3321380615234375,52.02674865722656
1790852785435239110,0x69,joint_3,-0.3037281960013569,0.39541252327018406,0.39541252327018406,0.4670421036812264,-0.08726646259971647,0.5305800926062761,10.240316390991211,4.253149032592773
1790852785445111607,0x68,joint_2,-0.7992039904884191,0.8041263643944344,0.8041263643944344,0.8041263643944344,0.0,0.7853981633974483,20.11275291442871,14.125585556030273
1790852785454896550,0x69,joint_3,-0.3037281960013569,0.39541252327018406,0.39541252327018406,0.4670421036812264,-0.08726646259971647,0.5288347633542818,29.897689819335938,23.9105224609375
1790852785464758482,0x68,joint_2,-0.7992039904884191,0.8041263643944344,0.8041263643944344,0.8041263643944344,0.0,0.7853981633974483,39.75963592529297,33.77246856689453
1790852785475375410,0x69,joint_3,-0.2991262536377,0.39541252327018406,0.39541252327018406,0.4670421036812264,-0.08726646259971647,0.5270894341022876,1.5187263488769531,44.38924789428711
1790852785485047362,0x68,joint_2,-0.7992039904884191,0.80566034518232,0.80566034518232,0.8050232501978556,0.01978232183294999,0.7871434926494427,11.190652847290039,8.83793830871582
1790852785494735371,0x69,joint_3,-0.2991262536377,0.38467465775498455,0.38467465775498455,0.46308113304899584,-0.08726646259971647,0.5253441048502933,20.87879180908203,18.526077270507812
1790852785504754633,0x68,joint_2,-0.7992039904884191,0.80566034518232,0.80566034518232,0.8050232501978556,0.01978232183294999,0.7871434926494427,30.898094177246094,28.545379638671875
1790852785514754933,0x69,joint_3,-0.2991262536377,0.38467465775498455,0.38467465775498455,0.46308113304899584,-0.08726646259971647,0.5253441048502933,40.89832305908203,38.54560852050781
1790852785524967052,0x68,joint_2,-0.7992039904884191,0.80566034518232,0.80566034518232,0.8050232501978556,0.01978232183294999,0.7871434926494427,1.1365413665771484,48.75779151916504
1790852785534633946,0x69,joint_3,-0.29605829206192874,0.3816066961792133,0.3816066961792133,0.4587633130962095,-0.08726646259971647,0.5235987755982988,10.803461074829102,9.003400802612305
1790852785544675934,0x68,joint_2,-0.7992039904884191,0.80566034518232,0.80566034518232,0.80566034518232,0.012890254922459172,0.788888821901437,20.845413208007812,19.045352935791016
1790852785554819247,0x69,joint_3,-0.29605829206192874,0.3816066961792133,0.3816066961792133,0.4587633130962095,-0.08726646259971647,0.5218534463463045,30.988693237304688,29.18863296508789
1790852785564624868,0x68,joint_2,-0.7992039904884191,0.80566034518232,0.80566034518232,0.80566034518232,0.012890254922459172,0.788888821901437,40.79437255859375,38.99431228637695
1790852785575060241,0x69,joint_3,-0.29145634969827183,0.3816066961792133,0.3816066961792133,0.4587633130962095,-0.08726646259971647,0.5201081170943102,1.0902881622314453,49.42965507507324
1790852785589474288,0x68,joint_2,-0.8007379712763047,0.8071943259702057,0.8071943259702057,0.8071943259702057,0.0306824397696305,0.788888821901437,15.50436019897461,13.846397399902344
1790852785596126581,0x69,joint_3,-0.29145634969827183,0.3770047538155563,0.3770047538155563,0.45439763106660097,-0.08726646259971647,0.5183627878423159,22.156476974487305,20.49851417541504
1790852785606128990,0x68,joint_2,-0.8007379712763047,0.8071943259702057,0.8071943259702057,0.8071943259702057,0.0306824397696305,0.7906341511534313,32.158851623535156,30.50088882446289
1790852785616222633,0x69,joint_3,-0.29145634969827183,0.3770047538155563,0.3770047538155563,0.45439763106660097,-0.08726646259971647,0.5166174585903216,42.25277900695801,40.59481620788574
1790852785627571095,0x68,joint_2,-0.8007379712763047,0.8071943259702057,0.8071943259702057,0.8071943259702057,0.0306824397696305,0.7906341511534313,3.1397342681884766,51.943302154541016
1790852785636490363,0x69,joint_3,-0.28685440733461487,0.3770047538155563,0.3770047538155563,0.45439763106660097,-0.08726646259971647,0.5148721293383273,12.058734893798828,7.01904296875
1790852785646368394,0x68,joint_2,-0.8007379712763047,0.8071943259702057,0.8071943259702057,0.8071943259702057,0.0306824397696305,0.7923794804054257,21.937131881713867,16.89743995666504
1790852785656477510,0x69,joint_3,-0.28685440733461487,0.3770047538155563,0.3770047538155563,0.45439763106660097,-0.08726646259971647,0.5131268000863328,32.045841217041016,27.006149291992188
1790852785666642350,0x68,joint_2,-0.8007379712763047,0.8071943259702057,0.8071943259702057,0.8071943259702057,0.0306824397696305,0.7923794804054257,42.21081733703613,37.171125411987305
1790852785674704485,0x69,joint_3,-0.28225246497095796,0.3770047538155563,0.3770047538155563,0.45439763106660097,-0.08726646259971647,0.5113814708343385,1.0921955108642578,45.23324966430664
1790852785684562202,0x68,joint_2,-0.8007379712763047,0.8071943259702057,0.8071943259702057,0.8071943259702057,0.0,0.7941248096574199,10.949850082397461,9.588956832885742
1790852785694679143,0x69,joint_3,-0.28225246497095796,0.3678008690882425,0.3678008690882425,0.44571596639200717,-0.08726646259971647,0.5113814708343385,21.066904067993164,19.706010818481445
1790852785704675856,0x68,joint_2,-0.8007379712763047,0.8071943259702057,0.8071943259702057,0.8071943259702057,0.0,0.7941248096574199,31.063556671142578,29.70266342163086
1790852785714636891,0x69,joint_3,-0.28225246497095796,0.3678008690882425,0.3678008690882425,0.44571596639200717,-0.08726646259971647,0.5096361415823443,41.02444648742676,39.66355323791504
1790852785724578671,0x68,joint_2,-0.8022719520641903,0.8071943259702057,0.8071943259702057,0.8071943259702057,0.0,0.7958701389094144,1.3606548309326172,49.605369567871094
1790852785734711414,0x69,joint_3,-0.2761165418194154,0.3616649459366999,0.3616649459366999,0.4413584316465276,-0.08726646259971647,0.5078908123303499,11.493444442749023,9.722232818603516
1790852785744824010,0x68,joint_2,-0.8022719520641903,0.8087283067580913,0.8087283067580913,0.8082811481048079,0.021776492275137446,0.7958701389094144,21.6062068939209,19.83499526977539
1790852785755170398,0x69,joint_3,-0.2761165418194154,0.3616649459366999,0.3616649459366999,0.4413584316465276,-0.08726646259971647,0.5061454830783556,31.952381134033203,30.181169509887695
1790852785765269245,0x68,joint_2,-0.8022719520641903,0.8087283067580913,0.8087283067580913,0.8082811481048079,0.021776492275137446,0.7976154681614086,42.05131530761719,40.28010368347168
1790852785774932778,0x69,joint_3,-0.2761165418194154,0.3616649459366999,0.3616649459366999,0.4413584316465276,-0.08726646259971647,0.5044001538263612,51.71489715576172,49.94368553161621
1790852785785075646,0x68,joint_2,-0.8022719520641903,0.8087283067580913,0.8087283067580913,0.8082811481048079,0.021776492275137446,0.7976154681614086,9.97471809387207,9.26518440246582
1790852785794933320,0x69,joint_3,-0.2715145994557585,0.3616649459366999,0.3616649459366999,0.4413584316465276,-0.08726646259971647,0.5026548245743668,19.832134246826172,19.122600555419922
1790852785805078147,0x68,joint_2,-0.8022719520641903,0.8087283067580913,0.8087283067580913,0.8082811481048079,0.021776492275137446,0.7976154681614086,29.977083206176758,29.267549514770508
1790852785815220866,0x69,joint_3,-0.2715145994557585,0.3616649459366999,0.3616649459366999,0.4413584316465276,-0.08726646259971647,0.5009094953223726,40.11988639831543,39.41035270690918
1790852785825031203,0x68,joint_2,-0.8022719520641903,0.8087283067580913,0.8087283067580913,0.8082811481048079,0.021776492275137446,0.7993607974134029,49.93009567260742,49.22056198120117
1790852785835072483,0x69,joint_3,-0.26691265709210155,0.357063003573043,0.357063003573043,0.432631785386556,-0.08654595197045112,0.4991641660703783,10.009050369262695,8.780956268310547
1790852785844952752,0x68,joint_2,-0.8022719520641903,0.8087283067580913,0.8087283067580913,0.8087283067580913,0.004437787015533303,0.7993607974134029,19.88959312438965,18.6614990234375
1790852785855063037,0x69,joint_3,-0.26691265709210155,0.357063003573043,0.357063003573043,0.432631785386556,-0.08654595197045112,0.49741883681838395,29.999732971191406,28.771638870239258
1790852785865085119,0x68,joint_2,-0.8022719520641903,0.8087283067580913,0.8087283067580913,0.8087283067580913,0.004437787015533303,0.8011061266653974,40.02189636230469,38.79380226135254
1790852785874937017,0x69,joint_3,-0.26691265709210155,0.357063003573043,0.357063003573043,0.432631785386556,-0.08654595197045112,0.49741883681838395,49.87382888793945,48.645734786987305
1790852785884917663,0x68,joint_2,-0.8022719520641903,0.8087283067580913,0.8087283067580913,0.8087283067580913,0.0,0.8011061266653974,9.569644927978516,8.69297981262207
1790852785895073409,0x69,joint_3,-0.2638446955163303,0.3524610612093861,0.3524610612093861,0.428279128138212,-0.08726646259971647,0.49567350756638956,19.725322723388672,18.848657608032227
1790852785905268173,0x68,joint_2,-0.8022719520641903,0.8087283067580913,0.8087283067580913,0.8087283067580913,0.0,0.8028514559173916,29.920101165771484,29.04343605041504
1790852785915226316,0x69,joint_3,-0.2638446955163303,0.3524610612093861,0.3524610612093861,0.428279128138212,-0.08726646259971647,0.4939281783143952,39.878129959106445,39.00146484375
1790852785925021372,0x68,joint_2,-0.803805932852076,0.8087283067580913,0.8087283067580913,0.8087283067580913,0.0,0.8028514559173916,0.1499652862548828,48.796653747558594
1790852785934891558,0x69,joint_3,-0.25924275315267337,0.3493930996336148,0.3493930996336148,0.4239104571448948,-0.08726646259971647,0.492182849062401,10.020017623901367,8.580923080444336
1790852785944946077,0x68,joint_2,-0.803805932852076,0.8087283067580913,0.8087283067580913,0.8087283067580913,0.0,0.8028514559173916,20.07460594177246,18.63551139831543
1790852785954916050,0x69,joint_3,-0.25924275315267337,0.3493930996336148,0.3493930996336148,0.4239104571448948,-0.08726646259971647,0.4904375198104066,30.0445556640625,28.60546112060547
1790852785964807828,0x68,joint_2,-0.803805932852076,0.8087283067580913,0.8087283067580913,0.8087283067580913,0.0,0.804596785169386,39.93630409240723,38.497209548950195
1790852785974726036,0x69,joint_3,-0.25464081078901646,0.3493930996336148,0.3493930996336148,0.4239104571448948,-0.08726646259971647,0.4886921905584123,0.6361007690429688,48.415422439575195
1790852785984800540,0x68,joint_2,-0.803805932852076,0.810262287545977,0.810262287545977,0.8097902511119874,0.021525813253191247,0.804596785169386,10.710477828979492,9.372472763061523
1790852785994933230,0x69,joint_3,-0.25464081078901646,0.34479115726995785,0.34479115726995785,0.419601693967296,-0.08726646259971647,0.4869468613064179,20.8432674407959,19.50526237487793
1790852786004788329,0x68,joint_2,-0.803805932852076,0.810262287545977,0.810262287545977,0.8097902511119874,0.021525813253191247,0.8063421144213803,30.698299407958984,29.360294342041016
1790852786014918298,0x69,joint_3,-0.25464081078901646,0.34479115726995785,0.34479115726995785,0.419601693967296,-0.08726646259971647,0.48520153205442357,40.82846641540527,39.490461349487305
1790852786024723471,0x68,joint_2,-0.803805932852076,0.810262287545977,0.810262287545977,0.8097902511119874,0.021525813253191247,0.8063421144213803,0.6737709045410156,49.29542541503906
1790852786034801938,0x69,joint_3,-0.24697090684958822,0.34018921490630094,0.34018921490630094,0.41524109861242503,-0.08726646259971647,0.48345620280242935,10.752201080322266,9.384870529174805
1790852786044940293,0x68,joint_2,-0.803805932852076,0.810262287545977,0.810262287545977,0.810262287545977,0.009453896066065361,0.8063421144213803,20.89071273803711,19.52338218688965
1790852786054942295,0x69,joint_3,-0.24697090684958822,0.34018921490630094,0.34018921490630094,0.41524109861242503,-0.08726646259971647,0.48345620280242935,30.892610549926758,29.525279998779297
1790852786064955917,0x68,joint_2,-0.803805932852076,0.810262287545977,0.810262287545977,0.810262287545977,0.009453896066065361,0.8080874436733745,40.90619087219238,39.53886032104492
1790852786074723036,0x69,joint_3,-0.24390294527381695,0.34018921490630094,0.34018921490630094,0.41524109861242503,-0.08726646259971647,0.48171087355043496,0.5910396575927734,49.30615425109863
1790852786084622149,0x68,joint_2,-0.8022719520641903,0.810262287545977,0.810262287545977,0.810262287545977,0.0,0.8080874436733745,10.489940643310547,9.201288223266602
1790852786094800555,0x69,joint_3,-0.24390294527381695,0.33251931096687276,0.33251931096687276,0.41087944401724197,-0.08726646259971647,0.4799655442984406,20.668506622314453,19.379854202270508
1790852786104807633,0x68,joint_2,-0.8022719520641903,0.810262287545977,0.810262287545977,0.810262287545977,0.0,0.809832772925369,30.675649642944336,29.38699722290039
1790852786114944305,0x69,joint_3,-0.24390294527381695,0.33251931096687276,0.33251931096687276,0.41087944401724197,-0.08726646259971647,0.4782202150464463,40.81225395202637,39.52360153198242
1790852786126291006,0x68,joint_2,-0.7992039904884191,0.810262287545977,0.810262287545977,0.810262287545977,0.0,0.809832772925369,2.390146255493164,50.87018013000488
1790852786134689303,0x69,joint_3,-0.23930100291016004,0.3248494070274445,0.3248494070274445,0.4062632187516607,-0.08726646259971647,0.4764748857944519,10.788440704345703,6.228208541870117
1790852786144647446,0x68,joint_2,-0.7992039904884191,0.80566034518232,0.80566034518232,0.8090432373415691,-0.02306319568816597,0.809832772925369,20.746707916259766,16.18647575378418
1790852786154805249,0x69,joint_3,-0.23930100291016004,0.3248494070274445,0.3248494070274445,0.4062632187516607,-0.08726646259971647,0.4747295565424577,30.904531478881836,26.34429931640625
1790852786164963847,0x68,joint_2,-0.7992039904884191,0.80566034518232,0.80566034518232,0.8090432373415691,-0.02306319568816597,0.8115781021773633,41.06307029724121,36.502838134765625
1790852786174732724,0x69,joint_3,-0.23623304133438872,0.3248494070274445,0.3248494070274445,0.4062632187516607,-0.08726646259971647,0.47298422729046335,0.5619525909423828,46.27180099487305
1790852786184777909,0x68,joint_2,-0.7992039904884191,0.80566034518232,0.80566034518232,0.8090432373415691,-0.02306319568816597,0.8115781021773633,10.607242584228516,9.574413299560547
1790852786194905103,0x69,joint_3,-0.23623304133438872,0.3248494070274445,0.3248494070274445,0.4062632187516607,-0.08726646259971647,0.47123889803846897,20.734310150146484,19.701480865478516
1790852786204720705,0x68,joint_2,-0.7992039904884191,0.80566034518232,0.80566034518232,0.8090432373415691,-0.02306319568816597,0.8115781021773633,30.54976463317871,29.516935348510742
1790852786214716286,0x69,joint_3,-0.23623304133438872,0.3248494070274445,0.3248494070274445,0.4062632187516607,-0.08726646259971647,0.46949356878647464,40.54522514343262,39.51239585876465
1790852786228205624,0x68,joint_2,-0.7961360289126478,0.80566034518232,0.80566034518232,0.8090432373415691,-0.02306319568816597,0.8115781021773633,4.403114318847656,53.00188064575195
1790852786235955468,0x69,joint_3,-0.23469906054650308,0.3202474646637876,0.3202474646637876,0.39753657249168906,-0.08673539651313789,0.46774823953448025,12.152910232543945,6.924629211425781
1790852786246029237,0x68,joint_2,-0.7961360289126478,0.8025923836065487,0.8025923836065487,0.8025923836065487,-0.0641459370468845,0.8133234314293577,22.226810455322266,16.9985294342041
1790852786255951367,0x69,joint_3,-0.23469906054650308,0.3202474646637876,0.3202474646637876,0.39753657249168906,-0.08673539651313789,0.46774823953448025,32.14883804321289,26.920557022094727
1790852786265978940,0x68,joint_2,-0.7961360289126478,0.8025923836065487,0.8025923836065487,0.8025923836065487,-0.0641459370468845,0.8133234314293577,42.17648506164551,36.948204040527344
1790852786275873956,0x69,joint_3,-0.23316507975861744,0.3202474646637876,0.3202474646637876,0.39753657249168906,-0.08673539651313789,0.466002910282486,1.6505718231201172,46.84329032897949
1790852786285781173,0x68,joint_2,-0.7915340865489908,0.8025923836065487,0.8025923836065487,0.8025923836065487,-0.0641459370468845,0.8133234314293577,11.557817459106445,9.315252304077148
1790852786295716886,0x69,joint_3,-0.23316507975861744,0.3202474646637876,0.3202474646637876,0.39753657249168906,-0.08673539651313789,0.4642575810304917,21.49343490600586,19.250869750976562
1790852786306728672,0x68,joint_2,-0.7915340865489908,0.8025923836065487,0.8025923836065487,0.8025923836065487,-0.0641459370468845,0.8133234314293577,32.50527381896973,30.26270866394043
1790852786315098358,0x69,joint_3,-0.23316507975861744,0.3202474646637876,0.3202474646637876,0.39753657249168906,-0.08673539651313789,0.4625122517784973,40.87495803833008,38.63239288330078
1790852786324894875,0x68,joint_2,-0.7900001057611052,0.8025923836065487,0.8025923836065487,0.8025923836065487,-0.0641459370468845,0.8150687606813519,0.2853870391845703,48.429012298583984
1790852786335116159,0x69,joint_3,-0.23316507975861744,0.318713483875902,0.318713483875902,0.3890841352596241,-0.08726646259971647,0.460766922526503,10.506391525268555,9.00411605834961
1790852786344995409,0x68,joint_2,-0.7900001057611052,0.7979904412428918,0.7979904412428918,0.7979904412428918,-0.04754674981355688,0.8150687606813519,20.3857421875,18.883466720581055
1790852786354922598,0x69,joint_3,-0.23316507975861744,0.318713483875902,0.318713483875902,0.3890841352596241,-0.08726646259971647,0.45902159327450864,30.312776565551758,28.810501098632812
1790852786365078484,0x68,joint_2,-0.7900001057611052,0.7979904412428918,0.7979904412428918,0.7979904412428918,-0.04754674981355688,0.8150687606813519,40.46893119812012,38.96665573120117
1790852786375024707,0x69,joint_3,-0.2316310989707318,0.318713483875902,0.318713483875902,0.3890841352596241,-0.08726646259971647,0.45727626402251437,0.019073486328125,48.912763595581055
1790852786385052931,0x68,joint_2,-0.786932144185334,0.7964564604550062,0.7964564604550062,0.7964564604550062,-0.030649290736771823,0.8150687606813519,10.047435760498047,8.733272552490234
1790852786395198730,0x69,joint_3,-0.2316310989707318,0.318713483875902,0.318713483875902,0.38471030315323057,-0.08726646259971647,0.45553093477052004,20.193099975585938,18.878936767578125
1790852786405240501,0x68,joint_2,-0.786932144185334,0.7964564604550062,0.7964564604550062,0.7964564604550062,-0.030649290736771823,0.8150687606813519,30.23505210876465,28.920888900756836
1790852786415194567,0x69,joint_3,-0.2316310989707318,0.318713483875902,0.318713483875902,0.38471030315323057,-0.08726646259971647,0.4537856055185257,40.18902778625488,38.87486457824707
1790852786425034376,0x68,joint_2,-0.7838641826095627,0.7964564604550062,0.7964564604550062,0.7964564604550062,-0.030649290736771823,0.8150687606813519,0.1251697540283203,48.714637756347656
1790852786435224062,0x69,joint_3,-0.2316310989707318,0.31717950308801635,0.31717950308801635,0.3803502185690003,-0.08726646259971647,0.4537856055185257,10.31494140625,8.91256332397461
1790852786445212926,0x68,joint_2,-0.7838641826095627,0.7933884988792349,0.7933884988792349,0.7938414080128852,-0.052417456482536214,0.8168140899333461,20.303726196289062,18.901348114013672
1790852786455220066,0x69,joint_3,-0.2316310989707318,0.31717950308801635,0.31717950308801635,0.3803502185690003,-0.08726646259971647,0.4520402762665313,30.310630798339844,28.908252716064453
1790852786465079742,0x68,joint_2,-0.7838641826095627,0.7933884988792349,0.7933884988792349,0.7938414080128852,-0.052417456482536214,0.8168140899333461,40.17066955566406,38.76829147338867
1790852786475019906,0x69,joint_3,-0.2316310989707318,0.31717950308801635,0.31717950308801635,0.3803502185690003,-0.08726646259971647,0.450294947014537,50.110816955566406,48.708438873291016
1790852786485236777,0x68,joint_2,-0.7807962210337914,0.7903205373034636,0.7903205373034636,0.7903205373034636,-0.07059541205026133,0.8168140899333461,10.215997695922852,8.957386016845703
1790852786494421869,0x69,joint_3,-0.2316310989707318,0.31717950308801635,0.31717950308801635,0.3759919198056646,-0.08726646259971647,0.44854961776254276,19.401073455810547,18.1424617767334
1790852786504576115,0x68,joint_2,-0.7807962210337914,0.7903205373034636,0.7903205373034636,0.7903205373034636,-0.07059541205026133,0.8168140899333461,29.555320739746094,28.296709060668945
1790852786514560614,0x69,joint_3,-0.2316310989707318,0.31717950308801635,0.31717950308801635,0.3759919198056646,-0.08726646259971647,0.4468042885105484,39.53981399536133,38.28120231628418
1790852786524553262,0x68,joint_2,-0.7792622402459057,0.7903205373034636,0.7903205373034636,0.7903205373034636,-0.07059541205026133,0.8168140899333461,0.9672641754150391,48.27380180358887
1790852786534664831,0x69,joint_3,-0.2316310989707318,0.31717950308801635,0.31717950308801635,0.3717115512151001,-0.08726646259971647,0.44505895925855404,11.078834533691406,9.784221649169922
1790852786544620680,0x68,joint_2,-0.7792622402459057,0.7857185949398067,0.7857185949398067,0.7860419957234458,-0.08726646259971647,0.8168140899333461,21.034955978393555,19.74034309387207
1790852786554750071,0x69,joint_3,-0.2316310989707318,0.31717950308801635,0.31717950308801635,0.3717115512151001,-0.08726646259971647,0.44331363000655966,31.163930892944336,29.86931800842285
1790852786564898859,0x68,joint_2,-0.7792622402459057,0.7857185949398067,0.7857185949398067,0.7860419957234458,-0.08726646259971647,0.8168140899333461,41.31293296813965,40.018320083618164
1790852786575036880,0x69,joint_3,-0.2316310989707318,0.31717950308801635,0.31717950308801635,0.3717115512151001,-0.08726646259971647,0.4415683007545653,0.26297569274902344,50.156354904174805
1790852786585232754,0x68,joint_2,-0.7761942786701345,0.7857185949398067,0.7857185949398067,0.7860419957234458,-0.08726646259971647,0.8168140899333461,10.458707809448242,9.340524673461914
1790852786595185854,0x69,joint_3,-0.2316310989707318,0.31717950308801635,0.31717950308801635,0.3717115512151001,-0.08726646259971647,0.4398229715025711,20.411968231201172,19.293785095214844
1790852786605229750,0x68,joint_2,-0.7761942786701345,0.7857185949398067,0.7857185949398067,0.7860419957234458,-0.08726646259971647,0.8168140899333461,30.455827713012695,29.337644577026367
1790852786615203410,0x69,joint_3,-0.2316310989707318,0.31717950308801635,0.31717950308801635,0.3717115512151001,-0.08726646259971647,0.4398229715025711,40.42935371398926,39.31117057800293
1790852786624941956,0x68,joint_2,-0.7761942786701345,0.7857185949398067,0.7857185949398067,0.7860419957234458,-0.08726646259971647,0.8168140899333461,50.16827583312988,49.050092697143555
1790852786634918939,0x69,joint_3,-0.2316310989707318,0.31717950308801635,0.31717950308801635,0.3629849049551284,-0.0865281859464305,0.4380776422505767,9.642362594604492,8.5601806640625
1790852786644916886,0x68,joint_2,-0.7731263170943632,0.7826506333640354,0.7826506333640354,0.7816789224681312,-0.04330303682196461,0.8168140899333461,19.640445709228516,18.558263778686523
1790852786654909463,0x69,joint_3,-0.2316310989707318,0.31717950308801635,0.31717950308801635,0.3629849049551284,-0.0865281859464305,0.4363323129985824,29.633045196533203,28.55086326599121
1790852786664902736,0x68,joint_2,-0.7731263170943632,0.7826506333640354,0.7826506333640354,0.7816789224681312,-0.04330303682196461,0.8168140899333461,39.626121520996094,38.5439395904541
1790852786674490069,0x69,joint_3,-0.2316310989707318,0.31717950308801635,0.31717950308801635,0.3629849049551284,-0.0865281859464305,0.43458698374658805,1.1670589447021484,48.131465911865234
1790852786684614475,0x68,joint_2,-0.7715923363064775,0.7780486910003784,0.7780486910003784,0.7785098665590924,-0.06468115638661297,0.8168140899333461,11.291265487670898,9.80687141418457
1790852786694463409,0x69,joint_3,-0.2316310989707318,0.31717950308801635,0.31717950308801635,0.3587076298734209,-0.08726646259971647,0.43284165449459366,21.140336990356445,19.655942916870117
1790852786704556740,0x68,joint_2,-0.7715923363064775,0.7780486910003784,0.7780486910003784,0.7785098665590924,-0.06468115638661297,0.8168140899333461,31.233787536621094,29.749393463134766
1790852786714556903,0x69,joint_3,-0.2316310989707318,0.31717950308801635,0.31717950308801635,0.3587076298734209,-0.08726646259971647,0.43109632524259944,41.23377799987793,39.7493839263916
1790852786726067906,0x68,joint_2,-0.7685243747307062,0.7780486910003784,0.7780486910003784,0.7785098665590924,-0.06468115638661297,0.8168140899333461,2.4635791778564453,51.26047134399414
1790852786734920584,0x69,joint_3,-0.2316310989707318,0.31717950308801635,0.31717950308801635,0.35413509927472336,-0.08726646259971647,0.4293509959906051,11.316299438476562,7.504940032958984
1790852786744915878,0x68,joint_2,-0.7685243747307062,0.7749807294246072,0.7749807294246072,0.7749807294246072,-0.06740093077389872,0.8150687606813519,21.311521530151367,17.50016212463379
1790852786754806571,0x69,joint_3,-0.2316310989707318,0.31717950308801635,0.31717950308801635,0.35413509927472336,-0.08726646259971647,0.4276056667386107,31.202316284179688,27.39095687866211
1790852786765081223,0x68,joint_2,-0.7685243747307062,0.7749807294246072,0.7749807294246072,0.7749807294246072,-0.06740093077389872,0.8150687606813519,41.47696495056152,37.665605545043945
1790852786774874637,0x69,joint_3,-0.2316310989707318,0.31717950308801635,0.31717950308801635,0.35413509927472336,-0.08726646259971647,0.4258603374866164,0.3142356872558594,47.45888710021973
1790852786787409262,0x68,joint_2,-0.765456413154935,0.7749807294246072,0.7749807294246072,0.7749807294246072,-0.06740093077389872,0.8150687606813519,12.848854064941406,11.825799942016602
1790852786796329673,0x69,joint_3,-0.2316310989707318,0.31717950308801635,0.31717950308801635,0.35413509927472336,-0.08726646259971647,0.4258603374866164,21.769285202026367,20.746231079101562
1790852786807545580,0x68,joint_2,-0.765456413154935,0.7749807294246072,0.7749807294246072,0.7749807294246072,-0.06740093077389872,0.8150687606813519,32.98521041870117,31.962156295776367
1790852786815136657,0x69,joint_3,-0.2316310989707318,0.31717950308801635,0.31717950308801635,0.35413509927472336,-0.08726646259971647,0.424115008234622,40.57645797729492,39.55340385437012
1790852786826124754,0x68,joint_2,-0.7623884515791637,0.7749807294246072,0.7749807294246072,0.7749807294246072,-0.06740093077389872,0.8150687606813519,1.5745162963867188,50.54140090942383
1790852786836327851,0x69,joint_3,-0.2316310989707318,0.31717950308801635,0.31717950308801635,0.3454518624074986,-0.08726646259971647,0.4223696789826278,11.777639389038086,9.25135612487793
1790852786846170665,0x68,joint_2,-0.7623884515791637,0.7719127678488359,0.7719127678488359,0.7719127678488359,-0.03084989793892199,0.8133234314293577,21.62027359008789,19.093990325927734
1790852786856171335,0x69,joint_3,-0.2316310989707318,0.31717950308801635,0.31717950308801635,0.3454518624074986,-0.08726646259971647,0.42062434973063345,31.62097930908203,29.094696044921875
1790852786866187061,0x68,joint_2,-0.7623884515791637,0.7719127678488359,0.7719127678488359,0.7719127678488359,-0.03084989793892199,0.8133234314293577,41.63670539855957,39.110422134399414
1790852786876121139,0x69,joint_3,-0.2316310989707318,0.31717950308801635,0.31717950308801635,0.3454518624074986,-0.08726646259971647,0.4188790204786391,1.6460418701171875,49.04460906982422
1790852786886187135,0x68,joint_2,-0.7593204900033924,0.7688448062730646,0.7688448062730646,0.7692853347755352,-0.052631977886490953,0.8133234314293577,11.711835861206055,9.108304977416992
1790852786894987205,0x69,joint_3,-0.2316310989707318,0.31717950308801635,0.31717950308801635,0.34109047502217604,-0.08726646259971647,0.41713369122664473,20.512104034423828,17.908573150634766
1790852786905998101,0x68,joint_2,-0.7593204900033924,0.7688448062730646,0.7688448062730646,0.7692853347755352,-0.052631977886490953,0.8133234314293577,31.52298927307129,28.919458389282227
1790852786916203583,0x69,joint_3,-0.2316310989707318,0.31717950308801635,0.31717950308801635,0.34109047502217604,-0.08726646259971647,0.4153883619746504,41.72849655151367,39.12496566772461
1790852786926141277,0x68,joint_2,-0.7562525284276211,0.7688448062730646,0.7688448062730646,0.7692853347755352,-0.052631977886490953,0.8133234314293577,1.8146038055419922,49.062490463256836
1790852786936190423,0x69,joint_3,-0.2316310989707318,0.31717950308801635,0.31717950308801635,0.3367279016857078,-0.08726646259971647,0.4136430327226562,11.863946914672852,9.08207893371582
1790852786946158236,0x68,joint_2,-0.7562525284276211,0.7657768446972933,0.7657768446972933,0.7657768446972933,-0.07025642633396571,0.8115781021773633,21.831750869750977,19.049882888793945
1790852786954996812,0x69,joint_3,-0.2316310989707318,0.31717950308801635,0.31717950308801635,0.3367279016857078,-0.08726646259971647,0.4118977034706618,30.670166015625,27.88829803466797
1790852786964790416,0x68,joint_2,-0.7562525284276211,0.7657768446972933,0.7657768446972933,0.7657768446972933,-0.07025642633396571,0.8115781021773633,40.463924407958984,37.68205642700195
1790852786974788075,0x69,joint_3,-0.2316310989707318,0.31717950308801635,0.31717950308801635,0.3367279016857078,-0.08726646259971647,0.41015237421866746,0.44274330139160156,47.67966270446777
1790852786984772618,0x68,joint_2,-0.7531845668518499,0.7627088831215221,0.7627088831215221,0.7627088831215221,-0.06322779104504223,0.8115781021773633,10.427236557006836,9.03773307800293
1790852786994934151,0x69,joint_3,-0.2316310989707318,0.31717950308801635,0.31717950308801635,0.3324888282835076,-0.08726646259971647,0.41015237421866746,20.58887481689453,19.199371337890625
1790852787004934344,0x68,joint_2,-0.7531845668518499,0.7627088831215221,0.7627088831215221,0.7627088831215221,-0.06322779104504223,0.8115781021773633,30.58910369873047,29.199600219726562
1790852787015083580,0x69,joint_3,-0.2316310989707318,0.31717950308801635,0.31717950308801635,0.3324888282835076,-0.08726646259971647,0.40840704496667307,40.73810577392578,39.348602294921875
1790852787024909608,0x68,joint_2,-0.7501166052760786,0.7627088831215221,0.7627088831215221,0.7627088831215221,-0.06322779104504223,0.8115781021773633,0.4837512969970703,49.17478561401367
1790852787035073906,0x69,joint_3,-0.2316310989707318,0.31717950308801635,0.31717950308801635,0.32811420030697874,-0.08726646259971647,0.40666171571467874,10.648012161254883,9.200334548950195
1790852787045089574,0x68,joint_2,-0.7501166052760786,0.7596409215457508,0.7596409215457508,0.7596409215457508,-0.061266986714499184,0.809832772925369,20.663738250732422,19.216060638427734
1790852787054933123,0x69,joint_3,-0.2316310989707318,0.31717950308801635,0.31717950308801635,0.32811420030697874,-0.08726646259971647,0.4049163864626845,30.507326126098633,29.059648513793945
1790852787065077106,0x68,joint_2,-0.7501166052760786,0.7596409215457508,0.7596409215457508,0.7596409215457508,-0.061266986714499184,0.809832772925369,40.65108299255371,39.20340538024902
1790852787074880743,0x69,joint_3,-0.2316310989707318,0.31717950308801635,0.31717950308801635,0.32811420030697874,-0.08726646259971647,0.40317105721069013,0.16951560974121094,49.00717735290527
1790852787085079999,0x68,joint_2,-0.7470486437003073,0.7565729599699795,0.7565729599699795,0.7565729599699795,-0.06144077448104003,0.809832772925369,10.368824005126953,9.167194366455078
1790852787095062415,0x69,joint_3,-0.2316310989707318,0.31717950308801635,0.31717950308801635,0.3237510664579566,-0.08726646259971647,0.4014257279586958,20.351409912109375,19.1497802734375
1790852787104751342,0x68,joint_2,-0.7470486437003073,0.7565729599699795,0.7565729599699795,0.7565729599699795,-0.06144077448104003,0.809832772925369,30.040264129638672,28.838634490966797
1790852787114797088,0x69,joint_3,-0.2316310989707318,0.31717950308801635,0.31717950308801635,0.3237510664579566,-0.08726646259971647,0.39968039870670147,40.085792541503906,38.88416290283203
1790852787124900895,0x68,joint_2,-0.7455146629124216,0.7565729599699795,0.7565729599699795,0.7565729599699795,-0.06144077448104003,0.8080874436733745,0.47969818115234375,48.98810386657715
1790852787134933439,0x69,joint_3,-0.2316310989707318,0.31717950308801635,0.31717950308801635,0.3193936137428781,-0.08726646259971647,0.3979350694547071,10.512351989746094,9.06229019165039
1790852787145101507,0x68,joint_2,-0.7455146629124216,0.7535049983942083,0.7535049983942083,0.7535049983942083,-0.0615089097568125,0.8080874436733745,20.68042755126953,19.230365753173828
1790852787154903155,0x69,joint_3,-0.2316310989707318,0.31717950308801635,0.31717950308801635,0.3193936137428781,-0.08726646259971647,0.39618974020271286,30.481815338134766,29.031753540039062
1790852787164948750,0x68,joint_2,-0.7455146629124216,0.7535049983942083,0.7535049983942083,0.7535049983942083,-0.0615089097568125,0.8063421144213803,40.5275821685791,39.0775203704834
1790852787174815971,0x69,joint_3,-0.2316310989707318,0.31717950308801635,0.31717950308801635,0.3193936137428781,-0.08726646259971647,0.39618974020271286,0.40149688720703125,48.944711685180664
1790852787184809868,0x68,joint_2,-0.7409127205487647,0.7519710176063226,0.7519710176063226,0.7515239161213324,-0.039778106273685526,0.8063421144213803,10.395526885986328,9.02700424194336
1790852787194807959,0x69,joint_3,-0.2316310989707318,0.31717950308801635,0.31717950308801635,0.3161261901209946,-0.06550047546057282,0.3944444109507185,20.39361000061035,19.025087356567383
1790852787204908951,0x68,joint_2,-0.7409127205487647,0.7519710176063226,0.7519710176063226,0.7515239161213324,-0.039778106273685526,0.804596785169386,30.49445152282715,29.12592887878418
1790852787215078114,0x69,joint_3,-0.2316310989707318,0.31717950308801635,0.31717950308801635,0.3161261901209946,-0.06550047546057282,0.39269908169872414,40.663719177246094,39.295196533203125
1790852787224921267,0x68,joint_2,-0.7393787397608791,0.7519710176063226,0.7519710176063226,0.7515239161213324,-0.039778106273685526,0.804596785169386,0.4661083221435547,49.13830757141113
1790852787234829865,0x69,joint_3,-0.2316310989707318,0.31717950308801635,0.31717950308801635,0.3139400165111732,-0.04364426745305038,0.3909537524467298,10.37454605102539,8.9263916015625
1790852787245083251,0x68,joint_2,-0.7393787397608791,0.7473690752426656,0.7473690752426656,0.7484413455378479,-0.06160954675033453,0.804596785169386,20.627975463867188,19.179821014404297
1790852787254931166,0x69,joint_3,-0.2316310989707318,0.31717950308801635,0.31717950308801635,0.3139400165111732,-0.04364426745305038,0.3892084231947354,30.475854873657227,29.027700424194336
1790852787264941164,0x68,joint_2,-0.7393787397608791,0.7473690752426656,0.7473690752426656,0.7484413455378479,-0.06160954675033453,0.8028514559173916,40.48585891723633,39.03770446777344
1790852787274913287,0x69,joint_3,-0.2316310989707318,0.31717950308801635,0.31717950308801635,0.3139400165111732,-0.04364426745305038,0.3874630939427412,0.6213188171386719,49.00979995727539
1790852787285157883,0x68,joint_2,-0.7378447589729934,0.74583509445478,0.74583509445478,0.74583509445478,-0.05223553743237054,0.8028514559173916,10.865926742553711,9.27877426147461
1790852787295069705,0x69,joint_3,-0.2316310989707318,0.31717950308801635,0.31717950308801635,0.31284863568428617,-0.02185041482303844,0.38571776469074687,20.77770233154297,19.190549850463867
1790852787304952004,0x68,joint_2,-0.7378447589729934,0.74583509445478,0.74583509445478,0.74583509445478,-0.05223553743237054,0.8011061266653974,30.660152435302734,29.072999954223633
1790852787314800383,0x69,joint_3,-0.2316310989707318,0.31717950308801635,0.31717950308801635,0.31284863568428617,-0.02185041482303844,0.3839724354387525,40.50850868225098,38.921356201171875
1790852787324911511,0x68,joint_2,-0.7347767973972221,0.74583509445478,0.74583509445478,0.74583509445478,-0.05223553743237054,0.7993607974134029,0.48232078552246094,49.03268814086914
1790852787335027739,0x69,joint_3,-0.2316310989707318,0.31717950308801635,0.31717950308801635,0.3128466117234514,-4.0491637909089805e-05,0.38222710618675815,10.598421096801758,9.126901626586914
1790852787345079825,0x68,joint_2,-0.7347767973972221,0.7443011136668943,0.7443011136668943,0.7443011136668943,-0.03072247422440446,0.7993607974134029,20.650386810302734,19.17886734008789
1790852787354937689,0x69,joint_3,-0.2316310989707318,0.31717950308801635,0.31717950308801635,0.3128466117234514,-4.0491637909089805e-05,0.38222710618675815,30.50827980041504,29.036760330200195
1790852787364939154,0x68,joint_2,-0.7347767973972221,0.7443011136668943,0.7443011136668943,0.7443011136668943,-0.03072247422440446,0.7976154681614086,40.509939193725586,39.03841972351074
1790852787374916023,0x69,joint_3,-0.2316310989707318,0.31717950308801635,0.31717950308801635,0.3128466117234514,-4.0491637909089805e-05,0.3804817769347638,0.34499168395996094,49.01528358459473
1790852787385013653,0x68,joint_2,-0.7317088358214509,0.7412331520911231,0.7412331520911231,0.7416808307170959,-0.052499919450347245,0.7976154681614086,10.442495346069336,9.121894836425781
1790852787394800601,0x69,joint_3,-0.2316310989707318,0.31717950308801635,0.31717950308801635,0.31393398811596257,0.021761807948714403,0.37873644768276954,20.229339599609375,18.90873908996582
1790852787405085020,0x68,joint_2,-0.7317088358214509,0.7412331520911231,0.7412331520911231,0.7416808307170959,-0.052499919450347245,0.7958701389094144,30.513763427734375,29.19316291809082
1790852787415103548,0x69,joint_3,-0.2316310989707318,0.31717950308801635,0.31717950308801635,0.31393398811596257,0.021761807948714403,0.3769911184307752,40.53235054016113,39.21175003051758
1790852787424920565,0x68,joint_2,-0.7286408742456796,0.7412331520911231,0.7412331520911231,0.7416808307170959,-0.052499919450347245,0.7958701389094144,0.3733634948730469,49.028873443603516
1790852787435057834,0x69,joint_3,-0.2316310989707318,0.31717950308801635,0.31717950308801635,0.3161111668279966,0.04356679534253395,0.3752457891787809,10.510683059692383,9.160041809082031
1790852787445080847,0x68,joint_2,-0.7286408742456796,0.7381651905153518,0.7381651905153518,0.7381651905153518,-0.07042680672423293,0.7941248096574199,20.53356170654297,19.182920455932617
1790852787454923516,0x69,joint_3,-0.2316310989707318,0.31717950308801635,0.31717950308801635,0.3161111668279966,0.04356679534253395,0.3735004599267865,30.376195907592773,29.025554656982422
1790852787464939118,0x68,joint_2,-0.7286408742456796,0.7381651905153518,0.7381651905153518,0.7381651905153518,-0.07042680672423293,0.7941248096574199,40.39168357849121,39.04104232788086
1790852787475045026,0x69,joint_3,-0.23316507975861744,0.31717950308801635,0.31717950308801635,0.3161111668279966,0.04356679534253395,0.37175513067479216,0.148773193359375,49.14712905883789
1790852787484886034,0x68,joint_2,-0.7240389318820226,0.7350972289395805,0.7350972289395805,0.7350972289395805,-0.06114267760213761,0.7923794804054257,9.989738464355469,8.542537689208984
1790852787494941904,0x69,joint_3,-0.23316507975861744,0.31717950308801635,0.31717950308801635,0.31719863296585266,0.02164268922741772,0.37000980142279793,20.04551887512207,18.598318099975586
1790852787505107537,0x68,joint_2,-0.7240389318820226,0.7350972289395805,0.7350972289395805,0.7350972289395805,-0.06114267760213761,0.7923794804054257,30.211210250854492,28.764009475708008
1790852787514945150,0x69,joint_3,-0.23316507975861744,0.31717950308801635,0.31717950308801635,0.31719863296585266,0.02164268922741772,0.36826447217080355,40.04859924316406,38.60139846801758
1790852787524898003,0x68,joint_2,-0.7209709703062513,0.7350972289395805,0.7350972289395805,0.7350972289395805,-0.06114267760213761,0.7906341511534313,0.36525726318359375,48.554420471191406
1790852787534919604,0x69,joint_3,-0.23316507975861744,0.318713483875902,0.318713483875902,0.318713483875902,0.03043127490004926,0.3665191429188092,10.386943817138672,8.788585662841797
1790852787545070433,0x68,joint_2,-0.7209709703062513,0.7304952865759236,0.7304952865759236,0.730980111995179,-0.08283067208543125,0.7906341511534313,20.537614822387695,18.93925666809082
1790852787554934861,0x69,joint_3,-0.23316507975861744,0.318713483875902,0.318713483875902,0.318713483875902,0.03043127490004926,0.3665191429188092,30.402183532714844,28.80382537841797
1790852787565019366,0x68,joint_2,-0.7209709703062513,0.7304952865759236,0.7304952865759236,0.730980111995179,-0.08283067208543125,0.788888821901437,40.486812591552734,38.88845443725586
1790852787575047739,0x69,joint_3,-0.23316507975861744,0.318713483875902,0.318713483875902,0.318713483875902,0.03043127490004926,0.36477381366681483,50.514936447143555,48.91657829284668
1790852787585083334,0x68,joint_2,-0.7179030087304801,0.7274273250001523,0.7274273250001523,0.7274273250001523,-0.07093827746251716,0.788888821901437,9.953737258911133,8.726358413696289
1790852787595107654,0x69,joint_3,-0.23316507975861744,0.318713483875902,0.318713483875902,0.31914218709836284,0.008547912623347283,0.3630284844148205,19.978046417236328,18.750667572021484
1790852787604960037,0x68,joint_2,-0.7179030087304801,0.7274273250001523,0.7274273250001523,0.7274273250001523,-0.07093827746251716,0.7871434926494427,29.830455780029297,28.603076934814453
1790852787615062851,0x69,joint_3,-0.23316507975861744,0.318713483875902,0.318713483875902,0.31914218709836284,0.008547912623347283,0.3612831551628263,39.933204650878906,38.70582580566406
1790852787625077295,0x68,joint_2,-0.7179030087304801,0.7274273250001523,0.7274273250001523,0.7274273250001523,-0.07093827746251716,0.7853981633974483,49.947500228881836,48.72012138366699
1790852787635039155,0x69,joint_3,-0.23316507975861744,0.318713483875902,0.318713483875902,0.318713483875902,-0.008576360340827703,0.3595378259108319,9.912967681884766,8.647441864013672
1790852787644950214,0x68,joint_2,-0.7148350471547088,0.724359363424381,0.724359363424381,0.724359363424381,-0.061463494498640275,0.7853981633974483,19.82402801513672,18.558502197265625
1790852787654781666,0x69,joint_3,-0.23316507975861744,0.318713483875902,0.318713483875902,0.318713483875902,-0.008576360340827703,0.35779249665883756,29.65545654296875,28.389930725097656
1790852787664596339,0x68,joint_2,-0.7148350471547088,0.724359363424381,0.724359363424381,0.724359363424381,-0.061463494498640275,0.7836528341454541,39.46995735168457,38.20443153381348
1790852787674887245,0x69,joint_3,-0.23316507975861744,0.318713483875902,0.318713483875902,0.318713483875902,-0.008576360340827703,0.3560471674068432,1.3060569763183594,48.49529266357422
1790852787684877516,0x68,joint_2,-0.7102331047910518,0.7166894594849528,0.7166894594849528,0.7202591977996551,-0.08301439293323795,0.7836528341454541,11.296510696411133,9.338617324829102
1790852787694941580,0x69,joint_3,-0.23316507975861744,0.318713483875902,0.318713483875902,0.318713483875902,0.0,0.35430183815484884,21.36063575744629,19.402742385864258
1790852787704969189,0x68,joint_2,-0.7102331047910518,0.7166894594849528,0.7166894594849528,0.7202591977996551,-0.08301439293323795,0.7819075048934596,31.388282775878906,29.430389404296875
1790852787714801917,0x69,joint_3,-0.23316507975861744,0.318713483875902,0.318713483875902,0.318713483875902,0.0,0.35430183815484884,41.220903396606445,39.263010025024414
1790852787725036348,0x68,joint_2,-0.7071651432152806,0.7166894594849528,0.7166894594849528,0.7202591977996551,-0.08301439293323795,0.7801621756414654,1.3535022735595703,49.497365951538086
1790852787734659797,0x69,joint_3,-0.23316507975861744,0.318713483875902,0.318713483875902,0.318713483875902,0.0,0.3525565089028546,10.977029800415039,8.953571319580078
1790852787744949946,0x68,joint_2,-0.7071651432152806,0.7136214979091815,0.7136214979091815,0.7158853726745047,-0.08726646259971647,0.7801621756414654,21.267175674438477,19.243717193603516
1790852787754929868,0x69,joint_3,-0.23316507975861744,0.318713483875902,0.318713483875902,0.318713483875902,0.0,0.3508111796508603,31.24713897705078,29.22368049621582
1790852787764953854,0x68,joint_2,-0.7071651432152806,0.7136214979091815,0.7136214979091815,0.7158853726745047,-0.08726646259971647,0.7784168463894712,41.27097129821777,39.24751281738281
1790852787774793202,0x69,joint_3,-0.23316507975861744,0.318713483875902,0.318713483875902,0.318713483875902,0.0,0.3490658503988659,0.8068084716796875,49.0870475769043
1790852787784615227,0x68,joint_2,-0.7040971816395093,0.7136214979091815,0.7136214979091815,0.7158853726745047,-0.08726646259971647,0.7766715171374766,10.628700256347656,9.32002067565918
1790852787794935934,0x69,joint_3,-0.23316507975861744,0.318713483875902,0.318713483875902,0.318713483875902,0.0,0.34732052114687156,20.949363708496094,19.640684127807617
1790852787804662175,0x68,joint_2,-0.7040971816395093,0.7136214979091815,0.7136214979091815,0.7158853726745047,-0.08726646259971647,0.7749261878854824,30.675888061523438,29.36720848083496
1790852787814792345,0x69,joint_3,-0.23316507975861744,0.318713483875902,0.318713483875902,0.318713483875902,0.0,0.34732052114687156,40.80605506896973,39.49737548828125
1790852787824854990,0x68,joint_2,-0.6994952392758524,0.7136214979091815,0.7136214979091815,0.7158853726745047,-0.08726646259971647,0.7749261878854824,0.7658004760742188,49.559831619262695
1790852787834789488,0x69,joint_3,-0.23316507975861744,0.318713483875902,0.318713483875902,0.318713483875902,0.0,0.3455751918948772,10.700225830078125,9.145021438598633
1790852787844802743,0x68,joint_2,-0.6994952392758524,0.7105535363334102,0.7105535363334102,0.7105535363334102,-0.053408968521024794,0.773180858633488,20.71356773376465,19.158363342285156
1790852787854795012,0x69,joint_3,-0.23316507975861744,0.318713483875902,0.318713483875902,0.318713483875902,0.0,0.34382986264288296,30.705928802490234,29.150724411010742
1790852787864815993,0x68,joint_2,-0.6994952392758524,0.7105535363334102,0.7105535363334102,0.7105535363334102,-0.053408968521024794,0.7714355293814937,40.726661682128906,39.171457290649414
1790852787874820956,0x69,joint_3,-0.23316507975861744,0.318713483875902,0.318713483875902,0.318713483875902,0.0,0.34382986264288296,0.6527900695800781,49.17645454406738
1790852787884800222,0x68,joint_2,-0.6964272777000811,0.7059515939697534,0.7059515939697534,0.7068052663205401,-0.07516705542712379,0.7696902001294995,10.63227653503418,9.209156036376953
1790852787894801349,0x69,joint_3,-0.23316507975861744,0.318713483875902,0.318713483875902,0.318713483875902,0.0,0.3420845333908886,20.633459091186523,19.210338592529297
1790852787904793564,0x68,joint_2,-0.6964272777000811,0.7059515939697534,0.7059515939697534,0.7068052663205401,-0.07516705542712379,0.767944870877505,30.625581741333008,29.20246124267578
1790852787914932501,0x69,joint_3,-0.23316507975861744,0.318713483875902,0.318713483875902,0.318713483875902,0.0,0.34033920413889424,40.76433181762695,39.34121131896973
1790852787925317239,0x68,joint_2,-0.6933593161243098,0.7059515939697534,0.7059515939697534,0.7068052663205401,-0.07516705542712379,0.767944870877505,1.3706684112548828,49.726009368896484
1790852787934652080,0x69,joint_3,-0.23316507975861744,0.318713483875902,0.318713483875902,0.318713483875902,0.0,0.34033920413889424,10.705709457397461,8.634567260742188
1790852787944942929,0x68,joint_2,-0.6933593161243098,0.6998156708182107,0.6998156708182107,0.7024110307042585,-0.08726646259971647,0.7661995416255107,20.9963321685791,18.925189971923828
1790852787954934444,0x69,joint_3,-0.23316507975861744,0.318713483875902,0.318713483875902,0.318713483875902,0.0,0.3385938748868999,30.987977981567383,28.91683578491211
1790852787964704435,0x68,joint_2,-0.6933593161243098,0.6998156708182107,0.6998156708182107,0.7024110307042585,-0.08726646259971647,0.7644542123735163,40.75789451599121,38.68675231933594
1790852787974822462,0x69,joint_3,-0.23316507975861744,0.318713483875902,0.318713483875902,0.318713483875902,0.0,0.33684854563490557,0.6439685821533203,48.80475997924805
1790852787984800760,0x68,joint_2,-0.6902913545485385,0.6998156708182107,0.6998156708182107,0.7024110307042585,-0.08726646259971647,0.7627088831215221,10.622262954711914,9.411096572875977
1790852787994793352,0x69,joint_3,-0.23316507975861744,0.318713483875902,0.318713483875902,0.318713483875902,0.0,0.33684854563490557,20.615100860595703,19.403934478759766
1790852788004720521,0x68,joint_2,-0.6902913545485385,0.6998156708182107,0.6998156708182107,0.7024110307042585,-0.08726646259971647,0.7609635538695279,30.54213523864746,29.330968856811523
1790852788014672619,0x69,joint_3,-0.23316507975861744,0.318713483875902,0.318713483875902,0.318713483875902,0.0,0.3351032163829113,40.49420356750488,39.283037185668945
1790852788026959959,0x68,joint_2,-0.6872233929727672,0.6998156708182107,0.6998156708182107,0.7024110307042585,-0.08726646259971647,0.7592182246175333,3.3714771270751953,51.57017707824707
1790852788034961177,0x69,joint_3,-0.23316507975861744,0.318713483875902,0.318713483875902,0.318713483875902,0.0,0.3351032163829113,11.372804641723633,6.551980972290039
1790852788044946925,0x68,joint_2,-0.6872233929727672,0.6936797476666682,0.6936797476666682,0.6936843844442868,-0.08526811729697818,0.7574728953655391,21.358728408813477,16.537904739379883
1790852788054799976,0x69,joint_3,-0.23316507975861744,0.318713483875902,0.318713483875902,0.318713483875902,0.0,0.33335788713091696,31.21161460876465,26.390790939331055
1790852788064813304,0x68,joint_2,-0.6872233929727672,0.6936797476666682,0.6936797476666682,0.6936843844442868,-0.08526811729697818,0.7557275661135446,41.22495651245117,36.40413284301758
1790852788074781827,0x69,joint_3,-0.23316507975861744,0.318713483875902,0.318713483875902,0.318713483875902,0.0,0.33161255787892263,0.8084774017333984,46.37289047241211
1790852788084800882,0x68,joint_2,-0.6856894121848817,0.6936797476666682,0.6936797476666682,0.6936843844442868,-0.08526811729697818,0.7557275661135446,10.827302932739258,9.519815444946289
1790852788094799906,0x69,joint_3,-0.23316507975861744,0.318713483875902,0.318713483875902,0.318713483875902,0.0,0.33161255787892263,20.826339721679688,19.51885223388672
1790852788104817506,0x68,joint_2,-0.6856894121848817,0.6936797476666682,0.6936797476666682,0.6936843844442868,-0.08526811729697818,0.7539822368615504,30.84397315979004,29.53648567199707
1790852788114938429,0x69,joint_3,-0.23316507975861744,0.318713483875902,0.318713483875902,0.318713483875902,0.0,0.32986722862692824,40.96484184265137,39.6573543548584
1790852788125373293,0x68,joint_2,-0.6826214506091104,0.6936797476666682,0.6936797476666682,0.6936843844442868,-0.08526811729697818,0.7522369076095562,1.4519691467285156,50.092220306396484
1790852788134652180,0x69,joint_3,-0.23469906054650308,0.3202474646637876,0.3202474646637876,0.3202474646637876,0.01571197266144414,0.32986722862692824,10.730981826782227,8.626937866210938
1790852788144656522,0x68,joint_2,-0.6826214506091104,0.6890778053030113,0.6890778053030113,0.6890778053030113,-0.047201742892276057,0.7504915783575618,20.73526382446289,18.6312198638916
1790852788154792506,0x69,joint_3,-0.23469906054650308,0.3202474646637876,0.3202474646637876,0.3202474646637876,0.01571197266144414,0.32986722862692824,30.871152877807617,28.767108917236328
1790852788164847478,0x68,joint_2,-0.6826214506091104,0.6890778053030113,0.6890778053030113,0.6890778053030113,-0.047201742892276057,0.7487462491055675,40.92597961425781,38.82193565368652
1790852788174823017,0x69,joint_3,-0.23469906054650308,0.3202474646637876,0.3202474646637876,0.3202474646637876,0.01571197266144414,0.3281218993749339,0.7648468017578125,48.797607421875
1790852788184803997,0x68,joint_2,-0.6810874698212247,0.6890778053030113,0.6890778053030113,0.6890778053030113,-0.047201742892276057,0.747000919853573,10.746002197265625,9.462833404541016
1790852788194786163,0x69,joint_3,-0.23469906054650308,0.3202474646637876,0.3202474646637876,0.3202474646637876,0.01571197266144414,0.3281218993749339,20.727872848510742,19.444704055786133
1790852788204898608,0x68,joint_2,-0.6810874698212247,0.6890778053030113,0.6890778053030113,0.6890778053030113,-0.047201742892276057,0.7452555906015788,30.840396881103516,29.557228088378906
1790852788214804002,0x69,joint_3,-0.23469906054650308,0.3202474646637876,0.3202474646637876,0.3202474646637876,0.01571197266144414,0.3281218993749339,40.74597358703613,39.46280479431152
1790852788225236276,0x68,joint_2,-0.679553489033339,0.6890778053030113,0.6890778053030113,0.6890778053030113,-0.047201742892276057,0.7435102613495845,1.3682842254638672,49.89504814147949
1790852788234799033,0x69,joint_3,-0.23469906054650308,0.3202474646637876,0.3202474646637876,0.3202474646637876,0.0,0.3263765701229397,10.931015014648438,8.86225700378418
1790852788244950192,0x68,joint_2,-0.679553489033339,0.68600984372724,0.68600984372724,0.68600984372724,-0.03073159517804236,0.7417649320975901,21.082162857055664,19.013404846191406
1790852788254792763,0x69,joint_3,-0.23469906054650308,0.3202474646637876,0.3202474646637876,0.3202474646637876,0.0,0.3263765701229397,30.92479705810547,28.85603904724121
1790852788264805177,0x68,joint_2,-0.679553489033339,0.68600984372724,0.68600984372724,0.68600984372724,-0.03073159517804236,0.7417649320975901,40.937185287475586,38.86842727661133
1790852788274840252,0x69,joint_3,-0.23469906054650308,0.3202474646637876,0.3202474646637876,0.3202474646637876,0.0,0.3263765701229397,0.7510185241699219,48.903465270996094
1790852788284974167,0x68,joint_2,-0.6780195082454534,0.68600984372724,0.68600984372724,0.68600984372724,-0.03073159517804236,0.7400196028455959,10.884761810302734,9.60397720336914
1790852788294934356,0x69,joint_3,-0.23469906054650308,0.3202474646637876,0.3202474646637876,0.3202474646637876,0.0,0.3246312408709453,20.84493637084961,19.564151763916016
1790852788304821634,0x68,joint_2,-0.6780195082454534,0.68600984372724,0.68600984372724,0.68600984372724,-0.03073159517804236,0.7382742735936013,30.73263168334961,29.451847076416016
1790852788314730016,0x69,joint_3,-0.23469906054650308,0.3202474646637876,0.3202474646637876,0.3202474646637876,0.0,0.3246312408709453,40.640830993652344,39.36004638671875
1790852788324825212,0x68,joint_2,-0.6749515466696822,0.68600984372724,0.68600984372724,0.68600984372724,-0.03073159517804236,0.7365289443416071,0.7872581481933594,49.45516586303711
1790852788334676742,0x69,joint_3,-0.23469906054650308,0.3202474646637876,0.3202474646637876,0.3202474646637876,0.0,0.3246312408709453,10.638713836669922,9.128570556640625
1790852788344651364,0x68,joint_2,-0.6749515466696822,0.6844758629393544,0.6844758629393544,0.6844758629393544,-0.015410189140664164,0.7347836150896129,20.613431930541992,19.103288650512695
1790852788354935229,0x69,joint_3,-0.23469906054650308,0.3202474646637876,0.3202474646637876,0.3202474646637876,0.0,0.32288591161895097,30.89737892150879,29.387235641479492
1790852788364727005,0x68,joint_2,-0.6749515466696822,0.6844758629393544,0.6844758629393544,0.6844758629393544,-0.015410189140664164,0.7330382858376184,40.68922996520996,39.179086685180664
1790852788374827838,0x69,joint_3,-0.23469906054650308,0.3202474646637876,0.3202474646637876,0.3202474646637876,0.0,0.32288591161895097,0.7596015930175781,49.27968978881836
1790852788386241816,0x68,joint_2,-0.6734175658817965,0.6814079013635831,0.6814079013635831,0.682617156171545,-0.03720733695158441,0.7312929565856242,12.173652648925781,10.679483413696289
1790852788396457048,0x69,joint_3,-0.23469906054650308,0.3202474646637876,0.3202474646637876,0.3202474646637876,0.0,0.32288591161895097,22.388696670532227,20.894527435302734
1790852788404813730,0x68,joint_2,-0.6734175658817965,0.6814079013635831,0.6814079013635831,0.682617156171545,-0.03720733695158441,0.7295476273336297,30.745744705200195,29.251575469970703
1790852788414717828,0x69,joint_3,-0.23469906054650308,0.3202474646637876,0.3202474646637876,0.3202474646637876,0.0,0.32288591161895097,40.6498908996582,39.15572166442871
1790852788425315106,0x68,joint_2,-0.6703496043060252,0.6814079013635831,0.6814079013635831,0.682617156171545,-0.03720733695158441,0.7278022980816354,1.4595985412597656,49.75271224975586
1790852788434655648,0x69,joint_3,-0.23469906054650308,0.3202474646637876,0.3202474646637876,0.3202474646637876,0.0,0.32288591161895097,10.800361633300781,8.687257766723633
1790852788444673480,0x68,joint_2,-0.6703496043060252,0.6768059589999261,0.6768059589999261,0.6796353633810488,-0.05918875226179515,0.7278022980816354,20.817995071411133,18.704891204833984
1790852788454798425,0x69,joint_3,-0.23469906054650308,0.3202474646637876,0.3202474646637876,0.3202474646637876,0.0,0.32288591161895097,30.942916870117188,28.82981300354004
1790852788464729278,0x68,joint_2,-0.6703496043060252,0.6768059589999261,0.6768059589999261,0.6796353633810488,-0.05918875226179515,0.7260569688296412,40.87400436401367,38.76090049743652
1790852788475344482,0x69,joint_3,-0.23469906054650308,0.3202474646637876,0.3202474646637876,0.3202474646637876,0.0,0.32114058236695664,1.4388561248779297,49.37577247619629
1790852788484815586,0x68,joint_2,-0.6657476619423683,0.6722040166362693,0.6722040166362693,0.6755882690953576,-0.08099189658836736,0.7243116395776468,10.910272598266602,8.823156356811523
1790852788494805285,0x69,joint_3,-0.23469906054650308,0.3202474646637876,0.3202474646637876,0.3202474646637876,0.0,0.32114058236695664,20.89977264404297,18.81265640258789
1790852788504812147,0x68,joint_2,-0.6657476619423683,0.6722040166362693,0.6722040166362693,0.6755882690953576,-0.08099189658836736,0.7225663103256525,30.90667724609375,28.819561004638672
1790852788514807007,0x69,joint_3,-0.23469906054650308,0.3202474646637876,0.3202474646637876,0.3202474646637876,0.0,0.32114058236695664,40.90166091918945,38.814544677734375
1790852788527028774,0x68,joint_2,-0.662679700366597,0.6722040166362693,0.6722040166362693,0.6755882690953576,-0.08099189658836736,0.7208209810736581,3.1194686889648438,51.03611946105957
1790852788534766904,0x69,joint_3,-0.23469906054650308,0.3202474646637876,0.3202474646637876,0.3202474646637876,0.0,0.32114058236695664,10.857582092285156,6.332874298095703
1790852788544668960,0x68,joint_2,-0.662679700366597,0.669136055060498,0.669136055060498,0.6710194563097758,-0.08726646259971647,0.7190756518216638,20.75982093811035,16.2351131439209
1790852788554936563,0x69,joint_3,-0.23469906054650308,0.3202474646637876,0.3202474646637876,0.3202474646637876,0.0,0.32114058236695664,31.02731704711914,26.502609252929688
1790852788564960652,0x68,joint_2,-0.662679700366597,0.669136055060498,0.669136055060498,0.6710194563097758,-0.08726646259971647,0.7173303225696696,41.051626205444336,36.52691841125488
1790852788574838933,0x69,joint_3,-0.23469906054650308,0.3202474646637876,0.3202474646637876,0.3202474646637876,0.0,0.32114058236695664,0.7627010345458984,46.40507698059082
1790852788584803462,0x68,joint_2,-0.6596117387908257,0.669136055060498,0.669136055060498,0.6710194563097758,-0.08726646259971647,0.7155849933176751,10.727167129516602,9.414911270141602
1790852788594928521,0x69,joint_3,-0.23469906054650308,0.3202474646637876,0.3202474646637876,0.3202474646637876,0.0,0.32114058236695664,20.852327346801758,19.540071487426758
1790852788604798994,0x68,joint_2,-0.6596117387908257,0.669136055060498,0.669136055060498,0.6710194563097758,-0.08726646259971647,0.7138396640656809,30.722618103027344,29.410362243652344
1790852788614937009,0x69,joint_3,-0.23469906054650308,0.3202474646637876,0.3202474646637876,0.3202474646637876,0.0,0.32114058236695664,40.860891342163086,39.548635482788086
1790852788624788862,0x68,joint_2,-0.6580777580029401,0.669136055060498,0.669136055060498,0.6710194563097758,-0.08726646259971647,0.7120943348136864,0.8034706115722656,49.40009117126465
1790852788634798478,0x69,joint_3,-0.23469906054650308,0.3202474646637876,0.3202474646637876,0.3202474646637876,0.0,0.32114058236695664,10.813474655151367,9.265661239624023
1790852788644646863,0x68,joint_2,-0.6580777580029401,0.6660680934847266,0.6660680934847266,0.6660680934847266,-0.05103486688635196,0.7120943348136864,20.66183090209961,19.114017486572266
1790852788654684430,0x69,joint_3,-0.23469906054650308,0.3202474646637876,0.3202474646637876,0.3202474646637876,0.0,0.32114058236695664,30.69925308227539,29.151439666748047
1790852788664964800,0x68,joint_2,-0.6580777580029401,0.6660680934847266,0.6660680934847266,0.6660680934847266,-0.05103486688635196,0.7103490055616922,40.979623794555664,39.43181037902832
1790852788674821516,0x69,joint_3,-0.23316507975861744,0.3202474646637876,0.3202474646637876,0.3202474646637876,0.0,0.32114058236695664,0.7119178771972656,49.28874969482422
1790852788684729283,0x68,joint_2,-0.6550097964271688,0.664534112696841,0.664534112696841,0.664534112696841,-0.030686332381890946,0.7086036763096979,10.619401931762695,9.163379669189453
1790852788694569843,0x69,joint_3,-0.23316507975861744,0.3202474646637876,0.3202474646637876,0.3202474646637876,0.0,0.32114058236695664,20.459890365600586,19.003868103027344
1790852788704653287,0x68,joint_2,-0.6550097964271688,0.664534112696841,0.664534112696841,0.664534112696841,-0.030686332381890946,0.7068583470577035,30.54356575012207,29.087543487548828
1790852788714592399,0x69,joint_3,-0.23316507975861744,0.3202474646637876,0.3202474646637876,0.3202474646637876,0.0,0.32114058236695664,40.48275947570801,39.026737213134766
1790852788724545972,0x68,joint_2,-0.6519418348513976,0.664534112696841,0.664534112696841,0.664534112696841,-0.030686332381890946,0.7051130178057092,1.2137889862060547,48.9802360534668
1790852788735114782,0x69,joint_3,-0.2316310989707318,0.31717950308801635,0.31717950308801635,0.31917883432005734,-0.021593470068988242,0.32114058236695664,11.782407760620117,10.242462158203125
1790852788744933413,0x68,joint_2,-0.6519418348513976,0.6583981895452985,0.6583981895452985,0.6619484746400988,-0.052270258990657355,0.7033676885537148,21.601200103759766,20.061254501342773
1790852788754924166,0x69,joint_3,-0.2316310989707318,0.31717950308801635,0.31717950308801635,0.31917883432005734,-0.021593470068988242,0.32114058236695664,31.59189224243164,30.05194664001465
1790852788765226465,0x68,joint_2,-0.6519418348513976,0.6583981895452985,0.6583981895452985,0.6619484746400988,-0.052270258990657355,0.7016223593017206,41.89419746398926,40.354251861572266
1790852788778133045,0x69,joint_3,-0.2316310989707318,0.31717950308801635,0.31717950308801635,0.31917883432005734,-0.021593470068988242,0.32114058236695664,3.066539764404297,53.26080322265625
1790852788784918264,0x68,joint_2,-0.6488738732756263,0.6583981895452985,0.6583981895452985,0.6619484746400988,-0.052270258990657355,0.6998770300497263,9.851694107055664,4.485130310058594
1790852788795186589,0x69,joint_3,-0.2316310989707318,0.31717950308801635,0.31717950308801635,0.31917883432005734,-0.021593470068988242,0.32114058236695664,20.12014389038086,14.753580093383789
1790852788804967660,0x68,joint_2,-0.6488738732756263,0.6583981895452985,0.6583981895452985,0.6619484746400988,-0.052270258990657355,0.6981317007977318,29.90126609802246,24.53470230102539
1790852788815211291,0x69,joint_3,-0.2316310989707318,0.31717950308801635,0.31717950308801635,0.31917883432005734,-0.021593470068988242,0.32114058236695664,40.14468193054199,34.77811813354492
1790852788825019587,0x68,joint_2,-0.6427379501240836,0.6583981895452985,0.6583981895452985,0.6619484746400988,-0.052270258990657355,0.6981317007977318,0.07319450378417969,44.5866584777832
1790852788835119436,0x69,joint_3,-0.2316310989707318,0.31717950308801635,0.31717950308801635,0.31717950308801635,-0.01981370033437135,0.32114058236695664,10.172843933105469,8.849143981933594
1790852788845088232,0x68,joint_2,-0.6427379501240836,0.6553302279695272,0.6553302279695272,0.6553302279695272,-0.0656347577794436,0.6963863715457376,20.1418399810791,18.818140029907227
1790852788854940914,0x69,joint_3,-0.2316310989707318,0.31717950308801635,0.31717950308801635,0.31717950308801635,-0.01981370033437135,0.32114058236695664,29.994487762451172,28.670787811279297
1790852788864917707,0x68,joint_2,-0.6427379501240836,0.6553302279695272,0.6553302279695272,0.6553302279695272,-0.0656347577794436,0.6946410422937431,39.971113204956055,38.64741325378418
1790852788874911049,0x69,joint_3,-0.2316310989707318,0.31717950308801635,0.31717950308801635,0.31717950308801635,-0.01981370033437135,0.31939525311496225,0.3256797790527344,48.64072799682617
1790852788885080222,0x68,joint_2,-0.6381360077604268,0.6491943048179846,0.6491943048179846,0.6509879080444726,-0.08726646259971647,0.6928957130417489,10.49494743347168,8.965730667114258
1790852788895065962,0x69,joint_3,-0.2316310989707318,0.31717950308801635,0.31717950308801635,0.31717950308801635,0.0,0.31939525311496225,20.480632781982422,18.951416015625
1790852788905071425,0x68,joint_2,-0.6381360077604268,0.6491943048179846,0.6491943048179846,0.6509879080444726,-0.08726646259971647,0.6911503837897547,30.486106872558594,28.956890106201172
1790852788915090991,0x69,joint_3,-0.2316310989707318,0.31717950308801635,0.31717950308801635,0.31717950308801635,0.0,0.31939525311496225,40.50564765930176,38.976430892944336
1790852788925052172,0x68,joint_2,-0.6320000846088842,0.6491943048179846,0.6491943048179846,0.6509879080444726,-0.08726646259971647,0.6894050545377601,0.12969970703125,48.93755912780762
1790852788935214905,0x69,joint_3,-0.2316310989707318,0.31717950308801635,0.31717950308801635,0.31717950308801635,0.0,0.31939525311496225,10.292530059814453,8.775949478149414
1790852788945079656,0x68,joint_2,-0.6320000846088842,0.6445923624543277,0.6445923624543277,0.6466105843194646,-0.08726646259971647,0.6876597252857659,20.1570987701416,18.640518188476562
1790852788954932453,0x69,joint_3,-0.2316310989707318,0.31717950308801635,0.31717950308801635,0.31717950308801635,0.0,0.31939525311496225,30.010223388671875,28.493642807006836
1790852788964933173,0x68,joint_2,-0.6320000846088842,0.6445923624543277,0.6445923624543277,0.6466105843194646,-0.08726646259971647,0.6859143960337715,40.010690689086914,38.494110107421875
1790852788975013300,0x69,joint_3,-0.2316310989707318,0.31717950308801635,0.31717950308801635,0.31717950308801635,0.0,0.31939525311496225,0.037670135498046875,48.57444763183594
1790852788985384152,0x68,joint_2,-0.6273981422452273,0.6384564393027852,0.6384564393027852,0.6422615564832526,-0.08726646259971647,0.6859143960337715,10.408401489257812,8.901596069335938
1790852788995192080,0x69,joint_3,-0.2316310989707318,0.31717950308801635,0.31717950308801635,0.31717950308801635,0.0,0.31939525311496225,20.21646499633789,18.709659576416016
1790852789005147712,0x68,joint_2,-0.6273981422452273,0.6384564393027852,0.6384564393027852,0.6422615564832526,-0.08726646259971647,0.6841690667817772,30.171871185302734,28.66506576538086
1790852789015087003,0x69,joint_3,-0.2316310989707318,0.31717950308801635,0.31717950308801635,0.31717950308801635,0.0,0.31764992386296803,40.11130332946777,38.6044979095459
1790852789025036379,0x68,joint_2,-0.624330180669456,0.6384564393027852,0.6384564393027852,0.6422615564832526,-0.08726646259971647,0.682423737529783,0.04363059997558594,48.5537052154541
1790852789035226927,0x69,joint_3,-0.2316310989707318,0.31717950308801635,0.31717950308801635,0.31717950308801635,0.0,0.31764992386296803,10.234355926513672,8.817911148071289
1790852789048351873,0x68,joint_2,-0.624330180669456,0.6338544969391282,0.6338544969391282,0.6379105342593632,-0.08726646259971647,0.6806784082777885,23.359298706054688,21.942853927612305
1790852789054902484,0x69,joint_3,-0.2316310989707318,0.31717950308801635,0.31717950308801635,0.31717950308801635,0.0,0.31764992386296803,29.909849166870117,28.493404388427734
1790852789065004680,0x68,joint_2,-0.624330180669456,0.6338544969391282,0.6338544969391282,0.6379105342593632,-0.08726646259971647,0.6789330790257943,40.01212120056152,38.59567642211914
1790852789074953668,0x69,joint_3,-0.2316310989707318,0.31717950308801635,0.31717950308801635,0.31717950308801635,0.0,0.31764992386296803,0.4401206970214844,48.54464530944824
1790852789085057190,0x68,joint_2,-0.6212622190936847,0.6307865353633569,0.6307865353633569,0.6335670995924783,-0.08726646259971647,0.6771877497737998,10.5438232421875,8.773326873779297
1790852789095169881,0x69,joint_3,-0.2316310989707318,0.31717950308801635,0.31717950308801635,0.31717950308801635,0.0,0.31764992386296803,20.656347274780273,18.88585090637207
1790852789108151412,0x68,joint_2,-0.6212622190936847,0.6307865353633569,0.6307865353633569,0.6335670995924783,-0.08726646259971647,0.6754424205218056,33.63776206970215,31.867265701293945
1790852789115083363,0x69,joint_3,-0.2316310989707318,0.31717950308801635,0.31717950308801635,0.31717950308801635,0.0,0.31764992386296803,40.56978225708008,38.799285888671875
1790852789125029338,0x68,joint_2,-0.619728238305799,0.6307865353633569,0.6307865353633569,0.6335670995924783,-0.08726646259971647,0.6736970912698114,0.030755996704101562,48.74539375305176
1790852789134910423,0x69,joint_3,-0.2316310989707318,0.31717950308801635,0.31717950308801635,0.31717950308801635,0.0,0.31764992386296803,9.911775588989258,8.508443832397461
1790852789145045717,0x68,joint_2,-0.619728238305799,0.6277185737875857,0.6277185737875857,0.6292038258552483,-0.08726646259971647,0.6719517620178169,20.04694938659668,18.643617630004883
1790852789154884811,0x69,joint_3,-0.2316310989707318,0.31717950308801635,0.31717950308801635,0.31717950308801635,0.0,0.31764992386296803,29.886245727539062,28.482913970947266
1790852789164762095,0x68,joint_2,-0.619728238305799,0.6277185737875857,0.6277185737875857,0.6292038258552483,-0.08726646259971647,0.6719517620178169,39.763450622558594,38.3601188659668
1790852789174763394,0x69,joint_3,-0.2316310989707318,0.31717950308801635,0.31717950308801635,0.31717950308801635,0.0,0.31764992386296803,0.5774497985839844,48.36153984069824
1790852789184750779,0x68,joint_2,-0.6151262959421421,0.6261845929997,0.6261845929997,0.6259571293614636,-0.06570629821248801,0.6702064327658226,10.564804077148438,9.033918380737305
1790852789194994399,0x69,joint_3,-0.2316310989707318,0.31717950308801635,0.31717950308801635,0.31717950308801635,0.0,0.31764992386296803,20.80821990966797,19.277334213256836
1790852789204904081,0x68,joint_2,-0.6151262959421421,0.6261845929997,0.6261845929997,0.6259571293614636,-0.06570629821248801,0.6684611035138281,30.718088150024414,29.18720245361328
1790852789214798160,0x69,joint_3,-0.2316310989707318,0.31717950308801635,0.31717950308801635,0.31717950308801635,0.0,0.31764992386296803,40.611982345581055,39.08109664916992
1790852789224904188,0x68,joint_2,-0.6105243535784852,0.6261845929997,0.6261845929997,0.6259571293614636,-0.06570629821248801,0.6667157742618339,0.6196498870849609,49.18718338012695
1790852789235028820,0x69,joint_3,-0.2316310989707318,0.31717950308801635,0.31717950308801635,0.31717950308801635,0.0,0.31764992386296803,10.744094848632812,9.13381576538086
1790852789245053415,0x68,joint_2,-0.6105243535784852,0.6215826506360431,0.6215826506360431,0.621583888572558,-0.08726646259971647,0.6649704450098397,20.76888084411621,19.158601760864258
1790852789254745594,0x69,joint_3,-0.2316310989707318,0.31717950308801635,0.31717950308801635,0.31717950308801635,0.0,0.31764992386296803,30.46107292175293,28.850793838500977
1790852789264800642,0x68,joint_2,-0.6105243535784852,0.6215826506360431,0.6215826506360431,0.621583888572558,-0.08726646259971647,0.6632251157578453,40.51613807678223,38.90585899353027
1790852789275044196,0x69,joint_3,-0.2316310989707318,0.31717950308801635,0.31717950308801635,0.31717950308801635,0.0,0.31764992386296803,0.5736351013183594,49.149274826049805
1790852789284851758,0x68,joint_2,-0.607456392002714,0.6169807082723862,0.6169807082723862,0.6171991139498886,-0.08726646259971647,0.661479786505851,10.381221771240234,8.383750915527344
1790852789298288583,0x69,joint_3,-0.2316310989707318,0.31717950308801635,0.31717950308801635,0.31717950308801635,0.0,0.31764992386296803,23.818254470825195,21.820783615112305
1790852789305098714,0x68,joint_2,-0.607456392002714,0.6169807082723862,0.6169807082723862,0.6171991139498886,-0.08726646259971647,0.6597344572538565,30.628204345703125,28.630733489990234
1790852789315094083,0x69,joint_3,-0.2316310989707318,0.31717950308801635,0.31717950308801635,0.31717950308801635,0.0,0.31764992386296803,40.62366485595703,38.62619400024414
1790852789324918379,0x68,joint_2,-0.607456392002714,0.6169807082723862,0.6169807082723862,0.6171991139498886,-0.08726646259971647,0.6579891280018623,50.447702407836914,48.45023155212402
1790852789334913264,0x69,joint_3,-0.2316310989707318,0.31717950308801635,0.31717950308801635,0.31717950308801635,0.0,0.31764992386296803,9.877920150756836,8.541584014892578
1790852789345235130,0x68,joint_2,-0.6059224112148283,0.6139127466966149,0.6139127466966149,0.6139127466966149,-0.06599915996567386,0.6579891280018623,20.19977569580078,18.863439559936523
1790852789355103896,0x69,joint_3,-0.2316310989707318,0.31717950308801635,0.31717950308801635,0.31717950308801635,0.0,0.31764992386296803,30.068635940551758,28.7322998046875
1790852789364914494,0x68,joint_2,-0.6059224112148283,0.6139127466966149,0.6139127466966149,0.6139127466966149,-0.06599915996567386,0.656243798749868,39.87908363342285,38.542747497558594
1790852789374884400,0x69,joint_3,-0.2316310989707318,0.31717950308801635,0.31717950308801635,0.31717950308801635,0.0,0.31764992386296803,49.84879493713379,48.51245880126953
1790852789384915760,0x68,joint_2,-0.602854449639057,0.6123787659087292,0.6123787659087292,0.6117080906226561,-0.04426943335041863,0.6544984694978736,9.915351867675781,8.680582046508789
1790852789395186139,0x69,joint_3,-0.2316310989707318,0.31717950308801635,0.31717950308801635,0.31717950308801635,0.0,0.31764992386296803,20.18570899963379,18.950939178466797
1790852789408365576,0x68,joint_2,-0.602854449639057,0.6123787659087292,0.6123787659087292,0.6117080906226561,-0.04426943335041863,0.6527531402458794,33.36524963378906,32.13047981262207
1790852789414921293,0x69,joint_3,-0.2316310989707318,0.31717950308801635,0.31717950308801635,0.31717950308801635,0.0,0.31764992386296803,39.920806884765625,38.68603706359863
1790852789425115361,0x68,joint_2,-0.602854449639057,0.6123787659087292,0.6123787659087292,0.6117080906226561,-0.04426943335041863,0.6510078109938848,50.115108489990234,48.88033866882324
1790852789435062913,0x69,joint_3,-0.2316310989707318,0.31717950308801635,0.31717950308801635,0.31717950308801635,0.0,0.31764992386296803,9.841442108154297,8.522987365722656
1790852789445056139,0x68,joint_2,-0.6013204688511714,0.6093108043329579,0.6093108043329579,0.6093108043329579,-0.047851681926799554,0.6492624817418906,19.83475685119629,18.51630210876465
1790852789455055530,0x69,joint_3,-0.2316310989707318,0.31717950308801635,0.31717950308801635,0.31717950308801635,0.0,0.31764992386296803,29.83403205871582,28.51557731628418
1790852789465132524,0x68,joint_2,-0.6013204688511714,0.6093108043329579,0.6093108043329579,0.6093108043329579,-0.047851681926799554,0.6475171524898964,39.91103172302246,38.59257698059082
1790852789474918402,0x69,joint_3,-0.23009711818284617,0.31717950308801635,0.31717950308801635,0.31717950308801635,0.0,0.31764992386296803,0.3116130828857422,48.37846755981445
1790852789484908753,0x68,joint_2,-0.5997864880632857,0.6077768235450723,0.6077768235450723,0.6077768235450723,-0.030951418737214,0.6457718232379019,10.301828384399414,8.78596305847168
1790852789495196141,0x69,joint_3,-0.23009711818284617,0.31717950308801635,0.31717950308801635,0.31717950308801635,0.0,0.31764992386296803,20.589351654052734,19.073486328125
1790852789505075500,0x68,joint_2,-0.5997864880632857,0.6077768235450723,0.6077768235450723,0.6077768235450723,-0.030951418737214,0.6440264939859077,30.468463897705078,28.952598571777344
1790852789515075514,0x69,joint_3,-0.23009711818284617,0.31717950308801635,0.31717950308801635,0.31717950308801635,0.0,0.31764992386296803,40.468692779541016,38.95282745361328
1790852789525037871,0x68,joint_2,-0.5967185264875144,0.6077768235450723,0.6077768235450723,0.6077768235450723,-0.030951418737214,0.6440264939859077,0.1537799835205078,48.91514778137207
1790852789535057907,0x69,joint_3,-0.23009711818284617,0.3156455223001307,0.3156455223001307,0.3160847257817871,-0.021856045256298744,0.31764992386296803,10.173797607421875,8.791208267211914
1790852789544949626,0x68,joint_2,-0.5967185264875144,0.6062428427571867,0.6062428427571867,0.6062428427571867,-0.030666583686235323,0.6422811647339133,20.0653076171875,18.68271827697754
1790852789554908476,0x69,joint_3,-0.23009711818284617,0.3156455223001307,0.3156455223001307,0.3160847257817871,-0.021856045256298744,0.31764992386296803,30.024290084838867,28.641700744628906
1790852789565089976,0x68,joint_2,-0.5967185264875144,0.6062428427571867,0.6062428427571867,0.6062428427571867,-0.030666583686235323,0.640535835481919,40.205955505371094,38.82336616516113
1790852789574914959,0x69,joint_3,-0.22856313739496054,0.3156455223001307,0.3156455223001307,0.3160847257817871,-0.021856045256298744,0.31764992386296803,0.21696090698242188,48.64835739135742
1790852789584905714,0x68,joint_2,-0.5936505649117432,0.6031748811814154,0.6031748811814154,0.6036365311036819,-0.05237823523509943,0.6387905062299247,10.207653045654297,8.788108825683594
1790852789595196021,0x69,joint_3,-0.22856313739496054,0.3156455223001307,0.3156455223001307,0.3156455223001307,-0.008813447497568211,0.31764992386296803,20.497798919677734,19.07825469970703
1790852789605086848,0x68,joint_2,-0.5936505649117432,0.6031748811814154,0.6031748811814154,0.6036365311036819,-0.05237823523509943,0.6370451769779303,30.388593673706055,28.96904945373535
1790852789615229760,0x69,joint_3,-0.22856313739496054,0.3156455223001307,0.3156455223001307,0.3156455223001307,-0.008813447497568211,0.31764992386296803,40.53163528442383,39.112091064453125
1790852789624940409,0x68,joint_2,-0.5936505649117432,0.6031748811814154,0.6031748811814154,0.6036365311036819,-0.05237823523509943,0.6370451769779303,50.24218559265137,48.822641372680664
1790852789635081887,0x69,joint_3,-0.2270291566070749,0.3141115415122451,0.3141115415122451,0.31411424434074314,-0.030628189536596774,0.31764992386296803,9.869813919067383,8.932828903198242
1790852789645054701,0x68,joint_2,-0.5890486225480862,0.6001069196056441,0.6001069196056441,0.6001069196056441,-0.07069608250562143,0.6352998477259361,19.84262466430664,18.9056396484375
1790852789655165990,0x69,joint_3,-0.2270291566070749,0.3141115415122451,0.3141115415122451,0.31411424434074314,-0.030628189536596774,0.31764992386296803,29.953956604003906,29.016971588134766
1790852789665279701,0x68,joint_2,-0.5890486225480862,0.6001069196056441,0.6001069196056441,0.6001069196056441,-0.07069608250562143,0.6335545184739416,40.06767272949219,39.13068771362305
1790852789675148477,0x69,joint_3,-0.2270291566070749,0.3141115415122451,0.3141115415122451,0.31411424434074314,-0.030628189536596774,0.31764992386296803,0.2510547637939453,48.99954795837402
1790852789684666854,0x68,joint_2,-0.5844466801844294,0.5955049772419871,0.5955049772419871,0.5957246869677474,-0.08726646259971647,0.6318091892219474,9.769439697265625,7.977008819580078
1790852789694892354,0x69,joint_3,-0.2270291566070749,0.3125775607243594,0.3125775607243594,0.3125775607243594,-0.03053407838555761,0.31764992386296803,19.994735717773438,18.20230484008789
1790852789704637669,0x68,joint_2,-0.5844466801844294,0.5955049772419871,0.5955049772419871,0.5957246869677474,-0.08726646259971647,0.6300638599699531,29.740095138549805,27.947664260864258
1790852789714604836,0x69,joint_3,-0.2270291566070749,0.3125775607243594,0.3125775607243594,0.3125775607243594,-0.03053407838555761,0.3159045946109737,39.707183837890625,37.91475296020508
1790852789724661969,0x68,joint_2,-0.581378718608658,0.5955049772419871,0.5955049772419871,0.5957246869677474,-0.08726646259971647,0.6283185307179586,0.7047653198242188,47.97196388244629
1790852789734785480,0x69,joint_3,-0.22549517581918926,0.3125775607243594,0.3125775607243594,0.3121293037699829,-0.009143846235419069,0.3159045946109737,10.828256607055664,9.424686431884766
1790852789744699882,0x68,joint_2,-0.581378718608658,0.5909030348783303,0.5909030348783303,0.5914501873084728,-0.08726646259971647,0.6283185307179586,20.74265480041504,19.33908462524414
1790852789754781995,0x69,joint_3,-0.22549517581918926,0.3125775607243594,0.3125775607243594,0.3121293037699829,-0.009143846235419069,0.3159045946109737,30.824661254882812,29.421091079711914
1790852789764804144,0x68,joint_2,-0.581378718608658,0.5909030348783303,0.5909030348783303,0.5914501873084728,-0.08726646259971647,0.6265732014659644,40.846824645996094,39.443254470825195
1790852789774809251,0x69,joint_3,-0.22549517581918926,0.3125775607243594,0.3125775607243594,0.3121293037699829,-0.009143846235419069,0.3159045946109737,0.40793418884277344,49.448490142822266
1790852789784722841,0x68,joint_2,-0.5783107570328867,0.587835073302559,0.587835073302559,0.587835073302559,-0.07209853686327819,0.62482787221397,10.321617126464844,9.092569351196289
1790852789794869057,0x69,joint_3,-0.22549517581918926,0.31104357993647375,0.31104357993647375,0.31104357993647375,-0.02163321625250353,0.3141592653589793,20.467758178710938,19.238710403442383
1790852789804844884,0x68,joint_2,-0.5783107570328867,0.587835073302559,0.587835073302559,0.587835073302559,-0.07209853686327819,0.6230825429619757,30.443429946899414,29.21438217163086
1790852789815003230,0x69,joint_3,-0.22549517581918926,0.31104357993647375,0.31104357993647375,0.31104357993647375,-0.02163321625250353,0.3141592653589793,40.60173034667969,39.37268257141113
1790852789824797682,0x68,joint_2,-0.5752427954571154,0.587835073302559,0.587835073302559,0.587835073302559,-0.07209853686327819,0.6213372137099815,0.5619525909423828,49.16739463806152
1790852789834981591,0x69,joint_3,-0.22396119503130363,0.31104357993647375,0.31104357993647375,0.31104357993647375,0.0,0.3141592653589793,10.745763778686523,9.368181228637695
1790852789845014674,0x68,joint_2,-0.5752427954571154,0.5847671117267876,0.5847671117267876,0.5847671117267876,-0.06146165983155791,0.619591884457987,20.778894424438477,19.40131187438965
1790852789856845615,0x69,joint_3,-0.22396119503130363,0.31104357993647375,0.31104357993647375,0.31104357993647375,0.0,0.3141592653589793,32.60970115661621,31.232118606567383
1790852789865027556,0x68,joint_2,-0.5752427954571154,0.5847671117267876,0.5847671117267876,0.5847671117267876,-0.06146165983155791,0.619591884457987,40.79174995422363,39.414167404174805
1790852789875142298,0x69,joint_3,-0.222427214243418,0.31104357993647375,0.31104357993647375,0.31104357993647375,0.0,0.3141592653589793,1.4584064483642578,49.529075622558594
1790852789884858314,0x68,joint_2,-0.5721748338813442,0.5786311885752451,0.5786311885752451,0.5805729254047838,-0.08340381090546195,0.6178465552059927,11.174201965332031,8.896112442016602
1790852789895015852,0x69,joint_3,-0.222427214243418,0.3079756183607025,0.3079756183607025,0.3099380009117828,-0.02196360291587207,0.312413936106985,21.331787109375,19.05369758605957
1790852789905032737,0x68,joint_2,-0.5721748338813442,0.5786311885752451,0.5786311885752451,0.5805729254047838,-0.08340381090546195,0.6161012259539983,31.348705291748047,29.070615768432617
1790852789914868836,0x69,joint_3,-0.222427214243418,0.3079756183607025,0.3079756183607025,0.3099380009117828,-0.02196360291587207,0.312413936106985,41.18466377258301,38.90657424926758
1790852789924799639,0x68,joint_2,-0.5691068723055729,0.5786311885752451,0.5786311885752451,0.5805729254047838,-0.08340381090546195,0.6143558967020041,0.64849853515625,48.83766174316406
1790852789934874272,0x69,joint_3,-0.21935925266764666,0.3079756183607025,0.3079756183607025,0.3099380009117828,-0.02196360291587207,0.312413936106985,10.723114013671875,9.475231170654297
1790852789945030413,0x68,joint_2,-0.5691068723055729,0.5786311885752451,0.5786311885752451,0.5805729254047838,-0.08340381090546195,0.6126105674500099,20.879030227661133,19.631147384643555
1790852789955001170,0x69,joint_3,-0.21935925266764666,0.3079756183607025,0.3079756183607025,0.3099380009117828,-0.02196360291587207,0.312413936106985,30.849695205688477,29.6018123626709
1790852789965029835,0x68,joint_2,-0.5691068723055729,0.5786311885752451,0.5786311885752451,0.5805729254047838,-0.08340381090546195,0.6126105674500099,40.8785343170166,39.63065147399902
1790852789974799609,0x69,joint_3,-0.2162912910918754,0.3079756183607025,0.3079756183607025,0.3099380009117828,-0.02196360291587207,0.312413936106985,0.5311965942382812,49.40032958984375
1790852789984522377,0x68,joint_2,-0.5660389107298016,0.5755632269994738,0.5755632269994738,0.5755632269994738,-0.0503116391647569,0.6108652381980153,10.254144668579102,8.903741836547852
1790852789994571972,0x69,joint_3,-0.2162912910918754,0.3049076567849312,0.3049076567849312,0.3049076567849312,-0.050495821765665486,0.3106686068549906,20.303726196289062,18.953323364257812
1790852790004670630,0x68,joint_2,-0.5660389107298016,0.5755632269994738,0.5755632269994738,0.5755632269994738,-0.0503116391647569,0.6091199089460211,30.402421951293945,29.052019119262695
1790852790014667991,0x69,joint_3,-0.2162912910918754,0.3049076567849312,0.3049076567849312,0.3049076567849312,-0.050495821765665486,0.3106686068549906,40.399789810180664,39.049386978149414
1790852790024675395,0x68,joint_2,-0.5614369683661447,0.5755632269994738,0.5755632269994738,0.5755632269994738,-0.0503116391647569,0.6073745796940266,0.9763240814208984,49.0565299987793
1790852790034759520,0x69,joint_3,-0.21168934872821848,0.297237752845503,0.297237752845503,0.301321179371393,-0.07217714472820635,0.3106686068549906,11.060476303100586,9.632110595703125
1790852790047588612,0x68,joint_2,-0.5614369683661447,0.5678933230600456,0.5678933230600456,0.5719884938021673,-0.07198088619412796,0.6056292504420324,23.889780044555664,22.461414337158203
1790852790054951739,0x69,joint_3,-0.21168934872821848,0.297237752845503,0.297237752845503,0.301321179371393,-0.07217714472820635,0.3106686068549906,31.25286102294922,29.824495315551758
1790852790065196190,0x68,joint_2,-0.5614369683661447,0.5678933230600456,0.5678933230600456,0.5719884938021673,-0.07198088619412796,0.6056292504420324,41.49746894836426,40.0691032409668
1790852790074999704,0x69,joint_3,-0.21168934872821848,0.297237752845503,0.297237752845503,0.301321179371393,-0.07217714472820635,0.30892327760299637,51.300764083862305,49.872398376464844
1790852790084842702,0x68,joint_2,-0.5553010452146021,0.5678933230600456,0.5678933230600456,0.5719884938021673,-0.07198088619412796,0.6038839211900382,9.646415710449219,9.022951126098633
1790852790094870825,0x69,joint_3,-0.20708740636456158,0.297237752845503,0.297237752845503,0.301321179371393,-0.07217714472820635,0.30892327760299637,19.674301147460938,19.05083656311035
1790852790105050569,0x68,joint_2,-0.5553010452146021,0.5678933230600456,0.5678933230600456,0.5719884938021673,-0.07198088619412796,0.6021385919380436,29.854297637939453,29.230833053588867
1790852790115168868,0x69,joint_3,-0.20708740636456158,0.297237752845503,0.297237752845503,0.301321179371393,-0.07217714472820635,0.30892327760299637,39.97230529785156,39.34884071350098
1790852790124981068,0x68,joint_2,-0.5522330836388308,0.5678933230600456,0.5678933230600456,0.5719884938021673,-0.07198088619412796,0.6003932626860494,0.24580955505371094,49.16119575500488
1790852790135033688,0x69,joint_3,-0.20401944478879025,0.29263581048184606,0.29263581048184606,0.29263581048184606,-0.08630400745324923,0.30717794835100204,10.29825210571289,8.875846862792969
1790852790145043141,0x68,joint_2,-0.5522330836388308,0.561757399908503,0.561757399908503,0.5632618475421957,-0.08677200793264085,0.598647933434055,20.30801773071289,18.88561248779297
1790852790155024528,0x69,joint_3,-0.20401944478879025,0.29263581048184606,0.29263581048184606,0.29263581048184606,-0.08630400745324923,0.30717794835100204,30.289411544799805,28.867006301879883
1790852790169202605,0x68,joint_2,-0.5522330836388308,0.561757399908503,0.561757399908503,0.5632618475421957,-0.08677200793264085,0.598647933434055,44.46744918823242,43.0450439453125
1790852790174911686,0x69,joint_3,-0.20095148321301898,0.29263581048184606,0.29263581048184606,0.29263581048184606,-0.08630400745324923,0.30717794835100204,0.5061626434326172,48.753976821899414
1790852790185030784,0x68,joint_2,-0.5491651220630596,0.5586894383327318,0.5586894383327318,0.5587992600327516,-0.08726646259971647,0.5969026041820608,10.625123977661133,7.62939453125
1790852790194891975,0x69,joint_3,-0.20095148321301898,0.2895678489060748,0.2895678489060748,0.289360637609776,-0.06396141676212622,0.30543261909900765,20.48659324645996,17.490863800048828
1790852790204869451,0x68,joint_2,-0.5491651220630596,0.5586894383327318,0.5586894383327318,0.5587992600327516,-0.08726646259971647,0.5951572749300665,30.46393394470215,27.468204498291016
1790852790215034491,0x69,joint_3,-0.20095148321301898,0.2895678489060748,0.2895678489060748,0.289360637609776,-0.06396141676212622,0.30543261909900765,40.628910064697266,37.63318061828613
1790852790224974891,0x68,joint_2,-0.5476311412751739,0.5586894383327318,0.5586894383327318,0.5587992600327516,-0.08726646259971647,0.5934119456780721,0.1709461212158203,47.57356643676758
1790852790234856590,0x69,joint_3,-0.20095148321301898,0.2864998873303035,0.2864998873303035,0.2864998873303035,-0.058712961108494846,0.30543261909900765,10.052919387817383,8.734703063964844
1790852790245060223,0x68,joint_2,-0.5476311412751739,0.5556214767569605,0.5556214767569605,0.5555861436208575,-0.06603573914454898,0.5916666164260778,20.25628089904785,18.938064575195312
1790852790255030236,0x69,joint_3,-0.20095148321301898,0.2864998873303035,0.2864998873303035,0.2864998873303035,-0.058712961108494846,0.3036872898470133,30.226469039916992,28.908252716064453
1790852790264904424,0x68,joint_2,-0.5476311412751739,0.5556214767569605,0.5556214767569605,0.5555861436208575,-0.06603573914454898,0.5899212871740833,40.1005744934082,38.782358169555664
1790852790274984986,0x69,joint_3,-0.20095148321301898,0.2864998873303035,0.2864998873303035,0.2864998873303035,-0.058712961108494846,0.3036872898470133,0.4124641418457031,48.86293411254883
1790852790285039482,0x68,joint_2,-0.5476311412751739,0.5540874959690748,0.5540874959690748,0.5533770193175345,-0.04425474610098409,0.5899212871740833,10.466814041137695,8.897542953491211
1790852790295155177,0x69,joint_3,-0.20095148321301898,0.2864998873303035,0.2864998873303035,0.28465530613183915,-0.03690317318693627,0.301941960595019,20.58267593383789,19.013404846191406
1790852790304884972,0x68,joint_2,-0.5476311412751739,0.5540874959690748,0.5540874959690748,0.5533770193175345,-0.04425474610098409,0.5881759579220891,30.312538146972656,28.743267059326172
1790852790314861913,0x69,joint_3,-0.20095148321301898,0.2864998873303035,0.2864998873303035,0.28465530613183915,-0.03690317318693627,0.301941960595019,40.28940200805664,38.720130920410156
1790852790324960498,0x68,joint_2,-0.5476311412751739,0.5540874959690748,0.5540874959690748,0.5533770193175345,-0.04425474610098409,0.5864306286700949,0.15044212341308594,48.81882667541504
1790852790335020853,0x69,joint_3,-0.19941750242513334,0.2864998873303035,0.2864998873303035,0.283900496299447,-0.015117950774344035,0.3001966313430247,10.210752487182617,8.930206298828125
1790852790345031626,0x68,joint_2,-0.5476311412751739,0.5540874959690748,0.5540874959690748,0.5522552062936047,-0.022498003098483123,0.5846852994181004,20.221471786499023,18.94092559814453
1790852790355153349,0x69,joint_3,-0.19941750242513334,0.2864998873303035,0.2864998873303035,0.283900496299447,-0.015117950774344035,0.3001966313430247,30.343294143676758,29.062747955322266
1790852790365203698,0x68,joint_2,-0.5476311412751739,0.5540874959690748,0.5540874959690748,0.5522552062936047,-0.022498003098483123,0.5829399701661062,40.39359092712402,39.11304473876953
1790852790374979116,0x69,joint_3,-0.19941750242513334,0.2864998873303035,0.2864998873303035,0.283900496299447,-0.015117950774344035,0.2984513020910304,50.16899108886719,48.888444900512695
1790852790385188647,0x68,joint_2,-0.5476311412751739,0.5540874959690748,0.5540874959690748,0.552219916130134,-0.0007066205467566839,0.5829399701661062,10.19144058227539,9.051799774169922
1790852790394879379,0x69,joint_3,-0.19941750242513334,0.2849659065424179,0.2849659065424179,0.2842357192749559,0.006703097574986712,0.2984513020910304,19.8822021484375,18.74256134033203
1790852790404863077,0x68,joint_2,-0.5476311412751739,0.5540874959690748,0.5540874959690748,0.552219916130134,-0.0007066205467566839,0.5811946409141117,29.865741729736328,28.72610092163086
1790852790415038126,0x69,joint_3,-0.19941750242513334,0.2849659065424179,0.2849659065424179,0.2842357192749559,0.006703097574986712,0.29670597283903605,40.04096984863281,38.901329040527344
1790852790424971832,0x68,joint_2,-0.5445631796994026,0.5540874959690748,0.5540874959690748,0.552219916130134,-0.0007066205467566839,0.5794493116621174,0.06127357482910156,48.834800720214844
1790852790435020010,0x69,joint_3,-0.19941750242513334,0.2849659065424179,0.2849659065424179,0.2849659065424179,0.014610853822091902,0.29670597283903605,10.109663009643555,8.830547332763672
1790852790445053046,0x68,joint_2,-0.5445631796994026,0.5540874959690748,0.5540874959690748,0.553271494152931,0.021070095131337185,0.5777039824101232,20.142555236816406,18.863439559936523
1790852790455143128,0x69,joint_3,-0.19941750242513334,0.2849659065424179,0.2849659065424179,0.2849659065424179,0.014610853822091902,0.29496064358704166,30.232667922973633,28.95355224609375
1790852790465046247,0x68,joint_2,-0.5445631796994026,0.5540874959690748,0.5540874959690748,0.553271494152931,0.021070095131337185,0.5777039824101232,40.135860443115234,38.85674476623535
1790852790474957899,0x69,joint_3,-0.19941750242513334,0.2849659065424179,0.2849659065424179,0.2849659065424179,0.014610853822091902,0.29321531433504733,0.12040138244628906,48.76828193664551
1790852790485028325,0x68,joint_2,-0.5414952181236313,0.5510195343933035,0.5510195343933035,0.5532364843097625,-0.0007016402496247782,0.5759586531581288,10.190963745117188,8.841753005981445
1790852790495053882,0x69,joint_3,-0.19941750242513334,0.2849659065424179,0.2849659065424179,0.2849659065424179,0.0,0.29321531433504733,20.21646499633789,18.86725425720215
1790852790505023683,0x68,joint_2,-0.5414952181236313,0.5510195343933035,0.5510195343933035,0.5532364843097625,-0.0007016402496247782,0.5742133239061346,30.18641471862793,28.837203979492188
1790852790514828884,0x69,joint_3,-0.19941750242513334,0.2849659065424179,0.2849659065424179,0.2849659065424179,0.0,0.2914699850830531,39.99137878417969,38.642168045043945
1790852790524427475,0x68,joint_2,-0.5353592949720888,0.5510195343933035,0.5510195343933035,0.5532364843097625,-0.0007016402496247782,0.5742133239061346,0.9779930114746094,48.24090003967285
1790852790534603985,0x69,joint_3,-0.1978835216372477,0.28343192575453224,0.28343192575453224,0.28392022321408067,-0.021360370439611767,0.2914699850830531,11.154413223266602,9.8724365234375
1790852790544543456,0x68,joint_2,-0.5353592949720888,0.5418156496659897,0.5418156496659897,0.552157162599477,-0.0220548753467828,0.57246799465414,21.09384536743164,19.81186866760254
1790852790554666269,0x69,joint_3,-0.1978835216372477,0.28343192575453224,0.28343192575453224,0.28392022321408067,-0.021360370439611767,0.2897246558310587,31.21662139892578,29.93464469909668
1790852790564679502,0x68,joint_2,-0.5353592949720888,0.5418156496659897,0.5418156496659897,0.552157162599477,-0.0220548753467828,0.5707226654021458,41.229963302612305,39.9479866027832
1790852790574726125,0x69,joint_3,-0.19634954084936207,0.28343192575453224,0.28343192575453224,0.28392022321408067,-0.021360370439611767,0.2897246558310587,1.0824203491210938,49.994707107543945
1790852790584790118,0x68,joint_2,-0.5307573526084318,0.5372137073023328,0.5372137073023328,0.5499379494095781,-0.04404135603862194,0.5707226654021458,11.146306991577148,9.522676467895508
1790852790594992659,0x69,joint_3,-0.19634954084936207,0.2818979449666466,0.2818979449666466,0.2818979449666466,-0.04010811770704431,0.2879793265790644,21.34871482849121,19.72508430480957
1790852790604898332,0x68,joint_2,-0.5307573526084318,0.5372137073023328,0.5372137073023328,0.5499379494095781,-0.04404135603862194,0.5689773361501516,31.25452995300293,29.63089942932129
1790852790614941329,0x69,joint_3,-0.19634954084936207,0.2818979449666466,0.2818979449666466,0.2818979449666466,-0.04010811770704431,0.2879793265790644,41.29767417907715,39.67404365539551
1790852790625030872,0x68,joint_2,-0.5230874486690037,0.5372137073023328,0.5372137073023328,0.5499379494095781,-0.04404135603862194,0.5672320068981571,0.005245208740234375,49.76344108581543
1790852790635179386,0x69,joint_3,-0.19481556006147643,0.2818979449666466,0.2818979449666466,0.2818979449666466,-0.04010811770704431,0.2879793265790644,10.153532028198242,9.233236312866211
1790852790645069737,0x68,joint_2,-0.5230874486690037,0.5372137073023328,0.5372137073023328,0.5499379494095781,-0.04404135603862194,0.5672320068981571,20.04408836364746,19.12379264831543
1790852790655293633,0x69,joint_3,-0.19481556006147643,0.2818979449666466,0.2818979449666466,0.2818979449666466,-0.04010811770704431,0.28623399732707,30.267953872680664,29.347658157348633
1790852790665283998,0x68,joint_2,-0.5230874486690037,0.5372137073023328,0.5372137073023328,0.5499379494095781,-0.04404135603862194,0.5654866776461629,40.25840759277344,39.338111877441406
1790852790675017776,0x69,joint_3,-0.19481556006147643,0.2818979449666466,0.2818979449666466,0.2818979449666466,-0.04010811770704431,0.28623399732707,49.99208450317383,49.0717887878418
1790852790685221929,0x68,joint_2,-0.5138835639416898,0.5295438033629046,0.5295438033629046,0.5412113031496064,-0.08677239015500088,0.5654866776461629,10.157108306884766,8.881092071533203
1790852790695181905,0x69,joint_3,-0.1932815792735908,0.2803639641787609,0.2803639641787609,0.2803639641787609,-0.015241628926215788,0.28448866807507567,20.11704444885254,18.841028213500977
1790852790704941085,0x68,joint_2,-0.5138835639416898,0.5295438033629046,0.5295438033629046,0.5412113031496064,-0.08677239015500088,0.5637413483941683,29.8764705657959,28.600454330444336
1790852790719440202,0x69,joint_3,-0.1932815792735908,0.2803639641787609,0.2803639641787609,0.2803639641787609,-0.015241628926215788,0.28448866807507567,44.37541961669922,43.099403381347656
1790852790727765506,0x68,joint_2,-0.5092816215780329,0.5295438033629046,0.5295438033629046,0.5412113031496064,-0.08677239015500088,0.5637413483941683,3.0040740966796875,51.42474174499512
1790852790736324855,0x69,joint_3,-0.1932815792735908,0.2788299833908753,0.2788299833908753,0.2788299833908753,-0.028389423372928504,0.28274333882308145,11.563539505004883,5.914926528930664
1790852790745288675,0x68,joint_2,-0.5092816215780329,0.5203399186355907,0.5203399186355907,0.5365025197576553,-0.08726646259971647,0.5619960191421741,20.527362823486328,14.87874984741211
1790852790754917631,0x69,joint_3,-0.1932815792735908,0.2788299833908753,0.2788299833908753,0.2788299833908753,-0.028389423372928504,0.28274333882308145,30.156373977661133,24.507761001586914
1790852790765389094,0x68,joint_2,-0.5092816215780329,0.5203399186355907,0.5203399186355907,0.5365025197576553,-0.08726646259971647,0.5602506898901799,40.62771797180176,34.97910499572754
1790852790775022731,0x69,joint_3,-0.1932815792735908,0.2788299833908753,0.2788299833908753,0.2788299833908753,-0.028389423372928504,0.28099800957108706,1.8527507781982422,44.612884521484375
1790852790785759536,0x68,joint_2,-0.5031456984264904,0.5096020531203913,0.5096020531203913,0.5325389449198062,-0.08726646259971647,0.5602506898901799,12.589454650878906,10.352373123168945
1790852790795180555,0x69,joint_3,-0.1932815792735908,0.2788299833908753,0.2788299833908753,0.2784409321437557,-0.00856139922121413,0.28099800957108706,22.010326385498047,19.773244857788086
1790852790805191266,0x68,joint_2,-0.5031456984264904,0.5096020531203913,0.5096020531203913,0.5325389449198062,-0.08726646259971647,0.5585053606381855,32.02104568481445,29.783964157104492
1790852790815091606,0x69,joint_3,-0.1932815792735908,0.2788299833908753,0.2788299833908753,0.2784409321437557,-0.00856139922121413,0.2792526803190927,41.92161560058594,39.68453407287598
1790852790825044600,0x68,joint_2,-0.4985437560628334,0.5096020531203913,0.5096020531203913,0.5325389449198062,-0.08726646259971647,0.5567600313861912,1.5132427215576172,49.6373176574707
1790852790835278645,0x69,joint_3,-0.1932815792735908,0.2788299833908753,0.2788299833908753,0.2788299833908753,0.007772342148337738,0.2792526803190927,11.747360229492188,9.789705276489258
1790852790845372233,0x68,joint_2,-0.4985437560628334,0.5050001107567343,0.5050001107567343,0.5281739711447787,-0.08726646259971647,0.5567600313861912,21.840810775756836,19.883155822753906
1790852790855862671,0x69,joint_3,-0.1932815792735908,0.2788299833908753,0.2788299833908753,0.2788299833908753,0.007772342148337738,0.2775073510670984,32.33146667480469,30.373811721801758
1790852790864604753,0x68,joint_2,-0.4985437560628334,0.5050001107567343,0.5050001107567343,0.5281739711447787,-0.08726646259971647,0.5550147021341968,41.07332229614258,39.11566734313965
1790852790874957149,0x69,joint_3,-0.1932815792735908,0.2788299833908753,0.2788299833908753,0.2788299833908753,0.007772342148337738,0.2775073510670984,1.9054412841796875,49.468040466308594
1790852790884876517,0x68,joint_2,-0.4924078329112908,0.4988641876051918,0.4988641876051918,0.5238281462494424,-0.08726646259971647,0.5532693728822026,11.825084686279297,9.642362594604492
1790852790894611279,0x69,joint_3,-0.1932815792735908,0.2788299833908753,0.2788299833908753,0.2788299833908753,0.0,0.2775073510670984,21.559715270996094,19.37699317932129
1790852790904544157,0x68,joint_2,-0.4924078329112908,0.4988641876051918,0.4988641876051918,0.5238281462494424,-0.08726646259971647,0.5515240436302082,31.49271011352539,29.309988021850586
1790852790914672801,0x69,joint_3,-0.1932815792735908,0.2788299833908753,0.2788299833908753,0.2788299833908753,0.0,0.275762021815104,41.62144660949707,39.438724517822266
1790852790924730287,0x68,joint_2,-0.48627190975974827,0.4988641876051918,0.4988641876051918,0.5238281462494424,-0.08726646259971647,0.5515240436302082,1.30462646484375,49.49617385864258
1790852790934783759,0x69,joint_3,-0.19634954084936207,0.2818979449666466,0.2818979449666466,0.2799144996176939,0.021753378444099636,0.275762021815104,11.358022689819336,9.576797485351562
1790852790944945212,0x68,joint_2,-0.48627190975974827,0.4927282644536492,0.4927282644536492,0.5194800802642477,-0.08726646259971647,0.5497787143782138,21.51942253112793,19.738197326660156
1790852790955114315,0x69,joint_3,-0.19634954084936207,0.2818979449666466,0.2818979449666466,0.2799144996176939,0.021753378444099636,0.2740166925631098,31.688451766967773,29.9072265625
1790852790965071212,0x68,joint_2,-0.48627190975974827,0.4927282644536492,0.4927282644536492,0.5194800802642477,-0.08726646259971647,0.5480333851262196,41.64528846740723,39.86406326293945
1790852790975028956,0x69,joint_3,-0.19634954084936207,0.2818979449666466,0.2818979449666466,0.2799144996176939,0.021753378444099636,0.2740166925631098,51.603078842163086,49.82185363769531
1790852790992040245,0x68,joint_2,-0.48166996739609136,0.4927282644536492,0.4927282644536492,0.5194800802642477,-0.08726646259971647,0.5462880558742251,16.973495483398438,16.141176223754883
1790852790996283911,0x69,joint_3,-0.19634954084936207,0.2818979449666466,0.2818979449666466,0.2799144996176939,0.021753378444099636,0.27227136331111546,21.21710777282715,20.384788513183594
1790852791005081484,0x68,joint_2,-0.48166996739609136,0.4927282644536492,0.4927282644536492,0.5194800802642477,-0.08726646259971647,0.5462880558742251,30.014753341674805,29.18243408203125
1790852791014918046,0x69,joint_3,-0.19634954084936207,0.2818979449666466,0.2818979449666466,0.2799144996176939,0.021753378444099636,0.27227136331111546,39.85142707824707,39.019107818603516
1790852791024900591,0x68,joint_2,-0.4786020058203201,0.4927282644536492,0.4927282644536492,0.5194800802642477,-0.08726646259971647,0.5445427266222309,0.34236907958984375,49.001455307006836
1790852791034906337,0x69,joint_3,-0.19634954084936207,0.2818979449666466,0.2818979449666466,0.2818979449666466,0.01973535457720199,0.27052603405912107,10.348081588745117,8.810758590698242
1790852791045222359,0x68,joint_2,-0.4786020058203201,0.4881263220899923,0.4881263220899923,0.5107534340042761,-0.0868932456822186,0.5427973973702367,20.664215087890625,19.12689208984375
1790852791055180687,0x69,joint_3,-0.19634954084936207,0.2818979449666466,0.2818979449666466,0.2818979449666466,0.01973535457720199,0.27052603405912107,30.62272071838379,29.085397720336914
1790852791065076638,0x68,joint_2,-0.4786020058203201,0.4881263220899923,0.4881263220899923,0.5107534340042761,-0.0868932456822186,0.5410520681182421,40.51852226257324,38.98119926452637
1790852791075067308,0x69,joint_3,-0.19634954084936207,0.2818979449666466,0.2818979449666466,0.2818979449666466,0.01973535457720199,0.27052603405912107,50.50921440124512,48.97189140319824
1790852791085219596,0x68,joint_2,-0.47093210188089185,0.485058360514221,0.485058360514221,0.5063825768114822,-0.08726646259971647,0.5410520681182421,10.092020034790039,8.901596069335938
1790852791095184676,0x69,joint_3,-0.19941750242513334,0.2818979449666466,0.2818979449666466,0.2818979449666466,0.0,0.26878070480712674,20.057201385498047,18.866777420043945
1790852791105275236,0x68,joint_2,-0.47093210188089185,0.485058360514221,0.485058360514221,0.5063825768114822,-0.08726646259971647,0.5393067388662479,30.147552490234375,28.957128524780273
1790852791115203919,0x69,joint_3,-0.19941750242513334,0.2818979449666466,0.2818979449666466,0.2818979449666466,0.0,0.26878070480712674,40.076255798339844,38.88583183288574
1790852791125055396,0x68,joint_2,-0.47093210188089185,0.485058360514221,0.485058360514221,0.5063825768114822,-0.08726646259971647,0.5375614096142535,49.92794990539551,48.737525939941406
1790852791134892197,0x69,joint_3,-0.2024854640009046,0.2849659065424179,0.2849659065424179,0.2829867269973207,0.02179611850296607,0.26878070480712674,9.677410125732422,8.592605590820312
1790852791144938117,0x68,joint_2,-0.4647961787293493,0.4773884565747928,0.4773884565747928,0.5020297648397093,-0.08726646259971647,0.5358160803622593,19.72341537475586,18.63861083984375
1790852791155160284,0x69,joint_3,-0.2024854640009046,0.2849659065424179,0.2849659065424179,0.2829867269973207,0.02179611850296607,0.26878070480712674,29.94537353515625,28.86056900024414
1790852791165235243,0x68,joint_2,-0.4647961787293493,0.4773884565747928,0.4773884565747928,0.5020297648397093,-0.08726646259971647,0.5358160803622593,40.02022743225098,38.93542289733887
1790852791175058177,0x69,joint_3,-0.2024854640009046,0.2849659065424179,0.2849659065424179,0.2829867269973207,0.02179611850296607,0.26703537555513235,49.84331130981445,48.758506774902344
1790852791185237757,0x68,joint_2,-0.45559229400203544,0.47125253342325024,0.47125253342325024,0.4976757170874135,-0.08726646259971647,0.534070751110265,10.098695755004883,8.921384811401367
1790852791195065073,0x69,joint_3,-0.20708740636456158,0.28803386811818915,0.28803386811818915,0.2851652825772636,0.043598852676739484,0.26703537555513235,19.926071166992188,18.748760223388672
1790852791205217207,0x68,joint_2,-0.45559229400203544,0.47125253342325024,0.47125253342325024,0.4976757170874135,-0.08726646259971647,0.5323254218582705,30.07817268371582,28.900861740112305
1790852791214967697,0x69,joint_3,-0.20708740636456158,0.28803386811818915,0.28803386811818915,0.2851652825772636,0.043598852676739484,0.26703537555513235,39.82877731323242,38.651466369628906
1790852791224909596,0x68,joint_2,-0.44792239006260726,0.47125253342325024,0.47125253342325024,0.4976757170874135,-0.08726646259971647,0.5305800926062763,0.5526542663574219,48.59328269958496
1790852791234913367,0x69,joint_3,-0.21168934872821848,0.29263581048184606,0.29263581048184606,0.28841670240085104,0.06531855455617026,0.2652900463031381,10.556221008300781,8.805990219116211
1790852791245081474,0x68,joint_2,-0.44792239006260726,0.46204864869593637,0.46204864869593637,0.4933382686381326,-0.08726646259971647,0.5288347633542818,20.72453498840332,18.97430419921875
1790852791255180638,0x69,joint_3,-0.21168934872821848,0.29263581048184606,0.29263581048184606,0.28841670240085104,0.06531855455617026,0.2652900463031381,30.823469161987305,29.073238372802734
1790852791265242098,0x68,joint_2,-0.44792239006260726,0.46204864869593637,0.46204864869593637,0.4933382686381326,-0.08726646259971647,0.5288347633542818,40.885210037231445,39.134979248046875
1790852791275048968,0x69,joint_3,-0.21168934872821848,0.29263581048184606,0.29263581048184606,0.28841670240085104,0.06531855455617026,0.2652900463031381,50.691843032836914,48.941612243652344
1790852791285212754,0x68,joint_2,-0.440252486123179,0.4543787447565082,0.4543787447565082,0.48897016417857253,-0.08726646259971647,0.5270894341022876,10.017156600952148,8.916139602661133
1790852791295174512,0x69,joint_3,-0.21782527187976103,0.297237752845503,0.297237752845503,0.29278752349782544,0.08719145925600234,0.2652900463031381,19.979000091552734,18.87798309326172
1790852791305070093,0x68,joint_2,-0.440252486123179,0.4543787447565082,0.4543787447565082,0.48897016417857253,-0.08726646259971647,0.5253441048502934,29.874563217163086,28.77354621887207
1790852791315218900,0x69,joint_3,-0.21782527187976103,0.297237752845503,0.297237752845503,0.29278752349782544,0.08719145925600234,0.2652900463031381,40.0235652923584,38.92254829406738
1790852791325065687,0x68,joint_2,-0.440252486123179,0.4543787447565082,0.4543787447565082,0.48897016417857253,-0.08726646259971647,0.5235987755982988,49.87025260925293,48.769235610961914
1790852791334898064,0x69,joint_3,-0.22549517581918926,0.30337367599704557,0.30337367599704557,0.2971497256027986,0.08726646259971647,0.2652900463031381,9.559392929077148,8.572816848754883
1790852791345128260,0x68,joint_2,-0.4310486013958652,0.44670884081707996,0.44670884081707996,0.4846143437827565,-0.08726646259971647,0.5218534463463046,19.789457321166992,18.802881240844727
1790852791355162238,0x69,joint_3,-0.22549517581918926,0.30337367599704557,0.30337367599704557,0.2971497256027986,0.08726646259971647,0.2635447170511438,29.82330322265625,28.836727142333984
1790852791365067643,0x68,joint_2,-0.4310486013958652,0.44670884081707996,0.44670884081707996,0.4846143437827565,-0.08726646259971647,0.5201081170943102,39.72887992858887,38.7423038482666
1790852791375062552,0x69,joint_3,-0.22549517581918926,0.30337367599704557,0.30337367599704557,0.2971497256027986,0.08726646259971647,0.2635447170511438,49.72386360168457,48.737287521362305
1790852791385217097,0x68,joint_2,-0.42337869745643697,0.43750495608976614,0.43750495608976614,0.48026126739346153,-0.08726646259971647,0.5201081170943102,9.975910186767578,8.895635604858398
1790852791395104031,0x69,joint_3,-0.23469906054650308,0.31104357993647375,0.31104357993647375,0.3015092289051971,0.08726646259971647,0.2635447170511438,19.862890243530273,18.782615661621094
1790852791405076913,0x68,joint_2,-0.42337869745643697,0.43750495608976614,0.43750495608976614,0.48026126739346153,-0.08726646259971647,0.5183627878423159,29.835939407348633,28.755664825439453
1790852791415061353,0x69,joint_3,-0.23469906054650308,0.31104357993647375,0.31104357993647375,0.3015092289051971,0.08726646259971647,0.2635447170511438,39.820194244384766,38.739919662475586
1790852791424941483,0x68,joint_2,-0.42337869745643697,0.43750495608976614,0.43750495608976614,0.48026126739346153,-0.08726646259971647,0.5166174585903217,49.70049858093262,48.62022399902344
1790852791434919160,0x69,joint_3,-0.2454369260617026,0.3202474646637876,0.3202474646637876,0.30585760137030077,0.08726646259971647,0.2617993877991494,9.684562683105469,8.768320083618164
1790852791444906751,0x68,joint_2,-0.4172427743048944,0.4298350521503379,0.4298350521503379,0.47591951190794995,-0.08726646259971647,0.5148721293383273,19.672155380249023,18.75591278076172
1790852791455189061,0x69,joint_3,-0.2454369260617026,0.3202474646637876,0.3202474646637876,0.30585760137030077,0.08726646259971647,0.2617993877991494,29.954195022583008,29.037952423095703
1790852791464953176,0x68,joint_2,-0.4172427743048944,0.4298350521503379,0.4298350521503379,0.47591951190794995,-0.08726646259971647,0.5131268000863329,39.7183895111084,38.802146911621094
1790852791474927278,0x69,joint_3,-0.2561747915769021,0.3202474646637876,0.3202474646637876,0.30585760137030077,0.08726646259971647,0.2617993877991494,0.19502639770507812,48.77638816833496
1790852791484887907,0x68,joint_2,-0.4126408319412375,0.42369912899879536,0.42369912899879536,0.4715676448574415,-0.08726646259971647,0.5113814708343385,10.155439376831055,8.764028549194336
1790852791495177386,0x69,joint_3,-0.2561747915769021,0.3309853301789871,0.3309853301789871,0.3102157571911744,0.08726646259971647,0.2617993877991494,20.44510841369629,19.05369758605957
1790852791505235113,0x68,joint_2,-0.4126408319412375,0.42369912899879536,0.42369912899879536,0.4715676448574415,-0.08726646259971647,0.5096361415823443,30.502796173095703,29.111385345458984
1790852791515059223,0x69,joint_3,-0.2561747915769021,0.3309853301789871,0.3309853301789871,0.3102157571911744,0.08726646259971647,0.2617993877991494,40.326833724975586,38.93542289733887
1790852791525022023,0x68,joint_2,-0.40803888957758055,0.42369912899879536,0.42369912899879536,0.4715676448574415,-0.08726646259971647,0.5096361415823443,0.1697540283203125,48.89822006225586
1790852791534892323,0x69,joint_3,-0.2653786763042159,0.3417231956941866,0.3417231956941866,0.3145848749015119,0.08726646259971647,0.2617993877991494,10.040044784545898,8.627891540527344
1790852791544948456,0x68,joint_2,-0.40803888957758055,0.41909718663513845,0.41909718663513845,0.46720485536196943,-0.08726646259971647,0.50789081233035,20.096302032470703,18.68414878845215
1790852791555193268,0x69,joint_3,-0.2653786763042159,0.3417231956941866,0.3417231956941866,0.3145848749015119,0.08726646259971647,0.2617993877991494,30.341148376464844,28.92899513244629
1790852791568106259,0x68,joint_2,-0.40803888957758055,0.41909718663513845,0.41909718663513845,0.46720485536196943,-0.08726646259971647,0.5061454830783556,43.25413703918457,41.841983795166016
1790852791575014317,0x69,joint_3,-0.2745825610315298,0.3417231956941866,0.3417231956941866,0.3145848749015119,0.08726646259971647,0.2617993877991494,0.2505779266357422,48.75016212463379
1790852791585047168,0x68,joint_2,-0.40343694721392365,0.4144952442714815,0.4144952442714815,0.4628525006663867,-0.08726646259971647,0.5044001538263614,10.283231735229492,8.820772171020508
1790852791594750150,0x69,joint_3,-0.2745825610315298,0.35092708042150045,0.35092708042150045,0.31894361287695205,0.08726646259971647,0.2617993877991494,19.986391067504883,18.5239315032959
1790852791605058805,0x68,joint_2,-0.40343694721392365,0.4144952442714815,0.4144952442714815,0.4628525006663867,-0.08726646259971647,0.5026548245743668,30.29489517211914,28.832435607910156
1790852791614877116,0x69,joint_3,-0.2745825610315298,0.35092708042150045,0.35092708042150045,0.31894361287695205,0.08726646259971647,0.2617993877991494,40.113210678100586,38.6507511138916
1790852791624842936,0x68,joint_2,-0.4003689856381524,0.4144952442714815,0.4144952442714815,0.4628525006663867,-0.08726646259971647,0.5009094953223726,0.6768703460693359,48.616647720336914
1790852791634714680,0x69,joint_3,-0.28532042654672923,0.36013096514881426,0.36013096514881426,0.32327525828102077,0.08726646259971647,0.2617993877991494,10.548591613769531,8.979082107543945
1790852791644747065,0x68,joint_2,-0.4003689856381524,0.4098933019078246,0.4098933019078246,0.45852734020768016,-0.08726646259971647,0.4991641660703784,20.580768585205078,19.011259078979492
1790852791655018604,0x69,joint_3,-0.28532042654672923,0.36013096514881426,0.36013096514881426,0.32327525828102077,0.08726646259971647,0.2617993877991494,30.852317810058594,29.282808303833008
1790852791664895477,0x68,joint_2,-0.4003689856381524,0.4098933019078246,0.4098933019078246,0.45852734020768016,-0.08726646259971647,0.49741883681838395,40.72928428649902,39.15977478027344
1790852791674835422,0x69,joint_3,-0.29605829206192874,0.36013096514881426,0.36013096514881426,0.32327525828102077,0.08726646259971647,0.2600540585471551,0.46825408935546875,49.09992218017578
1790852791684894808,0x68,joint_2,-0.3973010240623811,0.4068253403320533,0.4068253403320533,0.45417384354310125,-0.08726646259971647,0.49741883681838395,10.527372360229492,9.172916412353516
1790852791695006725,0x69,joint_3,-0.29605829206192874,0.37086883066401377,0.37086883066401377,0.3276333072006161,0.08726646259971647,0.2600540585471551,20.639419555664062,19.284963607788086
1790852791705067659,0x68,joint_2,-0.3973010240623811,0.4068253403320533,0.4068253403320533,0.45417384354310125,-0.08726646259971647,0.49567350756638967,30.7004451751709,29.345989227294922
1790852791714896039,0x69,joint_3,-0.29605829206192874,0.37086883066401377,0.37086883066401377,0.3276333072006161,0.08726646259971647,0.2600540585471551,40.52877426147461,39.17431831359863
1790852791724832117,0x68,joint_2,-0.39269908169872414,0.4068253403320533,0.4068253403320533,0.45417384354310125,-0.08726646259971647,0.4939281783143952,0.5967617034912109,49.11017417907715
1790852791734728159,0x69,joint_3,-0.30526217678924256,0.3816066961792133,0.3816066961792133,0.33199217022904304,0.08726646259971647,0.2600540585471551,10.493040084838867,9.005546569824219
1790852791744761713,0x68,joint_2,-0.39269908169872414,0.40375737875628204,0.40375737875628204,0.44981954839050026,-0.08726646259971647,0.492182849062401,20.526409149169922,19.038915634155273
1790852791754708713,0x69,joint_3,-0.30526217678924256,0.3816066961792133,0.3816066961792133,0.33199217022904304,0.08726646259971647,0.2600540585471551,30.47347068786621,28.985977172851562
1790852791764726322,0x68,joint_2,-0.39269908169872414,0.40375737875628204,0.40375737875628204,0.44981954839050026,-0.08726646259971647,0.49043751981040673,40.49110412597656,39.003610610961914
1790852791774742580,0x69,joint_3,-0.3175340230923277,0.3816066961792133,0.3816066961792133,0.33199217022904304,0.08726646259971647,0.2600540585471551,0.4734992980957031,49.019813537597656
1790852791784890916,0x68,joint_2,-0.38809713933506723,0.3991554363926251,0.3991554363926251,0.4454727115534887,-0.08726646259971647,0.4886921905584123,10.621786117553711,9.26065444946289
1790852791794890900,0x69,joint_3,-0.3175340230923277,0.390810580906527,0.390810580906527,0.3363436118556404,0.08726646259971647,0.2617993877991494,20.62201499938965,19.260883331298828
1790852791804906238,0x68,joint_2,-0.38809713933506723,0.3991554363926251,0.3991554363926251,0.4454727115534887,-0.08726646259971647,0.48694686130641807,30.637264251708984,29.276132583618164
1790852791815013495,0x69,joint_3,-0.3175340230923277,0.390810580906527,0.390810580906527,0.3363436118556404,0.08726646259971647,0.2617993877991494,40.74430465698242,39.3831729888916
1790852791824854239,0x68,joint_2,-0.3834951969714103,0.3991554363926251,0.3991554363926251,0.4454727115534887,-0.08726646259971647,0.48520153205442357,0.4329681396484375,49.224138259887695
1790852791835005685,0x69,joint_3,-0.32980586939541284,0.40308242720961224,0.40308242720961224,0.34071626272330674,0.08726646259971647,0.2617993877991494,10.584354400634766,9.257316589355469
1790852791844753953,0x68,joint_2,-0.3834951969714103,0.39455349402896817,0.39455349402896817,0.4411066356030273,-0.08726646259971647,0.48345620280242935,20.33257484436035,19.005537033081055
1790852791854746807,0x69,joint_3,-0.32980586939541284,0.40308242720961224,0.40308242720961224,0.34071626272330674,0.08726646259971647,0.2617993877991494,30.325651168823242,28.998613357543945
1790852791865075456,0x68,joint_2,-0.3834951969714103,0.39455349402896817,0.39455349402896817,0.4411066356030273,-0.08726646259971647,0.4817108735504351,40.65418243408203,39.327144622802734
1790852791874848384,0x69,joint_3,-0.342077715698498,0.40308242720961224,0.40308242720961224,0.34071626272330674,0.08726646259971647,0.2617993877991494,0.38623809814453125,49.09992218017578
1790852791885051007,0x68,joint_2,-0.3788932546077534,0.38995155166531126,0.38995155166531126,0.43675295751152626,-0.08726646259971647,0.4817108735504351,10.588884353637695,9.313344955444336
1790852791894782626,0x69,joint_3,-0.342077715698498,0.4153542735126974,0.4153542735126974,0.34507644548242006,0.08726646259971647,0.2617993877991494,20.320653915405273,19.045114517211914
1790852791904903553,0x68,joint_2,-0.3788932546077534,0.38995155166531126,0.38995155166531126,0.43675295751152626,-0.08726646259971647,0.4799655442984406,30.441761016845703,29.166221618652344
1790852791915013600,0x69,joint_3,-0.342077715698498,0.4153542735126974,0.4153542735126974,0.34507644548242006,0.08726646259971647,0.2617993877991494,40.55166244506836,39.276123046875
1790852791924843305,0x68,joint_2,-0.37429131224409645,0.38995155166531126,0.38995155166531126,0.43675295751152626,-0.08726646259971647,0.4782202150464464,0.4177093505859375,49.10564422607422
1790852791935019583,0x69,joint_3,-0.35281558121369744,0.4276261198157825,0.4276261198157825,0.34943665642858046,0.08726646259971647,0.2635447170511438,10.59412956237793,9.289026260375977
1790852791944881694,0x68,joint_2,-0.37429131224409645,0.38534960930165435,0.38534960930165435,0.43239903071061775,-0.08726646259971647,0.4764748857944519,20.45607566833496,19.150972366333008
1790852791954721467,0x69,joint_3,-0.35281558121369744,0.4276261198157825,0.4276261198157825,0.34943665642858046,0.08726646259971647,0.2635447170511438,30.29608726501465,28.990983963012695
1790852791964742104,0x68,joint_2,-0.37429131224409645,0.38534960930165435,0.38534960930165435,0.43239903071061775,-0.08726646259971647,0.4747295565424577,40.31658172607422,39.011478424072266
1790852791974757981,0x69,joint_3,-0.3620194659410113,0.4276261198157825,0.4276261198157825,0.34943665642858046,0.08726646259971647,0.2635447170511438,0.5233287811279297,49.027204513549805
1790852791984887199,0x68,joint_2,-0.36968936988043954,0.3807476669379974,0.3807476669379974,0.42805286713434865,-0.08726646259971647,0.47298422729046347,10.652780532836914,9.248495101928711
1790852791994886391,0x69,joint_3,-0.3620194659410113,0.43836398533098186,0.43836398533098186,0.3537873832555622,0.08726646259971647,0.2652900463031381,20.651817321777344,19.24753189086914
1790852792004877670,0x68,joint_2,-0.36968936988043954,0.3807476669379974,0.3807476669379974,0.42805286713434865,-0.08726646259971647,0.47123889803846897,30.642986297607422,29.23870086669922
1790852792015011423,0x69,joint_3,-0.3620194659410113,0.43836398533098186,0.43836398533098186,0.3537873832555622,0.08726646259971647,0.2652900463031381,40.776968002319336,39.37268257141113
1790852792024753534,0x68,joint_2,-0.36508742751678264,0.3807476669379974,0.3807476669379974,0.42805286713434865,-0.08726646259971647,0.46949356878647475,0.40721893310546875,49.11470413208008
1790852792034911544,0x69,joint_3,-0.3712233506683251,0.44756787005829585,0.44756787005829585,0.3581483407663121,0.08726646259971647,0.2652900463031381,10.56528091430664,9.275436401367188
1790852792044764519,0x68,joint_2,-0.36508742751678264,0.3761457245743405,0.3761457245743405,0.4236965187763821,-0.08726646259971647,0.46774823953448025,20.418167114257812,19.12832260131836
1790852792054744679,0x69,joint_3,-0.3712233506683251,0.44756787005829585,0.44756787005829585,0.3581483407663121,0.08726646259971647,0.2652900463031381,30.39836883544922,29.108524322509766
1790852792064916473,0x68,joint_2,-0.36508742751678264,0.3761457245743405,0.3761457245743405,0.4236965187763821,-0.08726646259971647,0.46774823953448025,40.57025909423828,39.28041458129883
1790852792074835641,0x69,joint_3,-0.380427235395639,0.44756787005829585,0.44756787005829585,0.3581483407663121,0.08726646259971647,0.26703537555513235,0.6730556488037109,49.199581146240234
1790852792085048694,0x68,joint_2,-0.3620194659410113,0.37154378221068357,0.37154378221068357,0.41933293035636177,-0.08726646259971647,0.466002910282486,10.885953903198242,9.331464767456055
1790852792095013178,0x69,joint_3,-0.380427235395639,0.45677175478560955,0.45677175478560955,0.36251644749469686,0.08726646259971647,0.26703537555513235,20.850419998168945,19.295930862426758
1790852792105062088,0x68,joint_2,-0.3620194659410113,0.37154378221068357,0.37154378221068357,0.41933293035636177,-0.08726646259971647,0.4642575810304918,30.899524688720703,29.345035552978516
1790852792115015173,0x69,joint_3,-0.380427235395639,0.45677175478560955,0.45677175478560955,0.36251644749469686,0.08726646259971647,0.26878070480712674,40.85254669189453,39.298057556152344
1790852792124756336,0x68,joint_2,-0.35895150436524004,0.37154378221068357,0.37154378221068357,0.41933293035636177,-0.08726646259971647,0.4625122517784973,0.6115436553955078,49.03912544250488
1790852792134906423,0x69,joint_3,-0.38963112012295287,0.46597563951292353,0.46597563951292353,0.3668679594580335,0.08726646259971647,0.26878070480712674,10.761737823486328,9.274482727050781
1790852792145053030,0x68,joint_2,-0.35895150436524004,0.3684758206349123,0.3684758206349123,0.41498589551157855,-0.08726646259971647,0.4607669225265031,20.908355712890625,19.421100616455078
1790852792154909178,0x69,joint_3,-0.38963112012295287,0.46597563951292353,0.46597563951292353,0.3668679594580335,0.08726646259971647,0.26878070480712674,30.76457977294922,29.277324676513672
1790852792164541423,0x68,joint_2,-0.35895150436524004,0.3684758206349123,0.3684758206349123,0.41498589551157855,-0.08726646259971647,0.45902159327450864,40.396690368652344,38.9094352722168
1790852792174569294,0x69,joint_3,-0.3988350048502667,0.46597563951292353,0.46597563951292353,0.3668679594580335,0.08726646259971647,0.26878070480712674,1.4753341674804688,48.937320709228516
1790852792184660413,0x68,joint_2,-0.35588354278946877,0.3623398974833697,0.3623398974833697,0.4106661940935963,-0.08726646259971647,0.45727626402251437,11.566638946533203,9.80520248413086
1790852792194698551,0x69,joint_3,-0.3988350048502667,0.4843834089675512,0.4843834089675512,0.3711892774871637,0.08726646259971647,0.27052603405912107,21.604537963867188,19.843101501464844
1790852792204725571,0x68,joint_2,-0.35588354278946877,0.3623398974833697,0.3623398974833697,0.4106661940935963,-0.08726646259971647,0.45553093477052015,31.6314697265625,29.870033264160156
1790852792214797543,0x69,joint_3,-0.3988350048502667,0.4843834089675512,0.4843834089675512,0.3711892774871637,0.08726646259971647,0.27052603405912107,41.70370101928711,39.942264556884766
1790852792224967327,0x68,joint_2,-0.3528155812136975,0.3623398974833697,0.3623398974833697,0.4106661940935963,-0.08726646259971647,0.4537856055185257,0.45108795166015625,50.112009048461914
1790852792234875816,0x69,joint_3,-0.40803888957758055,0.4843834089675512,0.4843834089675512,0.3711892774871637,0.08726646259971647,0.27227136331111546,10.359525680541992,9.106874465942383
1790852792245098075,0x68,joint_2,-0.3528155812136975,0.3623398974833697,0.3623398974833697,0.4106661940935963,-0.08726646259971647,0.4537856055185257,20.581722259521484,19.329071044921875
1790852792254456712,0x69,joint_3,-0.40803888957758055,0.4843834089675512,0.4843834089675512,0.3711892774871637,0.08726646259971647,0.27227136331111546,29.94060516357422,28.68795394897461
1790852792265087385,0x68,joint_2,-0.3528155812136975,0.3623398974833697,0.3623398974833697,0.4106661940935963,-0.08726646259971647,0.4520402762665314,40.57121276855469,39.31856155395508
1790852792275055732,0x69,joint_3,-0.40803888957758055,0.4843834089675512,0.4843834089675512,0.3711892774871637,0.08726646259971647,0.27227136331111546,50.539255142211914,49.286603927612305
1790852792285265178,0x68,joint_2,-0.3497476196379262,0.3592719359075984,0.3592719359075984,0.4019395478336246,-0.08647996965170004,0.450294947014537,9.84334945678711,8.914709091186523
1790852792294983102,0x69,joint_3,-0.41724277430489437,0.4935872936948651,0.4935872936948651,0.37991592374713534,0.0864157282730503,0.2740166925631098,19.5615291595459,18.632888793945312
1790852792305074376,0x68,joint_2,-0.3497476196379262,0.3592719359075984,0.3592719359075984,0.4019395478336246,-0.08647996965170004,0.44854961776254276,29.65259552001953,28.723955154418945
1790852792315066219,0x69,joint_3,-0.41724277430489437,0.4935872936948651,0.4935872936948651,0.37991592374713534,0.0864157282730503,0.2740166925631098,39.644479751586914,38.71583938598633
1790852792324922947,0x68,joint_2,-0.34667965806215495,0.3592719359075984,0.3592719359075984,0.4019395478336246,-0.08647996965170004,0.4468042885105485,0.1270771026611328,48.572540283203125
1790852792334978249,0x69,joint_3,-0.4249126782443226,0.5027911784221789,0.5027911784221789,0.3842588870877209,0.08726646259971647,0.275762021815104,10.182380676269531,8.857011795043945
1790852792345223784,0x68,joint_2,-0.34667965806215495,0.35620397433182716,0.35620397433182716,0.3976029153257913,-0.08726646259971647,0.44505895925855404,20.427942276000977,19.10257339477539
1790852792355199851,0x69,joint_3,-0.4249126782443226,0.5027911784221789,0.5027911784221789,0.3842588870877209,0.08726646259971647,0.275762021815104,30.403852462768555,29.07848358154297
1790852792365081468,0x68,joint_2,-0.34667965806215495,0.35620397433182716,0.35620397433182716,0.3976029153257913,-0.08726646259971647,0.4433136300065598,40.285587310791016,38.96021842956543
1790852792374984128,0x69,joint_3,-0.4295146206079795,0.5027911784221789,0.5027911784221789,0.3842588870877209,0.08726646259971647,0.2775073510670984,0.4048347473144531,48.86293411254883
1790852792384587832,0x68,joint_2,-0.3436116964863836,0.3531360127560559,0.3531360127560559,0.39324003987277045,-0.08726646259971647,0.4415683007545653,10.008573532104492,8.206605911254883
1790852792394663909,0x69,joint_3,-0.4295146206079795,0.5104610823616071,0.5104610823616071,0.3886292956435733,0.08726646259971647,0.2792526803190927,20.084619522094727,18.282651901245117
1790852792404679502,0x68,joint_2,-0.3436116964863836,0.3531360127560559,0.3531360127560559,0.39324003987277045,-0.08726646259971647,0.4398229715025711,30.100107192993164,28.298139572143555
1790852792414672369,0x69,joint_3,-0.4295146206079795,0.5104610823616071,0.5104610823616071,0.3886292956435733,0.08726646259971647,0.2792526803190927,40.093183517456055,38.291215896606445
1790852792425019825,0x68,joint_2,-0.3390097541227267,0.3531360127560559,0.3531360127560559,0.39324003987277045,-0.08726646259971647,0.4380776422505769,1.0838508605957031,48.63858222961426
1790852792434808765,0x69,joint_3,-0.4325825821837508,0.5181309863010354,0.5181309863010354,0.39295857324679134,0.08726646259971647,0.28099800957108706,10.872840881347656,9.234428405761719
1790852792445175920,0x68,joint_2,-0.3390097541227267,0.34546610881662765,0.34546610881662765,0.38891462127981946,-0.08726646259971647,0.4380776422505769,21.239757537841797,19.60134506225586
1790852792455060190,0x69,joint_3,-0.4325825821837508,0.5181309863010354,0.5181309863010354,0.39295857324679134,0.08726646259971647,0.28274333882308145,31.124114990234375,29.485702514648438
1790852792464922181,0x68,joint_2,-0.3390097541227267,0.34546610881662765,0.34546610881662765,0.38891462127981946,-0.08726646259971647,0.4363323129985824,40.986061096191406,39.34764862060547
1790852792474965428,0x69,joint_3,-0.4325825821837508,0.5181309863010354,0.5181309863010354,0.39295857324679134,0.08726646259971647,0.28274333882308145,0.15783309936523438,49.39103126525879
1790852792484902446,0x68,joint_2,-0.3344078117590698,0.34546610881662765,0.34546610881662765,0.38891462127981946,-0.08726646259971647,0.43458698374658816,10.094881057739258,8.997440338134766
1790852792494936159,0x69,joint_3,-0.4325825821837508,0.5181309863010354,0.5181309863010354,0.39295857324679134,0.08726646259971647,0.28448866807507567,20.128488540649414,19.031047821044922
1790852792505068834,0x68,joint_2,-0.3344078117590698,0.34546610881662765,0.34546610881662765,0.38891462127981946,-0.08726646259971647,0.43284165449459366,30.26127815246582,29.163837432861328
1790852792515066112,0x69,joint_3,-0.4325825821837508,0.5181309863010354,0.5181309863010354,0.39295857324679134,0.08726646259971647,0.28623399732707,40.25840759277344,39.160966873168945
1790852792525063143,0x68,joint_2,-0.3344078117590698,0.34546610881662765,0.34546610881662765,0.38891462127981946,-0.08726646259971647,0.43109632524259944,50.255537033081055,49.15809631347656
1790852792534913026,0x69,joint_3,-0.43104860139586515,0.5181309863010354,0.5181309863010354,0.401685219506763,0.08690676332848701,0.28623399732707,9.42087173461914,8.492708206176758
1790852792545271844,0x68,joint_2,-0.32673790781964157,0.34086416645297074,0.34086416645297074,0.38018797501984786,-0.08697150829582716,0.4293509959906052,19.779682159423828,18.851518630981445
1790852792555160163,0x69,joint_3,-0.43104860139586515,0.5181309863010354,0.5181309863010354,0.401685219506763,0.08690676332848701,0.2879793265790644,29.668092727661133,28.73992919921875
1790852792565083453,0x68,joint_2,-0.32673790781964157,0.34086416645297074,0.34086416645297074,0.38018797501984786,-0.08697150829582716,0.4276056667386107,39.591312408447266,38.66314888000488
1790852792575040357,0x69,joint_3,-0.43104860139586515,0.5181309863010354,0.5181309863010354,0.401685219506763,0.08690676332848701,0.2897246558310587,49.54814910888672,48.619985580444336
1790852792584903857,0x68,joint_2,-0.3190680038802134,0.3331942625135425,0.3331942625135425,0.3758378049528827,-0.08726646259971647,0.4258603374866165,9.530305862426758,8.531332015991211
1790852792594918267,0x69,joint_3,-0.4295146206079795,0.5165970055131497,0.5165970055131497,0.4060420407615704,0.08726646259971647,0.2914699850830531,19.544601440429688,18.54562759399414
1790852792605060264,0x68,joint_2,-0.3190680038802134,0.3331942625135425,0.3331942625135425,0.3758378049528827,-0.08726646259971647,0.424115008234622,29.686927795410156,28.68795394897461
1790852792615056117,0x69,joint_3,-0.4295146206079795,0.5165970055131497,0.5165970055131497,0.4060420407615704,0.08726646259971647,0.29321531433504733,39.682626724243164,38.68365287780762
1790852792625056809,0x68,joint_2,-0.3190680038802134,0.3331942625135425,0.3331942625135425,0.3758378049528827,-0.08726646259971647,0.424115008234622,49.683332443237305,48.68435859680176
1790852792635058443,0x69,joint_3,-0.4295146206079795,0.515063024725264,0.515063024725264,0.4104032802302554,0.08726646259971647,0.29321531433504733,9.922266006469727,8.67009162902832
1790852792645229763,0x68,joint_2,-0.3144660615165565,0.3255243585741143,0.3255243585741143,0.3714830927538625,-0.08726646259971647,0.4223696789826278,20.093441009521484,18.841266632080078
1790852792655189601,0x69,joint_3,-0.4295146206079795,0.515063024725264,0.515063024725264,0.4104032802302554,0.08726646259971647,0.29496064358704166,30.053138732910156,28.80096435546875
1790852792665074649,0x68,joint_2,-0.3144660615165565,0.3255243585741143,0.3255243585741143,0.3714830927538625,-0.08726646259971647,0.42062434973063356,39.93844985961914,38.686275482177734
1790852792674936304,0x69,joint_3,-0.4295146206079795,0.515063024725264,0.515063024725264,0.4104032802302554,0.08726646259971647,0.29670597283903605,0.2696514129638672,48.547983169555664
1790852792685088348,0x68,joint_2,-0.3098641191528995,0.3209224162104574,0.3209224162104574,0.3671427427819755,-0.08726646259971647,0.4188790204786391,10.421514511108398,8.88204574584961
1790852792695078141,0x69,joint_3,-0.4295146206079795,0.515063024725264,0.515063024725264,0.4147499787499182,0.08726646259971647,0.2984513020910304,20.41149139404297,18.87202262878418
1790852792705054616,0x68,joint_2,-0.3098641191528995,0.3209224162104574,0.3209224162104574,0.3671427427819755,-0.08726646259971647,0.41713369122664484,30.38787841796875,28.84840965270996
1790852792715093603,0x69,joint_3,-0.4295146206079795,0.515063024725264,0.515063024725264,0.4147499787499182,0.08726646259971647,0.3001966313430247,40.42673110961914,38.88726234436035
1790852792725043032,0x68,joint_2,-0.3098641191528995,0.3209224162104574,0.3209224162104574,0.3671427427819755,-0.08726646259971647,0.4153883619746504,50.376176834106445,48.836708068847656
1790852792734916011,0x69,joint_3,-0.4295146206079795,0.515063024725264,0.515063024725264,0.41912146984625964,0.08726646259971647,0.301941960595019,9.803533554077148,8.489847183227539
1790852792745145582,0x68,joint_2,-0.30679615757712825,0.31632047384680045,0.31632047384680045,0.36277768723814513,-0.08726646259971647,0.4136430327226562,20.03312110900879,18.71943473815918
1790852792754923098,0x69,joint_3,-0.4295146206079795,0.515063024725264,0.515063024725264,0.41912146984625964,0.08726646259971647,0.3036872898470133,29.810428619384766,28.496742248535156
1790852792764922871,0x68,joint_2,-0.30679615757712825,0.31632047384680045,0.31632047384680045,0.36277768723814513,-0.08726646259971647,0.4118977034706619,39.8104190826416,38.49673271179199
1790852792774430111,0x69,joint_3,-0.4295146206079795,0.515063024725264,0.515063024725264,0.41912146984625964,0.08726646259971647,0.30543261909900765,1.1434555053710938,48.0039119720459
1790852792785119381,0x68,joint_2,-0.303728196001357,0.3101845506952579,0.3101845506952579,0.3585115096578995,-0.08726646259971647,0.41015237421866746,11.832714080810547,9.165525436401367
1790852792794629115,0x69,joint_3,-0.4295146206079795,0.515063024725264,0.515063024725264,0.42339047058378365,0.08726646259971647,0.30543261909900765,21.34251594543457,18.67532730102539
1790852792804568266,0x68,joint_2,-0.303728196001357,0.3101845506952579,0.3101845506952579,0.3585115096578995,-0.08726646259971647,0.40840704496667324,31.281709671020508,28.614521026611328
1790852792814789399,0x69,joint_3,-0.4295146206079795,0.515063024725264,0.515063024725264,0.42339047058378365,0.08726646259971647,0.30717794835100204,41.50271415710449,38.83552551269531
1790852792824537049,0x68,joint_2,-0.3006602344255857,0.3101845506952579,0.3101845506952579,0.3585115096578995,-0.08726646259971647,0.40840704496667324,1.0557174682617188,48.583269119262695
1790852792835193659,0x69,joint_3,-0.4295146206079795,0.515063024725264,0.515063024725264,0.42775944360634827,0.08726646259971647,0.30892327760299637,11.712074279785156,10.300636291503906
1790852792845050605,0x68,joint_2,-0.3006602344255857,0.30711658911948664,0.30711658911948664,0.3541444808448904,-0.08726646259971647,0.40666171571467874,21.569252014160156,20.157814025878906
1790852792855117853,0x69,joint_3,-0.4295146206079795,0.515063024725264,0.515063024725264,0.42775944360634827,0.08726646259971647,0.3106686068549906,31.636476516723633,30.225038528442383
1790852792865065611,0x68,joint_2,-0.3006602344255857,0.30711658911948664,0.30711658911948664,0.3541444808448904,-0.08726646259971647,0.4049163864626845,41.58425331115723,40.17281532287598
1790852792874909659,0x69,joint_3,-0.4279806398200939,0.515063024725264,0.515063024725264,0.42775944360634827,0.08726646259971647,0.312413936106985,0.11849403381347656,50.01688003540039
1790852792884945756,0x68,joint_2,-0.29759227284981443,0.30711658911948664,0.30711658911948664,0.3541444808448904,-0.08726646259971647,0.4031710572106903,10.154485702514648,9.117364883422852
1790852792895076378,0x69,joint_3,-0.4279806398200939,0.515063024725264,0.515063024725264,0.42775944360634827,0.08726646259971647,0.3141592653589793,20.28512954711914,19.248008728027344
1790852792904910426,0x68,joint_2,-0.29759227284981443,0.30711658911948664,0.30711658911948664,0.3541444808448904,-0.08726646259971647,0.4014257279586958,30.11918067932129,29.082059860229492
1790852792914911747,0x69,joint_3,-0.4279806398200939,0.515063024725264,0.515063024725264,0.42775944360634827,0.08726646259971647,0.3159045946109737,40.12036323547363,39.083242416381836
1790852792924907486,0x68,joint_2,-0.2945243112740431,0.30711658911948664,0.30711658911948664,0.3541444808448904,-0.08726646259971647,0.3996803987067016,0.4677772521972656,49.079179763793945
1790852792934906773,0x69,joint_3,-0.42644665903220824,0.5135290439373784,0.5135290439373784,0.4364860898663199,0.08657290455232465,0.31764992386296803,10.467052459716797,8.708477020263672
1790852792944890660,0x68,joint_2,-0.2945243112740431,0.30404862754371537,0.30404862754371537,0.34541783458491876,-0.08663614393349724,0.3979350694547071,20.450830459594727,18.6922550201416
1790852792954923766,0x69,joint_3,-0.42644665903220824,0.5135290439373784,0.5135290439373784,0.4364860898663199,0.08657290455232465,0.31939525311496225,30.48396110534668,28.725385665893555
1790852792964895600,0x68,joint_2,-0.2945243112740431,0.30404862754371537,0.30404862754371537,0.34541783458491876,-0.08663614393349724,0.39618974020271286,40.45557975769043,38.697004318237305
1790852792974836731,0x69,joint_3,-0.4249126782443226,0.5135290439373784,0.5135290439373784,0.4364860898663199,0.08657290455232465,0.31939525311496225,0.38123130798339844,48.638343811035156
1790852792985030854,0x68,joint_2,-0.29145634969827183,0.30098066596794404,0.30098066596794404,0.3410841234090881,-0.08726646259971647,0.39444441095071864,10.575532913208008,9.250164031982422
1790852792994709677,0x69,joint_3,-0.4249126782443226,0.5119950631494927,0.5119950631494927,0.44082645633159234,0.08726646259971647,0.32114058236695664,20.25437355041504,18.929004669189453
1790852793004783319,0x68,joint_2,-0.29145634969827183,0.30098066596794404,0.30098066596794404,0.3410841234090881,-0.08726646259971647,0.39444441095071864,30.327796936035156,29.00242805480957
1790852793014892984,0x69,joint_3,-0.4249126782443226,0.5119950631494927,0.5119950631494927,0.44082645633159234,0.08726646259971647,0.32288591161895097,40.43745994567871,39.112091064453125
1790852793024841294,0x68,joint_2,-0.28838838812250056,0.30098066596794404,0.30098066596794404,0.3410841234090881,-0.08726646259971647,0.39269908169872414,0.2541542053222656,49.06034469604492
1790852793034903299,0x69,joint_3,-0.42337869745643697,0.5104610823616071,0.5104610823616071,0.4451873683764801,0.08726646259971647,0.3246312408709453,10.31637191772461,9.119033813476562
1790852793044888334,0x68,joint_2,-0.28838838812250056,0.29791270439217277,0.29791270439217277,0.3367298690970772,-0.08726646259971647,0.3909537524467299,20.301342010498047,19.10400390625
1790852793055015961,0x69,joint_3,-0.42337869745643697,0.5104610823616071,0.5104610823616071,0.4451873683764801,0.08726646259971647,0.3263765701229397,30.42888641357422,29.231548309326172
1790852793065047655,0x68,joint_2,-0.28838838812250056,0.29791270439217277,0.29791270439217277,0.3367298690970772,-0.08726646259971647,0.3892084231947354,40.46058654785156,39.263248443603516
1790852793074837512,0x69,joint_3,-0.42031073588066564,0.5104610823616071,0.5104610823616071,0.4451873683764801,0.08726646259971647,0.3281218993749339,0.5321502685546875,49.053192138671875
1790852793084691922,0x68,joint_2,-0.28378644575884365,0.2948447428164015,0.2948447428164015,0.33237581296713087,-0.08726646259971647,0.3874630939427412,10.386466979980469,8.905410766601562
1790852793094685489,0x69,joint_3,-0.42031073588066564,0.5089271015737215,0.5089271015737215,0.4495481359955107,0.08726646259971647,0.32986722862692824,20.380020141601562,18.898963928222656
1790852793104896061,0x68,joint_2,-0.28378644575884365,0.2948447428164015,0.2948447428164015,0.33237581296713087,-0.08726646259971647,0.385717764690747,30.590534210205078,29.109477996826172
1790852793115021401,0x69,joint_3,-0.42031073588066564,0.5089271015737215,0.5089271015737215,0.4495481359955107,0.08726646259971647,0.33161255787892263,40.715932846069336,39.23487663269043
1790852793124849029,0x68,joint_2,-0.2807184841830724,0.2948447428164015,0.2948447428164015,0.33237581296713087,-0.08726646259971647,0.3839724354387525,0.54168701171875,49.06272888183594
1790852793134861423,0x69,joint_3,-0.41724277430489437,0.5058591399979501,0.5058591399979501,0.45390826944907814,0.08726646259971647,0.33335788713091696,10.553836822509766,9.111404418945312
1790852793145043756,0x68,joint_2,-0.2807184841830724,0.2902428004527446,0.2902428004527446,0.3280223332323048,-0.08726646259971647,0.38222710618675826,20.736217498779297,19.293785095214844
1790852793155023658,0x69,joint_3,-0.41724277430489437,0.5058591399979501,0.5058591399979501,0.45390826944907814,0.08726646259971647,0.3351032163829113,30.7161808013916,29.27374839782715
1790852793165061903,0x68,joint_2,-0.2807184841830724,0.2902428004527446,0.2902428004527446,0.3280223332323048,-0.08726646259971647,0.3804817769347638,40.75431823730469,39.311885833740234
1790852793174833940,0x69,joint_3,-0.4141748127291231,0.5058591399979501,0.5058591399979501,0.45390826944907814,0.08726646259971647,0.3351032163829113,0.514984130859375,49.08394813537598
1790852793184898212,0x68,joint_2,-0.2791845033951867,0.2871748388769733,0.2871748388769733,0.32366941610440564,-0.08726646259971647,0.37873644768276954,10.579347610473633,9.15384292602539
1790852793194900443,0x69,joint_3,-0.4141748127291231,0.5027911784221789,0.5027911784221789,0.4582677107049239,0.08726646259971647,0.33684854563490557,20.581483840942383,19.15597915649414
1790852793204779274,0x68,joint_2,-0.2791845033951867,0.2871748388769733,0.2871748388769733,0.32366941610440564,-0.08726646259971647,0.37873644768276954,30.460357666015625,29.034852981567383
1790852793214784039,0x69,joint_3,-0.4141748127291231,0.5027911784221789,0.5027911784221789,0.4582677107049239,0.08726646259971647,0.3385938748868999,40.46511650085449,39.03961181640625
1790852793224841902,0x68,joint_2,-0.2761165418194154,0.2871748388769733,0.2871748388769733,0.32366941610440564,-0.08726646259971647,0.3769911184307753,0.7016658782958984,49.097537994384766
1790852793234857249,0x69,joint_3,-0.4111068511533518,0.49972321684640764,0.49972321684640764,0.4626293318769687,0.08726646259971647,0.34033920413889424,10.716915130615234,9.08041000366211
1790852793244947663,0x68,joint_2,-0.2761165418194154,0.2856408580890876,0.2856408580890876,0.31931447928158446,-0.08726646259971647,0.3752457891787809,20.807504653930664,19.17099952697754
1790852793255011991,0x69,joint_3,-0.4111068511533518,0.49972321684640764,0.49972321684640764,0.4626293318769687,0.08726646259971647,0.3420845333908886,30.871868133544922,29.235363006591797
1790852793264791228,0x68,joint_2,-0.2761165418194154,0.2856408580890876,0.2856408580890876,0.31931447928158446,-0.08726646259971647,0.3735004599267866,40.65108299255371,39.014577865600586
1790852793274842702,0x69,joint_3,-0.4049709280018092,0.49972321684640764,0.49972321684640764,0.4626293318769687,0.08726646259971647,0.34382986264288296,0.3535747528076172,49.06582832336426
1790852793284736594,0x68,joint_2,-0.27304858024364415,0.28257289651331635,0.28257289651331635,0.31495842536064433,-0.08726646259971647,0.37175513067479216,10.247468948364258,8.938789367675781
1790852793294576066,0x69,joint_3,-0.4049709280018092,0.49665525527063636,0.49665525527063636,0.4669921837680557,0.08726646259971647,0.3455751918948772,20.087003707885742,18.778324127197266
1790852793304676030,0x68,joint_2,-0.27304858024364415,0.28257289651331635,0.28257289651331635,0.31495842536064433,-0.08726646259971647,0.37000980142279793,30.187129974365234,28.878450393676758
1790852793314665196,0x69,joint_3,-0.4049709280018092,0.49665525527063636,0.49665525527063636,0.4669921837680557,0.08726646259971647,0.34732052114687156,40.1761531829834,38.86747360229492
1790852793324869734,0x68,joint_2,-0.2715145994557585,0.28257289651331635,0.28257289651331635,0.31495842536064433,-0.08726646259971647,0.36826447217080366,0.8909702301025391,49.0717887878418
1790852793334713261,0x69,joint_3,-0.3988350048502667,0.4843834089675512,0.4843834089675512,0.4713330037571398,0.08726646259971647,0.3490658503988659,10.734796524047852,9.397506713867188
1790852793344953312,0x68,joint_2,-0.2715145994557585,0.27797095414965944,0.27797095414965944,0.3106198225505813,-0.08726646259971647,0.3665191429188092,20.97487449645996,19.637584686279297
1790852793355141749,0x69,joint_3,-0.3988350048502667,0.4843834089675512,0.4843834089675512,0.4713330037571398,0.08726646259971647,0.3490658503988659,31.16297721862793,29.825687408447266
1790852793365058149,0x68,joint_2,-0.2715145994557585,0.27797095414965944,0.27797095414965944,0.3106198225505813,-0.08726646259971647,0.364773813666815,41.07952117919922,39.742231369018555
1790852793375071249,0x69,joint_3,-0.3988350048502667,0.4843834089675512,0.4843834089675512,0.4713330037571398,0.08726646259971647,0.3508111796508603,51.09262466430664,49.75533485412598
1790852793385207910,0x68,joint_2,-0.2699806186678729,0.27797095414965944,0.27797095414965944,0.3106198225505813,-0.08726646259971647,0.364773813666815,9.851932525634766,9.190797805786133
1790852793395184916,0x69,joint_3,-0.3911651009108385,0.4843834089675512,0.4843834089675512,0.4713330037571398,0.08726646259971647,0.3525565089028546,19.82903480529785,19.16790008544922
1790852793405227265,0x68,joint_2,-0.2699806186678729,0.27797095414965944,0.27797095414965944,0.3106198225505813,-0.08726646259971647,0.3630284844148205,29.871463775634766,29.210329055786133
1790852793415053428,0x69,joint_3,-0.3911651009108385,0.4843834089675512,0.4843834089675512,0.4713330037571398,0.08726646259971647,0.35430183815484884,39.69740867614746,39.03627395629883
1790852793424951747,0x68,joint_2,-0.26844663787998724,0.27797095414965944,0.27797095414965944,0.3106198225505813,-0.08726646259971647,0.3612831551628263,0.35071372985839844,48.9349365234375
1790852793435076285,0x69,joint_3,-0.38196121618352463,0.47671350502812304,0.47671350502812304,0.47671350502812304,0.053566273719895176,0.3560471674068432,10.47515869140625,8.896112442016602
1790852793445216874,0x68,joint_2,-0.26844663787998724,0.2764369733617738,0.2764369733617738,0.30189317629060963,-0.08694153686399289,0.35953782591083205,20.615577697753906,19.036531448364258
1790852793455168066,0x69,joint_3,-0.38196121618352463,0.47671350502812304,0.47671350502812304,0.47671350502812304,0.053566273719895176,0.35779249665883756,30.566692352294922,28.987646102905273
1790852793465091700,0x68,joint_2,-0.26844663787998724,0.2764369733617738,0.2764369733617738,0.30189317629060963,-0.08694153686399289,0.35779249665883756,40.49038887023926,38.91134262084961
1790852793475033796,0x69,joint_3,-0.38196121618352463,0.47671350502812304,0.47671350502812304,0.47671350502812304,0.053566273719895176,0.3595378259108319,50.432682037353516,48.85363578796387
1790852793485194714,0x68,joint_2,-0.26537867630421597,0.27490299257388817,0.27490299257388817,0.2975314291930021,-0.08726646259971647,0.35604716740684333,10.099649429321289,8.866071701049805
1790852793494858452,0x69,joint_3,-0.3727573314562108,0.46750962030080917,0.46750962030080917,0.4783017494587958,0.031716092770566764,0.3612831551628263,19.76323127746582,18.529653549194336
1790852793504921630,0x68,joint_2,-0.26537867630421597,0.27490299257388817,0.27490299257388817,0.2975314291930021,-0.08726646259971647,0.35430183815484884,29.82640266418457,28.592824935913086
1790852793515079702,0x69,joint_3,-0.3727573314562108,0.46750962030080917,0.46750962030080917,0.4783017494587958,0.031716092770566764,0.3630284844148205,39.98446464538574,38.75088691711426
1790852793525037487,0x68,joint_2,-0.26231071472844464,0.27490299257388817,0.27490299257388817,0.2975314291930021,-0.08726646259971647,0.3525565089028546,0.04124641418457031,48.70891571044922
1790852793535077284,0x69,joint_3,-0.3620194659410113,0.4583057355734953,0.4583057355734953,0.4787972673137098,0.009919428415498685,0.3630284844148205,10.081052780151367,8.741617202758789
1790852793545069721,0x68,joint_2,-0.26231071472844464,0.2718350309981169,0.2718350309981169,0.29318056911015217,-0.08726646259971647,0.3508111796508604,20.073413848876953,18.733978271484375
1790852793555167225,0x69,joint_3,-0.3620194659410113,0.4583057355734953,0.4583057355734953,0.4787972673137098,0.009919428415498685,0.36477381366681483,30.170917510986328,28.83148193359375
1790852793568332934,0x68,joint_2,-0.26231071472844464,0.2718350309981169,0.2718350309981169,0.29318056911015217,-0.08726646259971647,0.3508111796508604,43.33662986755371,41.99719429016113
1790852793576643030,0x69,joint_3,-0.35281558121369744,0.4583057355734953,0.4583057355734953,0.4787972673137098,0.009919428415498685,0.3665191429188092,2.0601749420166016,50.307273864746094
1790852793586932056,0x68,joint_2,-0.260776733940559,0.2687670694223456,0.2687670694223456,0.2886885310022264,-0.08726646259971647,0.3490658503988659,12.349128723144531,8.981704711914062
1790852793596739695,0x69,joint_3,-0.35281558121369744,0.44756787005829585,0.44756787005829585,0.4781490901892854,-0.012573665071654022,0.36826447217080355,22.156715393066406,18.789291381835938
1790852793609583113,0x68,joint_2,-0.260776733940559,0.2687670694223456,0.2687670694223456,0.2886885310022264,-0.08726646259971647,0.3473205211468717,35.00008583068848,31.632661819458008
1790852793616538884,0x69,joint_3,-0.35281558121369744,0.44756787005829585,0.44756787005829585,0.4781490901892854,-0.012573665071654022,0.37000980142279793,41.95594787597656,38.588523864746094
1790852793625066039,0x68,joint_2,-0.260776733940559,0.2687670694223456,0.2687670694223456,0.2886885310022264,-0.08726646259971647,0.3455751918948772,0.5557537078857422,47.11556434631348
1790852793635857213,0x69,joint_3,-0.3466796580621549,0.43836398533098186,0.43836398533098186,0.4764105149828805,-0.034537864454434825,0.37175513067479216,11.347055435180664,7.476568222045898
1790852793645683051,0x68,joint_2,-0.260776733940559,0.26723308863445994,0.26723308863445994,0.284302155650658,-0.08726646259971647,0.34382986264288296,21.172761917114258,17.302274703979492
1790852793655749458,0x69,joint_3,-0.3466796580621549,0.43836398533098186,0.43836398533098186,0.4764105149828805,-0.034537864454434825,0.3735004599267865,31.23927116394043,27.368783950805664
1790852793665840249,0x68,joint_2,-0.260776733940559,0.26723308863445994,0.26723308863445994,0.284302155650658,-0.08726646259971647,0.34208453339088873,41.32986068725586,37.459373474121094
1790852793675162584,0x69,joint_3,-0.342077715698498,0.43836398533098186,0.43836398533098186,0.4764105149828805,-0.034537864454434825,0.3752457891787809,1.3606548309326172,46.78201675415039
1790852793685679551,0x68,joint_2,-0.260776733940559,0.26723308863445994,0.26723308863445994,0.28006103305738644,-0.08726646259971647,0.34033920413889424,11.87753677368164,8.978605270385742
1790852793695638766,0x69,joint_3,-0.342077715698498,0.4276261198157825,0.4276261198157825,0.4736982988602687,-0.05576105550457757,0.3769911184307752,21.83675765991211,18.93782615661621
1790852793705541073,0x68,joint_2,-0.260776733940559,0.26723308863445994,0.26723308863445994,0.28006103305738644,-0.08726646259971647,0.3385938748869,31.738996505737305,28.840065002441406
1790852793715717687,0x69,joint_3,-0.342077715698498,0.4276261198157825,0.4276261198157825,0.4736982988602687,-0.05576105550457757,0.3769911184307752,41.9156551361084,39.0167236328125
1790852793725609280,0x68,joint_2,-0.25924275315267337,0.26723308863445994,0.26723308863445994,0.28006103305738644,-0.08726646259971647,0.33684854563490557,1.2936592102050781,48.908233642578125
1790852793734798380,0x69,joint_3,-0.33440781175906975,0.4276261198157825,0.4276261198157825,0.4736982988602687,-0.05576105550457757,0.37873644768276954,10.4827880859375,8.675336837768555
1790852793744803461,0x68,joint_2,-0.25924275315267337,0.26723308863445994,0.26723308863445994,0.28006103305738644,-0.08726646259971647,0.3351032163829113,20.48802375793457,18.680572509765625
1790852793754787893,0x69,joint_3,-0.33440781175906975,0.4276261198157825,0.4276261198157825,0.4736982988602687,-0.05576105550457757,0.3804817769347638,30.472278594970703,28.664827346801758
1790852793764796614,0x68,joint_2,-0.25924275315267337,0.26723308863445994,0.26723308863445994,0.28006103305738644,-0.08726646259971647,0.3351032163829113,40.4810905456543,38.67363929748535
1790852793774673455,0x69,joint_3,-0.3282718886075272,0.4276261198157825,0.4276261198157825,0.4736982988602687,-0.05576105550457757,0.38222710618675815,0.6902217864990234,48.55036735534668
1790852793784941192,0x68,joint_2,-0.2561747915769021,0.2656991078465743,0.2656991078465743,0.2714542758199722,-0.08726646259971647,0.3333578871309171,10.958194732666016,9.539127349853516
1790852793795345064,0x69,joint_3,-0.3282718886075272,0.4199562158763543,0.4199562158763543,0.4650880109962659,-0.08726646259971647,0.3839724354387525,21.3620662689209,19.9429988861084
1790852793805738141,0x68,joint_2,-0.2561747915769021,0.2656991078465743,0.2656991078465743,0.2714542758199722,-0.08726646259971647,0.33161255787892263,31.75520896911621,30.33614158630371
1790852793814586692,0x69,joint_3,-0.3282718886075272,0.4199562158763543,0.4199562158763543,0.4650880109962659,-0.08726646259971647,0.38571776469074687,40.6033992767334,39.1843318939209
1790852793824949229,0x68,joint_2,-0.2531068300011308,0.2656991078465743,0.2656991078465743,0.2714542758199722,-0.08726646259971647,0.3298672286269284,1.2073516845703125,49.54695701599121
1790852793834795242,0x69,joint_3,-0.32060198466809897,0.4061503887853834,0.4061503887853834,0.46070300878252907,-0.08726646259971647,0.3874630939427412,11.05356216430664,9.14311408996582
1790852793844861757,0x68,joint_2,-0.2531068300011308,0.25956318469503176,0.25956318469503176,0.2670740633133649,-0.08726646259971647,0.3281218993749339,21.11983299255371,19.20938491821289
1790852793855083778,0x69,joint_3,-0.32060198466809897,0.4061503887853834,0.4061503887853834,0.46070300878252907,-0.08726646259971647,0.3892084231947354,31.342029571533203,29.431581497192383
1790852793865077527,0x68,joint_2,-0.2531068300011308,0.25956318469503176,0.25956318469503176,0.2670740633133649,-0.08726646259971647,0.3263765701229397,41.3358211517334,39.42537307739258
1790852793878151169,0x69,joint_3,-0.3144660615165564,0.4061503887853834,0.4061503887853834,0.46070300878252907,-0.08726646259971647,0.3909537524467298,3.233671188354492,52.498817443847656
1790852793884780746,0x68,joint_2,-0.2485048876374739,0.25956318469503176,0.25956318469503176,0.2670740633133649,-0.08726646259971647,0.32463124087094547,9.86337661743164,4.23884391784668
1790852793895084975,0x69,joint_3,-0.3144660615165564,0.4061503887853834,0.4061503887853834,0.46070300878252907,-0.08726646259971647,0.3909537524467298,20.16758918762207,14.54305648803711
1790852793904618805,0x68,joint_2,-0.2485048876374739,0.25956318469503176,0.25956318469503176,0.2670740633133649,-0.08726646259971647,0.32288591161895097,29.70147132873535,24.07693862915039
1790852793914592266,0x69,joint_3,-0.3144660615165564,0.4061503887853834,0.4061503887853834,0.46070300878252907,-0.08726646259971647,0.39269908169872414,39.67475891113281,34.05022621154785
1790852793924563381,0x68,joint_2,-0.24390294527381692,0.25956318469503176,0.25956318469503176,0.2670740633133649,-0.08726646259971647,0.32114058236695675,1.2929439544677734,44.0216064453125
1790852793934669657,0x69,joint_3,-0.3098641191528995,0.39541252327018406,0.39541252327018406,0.4520263034610202,-0.08726646259971647,0.3944444109507185,11.399030685424805,9.75489616394043
1790852793944694998,0x68,joint_2,-0.24390294527381692,0.2503592999677179,0.2503592999677179,0.25839907932276274,-0.08726646259971647,0.32114058236695675,21.424531936645508,19.780397415161133
1790852793954881238,0x69,joint_3,-0.3098641191528995,0.39541252327018406,0.39541252327018406,0.4520263034610202,-0.08726646259971647,0.39618974020271286,31.610727310180664,29.96659278869629
1790852793965078377,0x68,joint_2,-0.24390294527381692,0.2503592999677179,0.2503592999677179,0.25839907932276274,-0.08726646259971647,0.31939525311496225,41.80765151977539,40.163516998291016
1790852793975023736,0x69,joint_3,-0.3067961575771282,0.39541252327018406,0.39541252327018406,0.4520263034610202,-0.08726646259971647,0.3979350694547071,0.09584426879882812,50.108909606933594
1790852793985209609,0x68,joint_2,-0.23930100291016002,0.2503592999677179,0.2503592999677179,0.25839907932276274,-0.08726646259971647,0.31764992386296803,10.281801223754883,9.248495101928711
1790852793995082313,0x69,joint_3,-0.3067961575771282,0.39541252327018406,0.39541252327018406,0.4520263034610202,-0.08726646259971647,0.39968039870670147,20.154476165771484,19.121170043945312
1790852794005077593,0x68,joint_2,-0.23930100291016002,0.2503592999677179,0.2503592999677179,0.25839907932276274,-0.08726646259971647,0.3159045946109738,30.14969825744629,29.116392135620117
1790852794015216673,0x69,joint_3,-0.3067961575771282,0.39541252327018406,0.39541252327018406,0.4520263034610202,-0.08726646259971647,0.4014257279586958,40.28892517089844,39.255619049072266
1790852794025085263,0x68,joint_2,-0.23930100291016002,0.2503592999677179,0.2503592999677179,0.25839907932276274,-0.08726646259971647,0.3141592653589793,50.15730857849121,49.12400245666504
1790852794034906001,0x69,joint_3,-0.30526217678924256,0.3923445616944126,0.3923445616944126,0.4432996572010485,-0.0864121215091448,0.40317105721069013,9.621381759643555,8.476734161376953
1790852794045065338,0x68,joint_2,-0.23316507975861744,0.24575735760406098,0.24575735760406098,0.2496724330627911,-0.08647553487385862,0.3124139361069851,19.780635833740234,18.635988235473633
1790852794055167672,0x69,joint_3,-0.30526217678924256,0.3923445616944126,0.3923445616944126,0.4432996572010485,-0.0864121215091448,0.4049163864626845,29.883146286010742,28.73849868774414
1790852794065271708,0x68,joint_2,-0.23316507975861744,0.24575735760406098,0.24575735760406098,0.2496724330627911,-0.08647553487385862,0.3106686068549906,39.98708724975586,38.84243965148926
1790852794075020020,0x69,joint_3,-0.30526217678924256,0.3923445616944126,0.3923445616944126,0.4432996572010485,-0.0864121215091448,0.40666171571467874,49.735307693481445,48.590660095214844
1790852794085225503,0x68,joint_2,-0.22856313739496054,0.2396214344525184,0.2396214344525184,0.24532651339620556,-0.08726646259971647,0.30892327760299637,10.05101203918457,8.885622024536133
1790852794095198470,0x69,joint_3,-0.3037281960013569,0.390810580906527,0.390810580906527,0.43894722361662425,-0.08726646259971647,0.40666171571467874,20.02406120300293,18.858671188354492
1790852794105079343,0x68,joint_2,-0.22856313739496054,0.2396214344525184,0.2396214344525184,0.24532651339620556,-0.08726646259971647,0.30717794835100215,29.904842376708984,28.739452362060547
1790852794114914728,0x69,joint_3,-0.3037281960013569,0.390810580906527,0.390810580906527,0.43894722361662425,-0.08726646259971647,0.40840704496667307,39.74032402038574,38.574934005737305
1790852794125033030,0x68,joint_2,-0.22242721424341796,0.2396214344525184,0.2396214344525184,0.24532651339620556,-0.08726646259971647,0.30543261909900765,0.27251243591308594,48.693180084228516
1790852794135189030,0x69,joint_3,-0.3037281960013569,0.38927660011864135,0.38927660011864135,0.4345822251451712,-0.08726646259971647,0.41015237421866746,10.428428649902344,8.786678314208984
1790852794145230773,0x68,joint_2,-0.22242721424341796,0.2350194920888615,0.2350194920888615,0.24096800554241438,-0.08726646259971647,0.30543261909900765,20.470380783081055,18.828630447387695
1790852794155174887,0x69,joint_3,-0.3037281960013569,0.38927660011864135,0.38927660011864135,0.4345822251451712,-0.08726646259971647,0.4118977034706618,30.414342880249023,28.772592544555664
1790852794168163096,0x68,joint_2,-0.22242721424341796,0.2350194920888615,0.2350194920888615,0.24096800554241438,-0.08726646259971647,0.30368728984701343,43.402671813964844,41.760921478271484
1790852794175017971,0x69,joint_3,-0.3037281960013569,0.38927660011864135,0.38927660011864135,0.4345822251451712,-0.08726646259971647,0.4136430327226562,50.25744438171387,48.61569404602051
1790852794185017756,0x68,joint_2,-0.21782527187976103,0.22888356893731893,0.22888356893731893,0.23661731135298256,-0.08726646259971647,0.301941960595019,9.945392608642578,8.652448654174805
1790852794195056245,0x69,joint_3,-0.3037281960013569,0.38927660011864135,0.38927660011864135,0.43022513816373964,-0.08726646259971647,0.4136430327226562,19.983530044555664,18.69058609008789
1790852794205065169,0x68,joint_2,-0.21782527187976103,0.22888356893731893,0.22888356893731893,0.23661731135298256,-0.08726646259971647,0.3001966313430247,29.99258041381836,28.699636459350586
1790852794215211991,0x69,joint_3,-0.3037281960013569,0.38927660011864135,0.38927660011864135,0.43022513816373964,-0.08726646259971647,0.4153883619746504,40.13943672180176,38.846492767333984
1790852794225062065,0x68,joint_2,-0.21782527187976103,0.22888356893731893,0.22888356893731893,0.23661731135298256,-0.08726646259971647,0.2984513020910305,49.98970031738281,48.69675636291504
1790852794234913802,0x69,joint_3,-0.3037281960013569,0.38927660011864135,0.38927660011864135,0.42585896875081375,-0.08726646259971647,0.41713369122664473,9.731531143188477,8.454084396362305
1790852794245271217,0x68,joint_2,-0.21168934872821848,0.224281626573662,0.224281626573662,0.23225750715582838,-0.08726646259971647,0.29670597283903605,20.089149475097656,18.811702728271484
1790852794259618369,0x69,joint_3,-0.3037281960013569,0.38927660011864135,0.38927660011864135,0.42585896875081375,-0.08726646259971647,0.4188790204786391,34.43622589111328,33.15877914428711
1790852794266453191,0x68,joint_2,-0.21168934872821848,0.224281626573662,0.224281626573662,0.23225750715582838,-0.08726646259971647,0.29496064358704177,41.27097129821777,39.9935245513916
1790852794275981280,0x69,joint_3,-0.30526217678924256,0.38927660011864135,0.38927660011864135,0.42585896875081375,-0.08726646259971647,0.4188790204786391,1.5137195587158203,49.521684646606445
1790852794284945961,0x68,joint_2,-0.20708740636456155,0.21814570342211945,0.21814570342211945,0.22784229704523995,-0.08726646259971647,0.29321531433504733,10.47825813293457,8.060216903686523
1790852794295814999,0x69,joint_3,-0.30526217678924256,0.38927660011864135,0.38927660011864135,0.42143915323982045,-0.08726646259971647,0.42062434973063345,21.3472843170166,18.929243087768555
1790852794306194190,0x68,joint_2,-0.20708740636456155,0.21814570342211945,0.21814570342211945,0.22784229704523995,-0.08726646259971647,0.2914699850830531,31.726598739624023,29.308557510375977
1790852794315899750,0x69,joint_3,-0.30526217678924256,0.38927660011864135,0.38927660011864135,0.42143915323982045,-0.08726646259971647,0.4223696789826278,41.43214225769043,39.01410102844238
1790852794325907603,0x68,joint_2,-0.20095148321301898,0.21814570342211945,0.21814570342211945,0.22784229704523995,-0.08726646259971647,0.2914699850830531,1.8162727355957031,49.02195930480957
1790852794335988658,0x69,joint_3,-0.3067961575771282,0.390810580906527,0.390810580906527,0.4170849058219062,-0.08726646259971647,0.4223696789826278,11.89732551574707,9.184122085571289
1790852794344887162,0x68,joint_2,-0.20095148321301898,0.2135437610584625,0.2135437610584625,0.22349333308803798,-0.08726646259971647,0.28972465583105883,20.795822143554688,18.082618713378906
1790852794354889285,0x69,joint_3,-0.3067961575771282,0.390810580906527,0.390810580906527,0.4170849058219062,-0.08726646259971647,0.424115008234622,30.797958374023438,28.084754943847656
1790852794364900486,0x68,joint_2,-0.20095148321301898,0.2135437610584625,0.2135437610584625,0.22349333308803798,-0.08726646259971647,0.2879793265790644,40.80939292907715,38.09618949890137
1790852794374864483,0x69,joint_3,-0.3067961575771282,0.390810580906527,0.390810580906527,0.4170849058219062,-0.08726646259971647,0.4258603374866164,0.46372413635253906,48.059940338134766
1790852794384887887,0x68,joint_2,-0.19634954084936207,0.20740783790691994,0.20740783790691994,0.2192295883223034,-0.08726646259971647,0.28623399732707017,10.487079620361328,9.097099304199219
1790852794394893143,0x69,joint_3,-0.3067961575771282,0.3923445616944126,0.3923445616944126,0.4128141428254215,-0.08726646259971647,0.4258603374866164,20.4923152923584,19.10233497619629
1790852794405047430,0x68,joint_2,-0.19634954084936207,0.20740783790691994,0.20740783790691994,0.2192295883223034,-0.08726646259971647,0.28448866807507567,30.646800994873047,29.256820678710938
1790852794415028957,0x69,joint_3,-0.3067961575771282,0.3923445616944126,0.3923445616944126,0.4128141428254215,-0.08726646259971647,0.4276056667386107,40.62819480895996,39.23821449279785
1790852794424844029,0x68,joint_2,-0.1902136176978195,0.20740783790691994,0.20740783790691994,0.2192295883223034,-0.08726646259971647,0.28274333882308145,0.3364086151123047,49.053192138671875
1790852794434725790,0x69,joint_3,-0.3067961575771282,0.3923445616944126,0.3923445616944126,0.40845572049281165,-0.08726646259971647,0.4293509959906051,10.218381881713867,8.956432342529297
1790852794445038384,0x68,joint_2,-0.1902136176978195,0.20280589554326303,0.20280589554326303,0.21487755991602628,-0.08726646259971647,0.2809980095710872,20.53093910217285,19.26898956298828
1790852794454877953,0x69,joint_3,-0.3067961575771282,0.3923445616944126,0.3923445616944126,0.40845572049281165,-0.08726646259971647,0.4293509959906051,30.370473861694336,29.108524322509766
1790852794465069082,0x68,joint_2,-0.1902136176978195,0.20280589554326303,0.20280589554326303,0.21487755991602628,-0.08726646259971647,0.2792526803190927,40.56143760681152,39.29948806762695
1790852794474862901,0x69,joint_3,-0.3067961575771282,0.3923445616944126,0.3923445616944126,0.40845572049281165,-0.08726646259971647,0.43109632524259944,0.7328987121582031,49.09348487854004
1790852794484903631,0x68,joint_2,-0.18407769454627693,0.19666997239172046,0.19666997239172046,0.21052288620146617,-0.08726646259971647,0.2775073510670985,10.773658752441406,9.145975112915039
1790852794494906169,0x69,joint_3,-0.3067961575771282,0.3923445616944126,0.3923445616944126,0.40409412096262065,-0.08726646259971647,0.43109632524259944,20.776033401489258,19.14834976196289
1790852794505056335,0x68,joint_2,-0.18407769454627693,0.19666997239172046,0.19666997239172046,0.21052288620146617,-0.08726646259971647,0.2775073510670985,30.926227569580078,29.29854393005371
1790852794515013036,0x69,joint_3,-0.3067961575771282,0.3923445616944126,0.3923445616944126,0.40409412096262065,-0.08726646259971647,0.43284165449459366,40.88306427001953,39.255380630493164
1790852794524759908,0x68,joint_2,-0.17487380981896308,0.19666997239172046,0.19666997239172046,0.21052288620146617,-0.08726646259971647,0.275762021815104,0.5326271057128906,49.00217056274414
1790852794535024994,0x69,joint_3,-0.3067961575771282,0.3923445616944126,0.3923445616944126,0.39974506563748585,-0.08726646259971647,0.43284165449459366,10.797739028930664,9.337663650512695
1790852794545042776,0x68,joint_2,-0.17487380981896308,0.1905340492401779,0.1905340492401779,0.206178391334388,-0.08726646259971647,0.2740166925631098,20.815372467041016,19.355297088623047
1790852794555001310,0x69,joint_3,-0.3067961575771282,0.3923445616944126,0.3923445616944126,0.39974506563748585,-0.08726646259971647,0.43458698374658805,30.77411651611328,29.314041137695312
1790852794564900747,0x68,joint_2,-0.17487380981896308,0.1905340492401779,0.1905340492401779,0.206178391334388,-0.08726646259971647,0.27227136331111557,40.67349433898926,39.21341896057129
1790852794574841069,0x69,joint_3,-0.3067961575771282,0.3923445616944126,0.3923445616944126,0.39974506563748585,-0.08726646259971647,0.4363323129985824,0.20432472229003906,49.153804779052734
1790852794585053626,0x68,joint_2,-0.1687378866674205,0.18133016451286404,0.18133016451286404,0.2018135705373199,-0.08726646259971647,0.27052603405912107,10.416984558105469,9.300470352172852
1790852794594910706,0x69,joint_3,-0.3067961575771282,0.3923445616944126,0.3923445616944126,0.39537381338950617,-0.08726646259971647,0.4363323129985824,20.273923873901367,19.15740966796875
1790852794605063010,0x68,joint_2,-0.1687378866674205,0.18133016451286404,0.18133016451286404,0.2018135705373199,-0.08726646259971647,0.26878070480712685,30.426025390625,29.309511184692383
1790852794615016985,0x69,joint_3,-0.3067961575771282,0.3923445616944126,0.3923445616944126,0.39537381338950617,-0.08726646259971647,0.4380776422505767,40.380239486694336,39.26372528076172
1790852794624852544,0x68,joint_2,-0.15953400194010667,0.18133016451286404,0.18133016451286404,0.2018135705373199,-0.08726646259971647,0.26703537555513235,0.6139278411865234,49.09920692443848
1790852794635012663,0x69,joint_3,-0.3067961575771282,0.3923445616944126,0.3923445616944126,0.3921022405442687,-0.06545904003541468,0.4380776422505767,10.773897171020508,9.237051010131836
1790852794644857988,0x68,joint_2,-0.15953400194010667,0.17519424136132147,0.17519424136132147,0.19745859313550684,-0.08726646259971647,0.2652900463031381,20.61939239501953,19.08254623413086
1790852794654771101,0x69,joint_3,-0.3067961575771282,0.3923445616944126,0.3923445616944126,0.3921022405442687,-0.06545904003541468,0.4398229715025711,30.5325984954834,28.995752334594727
1790852794665047314,0x68,joint_2,-0.15953400194010667,0.17519424136132147,0.17519424136132147,0.19745859313550684,-0.08726646259971647,0.2635447170511439,40.808677673339844,39.27183151245117
1790852794674845447,0x69,joint_3,-0.3067961575771282,0.3923445616944126,0.3923445616944126,0.3921022405442687,-0.06545904003541468,0.4398229715025711,0.41103363037109375,49.069881439208984
1790852794684920456,0x68,joint_2,-0.15033011721279282,0.16599035663400763,0.16599035663400763,0.1931047981943766,-0.08726646259971647,0.2635447170511439,10.486364364624023,9.166479110717773
1790852794695015034,0x69,joint_3,-0.3067961575771282,0.3923445616944126,0.3923445616944126,0.38992084719836706,-0.04365696603279085,0.4415683007545653,20.580530166625977,19.260644912719727
1790852794704898663,0x68,joint_2,-0.15033011721279282,0.16599035663400763,0.16599035663400763,0.1931047981943766,-0.08726646259971647,0.2617993877991494,30.46417236328125,29.144287109375
1790852794715031384,0x69,joint_3,-0.3067961575771282,0.3923445616944126,0.3923445616944126,0.38992084719836706,-0.04365696603279085,0.4415683007545653,40.596961975097656,39.277076721191406
1790852794724838916,0x68,joint_2,-0.14112623248547898,0.16599035663400763,0.16599035663400763,0.1931047981943766,-0.08726646259971647,0.2600540585471552,0.5528926849365234,49.08466339111328
1790852794734586747,0x69,joint_3,-0.3067961575771282,0.3923445616944126,0.3923445616944126,0.38882883118224776,-0.021856708044700194,0.44331363000655966,10.300636291503906,8.78143310546875
1790852794744554466,0x68,joint_2,-0.14112623248547898,0.1567864719066938,0.1567864719066938,0.1887512754372823,-0.08726646259971647,0.25830872929516074,20.26844024658203,18.749237060546875
1790852794754666070,0x69,joint_3,-0.3067961575771282,0.3923445616944126,0.3923445616944126,0.38882883118224776,-0.021856708044700194,0.44331363000655966,30.3800106048584,28.860807418823242
1790852794764681944,0x68,joint_2,-0.14112623248547898,0.1567864719066938,0.1567864719066938,0.1887512754372823,-0.08726646259971647,0.25656340004316647,40.39597511291504,38.87677192687988
1790852794774439092,0x69,joint_3,-0.3083301383650139,0.3923445616944126,0.3923445616944126,0.38882883118224776,-0.021856708044700194,0.44505895925855404,0.9379386901855469,48.63405227661133
1790852794784570817,0x68,joint_2,-0.1303883669702795,0.13684472166418046,0.13684472166418046,0.1844472015231054,-0.08726646259971647,0.25481807079117225,11.069536209106445,9.670495986938477
1790852794794514935,0x69,joint_3,-0.3083301383650139,0.39387854248229837,0.39387854248229837,0.3888128374028962,-0.00032409455269614767,0.44505895925855404,21.013736724853516,19.614696502685547
1790852794804618101,0x68,joint_2,-0.1303883669702795,0.13684472166418046,0.13684472166418046,0.1844472015231054,-0.08726646259971647,0.2530727415391778,31.116724014282227,29.717683792114258
1790852794814567347,0x69,joint_3,-0.3083301383650139,0.39387854248229837,0.39387854248229837,0.3888128374028962,-0.00032409455269614767,0.4468042885105484,41.06616973876953,39.66712951660156
1790852794824469230,0x68,joint_2,-0.11965050145508,0.13684472166418046,0.13684472166418046,0.1844472015231054,-0.08726646259971647,0.2513274122871835,1.2640953063964844,49.568891525268555
1790852794834553445,0x69,joint_3,-0.3083301383650139,0.39387854248229837,0.39387854248229837,0.3898874472601445,0.02149235790837201,0.4468042885105484,11.348247528076172,9.659528732299805
1790852794844578813,0x68,joint_2,-0.11965050145508,0.12610685614898096,0.12610685614898096,0.18008654831058632,-0.08726646259971647,0.24958208303518908,21.373748779296875,19.685029983520508
1790852794854773534,0x69,joint_3,-0.3083301383650139,0.39387854248229837,0.39387854248229837,0.3898874472601445,0.02149235790837201,0.44854961776254276,31.568288803100586,29.87957000732422
1790852794865209552,0x68,joint_2,-0.11965050145508,0.12610685614898096,0.12610685614898096,0.18008654831058632,-0.08726646259971647,0.24783675378319484,42.00458526611328,40.315866470336914
1790852794875014806,0x69,joint_3,-0.3083301383650139,0.39387854248229837,0.39387854248229837,0.3898874472601445,0.02149235790837201,0.44854961776254276,0.21409988403320312,50.12106895446777
1790852794885408564,0x68,joint_2,-0.10737865515199488,0.12610685614898096,0.12610685614898096,0.18008654831058632,-0.08726646259971647,0.24783675378319484,10.607719421386719,9.373903274536133
1790852794895214322,0x69,joint_3,-0.3083301383650139,0.39387854248229837,0.39387854248229837,0.3898874472601445,0.02149235790837201,0.450294947014537,20.413637161254883,19.179821014404297
1790852794905072087,0x68,joint_2,-0.10737865515199488,0.12610685614898096,0.12610685614898096,0.18008654831058632,-0.08726646259971647,0.24609142453120061,30.271291732788086,29.0374755859375
1790852794915147671,0x69,joint_3,-0.3083301383650139,0.39387854248229837,0.39387854248229837,0.3898874472601445,0.02149235790837201,0.450294947014537,40.34686088562012,39.11304473876953
1790852794925052960,0x68,joint_2,-0.10737865515199488,0.12610685614898096,0.12610685614898096,0.18008654831058632,-0.08726646259971647,0.24434609527920614,50.25219917297363,49.01838302612305
1790852794934866675,0x69,joint_3,-0.3083301383650139,0.39387854248229837,0.39387854248229837,0.39387854248229837,0.0395300376167391,0.4520402762665313,9.657144546508789,8.566141128540039
1790852794944912014,0x68,joint_2,-0.0966407896367954,0.11383500984589583,0.11383500984589583,0.1713599020506147,-0.08649628497290257,0.2426007660272119,19.702434539794922,18.611431121826172
1790852794955070454,0x69,joint_3,-0.3083301383650139,0.39387854248229837,0.39387854248229837,0.39387854248229837,0.0395300376167391,0.4520402762665313,29.860734939575195,28.769731521606445
1790852794965168428,0x68,joint_2,-0.0966407896367954,0.11383500984589583,0.11383500984589583,0.1713599020506147,-0.08649628497290257,0.24085543677521742,39.95871543884277,38.86771202087402
1790852794974725582,0x69,joint_3,-0.3083301383650139,0.39387854248229837,0.39387854248229837,0.39387854248229837,0.0395300376167391,0.4520402762665313,0.41866302490234375,48.42495918273926
1790852794984729039,0x68,joint_2,-0.08897088569736719,0.10309714433069635,0.10309714433069635,0.1670511733431819,-0.08726646259971647,0.2391101075232232,10.422229766845703,9.13381576538086
1790852794995012536,0x69,joint_3,-0.3083301383650139,0.39387854248229837,0.39387854248229837,0.3947664235073242,0.01796368952749018,0.4537856055185257,20.705699920654297,19.417285919189453
1790852795005050492,0x68,joint_2,-0.08897088569736719,0.10309714433069635,0.10309714433069635,0.1670511733431819,-0.08726646259971647,0.23736477827122895,30.74336051940918,29.454946517944336
1790852795015024294,0x69,joint_3,-0.3083301383650139,0.39387854248229837,0.39387854248229837,0.3947664235073242,0.01796368952749018,0.4537856055185257,40.717363357543945,39.4289493560791
1790852795024832736,0x68,joint_2,-0.07976700097005335,0.10309714433069635,0.10309714433069635,0.1670511733431819,-0.08726646259971647,0.23561944901923448,0.31757354736328125,49.23748970031738
1790852795035004305,0x69,joint_3,-0.3083301383650139,0.39387854248229837,0.39387854248229837,0.39457104282562666,-0.003899321337208081,0.45553093477052004,10.489225387573242,9.270906448364258
1790852795045054654,0x68,joint_2,-0.07976700097005335,0.09542724039126814,0.09542724039126814,0.16268324472570822,-0.08726646259971647,0.23387411976724026,20.539522171020508,19.321203231811523
1790852795055007873,0x69,joint_3,-0.3083301383650139,0.39387854248229837,0.39387854248229837,0.39457104282562666,-0.003899321337208081,0.45553093477052004,30.492782592773438,29.274463653564453
1790852795067025534,0x68,joint_2,-0.07976700097005335,0.09542724039126814,0.09542724039126814,0.16268324472570822,-0.08726646259971647,0.23387411976724026,42.510032653808594,41.29171371459961
1790852795074835112,0x69,joint_3,-0.3067961575771282,0.39387854248229837,0.39387854248229837,0.39457104282562666,-0.003899321337208081,0.45553093477052004,0.8571147918701172,49.10159111022949
1790852795084742153,0x68,joint_2,-0.07209709703062514,0.0862233556639543,0.0862233556639543,0.15831856338048061,-0.08726646259971647,0.2321287905152458,10.764122009277344,8.896589279174805
1790852795094882336,0x69,joint_3,-0.3067961575771282,0.39387854248229837,0.39387854248229837,0.39387854248229837,-0.013830153957256638,0.45553093477052004,20.9043025970459,19.03676986694336
1790852795105052176,0x68,joint_2,-0.07209709703062514,0.0862233556639543,0.0862233556639543,0.15831856338048061,-0.08726646259971647,0.23038346126325154,31.074047088623047,29.206514358520508
1790852795115002485,0x69,joint_3,-0.3067961575771282,0.39387854248229837,0.39387854248229837,0.39387854248229837,-0.013830153957256638,0.45727626402251437,41.024208068847656,39.15667533874512
1790852795124958383,0x68,joint_2,-0.06596117387908257,0.0862233556639543,0.0862233556639543,0.15831856338048061,-0.08726646259971647,0.22863813201125732,0.4565715789794922,49.112796783447266
1790852795134991814,0x69,joint_3,-0.30526217678924256,0.3923445616944126,0.3923445616944126,0.3923445616944126,-0.030673007564995854,0.45727626402251437,10.489940643310547,9.072065353393555
1790852795144783728,0x68,joint_2,-0.06596117387908257,0.07855345172452609,0.07855345172452609,0.15395892778225403,-0.08726646259971647,0.22689280275926285,20.28179168701172,18.863916397094727
1790852795155012368,0x69,joint_3,-0.30526217678924256,0.3923445616944126,0.3923445616944126,0.3923445616944126,-0.030673007564995854,0.45727626402251437,30.510425567626953,29.09255027770996
1790852795164900542,0x68,joint_2,-0.06596117387908257,0.07855345172452609,0.07855345172452609,0.15395892778225403,-0.08726646259971647,0.2251474735072686,40.39883613586426,38.980960845947266
1790852795174845039,0x69,joint_3,-0.30526217678924256,0.3923445616944126,0.3923445616944126,0.3923445616944126,-0.030673007564995854,0.45727626402251437,0.4000663757324219,48.925161361694336
1790852795184901787,0x68,joint_2,-0.059825250727540004,0.07241752857298352,0.07241752857298352,0.14961393505999374,-0.08726646259971647,0.22340214425527413,10.457038879394531,9.112358093261719
1790852795195073305,0x69,joint_3,-0.30526217678924256,0.390810580906527,0.390810580906527,0.390810580906527,-0.030761780473868006,0.45902159327450864,20.62845230102539,19.283771514892578
1790852795205091725,0x68,joint_2,-0.059825250727540004,0.07241752857298352,0.07241752857298352,0.14961393505999374,-0.08726646259971647,0.2216568150032799,30.64703941345215,29.302358627319336
1790852795214965429,0x69,joint_3,-0.30526217678924256,0.390810580906527,0.390810580906527,0.390810580906527,-0.030761780473868006,0.45902159327450864,40.520668029785156,39.175987243652344
1790852795225005139,0x68,joint_2,-0.05368932757599744,0.07241752857298352,0.07241752857298352,0.14961393505999374,-0.08726646259971647,0.21991148575128566,0.2741813659667969,49.21555519104004
1790852795234907295,0x69,joint_3,-0.30526217678924256,0.390810580906527,0.390810580906527,0.39036712507943794,-0.008817531513372211,0.45902159327450864,10.176420211791992,8.589506149291992
1790852795244952887,0x68,joint_2,-0.05368932757599744,0.06628160542144096,0.06628160542144096,0.14523151287928118,-0.08726646259971647,0.2181661564992912,20.221948623657227,18.635034561157227
1790852795255063729,0x69,joint_3,-0.30526217678924256,0.390810580906527,0.390810580906527,0.39036712507943794,-0.008817531513372211,0.45902159327450864,30.33304214477539,28.74612808227539
1790852795265067480,0x68,joint_2,-0.05368932757599744,0.06628160542144096,0.06628160542144096,0.14523151287928118,-0.08726646259971647,0.2181661564992912,40.33660888671875,38.74969482421875
1790852795275011293,0x69,joint_3,-0.30526217678924256,0.390810580906527,0.390810580906527,0.39036712507943794,-0.008817531513372211,0.45902159327450864,0.033855438232421875,48.69365692138672
1790852795285032418,0x68,joint_2,-0.04908738521234052,0.06014568226989839,0.06014568226989839,0.14087942033207834,-0.08726646259971647,0.21642082724729697,10.054826736450195,8.795022964477539
1790852795294945378,0x69,joint_3,-0.30526217678924256,0.390810580906527,0.390810580906527,0.390810580906527,0.008879010600703922,0.45902159327450864,19.96779441833496,18.707990646362305
1790852795305059991,0x68,joint_2,-0.04908738521234052,0.06014568226989839,0.06014568226989839,0.14087942033207834,-0.08726646259971647,0.21467549799530247,30.08246421813965,28.822660446166992
1790852795315178353,0x69,joint_3,-0.30526217678924256,0.390810580906527,0.390810580906527,0.390810580906527,0.008879010600703922,0.45902159327450864,40.20071029663086,38.9409065246582
1790852795324947697,0x68,joint_2,-0.04908738521234052,0.06014568226989839,0.06014568226989839,0.14087942033207834,-0.08726646259971647,0.21293016874330825,49.970149993896484,48.71034622192383
1790852795335060859,0x69,joint_3,-0.30526217678924256,0.390810580906527,0.390810580906527,0.390810580906527,0.0,0.45902159327450864,9.909868240356445,8.84556770324707
1790852795344947073,0x68,joint_2,-0.047553404424454875,0.055543739906241466,0.055543739906241466,0.1365298527529077,-0.08726646259971647,0.21118483949131403,19.796371459960938,18.732070922851562
1790852795354960289,0x69,joint_3,-0.30526217678924256,0.390810580906527,0.390810580906527,0.390810580906527,0.0,0.45902159327450864,29.80947494506836,28.745174407958984
1790852795364906337,0x68,joint_2,-0.047553404424454875,0.055543739906241466,0.055543739906241466,0.1365298527529077,-0.08726646259971647,0.20943951023931956,39.75534439086914,38.691043853759766
1790852795374930642,0x69,joint_3,-0.30526217678924256,0.390810580906527,0.390810580906527,0.390810580906527,0.0,0.45902159327450864,0.12087821960449219,48.71559143066406
1790852795385290002,0x68,joint_2,-0.04601942363656924,0.05400975911835582,0.05400975911835582,0.1321791906776707,-0.08726646259971647,0.2076941809873253,10.480165481567383,9.13858413696289
1790852795395063721,0x69,joint_3,-0.30526217678924256,0.390810580906527,0.390810580906527,0.390810580906527,0.0,0.45902159327450864,20.253896713256836,18.912315368652344
1790852795405056300,0x68,joint_2,-0.04601942363656924,0.05400975911835582,0.05400975911835582,0.1321791906776707,-0.08726646259971647,0.20594885173533084,30.246496200561523,28.90491485595703
1790852795415083437,0x69,joint_3,-0.30526217678924256,0.390810580906527,0.390810580906527,0.390810580906527,0.0,0.45902159327450864,40.27366638183594,38.932085037231445
1790852795425015005,0x68,joint_2,-0.044485442848683596,0.05400975911835582,0.05400975911835582,0.1321791906776707,-0.08726646259971647,0.20420352248333662,0.05507469177246094,48.86364936828613
1790852795434954190,0x69,joint_3,-0.30526217678924256,0.390810580906527,0.390810580906527,0.390810580906527,0.0,0.45902159327450864,9.994268417358398,8.658885955810547
1790852795444946630,0x68,joint_2,-0.044485442848683596,0.05247577833047019,0.05247577833047019,0.12781768408627164,-0.08726646259971647,0.20420352248333662,19.986629486083984,18.651247024536133
1790852795454972353,0x69,joint_3,-0.30526217678924256,0.390810580906527,0.390810580906527,0.390810580906527,0.0,0.45902159327450864,30.01236915588379,28.676986694335938
1790852795464976416,0x68,joint_2,-0.044485442848683596,0.05247577833047019,0.05247577833047019,0.12781768408627164,-0.08726646259971647,0.20245819323134237,40.01641273498535,38.6810302734375
1790852795475060304,0x69,joint_3,-0.30526217678924256,0.390810580906527,0.390810580906527,0.390810580906527,0.0,0.45902159327450864,50.100088119506836,48.764705657958984
1790852795485019744,0x68,joint_2,-0.04295146206079795,0.050941797542584544,0.050941797542584544,0.12345886058965011,-0.08726646259971647,0.2007128639793479,9.821176528930664,8.689641952514648
1790852795494922143,0x69,joint_3,-0.3037281960013569,0.390810580906527,0.390810580906527,0.390810580906527,0.0,0.45902159327450864,19.723892211914062,18.592357635498047
1790852795505073420,0x68,joint_2,-0.04295146206079795,0.050941797542584544,0.050941797542584544,0.12345886058965011,-0.08726646259971647,0.19896753472735368,29.87504005432129,28.743505477905273
1790852795515196518,0x69,joint_3,-0.3037281960013569,0.390810580906527,0.390810580906527,0.390810580906527,0.0,0.45727626402251437,39.99805450439453,38.866519927978516
1790852795525035602,0x68,joint_2,-0.04295146206079795,0.050941797542584544,0.050941797542584544,0.12345886058965011,-0.08726646259971647,0.19722220547535918,49.83711242675781,48.7055778503418
1790852795535051308,0x69,joint_3,-0.3021942152134713,0.38927660011864135,0.38927660011864135,0.38972240084496723,-0.021790092317824288,0.45727626402251437,10.009050369262695,8.720636367797852
1790852795544955211,0x68,joint_2,-0.03834951969714103,0.0494078167546989,0.0494078167546989,0.11910723867046351,-0.08726646259971647,0.19547687622336496,19.9129581451416,18.624544143676758
1790852795555037970,0x69,joint_3,-0.3021942152134713,0.38927660011864135,0.38927660011864135,0.38972240084496723,-0.021790092317824288,0.45727626402251437,29.99567985534668,28.707265853881836
1790852795564940211,0x68,joint_2,-0.03834951969714103,0.0494078167546989,0.0494078167546989,0.11910723867046351,-0.08726646259971647,0.19373154697137074,39.89815711975098,38.60974311828613
1790852795574900387,0x69,joint_3,-0.2991262536377,0.38927660011864135,0.38927660011864135,0.38972240084496723,-0.021790092317824288,0.45727626402251437,0.3197193145751953,48.56991767883301
1790852795585213080,0x68,joint_2,-0.030679615757712823,0.04480587439104198,0.04480587439104198,0.11476738253946445,-0.08726646259971647,0.19198621771937624,10.63227653503418,9.08803939819336
1790852795595057245,0x69,joint_3,-0.2991262536377,0.3877426193307558,0.3877426193307558,0.3877426193307558,-0.039751851083439996,0.45727626402251437,20.476341247558594,18.932104110717773
1790852795605078430,0x68,joint_2,-0.030679615757712823,0.04480587439104198,0.04480587439104198,0.11476738253946445,-0.08726646259971647,0.19024088846738202,30.49778938293457,28.95355224609375
1790852795615195324,0x69,joint_3,-0.2991262536377,0.3877426193307558,0.3877426193307558,0.3877426193307558,-0.039751851083439996,0.45553093477052004,40.61460494995117,39.07036781311035
1790852795625011656,0x68,joint_2,-0.023009711818284616,0.04480587439104198,0.04480587439104198,0.11476738253946445,-0.08726646259971647,0.18849555921538755,0.0152587890625,48.886775970458984
1790852795635082753,0x69,joint_3,-0.29605829206192874,0.38467465775498455,0.38467465775498455,0.38467465775498455,-0.06125583778752178,0.45553093477052004,10.086297988891602,8.806228637695312
1790852795645049219,0x68,joint_2,-0.023009711818284616,0.03713597045161377,0.03713597045161377,0.11040337960376516,-0.08726646259971647,0.18849555921538755,20.05290985107422,18.77284049987793
1790852795655172996,0x69,joint_3,-0.29605829206192874,0.38467465775498455,0.38467465775498455,0.38467465775498455,-0.06125583778752178,0.45553093477052004,30.176639556884766,28.896570205688477
1790852795665227406,0x68,joint_2,-0.023009711818284616,0.03713597045161377,0.03713597045161377,0.11040337960376516,-0.08726646259971647,0.1867502299633933,40.23098945617676,38.95092010498047
1790852795675038308,0x69,joint_3,-0.29605829206192874,0.38467465775498455,0.38467465775498455,0.38467465775498455,-0.06125583778752178,0.45553093477052004,50.04167556762695,48.761606216430664
1790852795684952878,0x68,joint_2,-0.013805827090970772,0.029466066512185567,0.029466066512185567,0.10604757648676409,-0.08726646259971647,0.18500490071139908,9.896278381347656,8.655071258544922
1790852795694942747,0x69,joint_3,-0.29299033048615747,0.3816066961792133,0.3816066961792133,0.3816066961792133,-0.06137222278947883,0.45553093477052004,19.886016845703125,18.64480972290039
1790852795705222844,0x68,joint_2,-0.013805827090970772,0.029466066512185567,0.029466066512185567,0.10604757648676409,-0.08726646259971647,0.1832595714594046,30.1663875579834,28.925180435180664
1790852795715199230,0x69,joint_3,-0.29299033048615747,0.3816066961792133,0.3816066961792133,0.3816066961792133,-0.06137222278947883,0.45553093477052004,40.14253616333008,38.901329040527344
1790852795725110665,0x68,joint_2,-0.006135923151542565,0.029466066512185567,0.029466066512185567,0.10604757648676409,-0.08726646259971647,0.18151424220741036,0.10633468627929688,48.8131046295166
1790852795736792591,0x69,joint_3,-0.2883883881225005,0.378538734603442,0.378538734603442,0.378538734603442,-0.06112930707482873,0.45553093477052004,11.788129806518555,10.11347770690918
1790852795745296323,0x68,joint_2,-0.006135923151542565,0.02026218178487172,0.02026218178487172,0.10167693170059555,-0.08726646259971647,0.1797689129554159,20.291805267333984,18.61715316772461
1790852795754786645,0x69,joint_3,-0.2883883881225005,0.378538734603442,0.378538734603442,0.378538734603442,-0.06112930707482873,0.4537856055185257,29.78205680847168,28.107404708862305
1790852795764662651,0x68,joint_2,-0.006135923151542565,0.02026218178487172,0.02026218178487172,0.10167693170059555,-0.08726646259971647,0.17802358370342167,39.6580696105957,37.98341751098633
1790852795774824131,0x69,joint_3,-0.2837864457588436,0.378538734603442,0.378538734603442,0.378538734603442,-0.06112930707482873,0.4537856055185257,1.1904239654541016,48.14505577087402
1790852795784795686,0x68,joint_2,0.0030679615757712823,0.003388393118129666,0.003388393118129666,0.09738699486591969,-0.08726646259971647,0.17627825445142745,11.16180419921875,9.31239128112793
1790852795794730089,0x69,joint_3,-0.2837864457588436,0.36933484987612814,0.36933484987612814,0.3744751831996735,-0.08259595977565026,0.4537856055185257,21.096229553222656,19.246816635131836
1790852795804696395,0x68,joint_2,0.0030679615757712823,0.003388393118129666,0.003388393118129666,0.09738699486591969,-0.08726646259971647,0.17453292519943295,31.06236457824707,29.21295166015625
1790852795814789498,0x69,joint_3,-0.2837864457588436,0.36933484987612814,0.36933484987612814,0.3744751831996735,-0.08259595977565026,0.4537856055185257,41.15557670593262,39.3061637878418
1790852795824698523,0x68,joint_2,0.010737865515199488,0.003388393118129666,0.003388393118129666,0.09738699486591969,-0.08726646259971647,0.17453292519943295,0.67901611328125,49.21531677246094
1790852795834812690,0x69,joint_3,-0.2791845033951867,0.36933484987612814,0.36933484987612814,0.3744751831996735,-0.08259595977565026,0.4537856055185257,10.793209075927734,9.645700454711914
1790852795844623031,0x68,joint_2,0.010737865515199488,0.003388393118129666,0.003388393118129666,0.09738699486591969,-0.08726646259971647,0.17278759594743873,20.603656768798828,19.456148147583008
1790852795854603858,0x69,joint_3,-0.2791845033951867,0.36933484987612814,0.36933484987612814,0.3744751831996735,-0.08259595977565026,0.4537856055185257,30.584335327148438,29.436826705932617
1790852795864801139,0x68,joint_2,0.010737865515199488,0.003388393118129666,0.003388393118129666,0.09738699486591969,-0.08726646259971647,0.17104226669544426,40.781497955322266,39.633989334106445
1790852795874744946,0x69,joint_3,-0.27304858024364415,0.36933484987612814,0.36933484987612814,0.3744751831996735,-0.08259595977565026,0.4537856055185257,0.5080699920654297,49.57771301269531
1790852795884740040,0x68,joint_2,0.018407769454627694,-0.00428151082129854,-0.00428151082129854,0.08866927552871084,-0.08726646259971647,0.16929693744345,10.503292083740234,9.270906448364258
1790852795894728505,0x69,joint_3,-0.27304858024364415,0.3647329075124712,0.3647329075124712,0.3657537375845518,-0.08726646259971647,0.4520402762665313,20.491838455200195,19.25945281982422
1790852795904779854,0x68,joint_2,0.018407769454627694,-0.00428151082129854,-0.00428151082129854,0.08866927552871084,-0.08726646259971647,0.1675516081914558,30.543088912963867,29.31070327758789
1790852795914739666,0x69,joint_3,-0.27304858024364415,0.3647329075124712,0.3647329075124712,0.3657537375845518,-0.08726646259971647,0.4520402762665313,40.50302505493164,39.270639419555664
1790852795926445871,0x68,joint_2,0.02454369260617026,-0.00428151082129854,-0.00428151082129854,0.08866927552871084,-0.08726646259971647,0.16580627893946132,2.838611602783203,50.97675323486328
1790852795934675547,0x69,joint_3,-0.26691265709210155,0.3524610612093861,0.3524610612093861,0.3611771590435904,-0.08726646259971647,0.4520402762665313,11.068105697631836,6.7768096923828125
1790852795944547210,0x68,joint_2,0.02454369260617026,-0.01808733791226931,-0.01808733791226931,0.08409641131024363,-0.08726646259971647,0.16406094968746707,20.940065383911133,16.64876937866211
1790852795954481109,0x69,joint_3,-0.26691265709210155,0.3524610612093861,0.3524610612093861,0.3611771590435904,-0.08726646259971647,0.4520402762665313,30.874013900756836,26.582717895507812
1790852795964482814,0x68,joint_2,0.02454369260617026,-0.01808733791226931,-0.01808733791226931,0.08409641131024363,-0.08726646259971647,0.1623156204354726,40.87567329406738,36.58437728881836
1790852795975010780,0x69,joint_3,-0.26231071472844464,0.3524610612093861,0.3524610612093861,0.3611771590435904,-0.08726646259971647,0.4520402762665313,1.2965202331542969,47.112226486206055
1790852795985181206,0x68,joint_2,0.02914563496982718,-0.022689280275926236,-0.022689280275926236,0.07993095179419851,-0.08726646259971647,0.16057029118347838,11.46697998046875,9.459257125854492
1790852795995138456,0x69,joint_3,-0.26231071472844464,0.3478591188457292,0.3478591188457292,0.3570070270192658,-0.08726646259971647,0.4520402762665313,21.424293518066406,19.41657066345215
1790852796008042046,0x68,joint_2,0.02914563496982718,-0.022689280275926236,-0.022689280275926236,0.07993095179419851,-0.08726646259971647,0.15882496193148413,34.32774543762207,32.32002258300781
1790852796015014894,0x69,joint_3,-0.26231071472844464,0.3478591188457292,0.3478591188457292,0.3570070270192658,-0.08726646259971647,0.4520402762665313,41.30077362060547,39.29305076599121
1790852796024976181,0x68,joint_2,0.032213596545598466,-0.022689280275926236,-0.022689280275926236,0.07993095179419851,-0.08726646259971647,0.15882496193148413,0.07295608520507812,49.25417900085449
1790852796035035695,0x69,joint_3,-0.25924275315267337,0.3478591188457292,0.3478591188457292,0.3570070270192658,-0.08726646259971647,0.450294947014537,10.132551193237305,9.216547012329102
1790852796045012841,0x68,joint_2,0.032213596545598466,-0.022689280275926236,-0.022689280275926236,0.07993095179419851,-0.08726646259971647,0.15707963267948966,20.10965347290039,19.193649291992188
1790852796054894205,0x69,joint_3,-0.25924275315267337,0.3478591188457292,0.3478591188457292,0.3570070270192658,-0.08726646259971647,0.450294947014537,29.99091148376465,29.074907302856445
1790852796064869180,0x68,joint_2,0.032213596545598466,-0.022689280275926236,-0.022689280275926236,0.07993095179419851,-0.08726646259971647,0.15533430342749543,39.96586799621582,39.04986381530762
1790852796074966432,0x69,joint_3,-0.25464081078901646,0.3478591188457292,0.3478591188457292,0.3570070270192658,-0.08726646259971647,0.450294947014537,0.1761913299560547,49.14736747741699
1790852796085007909,0x68,joint_2,0.0337475773334841,-0.025757241851697518,-0.025757241851697518,0.07120430553422687,-0.08714465702827656,0.15358897417550096,10.217428207397461,8.728504180908203
1790852796094870088,0x69,joint_3,-0.25464081078901646,0.34479115726995785,0.34479115726995785,0.34828038075929413,-0.087084451742432,0.450294947014537,20.079612731933594,18.590688705444336
1790852796104903219,0x68,joint_2,0.0337475773334841,-0.025757241851697518,-0.025757241851697518,0.07120430553422687,-0.08714465702827656,0.15184364492350672,30.112743377685547,28.62381935119629
1790852796115035190,0x69,joint_3,-0.25464081078901646,0.34479115726995785,0.34479115726995785,0.34828038075929413,-0.087084451742432,0.44854961776254276,40.24481773376465,38.75589370727539
1790852796124979913,0x68,joint_2,0.0337475773334841,-0.025757241851697518,-0.025757241851697518,0.07120430553422687,-0.08714465702827656,0.1500983156715125,0.2162456512451172,48.700571060180664
1790852796135046261,0x69,joint_3,-0.25157284921324513,0.34018921490630094,0.34018921490630094,0.3438989569941378,-0.08726646259971647,0.44854961776254276,10.282516479492188,8.562088012695312
1790852796145037540,0x68,joint_2,0.0337475773334841,-0.027291222639583158,-0.027291222639583158,0.06682881335773237,-0.08726646259971647,0.14835298641951802,20.273923873901367,18.553495407104492
1790852796155147789,0x69,joint_3,-0.25157284921324513,0.34018921490630094,0.34018921490630094,0.3438989569941378,-0.08726646259971647,0.44854961776254276,30.384063720703125,28.66363525390625
1790852796165027015,0x68,joint_2,0.0337475773334841,-0.027291222639583158,-0.027291222639583158,0.06682881335773237,-0.08726646259971647,0.14660765716752377,40.26341438293457,38.542985916137695
1790852796174920483,0x69,joint_3,-0.2500388684253595,0.34018921490630094,0.34018921490630094,0.3438989569941378,-0.08726646259971647,0.4468042885105484,0.3647804260253906,48.43640327453613
1790852796184880406,0x68,joint_2,0.0337475773334841,-0.027291222639583158,-0.027291222639583158,0.06250620954456794,-0.08726646259971647,0.1448623279155293,10.324716567993164,8.829355239868164
1790852796195038540,0x69,joint_3,-0.2500388684253595,0.33712125333052967,0.33712125333052967,0.33957050562978036,-0.08726646259971647,0.4468042885105484,20.482778549194336,18.987417221069336
1790852796205007495,0x68,joint_2,0.0337475773334841,-0.027291222639583158,-0.027291222639583158,0.06250620954456794,-0.08726646259971647,0.1448623279155293,30.45201301574707,28.95665168762207
1790852796215045260,0x69,joint_3,-0.2500388684253595,0.33712125333052967,0.33712125333052967,0.33957050562978036,-0.08726646259971647,0.4468042885105484,40.48967361450195,38.99431228637695
1790852796224858422,0x68,joint_2,0.0337475773334841,-0.027291222639583158,-0.027291222639583158,0.06250620954456794,-0.08726646259971647,0.14311699866353508,0.3898143768310547,48.807382583618164
1790852796235019659,0x69,joint_3,-0.24850488763747386,0.33558727254264403,0.33558727254264403,0.33558727254264403,-0.0798460095978633,0.44505895925855404,10.551214218139648,9.047269821166992
1790852796245101386,0x68,joint_2,0.0337475773334841,-0.027291222639583158,-0.027291222639583158,0.05815865363173096,-0.08726646259971647,0.14137166941154083,20.63274383544922,19.128799438476562
1790852796255156304,0x69,joint_3,-0.24850488763747386,0.33558727254264403,0.33558727254264403,0.33558727254264403,-0.0798460095978633,0.44505895925855404,30.687570571899414,29.183626174926758
1790852796265195839,0x68,joint_2,0.0337475773334841,-0.027291222639583158,-0.027291222639583158,0.05815865363173096,-0.08726646259971647,0.13962634015954636,40.72713851928711,39.22319412231445
1790852796274960819,0x69,joint_3,-0.2454369260617026,0.33558727254264403,0.33558727254264403,0.33558727254264403,-0.0798460095978633,0.44331363000655966,0.10228157043457031,48.98834228515625
1790852796285173900,0x68,joint_2,0.032213596545598466,-0.027291222639583158,-0.027291222639583158,0.05379263580067462,-0.08726646259971647,0.13788101090755214,10.315418243408203,9.072542190551758
1790852796294900632,0x69,joint_3,-0.2454369260617026,0.3340532917547584,0.3340532917547584,0.332682263530373,-0.057986697958681194,0.44331363000655966,20.04218101501465,18.799304962158203
1790852796304907609,0x68,joint_2,0.032213596545598466,-0.027291222639583158,-0.027291222639583158,0.05379263580067462,-0.08726646259971647,0.13613568165555764,30.048847198486328,28.805971145629883
1790852796315024142,0x69,joint_3,-0.2454369260617026,0.3340532917547584,0.3340532917547584,0.332682263530373,-0.057986697958681194,0.4415683007545653,40.16542434692383,38.92254829406738
1790852796324876212,0x68,joint_2,0.032213596545598466,-0.027291222639583158,-0.027291222639583158,0.05379263580067462,-0.08726646259971647,0.13439035240356342,0.15401840209960938,48.77471923828125
1790852796335035889,0x69,joint_3,-0.2454369260617026,0.3309853301789871,0.3309853301789871,0.33087554336521446,-0.03622410941189619,0.4415683007545653,10.313749313354492,9.02557373046875
1790852796345021605,0x68,joint_2,0.032213596545598466,-0.025757241851697518,-0.025757241851697518,0.04944597506718894,-0.08726646259971647,0.1326450231515692,20.299434661865234,19.011259078979492
1790852796354864905,0x69,joint_3,-0.2454369260617026,0.3309853301789871,0.3309853301789871,0.33087554336521446,-0.03622410941189619,0.4398229715025711,30.142784118652344,28.8546085357666
1790852796365019009,0x68,joint_2,0.032213596545598466,-0.025757241851697518,-0.025757241851697518,0.04944597506718894,-0.08726646259971647,0.1308996938995747,40.29703140258789,39.00885581970215
1790852796374967529,0x69,joint_3,-0.24390294527381695,0.3309853301789871,0.3309853301789871,0.33087554336521446,-0.03622410941189619,0.4380776422505767,0.3838539123535156,48.957109451293945
1790852796385110677,0x68,joint_2,0.032213596545598466,-0.025757241851697518,-0.025757241851697518,0.04508046041455232,-0.08726646259971647,0.1308996938995747,10.52713394165039,8.962631225585938
1790852796394945211,0x69,joint_3,-0.24390294527381695,0.3309853301789871,0.3309853301789871,0.33015585610651593,-0.014367229016048625,0.4380776422505767,20.361661911010742,18.79715919494629
1790852796405023029,0x68,joint_2,0.032213596545598466,-0.025757241851697518,-0.025757241851697518,0.04508046041455232,-0.08726646259971647,0.12915436464758048,30.439376831054688,28.874874114990234
1790852796415038474,0x69,joint_3,-0.24390294527381695,0.3309853301789871,0.3309853301789871,0.33015585610651593,-0.014367229016048625,0.4363323129985824,40.454864501953125,38.89036178588867
1790852796425075193,0x68,joint_2,0.032213596545598466,-0.025757241851697518,-0.025757241851697518,0.04508046041455232,-0.08726646259971647,0.127409035395586,50.4915714263916,48.92706871032715
1790852796434869653,0x69,joint_3,-0.24236896448593132,0.32945134939110143,0.32945134939110143,0.32945134939110143,-0.014073930991449992,0.4363323129985824,9.776115417480469,8.628368377685547
1790852796445029628,0x68,joint_2,0.032213596545598466,-0.025757241851697518,-0.025757241851697518,0.040718019461217454,-0.08726646259971647,0.12566370614359176,19.936084747314453,18.78833770751953
1790852796455067106,0x69,joint_3,-0.24236896448593132,0.32945134939110143,0.32945134939110143,0.32945134939110143,-0.014073930991449992,0.43458698374658805,29.973506927490234,28.825759887695312
1790852796465206653,0x68,joint_2,0.032213596545598466,-0.025757241851697518,-0.025757241851697518,0.040718019461217454,-0.08726646259971647,0.12391837689159754,40.112972259521484,38.96522521972656
1790852796474977224,0x69,joint_3,-0.24236896448593132,0.32945134939110143,0.32945134939110143,0.32945134939110143,-0.014073930991449992,0.43284165449459366,0.14638900756835938,48.7360954284668
1790852796484848613,0x68,joint_2,0.032213596545598466,-0.025757241851697518,-0.025757241851697518,0.036372518673508485,-0.08726646259971647,0.12217304763960307,10.017633438110352,8.719444274902344
1790852796495119045,0x69,joint_3,-0.24236896448593132,0.3279173686032158,0.3279173686032158,0.3279173686032158,-0.03076352388384512,0.43284165449459366,20.28822898864746,18.990039825439453
1790852796505118320,0x68,joint_2,0.032213596545598466,-0.025757241851697518,-0.025757241851697518,0.036372518673508485,-0.08726646259971647,0.12042771838760884,30.28726577758789,28.989076614379883
1790852796514895444,0x69,joint_3,-0.24236896448593132,0.3279173686032158,0.3279173686032158,0.3279173686032158,-0.03076352388384512,0.43109632524259944,40.064334869384766,38.76614570617676
1790852796524972467,0x68,joint_2,0.030679615757712823,-0.025757241851697518,-0.025757241851697518,0.036372518673508485,-0.08726646259971647,0.11868238913561437,0.19979476928710938,48.8433837890625
1790852796534868598,0x69,joint_3,-0.24083498369804568,0.3279173686032158,0.3279173686032158,0.32746945928321564,-0.008966055369090082,0.4293509959906051,10.095596313476562,8.750677108764648
1790852796545022758,0x68,joint_2,0.030679615757712823,-0.025757241851697518,-0.025757241851697518,0.032018846079855445,-0.08726646259971647,0.11693705988362013,20.24984359741211,18.904924392700195
1790852796555159661,0x69,joint_3,-0.24083498369804568,0.3279173686032158,0.3279173686032158,0.32746945928321564,-0.008966055369090082,0.4293509959906051,30.386686325073242,29.041767120361328
1790852796565194427,0x68,joint_2,0.030679615757712823,-0.025757241851697518,-0.025757241851697518,0.032018846079855445,-0.08726646259971647,0.1151917306316259,40.42172431945801,39.076805114746094
1790852796575023254,0x69,joint_3,-0.24083498369804568,0.3279173686032158,0.3279173686032158,0.32746945928321564,-0.008966055369090082,0.4276056667386107,50.25053024291992,48.90561103820801
1790852796584856660,0x68,joint_2,0.030679615757712823,-0.024223261063811875,-0.024223261063811875,0.027658928436388466,-0.08726646259971647,0.1151917306316259,9.586334228515625,8.6669921875
1790852796594880795,0x69,joint_3,-0.24083498369804568,0.32638338781533016,0.32638338781533016,0.32638338781533016,-0.021709197961735514,0.4258603374866164,19.61040496826172,18.691062927246094
1790852796605063412,0x68,joint_2,0.030679615757712823,-0.024223261063811875,-0.024223261063811875,0.027658928436388466,-0.08726646259971647,0.11344640137963143,29.79302406311035,28.873682022094727
1790852796615136399,0x69,joint_3,-0.24083498369804568,0.32638338781533016,0.32638338781533016,0.32638338781533016,-0.021709197961735514,0.424115008234622,39.86620903015137,38.94686698913574
1790852796624975342,0x68,joint_2,0.030679615757712823,-0.024223261063811875,-0.024223261063811875,0.027658928436388466,-0.08726646259971647,0.11170107212763719,0.19216537475585938,48.78568649291992
1790852796635135873,0x69,joint_3,-0.24083498369804568,0.32638338781533016,0.32638338781533016,0.32638338781533016,0.0,0.424115008234622,10.352849960327148,9.011507034301758
1790852796645168752,0x68,joint_2,0.030679615757712823,-0.024223261063811875,-0.024223261063811875,0.02330995810876241,-0.08726646259971647,0.1099557428756427,20.3855037689209,19.044160842895508
1790852796655136803,0x69,joint_3,-0.24083498369804568,0.32638338781533016,0.32638338781533016,0.32638338781533016,0.0,0.4223696789826278,30.353546142578125,29.012203216552734
1790852796665041214,0x68,joint_2,0.030679615757712823,-0.024223261063811875,-0.024223261063811875,0.02330995810876241,-0.08726646259971647,0.10821041362364849,40.257930755615234,38.916587829589844
1790852796675002428,0x69,joint_3,-0.24083498369804568,0.32638338781533016,0.32638338781533016,0.32638338781533016,0.0,0.42062434973063345,50.21929740905762,48.87795448303223
1790852796685187706,0x68,joint_2,0.030679615757712823,-0.024223261063811875,-0.024223261063811875,0.018950857977443336,-0.08726646259971647,0.10646508437165425,10.125160217285156,9.009122848510742
1790852796695138462,0x69,joint_3,-0.24083498369804568,0.32638338781533016,0.32638338781533016,0.32638338781533016,0.0,0.4188790204786391,20.076274871826172,18.960237503051758
1790852796705065629,0x68,joint_2,0.030679615757712823,-0.024223261063811875,-0.024223261063811875,0.018950857977443336,-0.08726646259971647,0.10471975511965978,30.00330924987793,28.887271881103516
1790852796715148751,0x69,joint_3,-0.24083498369804568,0.32638338781533016,0.32638338781533016,0.32638338781533016,0.0,0.41713369122664473,40.08650779724121,38.9704704284668
1790852796724881486,0x68,joint_2,0.030679615757712823,-0.024223261063811875,-0.024223261063811875,0.018950857977443336,-0.08726646259971647,0.10297442586766554,0.3228187561035156,48.70295524597168
1790852796734886648,0x69,joint_3,-0.24083498369804568,0.32638338781533016,0.32638338781533016,0.32638338781533016,0.0,0.4153883619746504,10.328292846679688,8.859872817993164
1790852796745177580,0x68,joint_2,0.030679615757712823,-0.024223261063811875,-0.024223261063811875,0.01460954755078766,-0.08726646259971647,0.10297442586766554,20.61915397644043,19.150733947753906
1790852796755058105,0x69,joint_3,-0.24083498369804568,0.32638338781533016,0.32638338781533016,0.32638338781533016,0.0,0.4153883619746504,30.499696731567383,29.03127670288086
1790852796765042753,0x68,joint_2,0.030679615757712823,-0.024223261063811875,-0.024223261063811875,0.01460954755078766,-0.08726646259971647,0.10122909661567106,40.48418998718262,39.015769958496094
1790852796775162941,0x69,joint_3,-0.24083498369804568,0.32638338781533016,0.32638338781533016,0.32638338781533016,0.0,0.4136430327226562,0.5259513854980469,49.13592338562012
1790852796784876901,0x68,joint_2,0.030679615757712823,-0.024223261063811875,-0.024223261063811875,0.010221820005434583,-0.08726646259971647,0.09948376736367684,10.239839553833008,8.135080337524414
1790852796795198426,0x69,joint_3,-0.24083498369804568,0.32638338781533016,0.32638338781533016,0.32638338781533016,0.0,0.4118977034706618,20.561695098876953,18.45693588256836
1790852796804813710,0x68,joint_2,0.030679615757712823,-0.024223261063811875,-0.024223261063811875,0.010221820005434583,-0.08726646259971647,0.0977384381116826,30.176877975463867,28.072118759155273
1790852796814552650,0x69,joint_3,-0.24083498369804568,0.32638338781533016,0.32638338781533016,0.32638338781533016,0.0,0.41015237421866746,39.91580009460449,37.8110408782959
1790852796824434290,0x68,joint_2,0.030679615757712823,-0.024223261063811875,-0.024223261063811875,0.010221820005434583,-0.08726646259971647,0.09599310885968812,1.1792182922363281,47.69253730773926
1790852796834585245,0x69,joint_3,-0.24083498369804568,0.32638338781533016,0.32638338781533016,0.32638338781533016,0.0,0.40840704496667307,11.330366134643555,9.740591049194336
1790852796844455738,0x68,joint_2,0.030679615757712823,-0.024223261063811875,-0.024223261063811875,0.005972011431944404,-0.08726646259971647,0.0942477796076939,21.20065689086914,19.610881805419922
1790852796854557482,0x69,joint_3,-0.24083498369804568,0.32638338781533016,0.32638338781533016,0.32638338781533016,0.0,0.40666171571467874,31.302452087402344,29.712677001953125
1790852796864524954,0x68,joint_2,0.030679615757712823,-0.024223261063811875,-0.024223261063811875,0.005972011431944404,-0.08726646259971647,0.09250245035569941,41.27001762390137,39.68024253845215
1790852796874413985,0x69,joint_3,-0.24083498369804568,0.32638338781533016,0.32638338781533016,0.32638338781533016,0.0,0.4049163864626845,1.026153564453125,49.56936836242676
1790852796884684473,0x68,joint_2,0.02914563496982718,-0.022689280275926236,-0.022689280275926236,0.0016152808469454933,-0.08726646259971647,0.09075712110370518,11.296510696411133,9.850740432739258
1790852796894723078,0x69,joint_3,-0.24083498369804568,0.32638338781533016,0.32638338781533016,0.32638338781533016,0.0,0.40317105721069013,21.335124969482422,19.889354705810547
1790852796904777550,0x68,joint_2,0.02914563496982718,-0.022689280275926236,-0.022689280275926236,0.0016152808469454933,-0.08726646259971647,0.08901179185171096,31.389474868774414,29.94370460510254
1790852796915048180,0x69,joint_3,-0.24083498369804568,0.32638338781533016,0.32638338781533016,0.32638338781533016,0.0,0.4014257279586958,41.660308837890625,40.21453857421875
1790852796925057225,0x68,joint_2,0.02914563496982718,-0.022689280275926236,-0.022689280275926236,0.0016152808469454933,-0.08726646259971647,0.08726646259971647,51.66935920715332,50.223588943481445
1790852796935201899,0x69,joint_3,-0.24083498369804568,0.32638338781533016,0.32638338781533016,0.32638338781533016,0.0,0.4014257279586958,9.881019592285156,9.089231491088867
1790852796944858032,0x68,joint_2,0.02914563496982718,-0.022689280275926236,-0.022689280275926236,0.0016152808469454933,-0.08726646259971647,0.08726646259971647,19.53744888305664,18.74566078186035
1790852796954924521,0x69,joint_3,-0.24083498369804568,0.32638338781533016,0.32638338781533016,0.32638338781533016,0.0,0.39968039870670147,29.60371971130371,28.811931610107422
1790852796965074849,0x68,joint_2,0.02914563496982718,-0.022689280275926236,-0.022689280275926236,0.0016152808469454933,-0.08726646259971647,0.08552113334772225,39.75415229797363,38.962364196777344
1790852796975091154,0x69,joint_3,-0.24083498369804568,0.32638338781533016,0.32638338781533016,0.32638338781533016,0.0,0.3979350694547071,49.770355224609375,48.978567123413086
1790852796985126196,0x68,joint_2,0.02914563496982718,-0.022689280275926236,-0.022689280275926236,-0.007111365413026155,-0.08637676635951001,0.08377580409572777,9.695768356323242,8.567571640014648
1790852796995175972,0x69,joint_3,-0.24083498369804568,0.32638338781533016,0.32638338781533016,0.32638338781533016,0.0,0.39618974020271286,19.745588302612305,18.61739158630371
1790852797005083043,0x68,joint_2,0.02914563496982718,-0.022689280275926236,-0.022689280275926236,-0.007111365413026155,-0.08637676635951001,0.08203047484373353,29.652833938598633,28.52463722229004
1790852797014742685,0x69,joint_3,-0.24083498369804568,0.32638338781533016,0.32638338781533016,0.32638338781533016,0.0,0.3944444109507185,39.31236267089844,38.184165954589844
1790852797025429524,0x68,joint_2,0.02914563496982718,-0.022689280275926236,-0.022689280275926236,-0.007111365413026155,-0.08637676635951001,0.08028514559173931,1.5227794647216797,48.87104034423828
1790852797034900334,0x69,joint_3,-0.24083498369804568,0.32638338781533016,0.32638338781533016,0.32638338781533016,0.0,0.39269908169872414,10.993480682373047,8.537769317626953
1790852797044902969,0x68,joint_2,0.02914563496982718,-0.022689280275926236,-0.022689280275926236,-0.011472765190293444,-0.08726646259971647,0.07853981633974483,20.99609375,18.540382385253906
1790852797054865217,0x69,joint_3,-0.24083498369804568,0.32638338781533016,0.32638338781533016,0.32638338781533016,0.0,0.3909537524467298,30.95841407775879,28.502702713012695
1790852797064904819,0x68,joint_2,0.02914563496982718,-0.022689280275926236,-0.022689280275926236,-0.011472765190293444,-0.08726646259971647,0.0767944870877506,40.997982025146484,38.54227066040039
1790852797074882023,0x69,joint_3,-0.24083498369804568,0.32638338781533016,0.32638338781533016,0.32638338781533016,0.0,0.3892084231947354,0.4646778106689453,48.51961135864258
1790852797085051350,0x68,joint_2,0.02914563496982718,-0.022689280275926236,-0.022689280275926236,-0.011472765190293444,-0.08726646259971647,0.07504915783575612,10.63394546508789,9.444475173950195
1790852797095034837,0x69,joint_3,-0.24083498369804568,0.32638338781533016,0.32638338781533016,0.32638338781533016,0.0,0.3874630939427412,20.61748504638672,19.428014755249023
1790852797104868836,0x68,joint_2,0.02914563496982718,-0.022689280275926236,-0.022689280275926236,-0.011472765190293444,-0.08726646259971647,0.07330382858376189,30.451297760009766,29.26182746887207
1790852797115007174,0x69,joint_3,-0.24083498369804568,0.32638338781533016,0.32638338781533016,0.32638338781533016,0.0,0.3874630939427412,40.58980941772461,39.400339126586914
1790852797124856675,0x68,joint_2,0.02914563496982718,-0.022689280275926236,-0.022689280275926236,-0.011472765190293444,-0.08726646259971647,0.07330382858376189,0.3185272216796875,49.24964904785156
1790852797135009385,0x69,joint_3,-0.24083498369804568,0.32638338781533016,0.32638338781533016,0.32638338781533016,0.0,0.38571776469074687,10.471105575561523,9.137392044067383
1790852797144759517,0x68,joint_2,0.02914563496982718,-0.022689280275926236,-0.022689280275926236,-0.02015116487745882,-0.08726646259971647,0.07155849933176767,20.221471786499023,18.887758255004883
1790852797154869086,0x69,joint_3,-0.24083498369804568,0.32638338781533016,0.32638338781533016,0.32638338781533016,0.0,0.3839724354387525,30.330896377563477,28.997182846069336
1790852797164889389,0x68,joint_2,0.02914563496982718,-0.022689280275926236,-0.022689280275926236,-0.02015116487745882,-0.08726646259971647,0.06981317007977318,40.35139083862305,39.017677307128906
1790852797174854468,0x69,joint_3,-0.24083498369804568,0.32638338781533016,0.32638338781533016,0.32638338781533016,0.0,0.38222710618675815,0.29754638671875,48.98262023925781
1790852797184906420,0x68,joint_2,0.02914563496982718,-0.022689280275926236,-0.022689280275926236,-0.0234203734948234,-0.06548265957561256,0.06806784082777895,10.349750518798828,9.029388427734375
1790852797195025312,0x69,joint_3,-0.24083498369804568,0.32638338781533016,0.32638338781533016,0.32638338781533016,0.0,0.3804817769347638,20.468473434448242,19.14811134338379
1790852797204835737,0x68,joint_2,0.02914563496982718,-0.022689280275926236,-0.022689280275926236,-0.0234203734948234,-0.06548265957561256,0.06632251157578448,30.278921127319336,28.958559036254883
1790852797214766945,0x69,joint_3,-0.24083498369804568,0.32638338781533016,0.32638338781533016,0.32638338781533016,0.0,0.37873644768276954,40.21000862121582,38.88964653015137
1790852797224772070,0x68,joint_2,0.02914563496982718,-0.022689280275926236,-0.022689280275926236,-0.0234203734948234,-0.06548265957561256,0.06457718232379024,0.5662441253662109,48.89488220214844
1790852797234874910,0x69,joint_3,-0.24083498369804568,0.32638338781533016,0.32638338781533016,0.32638338781533016,0.0,0.3769911184307752,10.66899299621582,9.154796600341797
1790852797244899272,0x68,joint_2,0.02914563496982718,-0.022689280275926236,-0.022689280275926236,-0.025598005477006705,-0.04377869707480594,0.062831853071796,20.693540573120117,19.179344177246094
1790852797255006594,0x69,joint_3,-0.24083498369804568,0.32638338781533016,0.32638338781533016,0.32638338781533016,0.0,0.3752457891787809,30.800819396972656,29.286623001098633
1790852797265056950,0x68,joint_2,0.02914563496982718,-0.022689280275926236,-0.022689280275926236,-0.025598005477006705,-0.04377869707480594,0.061086523819801536,40.85111618041992,39.3369197845459
1790852797274861326,0x69,joint_3,-0.24083498369804568,0.32638338781533016,0.32638338781533016,0.32638338781533016,0.0,0.3735004599267865,0.3764629364013672,49.14116859436035
1790852797284870489,0x68,joint_2,0.02914563496982718,-0.022689280275926236,-0.022689280275926236,-0.026696119187405776,-0.021922275700459414,0.0593411945678073,10.385751724243164,9.003400802612305
1790852797294908968,0x69,joint_3,-0.24083498369804568,0.32638338781533016,0.32638338781533016,0.32638338781533016,0.0,0.3735004599267865,20.42412757873535,19.041776657104492
1790852797304908505,0x68,joint_2,0.02914563496982718,-0.022689280275926236,-0.022689280275926236,-0.026696119187405776,-0.021922275700459414,0.0593411945678073,30.423879623413086,29.041528701782227
1790852797315013124,0x69,joint_3,-0.24083498369804568,0.32638338781533016,0.32638338781533016,0.32638338781533016,0.0,0.37175513067479216,40.528297424316406,39.14594650268555
1790852797324878180,0x68,joint_2,0.02914563496982718,-0.022689280275926236,-0.022689280275926236,-0.026696119187405776,-0.021922275700459414,0.05759586531581282,0.4677772521972656,49.0109920501709
1790852797334881288,0x69,joint_3,-0.24083498369804568,0.32638338781533016,0.32638338781533016,0.32638338781533016,0.0,0.37000980142279793,10.470867156982422,9.003877639770508
1790852797345043107,0x68,joint_2,0.02914563496982718,-0.022689280275926236,-0.022689280275926236,-0.02670319448537505,-0.00014174036961088233,0.055850536063818595,20.63298225402832,19.165992736816406
1790852797354775469,0x69,joint_3,-0.24083498369804568,0.32638338781533016,0.32638338781533016,0.32638338781533016,0.0,0.36826447217080355,30.3652286529541,28.898239135742188
1790852797364606503,0x68,joint_2,0.02914563496982718,-0.022689280275926236,-0.022689280275926236,-0.02670319448537505,-0.00014174036961088233,0.05410520681182437,40.19618034362793,38.729190826416016
1790852797374461599,0x69,joint_3,-0.24083498369804568,0.32638338781533016,0.32638338781533016,0.32638338781533016,0.0,0.3665191429188092,0.9024143218994141,48.5844612121582
1790852797384676266,0x68,joint_2,0.02914563496982718,-0.022689280275926236,-0.022689280275926236,-0.02565502844852807,0.021314960026974698,0.05235987755982989,11.116981506347656,9.888172149658203
1790852797394585028,0x69,joint_3,-0.24083498369804568,0.32638338781533016,0.32638338781533016,0.32638338781533016,0.0,0.36477381366681483,21.025657653808594,19.79684829711914
1790852797404563370,0x68,joint_2,0.02914563496982718,-0.022689280275926236,-0.022689280275926236,-0.02565502844852807,0.021314960026974698,0.050614548307835655,31.00419044494629,29.775381088256836
1790852797414843298,0x69,joint_3,-0.24083498369804568,0.32638338781533016,0.32638338781533016,0.32638338781533016,0.0,0.3630284844148205,41.28408432006836,40.055274963378906
1790852797424753400,0x68,joint_2,0.02914563496982718,-0.022689280275926236,-0.022689280275926236,-0.02565502844852807,0.021314960026974698,0.04886921905584118,0.5896091461181641,49.96514320373535
1790852797434856854,0x69,joint_3,-0.24083498369804568,0.32638338781533016,0.32638338781533016,0.32638338781533016,0.0,0.3612831551628263,10.69331169128418,9.437084197998047
1790852797444819813,0x68,joint_2,0.02914563496982718,-0.022689280275926236,-0.022689280275926236,-0.02565502844852807,0.021314960026974698,0.04712388980384695,20.656108856201172,19.39988136291504
1790852797454877663,0x69,joint_3,-0.24083498369804568,0.32638338781533016,0.32638338781533016,0.32638338781533016,0.0,0.3612831551628263,30.714035034179688,29.457807540893555
1790852797464877105,0x68,joint_2,0.02914563496982718,-0.022689280275926236,-0.022689280275926236,-0.02565502844852807,0.021314960026974698,0.045378560551852715,40.71331024169922,39.457082748413086
1790852797474797079,0x69,joint_3,-0.24083498369804568,0.32638338781533016,0.32638338781533016,0.32638338781533016,0.0,0.3595378259108319,0.7352828979492188,49.3772029876709
1790852797484833790,0x68,joint_2,0.02914563496982718,-0.022689280275926236,-0.022689280275926236,-0.022689280275926236,0.029498877471538194,0.04363323129985824,10.771989822387695,9.125471115112305
1790852797494881402,0x69,joint_3,-0.24083498369804568,0.32638338781533016,0.32638338781533016,0.32638338781533016,0.0,0.35779249665883756,20.819425582885742,19.17290687561035
1790852797505038119,0x68,joint_2,0.02914563496982718,-0.022689280275926236,-0.022689280275926236,-0.022689280275926236,0.029498877471538194,0.04363323129985824,30.976295471191406,29.329776763916016
1790852797514880242,0x69,joint_3,-0.24083498369804568,0.32638338781533016,0.32638338781533016,0.32638338781533016,0.0,0.3560471674068432,40.81845283508301,39.17193412780762
1790852797524858455,0x68,joint_2,0.02914563496982718,-0.022689280275926236,-0.022689280275926236,-0.022689280275926236,0.029498877471538194,0.04188790204786401,0.7536411285400391,49.14999008178711
1790852797534964385,0x69,joint_3,-0.24083498369804568,0.32638338781533016,0.32638338781533016,0.32638338781533016,0.0,0.35430183815484884,10.85972785949707,9.196996688842773
1790852797544875275,0x68,joint_2,0.02914563496982718,-0.022689280275926236,-0.022689280275926236,-0.022305035080901398,0.007686341092638197,0.04014257279586953,20.770549774169922,19.107818603515625
1790852797554980684,0x69,joint_3,-0.24083498369804568,0.32638338781533016,0.32638338781533016,0.32638338781533016,0.0,0.35430183815484884,30.87592124938965,29.21319007873535
1790852797564742783,0x68,joint_2,0.02914563496982718,-0.022689280275926236,-0.022689280275926236,-0.022305035080901398,0.007686341092638197,0.0383972435438753,40.637969970703125,38.97523880004883
1790852797574714202,0x69,joint_3,-0.24083498369804568,0.32638338781533016,0.32638338781533016,0.32638338781533016,0.0,0.3525565089028546,0.7860660552978516,48.94661903381348
1790852797585020849,0x68,joint_2,0.02914563496982718,-0.022689280275926236,-0.022689280275926236,-0.022689280275926236,-0.007724433690052077,0.03665191429188107,11.092901229858398,9.41014289855957
1790852797594865739,0x69,joint_3,-0.24083498369804568,0.32638338781533016,0.32638338781533016,0.32638338781533016,0.0,0.3508111796508603,20.937681198120117,19.25492286682129
1790852797604841837,0x68,joint_2,0.02914563496982718,-0.022689280275926236,-0.022689280275926236,-0.022689280275926236,-0.007724433690052077,0.03490658503988659,30.913829803466797,29.23107147216797
1790852797614974867,0x69,joint_3,-0.24083498369804568,0.32638338781533016,0.32638338781533016,0.32638338781533016,0.0,0.3508111796508603,41.046857833862305,39.36409950256348
1790852797624781108,0x68,joint_2,0.02914563496982718,-0.022689280275926236,-0.022689280275926236,-0.022689280275926236,-0.007724433690052077,0.03316125578789236,0.5655288696289062,49.17025566101074
1790852797634981204,0x69,joint_3,-0.24083498369804568,0.32638338781533016,0.32638338781533016,0.32638338781533016,0.0,0.3490658503988659,10.765552520751953,9.295225143432617
1790852797645017936,0x68,joint_2,0.02914563496982718,-0.022689280275926236,-0.022689280275926236,-0.022689280275926236,0.0,0.031415926535897885,20.80225944519043,19.331932067871094
1790852797654975602,0x69,joint_3,-0.24083498369804568,0.32638338781533016,0.32638338781533016,0.32638338781533016,0.0,0.34732052114687156,30.76004981994629,29.289722442626953
1790852797665019105,0x68,joint_2,0.02914563496982718,-0.022689280275926236,-0.022689280275926236,-0.022689280275926236,0.0,0.02967059728390365,40.80367088317871,39.333343505859375
1790852797674771923,0x69,joint_3,-0.24083498369804568,0.32638338781533016,0.32638338781533016,0.32638338781533016,0.0,0.34732052114687156,0.5745887756347656,49.08609390258789
1790852797684835646,0x68,joint_2,0.02914563496982718,-0.022689280275926236,-0.022689280275926236,-0.022689280275926236,0.0,0.02967059728390365,10.638236999511719,9.170293807983398
1790852797694828672,0x69,joint_3,-0.24083498369804568,0.32638338781533016,0.32638338781533016,0.32638338781533016,0.0,0.3455751918948772,20.63131332397461,19.16337013244629
1790852797705031297,0x68,joint_2,0.02914563496982718,-0.022689280275926236,-0.022689280275926236,-0.022689280275926236,0.0,0.027925268031909423,30.834197998046875,29.366254806518555
1790852797714855564,0x69,joint_3,-0.24083498369804568,0.32638338781533016,0.32638338781533016,0.32638338781533016,0.0,0.34382986264288296,40.65847396850586,39.19053077697754
1790852797724787964,0x68,joint_2,0.02914563496982718,-0.022689280275926236,-0.022689280275926236,-0.022689280275926236,0.0,0.026179938779914945,0.6248950958251953,49.12281036376953
1790852797734872939,0x69,joint_3,-0.24083498369804568,0.32638338781533016,0.32638338781533016,0.32638338781533016,0.0,0.34382986264288296,10.709762573242188,9.198904037475586
1790852797746073665,0x68,joint_2,0.02914563496982718,-0.022689280275926236,-0.022689280275926236,-0.022689280275926236,0.0,0.024434609527920714,21.910429000854492,20.39957046508789
1790852797754868894,0x69,joint_3,-0.24083498369804568,0.32638338781533016,0.32638338781533016,0.32638338781533016,0.0,0.3420845333908886,30.705928802490234,29.195070266723633
1790852797764842070,0x68,joint_2,0.02914563496982718,-0.022689280275926236,-0.022689280275926236,-0.022689280275926236,0.0,0.022689280275926236,40.67873954772949,39.16788101196289
1790852797774795830,0x69,joint_3,-0.24083498369804568,0.32638338781533016,0.32638338781533016,0.32638338781533016,0.0,0.3420845333908886,0.6299018859863281,49.12161827087402
1790852797786706133,0x68,joint_2,0.02914563496982718,-0.022689280275926236,-0.022689280275926236,-0.022689280275926236,0.0,0.020943951023932005,12.540340423583984,11.006355285644531
1790852797795912780,0x69,joint_3,-0.24083498369804568,0.32638338781533016,0.32638338781533016,0.32638338781533016,0.0,0.34033920413889424,21.74687385559082,20.212888717651367
1790852797804833607,0x68,joint_2,0.02914563496982718,-0.022689280275926236,-0.022689280275926236,-0.022689280275926236,0.0,0.019198621771937773,30.667781829833984,29.13379669189453
1790852797814877190,0x69,joint_3,-0.24083498369804568,0.32638338781533016,0.32638338781533016,0.32638338781533016,0.0,0.34033920413889424,40.711402893066406,39.17741775512695
1790852797824789219,0x68,joint_2,0.02914563496982718,-0.022689280275926236,-0.022689280275926236,-0.022689280275926236,0.0,0.017453292519943295,0.8311271667480469,49.08943176269531
1790852797834719501,0x69,joint_3,-0.24083498369804568,0.32638338781533016,0.32638338781533016,0.32638338781533016,0.0,0.3385938748868999,10.761499404907227,8.851766586303711
1790852797844826371,0x68,joint_2,0.02914563496982718,-0.022689280275926236,-0.022689280275926236,-0.022689280275926236,0.0,0.015707963267949064,20.868301391601562,18.958568572998047
1790852797854982444,0x69,joint_3,-0.24083498369804568,0.32638338781533016,0.32638338781533016,0.32638338781533016,0.0,0.3385938748868999,31.024456024169922,29.114723205566406
1790852797865021624,0x68,joint_2,0.02914563496982718,-0.022689280275926236,-0.022689280275926236,-0.022689280275926236,0.0,0.015707963267949064,41.063547134399414,39.1538143157959
1790852797874800543,0x69,joint_3,-0.24083498369804568,0.32638338781533016,0.32638338781533016,0.32638338781533016,0.0,0.33684854563490557,0.42176246643066406,48.932790756225586
1790852797884706789,0x68,joint_2,0.02914563496982718,-0.022689280275926236,-0.022689280275926236,-0.022689280275926236,0.0,0.013962634015954586,10.328054428100586,9.087800979614258
1790852797894679003,0x69,joint_3,-0.24083498369804568,0.32638338781533016,0.32638338781533016,0.32638338781533016,0.0,0.33684854563490557,20.30014991760254,19.05989646911621
1790852797904708353,0x68,joint_2,0.02914563496982718,-0.022689280275926236,-0.022689280275926236,-0.022689280275926236,0.0,0.012217304763960357,30.329465866088867,29.08921241760254
1790852797914880558,0x69,joint_3,-0.24083498369804568,0.32638338781533016,0.32638338781533016,0.32638338781533016,0.0,0.3351032163829113,40.50159454345703,39.2613410949707
1790852797924771687,0x68,joint_2,0.02914563496982718,-0.022689280275926236,-0.022689280275926236,-0.022689280275926236,0.0,0.010471975511966125,0.5662441253662109,49.15261268615723
1790852797934864384,0x69,joint_3,-0.24083498369804568,0.32638338781533016,0.32638338781533016,0.32638338781533016,0.0,0.3351032163829113,10.658979415893555,9.21177864074707
1790852797944713538,0x68,joint_2,0.02914563496982718,-0.022689280275926236,-0.022689280275926236,-0.022689280275926236,0.0,0.008726646259971648,20.5080509185791,19.060850143432617
1790852797954712824,0x69,joint_3,-0.24083498369804568,0.32638338781533016,0.32638338781533016,0.32638338781533016,0.0,0.3351032163829113,30.507326126098633,29.06012535095215
1790852797964675222,0x68,joint_2,0.02914563496982718,-0.022689280275926236,-0.022689280275926236,-0.022689280275926236,0.0,0.006981317007977417,40.46988487243652,39.02268409729004
1790852797974888105,0x69,joint_3,-0.24083498369804568,0.32638338781533016,0.32638338781533016,0.32638338781533016,0.0,0.33335788713091696,0.77056884765625,49.23558235168457
1790852797985028704,0x68,joint_2,0.02914563496982718,-0.022689280275926236,-0.022689280275926236,-0.022689280275926236,0.0,0.006981317007977417,10.910987854003906,9.243488311767578
1790852797994687483,0x69,joint_3,-0.24083498369804568,0.32638338781533016,0.32638338781533016,0.32638338781533016,0.0,0.33335788713091696,20.569801330566406,18.902301788330078
1790852798004875964,0x68,joint_2,0.02914563496982718,-0.022689280275926236,-0.022689280275926236,-0.022689280275926236,0.0,0.005235987755982939,30.758380889892578,29.09088134765625
1790852798014866493,0x69,joint_3,-0.24083498369804568,0.32638338781533016,0.32638338781533016,0.32638338781533016,0.0,0.33161255787892263,40.74883460998535,39.08133506774902
1790852798024856008,0x68,joint_2,0.02914563496982718,-0.022689280275926236,-0.022689280275926236,-0.022689280275926236,0.0,0.0034906585039887086,0.7421970367431641,49.07083511352539
1790852798034733562,0x69,joint_3,-0.24083498369804568,0.32638338781533016,0.32638338781533016,0.32638338781533016,0.0,0.33161255787892263,10.619878768920898,8.777618408203125
1790852798044860602,0x68,joint_2,0.02914563496982718,-0.022689280275926236,-0.022689280275926236,-0.022689280275926236,0.0,0.0017453292519944783,20.746946334838867,18.904685974121094
1790852798054980644,0x69,joint_3,-0.24083498369804568,0.32638338781533016,0.32638338781533016,0.32638338781533016,0.0,0.33161255787892263,30.86686134338379,29.024600982666016
1790852798064855557,0x68,joint_2,0.02914563496982718,-0.022689280275926236,-0.022689280275926236,-0.022689280275926236,0.0,0.0017453292519944783,40.741682052612305,38.89942169189453
1790852798074813905,0x69,joint_3,-0.24083498369804568,0.32638338781533016,0.32638338781533016,0.32638338781533016,0.0,0.33161255787892263,0.7560253143310547,48.857927322387695
1790852798085019041,0x68,joint_2,0.02914563496982718,-0.022689280275926236,-0.022689280275926236,-0.022689280275926236,0.0,0.0,10.961294174194336,9.389638900756836
1790852798094871913,0x69,joint_3,-0.24083498369804568,0.32638338781533016,0.32638338781533016,0.32638338781533016,0.0,0.32986722862692824,20.813941955566406,19.242286682128906
1790852798104882699,0x68,joint_2,0.02914563496982718,-0.022689280275926236,-0.022689280275926236,-0.022689280275926236,0.0,-0.0017453292519942303,30.824661254882812,29.253005981445312
1790852798114820819,0x69,joint_3,-0.24083498369804568,0.32638338781533016,0.32638338781533016,0.32638338781533016,0.0,0.32986722862692824,40.762901306152344,39.191246032714844
1790852798124806987,0x68,joint_2,0.02914563496982718,-0.022689280275926236,-0.022689280275926236,-0.022689280275926236,0.0,-0.0017453292519942303,0.5824565887451172,49.17740821838379
1790852798134873969,0x69,joint_3,-0.24083498369804568,0.32638338781533016,0.32638338781533016,0.32638338781533016,0.0,0.32986722862692824,10.64920425415039,9.247779846191406
1790852798145018876,0x68,joint_2,0.02914563496982718,-0.022689280275926236,-0.022689280275926236,-0.022689280275926236,0.0,-0.0034906585039887086,20.794391632080078,19.392967224121094
1790852798154975359,0x69,joint_3,-0.24083498369804568,0.32638338781533016,0.32638338781533016,0.32638338781533016,0.0,0.32986722862692824,30.750751495361328,29.349327087402344
1790852798164840588,0x68,joint_2,0.02914563496982718,-0.022689280275926236,-0.022689280275926236,-0.022689280275926236,0.0,-0.0034906585039887086,40.61603546142578,39.2146110534668
1790852798174634900,0x69,joint_3,-0.24083498369804568,0.32638338781533016,0.32638338781533016,0.32638338781533016,0.0,0.32986722862692824,0.6630420684814453,49.009084701538086
1790852798184720341,0x68,joint_2,0.02914563496982718,-0.022689280275926236,-0.022689280275926236,-0.022689280275926236,0.0,-0.005235987755982939,10.74838638305664,9.309053421020508
1790852798194708790,0x69,joint_3,-0.24083498369804568,0.32638338781533016,0.32638338781533016,0.32638338781533016,0.0,0.3281218993749339,20.7366943359375,19.297361373901367
1790852798204716123,0x68,joint_2,0.02914563496982718,-0.022689280275926236,-0.022689280275926236,-0.022689280275926236,0.0,-0.006981317007977169,30.744075775146484,29.30474281311035
1790852798214759083,0x69,joint_3,-0.24083498369804568,0.32638338781533016,0.32638338781533016,0.32638338781533016,0.0,0.3281218993749339,40.7872200012207,39.34788703918457
1790852798224806278,0x68,joint_2,0.02914563496982718,-0.022689280275926236,-0.022689280275926236,-0.022689280275926236,0.0,-0.006981317007977169,0.6308555603027344,49.395084381103516
1790852798234821787,0x69,joint_3,-0.24083498369804568,0.32638338781533016,0.32638338781533016,0.32638338781533016,0.0,0.3281218993749339,10.646343231201172,9.060382843017578
1790852798244791353,0x68,joint_2,0.02914563496982718,-0.022689280275926236,-0.022689280275926236,-0.022689280275926236,0.0,-0.008726646259971648,20.615816116333008,19.029855728149414
1790852798254838091,0x69,joint_3,-0.24083498369804568,0.32638338781533016,0.32638338781533016,0.32638338781533016,0.0,0.3281218993749339,30.66253662109375,29.076576232910156
1790852798266784912,0x68,joint_2,0.02914563496982718,-0.022689280275926236,-0.022689280275926236,-0.022689280275926236,0.0,-0.008726646259971648,42.609453201293945,41.02349281311035
1790852798274830987,0x69,joint_3,-0.24083498369804568,0.32638338781533016,0.32638338781533016,0.32638338781533016,0.0,0.3281218993749339,0.7865428924560547,49.06964302062988
1790852798284825936,0x68,joint_2,0.02914563496982718,-0.022689280275926236,-0.022689280275926236,-0.022689280275926236,0.0,-0.010471975511965877,10.781288146972656,9.112834930419922
1790852798294811416,0x69,joint_3,-0.24083498369804568,0.32638338781533016,0.32638338781533016,0.32638338781533016,0.0,0.3281218993749339,20.766735076904297,19.098281860351562
1790852798304878465,0x68,joint_2,0.02914563496982718,-0.022689280275926236,-0.022689280275926236,-0.022689280275926236,0.0,-0.010471975511965877,30.833959579467773,29.16550636291504
1790852798314938781,0x69,joint_3,-0.24083498369804568,0.32638338781533016,0.32638338781533016,0.32638338781533016,0.0,0.3281218993749339,40.894269943237305,39.22581672668457
1790852798325024319,0x68,joint_2,0.02914563496982718,-0.022689280275926236,-0.022689280275926236,-0.022689280275926236,0.0,-0.012217304763960357,50.9796142578125,49.311161041259766
1790852798335131333,0x69,joint_3,-0.24083498369804568,0.32638338781533016,0.32638338781533016,0.32638338781533016,0.0,0.3281218993749339,9.85574722290039,8.680105209350586
1790852798345217021,0x68,joint_2,0.02914563496982718,-0.022689280275926236,-0.022689280275926236,-0.022689280275926236,0.0,-0.012217304763960357,19.94156837463379,18.765926361083984
1790852798355156853,0x69,joint_3,-0.24083498369804568,0.32638338781533016,0.32638338781533016,0.32638338781533016,0.0,0.3281218993749339,29.88123893737793,28.705596923828125
1790852798364931636,0x68,joint_2,0.02914563496982718,-0.022689280275926236,-0.022689280275926236,-0.022689280275926236,0.0,-0.013962634015954586,39.65592384338379,38.480281829833984
1790852798375096563,0x69,joint_3,-0.24083498369804568,0.32638338781533016,0.32638338781533016,0.32638338781533016,0.0,0.3263765701229397,0.4830360412597656,48.6454963684082
1790852798385131573,0x68,joint_2,0.02914563496982718,-0.022689280275926236,-0.022689280275926236,-0.022689280275926236,0.0,-0.013962634015954586,10.51783561706543,8.678436279296875
1790852798395181958,0x69,joint_3,-0.24083498369804568,0.32638338781533016,0.32638338781533016,0.32638338781533016,0.0,0.3263765701229397,20.568370819091797,18.728971481323242
1790852798405052904,0x68,joint_2,0.02914563496982718,-0.022689280275926236,-0.022689280275926236,-0.022689280275926236,0.0,-0.013962634015954586,30.439376831054688,28.599977493286133
1790852798414935483,0x69,joint_3,-0.24083498369804568,0.32638338781533016,0.32638338781533016,0.32638338781533016,0.0,0.3263765701229397,40.32182693481445,38.4824275970459
1790852798425072062,0x68,joint_2,0.02914563496982718,-0.022689280275926236,-0.022689280275926236,-0.022689280275926236,0.0,-0.015707963267948818,0.568389892578125,48.61903190612793
1790852798434923870,0x69,joint_3,-0.24083498369804568,0.32638338781533016,0.32638338781533016,0.32638338781533016,0.0,0.3263765701229397,10.420083999633789,8.493423461914062
1790852798444933564,0x68,joint_2,0.02914563496982718,-0.022689280275926236,-0.022689280275926236,-0.022689280275926236,0.0,-0.015707963267948818,20.42984962463379,18.503189086914062
1790852798454930306,0x69,joint_3,-0.24083498369804568,0.32638338781533016,0.32638338781533016,0.32638338781533016,0.0,0.3263765701229397,30.426740646362305,28.500080108642578
1790852798464899925,0x68,joint_2,0.02914563496982718,-0.022689280275926236,-0.022689280275926236,-0.022689280275926236,0.0,-0.015707963267948818,40.39621353149414,38.469552993774414
1790852798475010523,0x69,joint_3,-0.24083498369804568,0.32638338781533016,0.32638338781533016,0.32638338781533016,0.0,0.3281218993749339,0.41556358337402344,48.580169677734375
1790852798485343305,0x68,joint_2,0.02914563496982718,-0.022689280275926236,-0.022689280275926236,-0.022689280275926236,0.0,-0.017453292519943295,10.74838638305664,8.932828903198242
1790852798494775142,0x69,joint_3,-0.24083498369804568,0.32638338781533016,0.32638338781533016,0.32638338781533016,0.0,0.3263765701229397,20.17998695373535,18.364429473876953
1790852798504907287,0x68,joint_2,0.02914563496982718,-0.022689280275926236,-0.022689280275926236,-0.022689280275926236,0.0,-0.017453292519943295,30.312299728393555,28.496742248535156
1790852798514760107,0x69,joint_3,-0.24083498369804568,0.32638338781533016,0.32638338781533016,0.32638338781533016,0.0,0.3281218993749339,40.16518592834473,38.34962844848633
1790852798524836100,0x68,joint_2,0.02914563496982718,-0.022689280275926236,-0.022689280275926236,-0.022689280275926236,0.0,-0.017453292519943295,0.7483959197998047,48.42567443847656
1790852798534780963,0x69,joint_3,-0.24083498369804568,0.32638338781533016,0.32638338781533016,0.32638338781533016,0.0,0.3281218993749339,10.693073272705078,8.980035781860352
1790852798545044112,0x68,joint_2,0.02914563496982718,-0.022689280275926236,-0.022689280275926236,-0.022689280275926236,0.0,-0.019198621771937527,20.95651626586914,19.243478775024414
1790852798554915510,0x69,joint_3,-0.24083498369804568,0.32638338781533016,0.32638338781533016,0.32638338781533016,0.0,0.3263765701229397,30.827760696411133,29.114723205566406
1790852798564779142,0x68,joint_2,0.02914563496982718,-0.022689280275926236,-0.022689280275926236,-0.022689280275926236,0.0,-0.019198621771937527,40.691375732421875,38.97833824157715
1790852798574865746,0x69,joint_3,-0.24083498369804568,0.32638338781533016,0.32638338781533016,0.32638338781533016,0.0,0.3263765701229397,0.6494522094726562,49.06487464904785
1790852798586928452,0x68,joint_2,0.02914563496982718,-0.022689280275926236,-0.022689280275926236,-0.022689280275926236,0.0,-0.019198621771937527,12.712240219116211,11.100292205810547
1790852798594870299,0x69,joint_3,-0.24083498369804568,0.32638338781533016,0.32638338781533016,0.32638338781533016,0.0,0.3263765701229397,20.653963088989258,19.042015075683594
1790852798607009541,0x68,joint_2,0.02914563496982718,-0.022689280275926236,-0.022689280275926236,-0.022689280275926236,0.0,-0.019198621771937527,32.793283462524414,31.18133544921875
1790852798614879150,0x69,joint_3,-0.24083498369804568,0.32638338781533016,0.32638338781533016,0.32638338781533016,0.0,0.3263765701229397,40.66300392150879,39.051055908203125
1790852798626947761,0x68,joint_2,0.02914563496982718,-0.022689280275926236,-0.022689280275926236,-0.022689280275926236,0.0,-0.020943951023932005,2.679109573364258,51.11956596374512
1790852798634637402,0x69,joint_3,-0.24083498369804568,0.32638338781533016,0.32638338781533016,0.32638338781533016,0.0,0.3263765701229397,10.368585586547852,5.805492401123047
1790852798644735815,0x68,joint_2,0.02914563496982718,-0.022689280275926236,-0.022689280275926236,-0.022689280275926236,0.0,-0.020943951023932005,20.467042922973633,15.903949737548828
1790852798654885496,0x69,joint_3,-0.24083498369804568,0.32638338781533016,0.32638338781533016,0.32638338781533016,0.0,0.3263765701229397,30.61676025390625,26.053667068481445
1790852798664753459,0x68,joint_2,0.02914563496982718,-0.022689280275926236,-0.022689280275926236,-0.022689280275926236,0.0,-0.020943951023932005,40.48466682434082,35.921573638916016
1790852798674871931,0x69,joint_3,-0.24083498369804568,0.32638338781533016,0.32638338781533016,0.32638338781533016,0.0,0.3263765701229397,0.6020069122314453,46.04005813598633
1790852798684740436,0x68,joint_2,0.02914563496982718,-0.022689280275926236,-0.022689280275926236,-0.022689280275926236,0.0,-0.020943951023932005,10.47062873840332,8.89897346496582
1790852798694758581,0x69,joint_3,-0.24083498369804568,0.32638338781533016,0.32638338781533016,0.32638338781533016,0.0,0.3263765701229397,20.488739013671875,18.917083740234375
1790852798704767834,0x68,joint_2,0.02914563496982718,-0.022689280275926236,-0.022689280275926236,-0.022689280275926236,0.0,-0.020943951023932005,30.498027801513672,28.926372528076172
1790852798714750853,0x69,joint_3,-0.24083498369804568,0.32638338781533016,0.32638338781533016,0.32638338781533016,0.0,0.3263765701229397,40.4810905456543,38.9094352722168
1790852798724874368,0x68,joint_2,0.02914563496982718,-0.022689280275926236,-0.022689280275926236,-0.022689280275926236,0.0,-0.020943951023932005,0.7176399230957031,49.03268814086914
1790852798734761625,0x69,joint_3,-0.24083498369804568,0.32638338781533016,0.32638338781533016,0.32638338781533016,0.0,0.3263765701229397,10.605335235595703,8.872747421264648
1790852798744801055,0x68,joint_2,0.02914563496982718,-0.022689280275926236,-0.022689280275926236,-0.022689280275926236,0.0,-0.020943951023932005,20.644426345825195,18.91183853149414
1790852798754840696,0x69,joint_3,-0.24083498369804568,0.32638338781533016,0.32638338781533016,0.32638338781533016,0.0,0.3263765701229397,30.68399429321289,28.951406478881836
1790852798764879782,0x68,joint_2,0.02914563496982718,-0.022689280275926236,-0.022689280275926236,-0.022689280275926236,0.0,-0.020943951023932005,40.723323822021484,38.99073600769043
1790852798774883572,0x69,joint_3,-0.24083498369804568,0.32638338781533016,0.32638338781533016,0.32638338781533016,0.0,0.3263765701229397,0.46706199645996094,48.99454116821289
1790852798784737896,0x68,joint_2,0.02914563496982718,-0.022689280275926236,-0.022689280275926236,-0.022689280275926236,0.0,-0.020943951023932005,10.32114028930664,8.747100830078125
1790852798795025247,0x69,joint_3,-0.24083498369804568,0.32638338781533016,0.32638338781533016,0.32638338781533016,0.0,0.3281218993749339,20.60866355895996,19.034624099731445
1790852798804921038,0x68,joint_2,0.02914563496982718,-0.022689280275926236,-0.022689280275926236,-0.022689280275926236,0.0,-0.020943951023932005,30.504465103149414,28.9304256439209
1790852798815010634,0x69,joint_3,-0.24083498369804568,0.32638338781533016,0.32638338781533016,0.32638338781533016,0.0,0.3263765701229397,40.59410095214844,39.02006149291992
1790852798824864258,0x68,joint_2,0.02914563496982718,-0.022689280275926236,-0.022689280275926236,-0.022689280275926236,0.0,-0.020943951023932005,0.3948211669921875,48.8736629486084
1790852798834822021,0x69,joint_3,-0.24083498369804568,0.32638338781533016,0.32638338781533016,0.32638338781533016,0.0,0.3263765701229397,10.352611541748047,8.956670761108398
1790852798844732166,0x68,joint_2,0.02914563496982718,-0.022689280275926236,-0.022689280275926236,-0.022689280275926236,0.0,-0.020943951023932005,20.262718200683594,18.866777420043945
1790852798854942077,0x69,joint_3,-0.24083498369804568,0.32638338781533016,0.32638338781533016,0.32638338781533016,0.0,0.3263765701229397,30.472517013549805,29.076576232910156
1790852798864780572,0x68,joint_2,0.02914563496982718,-0.022689280275926236,-0.022689280275926236,-0.022689280275926236,0.0,-0.022689280275926236,40.31109809875488,38.915157318115234
1790852798874818728,0x69,joint_3,-0.24083498369804568,0.32638338781533016,0.32638338781533016,0.32638338781533016,0.0,0.3263765701229397,0.6117820739746094,48.95353317260742
1790852798886876082,0x68,joint_2,0.02914563496982718,-0.022689280275926236,-0.022689280275926236,-0.022689280275926236,0.0,-0.022689280275926236,12.669086456298828,11.083841323852539
1790852798894758201,0x69,joint_3,-0.24083498369804568,0.32638338781533016,0.32638338781533016,0.32638338781533016,0.0,0.3281218993749339,20.550966262817383,18.965721130371094
1790852798908099524,0x68,joint_2,0.02914563496982718,-0.022689280275926236,-0.022689280275926236,-0.022689280275926236,0.0,-0.022689280275926236,33.89239311218262,32.30714797973633
1790852798914791904,0x69,joint_3,-0.24083498369804568,0.32638338781533016,0.32638338781533016,0.32638338781533016,0.0,0.3263765701229397,40.58480262756348,38.99955749511719
1790852798924862668,0x68,joint_2,0.02914563496982718,-0.022689280275926236,-0.022689280275926236,-0.022689280275926236,0.0,-0.022689280275926236,0.7414817810058594,49.07035827636719
1790852798934742764,0x69,joint_3,-0.24083498369804568,0.32638338781533016,0.32638338781533016,0.32638338781533016,0.0,0.3263765701229397,10.62154769897461,8.767843246459961
1790852798945048978,0x68,joint_2,0.02914563496982718,-0.022689280275926236,-0.022689280275926236,-0.022689280275926236,0.0,-0.022689280275926236,20.927906036376953,19.074201583862305
1790852798954900008,0x69,joint_3,-0.24083498369804568,0.32638338781533016,0.32638338781533016,0.32638338781533016,0.0,0.3281218993749339,30.77864646911621,28.924942016601562
1790852798965198145,0x68,joint_2,0.02914563496982718,-0.022689280275926236,-0.022689280275926236,-0.022689280275926236,0.0,-0.022689280275926236,41.0768985748291,39.22319412231445
1790852798974857315,0x69,joint_3,-0.24083498369804568,0.32638338781533016,0.32638338781533016,0.32638338781533016,0.0,0.3281218993749339,0.28705596923828125,48.882246017456055
1790852798985006256,0x68,joint_2,0.02914563496982718,-0.022689280275926236,-0.022689280275926236,-0.022689280275926236,0.0,-0.022689280275926236,10.436058044433594,9.006977081298828
1790852798994863577,0x69,joint_3,-0.24083498369804568,0.32638338781533016,0.32638338781533016,0.32638338781533016,0.0,0.3263765701229397,20.293474197387695,18.86439323425293
1790852799005211207,0x68,joint_2,0.02914563496982718,-0.022689280275926236,-0.022689280275926236,-0.022689280275926236,0.0,-0.020943951023932005,30.64107894897461,29.211997985839844
1790852799015145233,0x69,joint_3,-0.24083498369804568,0.32638338781533016,0.32638338781533016,0.32638338781533016,0.0,0.3263765701229397,40.57502746582031,39.14594650268555
1790852799029018272,0x68,joint_2,0.02761165418194154,-0.022689280275926236,-0.022689280275926236,-0.022689280275926236,0.0,-0.022689280275926236,4.017114639282227,53.019046783447266
1790852799036312950,0x69,joint_3,-0.24083498369804568,0.32638338781533016,0.32638338781533016,0.32638338781533016,0.0,0.3281218993749339,11.311769485473633,4.762411117553711
1790852799046650027,0x68,joint_2,0.02761165418194154,-0.022689280275926236,-0.022689280275926236,-0.022689280275926236,0.0,-0.022689280275926236,21.648883819580078,15.099525451660156
1790852799056488688,0x69,joint_3,-0.24083498369804568,0.32638338781533016,0.32638338781533016,0.32638338781533016,0.0,0.3263765701229397,31.487464904785156,24.938106536865234
1790852799066282398,0x68,joint_2,0.02761165418194154,-0.022689280275926236,-0.022689280275926236,-0.022689280275926236,0.0,-0.022689280275926236,41.28122329711914,34.73186492919922
1790852799076353542,0x69,joint_3,-0.24083498369804568,0.32638338781533016,0.32638338781533016,0.32638338781533016,0.0,0.3263765701229397,1.8966197967529297,44.80290412902832
1790852799086480261,0x68,joint_2,0.02761165418194154,-0.021155299488040593,-0.021155299488040593,-0.021768502896070206,0.020044074533619668,-0.022689280275926236,12.023448944091797,8.890151977539062
1790852799096293352,0x69,joint_3,-0.24083498369804568,0.32638338781533016,0.32638338781533016,0.32638338781533016,0.0,0.3263765701229397,21.836519241333008,18.703222274780273
1790852799106317682,0x68,joint_2,0.02761165418194154,-0.021155299488040593,-0.021155299488040593,-0.021768502896070206,0.020044074533619668,-0.020943951023932005,31.860828399658203,28.72753143310547
1790852799115041258,0x69,joint_3,-0.24083498369804568,0.32638338781533016,0.32638338781533016,0.32638338781533016,0.0,0.3281218993749339,40.584564208984375,37.45126724243164
1790852799127791926,0x68,joint_2,0.02761165418194154,-0.021155299488040593,-0.021155299488040593,-0.021768502896070206,0.020044074533619668,-0.020943951023932005,2.993345260620117,50.2016544342041
1790852799134846011,0x69,joint_3,-0.24083498369804568,0.32638338781533016,0.32638338781533016,0.32638338781533016,0.0,0.3263765701229397,10.047435760498047,4.572153091430664
1790852799145018095,0x68,joint_2,0.02761165418194154,-0.021155299488040593,-0.021155299488040593,-0.021155299488040593,0.01165153972661301,-0.020943951023932005,20.219802856445312,14.74452018737793
1790852799154868579,0x69,joint_3,-0.24083498369804568,0.32638338781533016,0.32638338781533016,0.32638338781533016,0.0,0.3281218993749339,30.070066452026367,24.594783782958984
1790852799165029421,0x68,joint_2,0.02761165418194154,-0.021155299488040593,-0.021155299488040593,-0.021155299488040593,0.01165153972661301,-0.020943951023932005,40.23098945617676,34.755706787109375
1790852799174777207,0x69,joint_3,-0.24083498369804568,0.32638338781533016,0.32638338781533016,0.32638338781533016,0.0,0.3263765701229397,0.3788471221923828,44.50345039367676
1790852799185021884,0x68,joint_2,0.02761165418194154,-0.021155299488040593,-0.021155299488040593,-0.021155299488040593,0.0,-0.020943951023932005,10.623693466186523,9.36269760131836
1790852799194773846,0x69,joint_3,-0.24083498369804568,0.32638338781533016,0.32638338781533016,0.32638338781533016,0.0,0.3263765701229397,20.375490188598633,19.11449432373047
1790852799205050259,0x68,joint_2,0.02761165418194154,-0.021155299488040593,-0.021155299488040593,-0.021155299488040593,0.0,-0.020943951023932005,30.65204620361328,29.391050338745117
1790852799214866898,0x69,joint_3,-0.24083498369804568,0.32638338781533016,0.32638338781533016,0.32638338781533016,0.0,0.3263765701229397,40.468692779541016,39.20769691467285
1790852799224823996,0x68,joint_2,0.02761165418194154,-0.021155299488040593,-0.021155299488040593,-0.021155299488040593,0.0,-0.020943951023932005,0.5421638488769531,49.164772033691406
1790852799234725897,0x69,joint_3,-0.24083498369804568,0.32638338781533016,0.32638338781533016,0.32638338781533016,0.0,0.3263765701229397,10.443925857543945,9.038448333740234
1790852799245006692,0x68,joint_2,0.02761165418194154,-0.021155299488040593,-0.021155299488040593,-0.021155299488040593,0.0,-0.020943951023932005,20.724773406982422,19.31929588317871
1790852799254826563,0x69,joint_3,-0.24083498369804568,0.32638338781533016,0.32638338781533016,0.32638338781533016,0.0,0.3281218993749339,30.544519424438477,29.139041900634766
1790852799265030432,0x68,joint_2,0.02761165418194154,-0.021155299488040593,-0.021155299488040593,-0.021155299488040593,0.0,-0.020943951023932005,40.74859619140625,39.34311866760254
1790852799274730814,0x69,joint_3,-0.24083498369804568,0.32638338781533016,0.32638338781533016,0.32638338781533016,0.0,0.3263765701229397,0.5371570587158203,49.04341697692871
1790852799285004162,0x68,joint_2,0.02761165418194154,-0.021155299488040593,-0.021155299488040593,-0.021155299488040593,0.0,-0.020943951023932005,10.810613632202148,9.429693222045898
1790852799294734664,0x69,joint_3,-0.24083498369804568,0.32638338781533016,0.32638338781533016,0.32638338781533016,0.0,0.3281218993749339,20.540952682495117,19.160032272338867
1790852799305021668,0x68,joint_2,0.02761165418194154,-0.021155299488040593,-0.021155299488040593,-0.021155299488040593,0.0,-0.020943951023932005,30.827999114990234,29.447078704833984
1790852799314870058,0x69,joint_3,-0.24083498369804568,0.32638338781533016,0.32638338781533016,0.32638338781533016,0.0,0.3281218993749339,40.67635536193848,39.29543495178223
1790852799324728063,0x68,joint_2,0.02761165418194154,-0.021155299488040593,-0.021155299488040593,-0.021155299488040593,0.0,-0.020943951023932005,0.6136894226074219,49.15356636047363
1790852799334973293,0x69,joint_3,-0.24083498369804568,0.32638338781533016,0.32638338781533016,0.32638338781533016,0.0,0.3281218993749339,10.858774185180664,9.402751922607422
1790852799345017506,0x68,joint_2,0.02761165418194154,-0.021155299488040593,-0.021155299488040593,-0.021155299488040593,0.0,-0.020943951023932005,20.90311050415039,19.44708824157715
1790852799354867951,0x69,joint_3,-0.24083498369804568,0.32638338781533016,0.32638338781533016,0.32638338781533016,0.0,0.3281218993749339,30.753612518310547,29.297590255737305
1790852799365027545,0x68,joint_2,0.02761165418194154,-0.021155299488040593,-0.021155299488040593,-0.021155299488040593,0.0,-0.020943951023932005,40.91310501098633,39.457082748413086
1790852799374815526,0x69,joint_3,-0.24083498369804568,0.32638338781533016,0.32638338781533016,0.32638338781533016,0.0,0.3281218993749339,0.39315223693847656,49.24511909484863
1790852799384869047,0x68,joint_2,0.02761165418194154,-0.021155299488040593,-0.021155299488040593,-0.021155299488040593,0.0,-0.020943951023932005,10.446786880493164,9.196281433105469
1790852799394832380,0x69,joint_3,-0.24083498369804568,0.32638338781533016,0.32638338781533016,0.32638338781533016,0.0,0.3263765701229397,20.41006088256836,19.159555435180664
1790852799404879775,0x68,joint_2,0.02761165418194154,-0.021155299488040593,-0.021155299488040593,-0.021155299488040593,0.0,-0.020943951023932005,30.457496643066406,29.20699119567871
1790852799414877705,0x69,joint_3,-0.24083498369804568,0.32638338781533016,0.32638338781533016,0.32638338781533016,0.0,0.3263765701229397,40.45534133911133,39.20483589172363
1790852799424795739,0x68,joint_2,0.02761165418194154,-0.021155299488040593,-0.021155299488040593,-0.021155299488040593,0.0,-0.020943951023932005,0.4088878631591797,49.12281036376953
1790852799434867151,0x69,joint_3,-0.24083498369804568,0.32638338781533016,0.32638338781533016,0.32638338781533016,0.0,0.3281218993749339,10.480403900146484,9.218931198120117
1790852799444871277,0x68,joint_2,0.02761165418194154,-0.021155299488040593,-0.021155299488040593,-0.021155299488040593,0.0,-0.020943951023932005,20.484209060668945,19.222736358642578
1790852799454859224,0x69,joint_3,-0.24083498369804568,0.32638338781533016,0.32638338781533016,0.32638338781533016,0.0,0.3281218993749339,30.472278594970703,29.210805892944336
1790852799464868287,0x68,joint_2,0.02761165418194154,-0.021155299488040593,-0.021155299488040593,-0.021155299488040593,0.0,-0.020943951023932005,40.4815673828125,39.22009468078613
1790852799474724221,0x69,joint_3,-0.24083498369804568,0.32638338781533016,0.32638338781533016,0.32638338781533016,0.0,0.3281218993749339,0.6885528564453125,49.07584190368652
1790852799484697484,0x68,joint_2,0.02761165418194154,-0.021155299488040593,-0.021155299488040593,-0.021155299488040593,0.0,-0.020943951023932005,10.662078857421875,9.145021438598633
1790852799494927481,0x69,joint_3,-0.24083498369804568,0.32638338781533016,0.32638338781533016,0.32638338781533016,0.0,0.3263765701229397,20.891666412353516,19.374608993530273
1790852799504855270,0x68,joint_2,0.02761165418194154,-0.021155299488040593,-0.021155299488040593,-0.021155299488040593,0.0,-0.020943951023932005,30.81965446472168,29.302597045898438
1790852799514878395,0x69,joint_3,-0.24083498369804568,0.32638338781533016,0.32638338781533016,0.32638338781533016,0.0,0.3263765701229397,40.84277153015137,39.325714111328125
1790852799525053487,0x68,joint_2,0.02761165418194154,-0.021155299488040593,-0.021155299488040593,-0.021155299488040593,0.0,-0.020943951023932005,0.27942657470703125,49.50070381164551
1790852799534841922,0x69,joint_3,-0.24083498369804568,0.32638338781533016,0.32638338781533016,0.32638338781533016,0.0,0.3281218993749339,10.067939758300781,8.708715438842773
1790852799544987832,0x68,joint_2,0.02761165418194154,-0.021155299488040593,-0.021155299488040593,-0.021155299488040593,0.0,-0.020943951023932005,20.213842391967773,18.854618072509766
1790852799554899112,0x69,joint_3,-0.24083498369804568,0.32638338781533016,0.32638338781533016,0.32638338781533016,0.0,0.3263765701229397,30.125141143798828,28.76591682434082
1790852799564869486,0x68,joint_2,0.02761165418194154,-0.021155299488040593,-0.021155299488040593,-0.021155299488040593,0.0,-0.020943951023932005,40.09532928466797,38.73610496520996
1790852799574969501,0x69,joint_3,-0.24083498369804568,0.32638338781533016,0.32638338781533016,0.32638338781533016,0.0,0.3263765701229397,0.2675056457519531,48.836469650268555
1790852799584852023,0x68,joint_2,0.02761165418194154,-0.021155299488040593,-0.021155299488040593,-0.021155299488040593,0.0,-0.020943951023932005,10.149717330932617,8.79049301147461
1790852799594790724,0x69,joint_3,-0.24083498369804568,0.32638338781533016,0.32638338781533016,0.32638338781533016,0.0,0.3263765701229397,20.08843421936035,18.729209899902344
1790852799604812147,0x68,joint_2,0.02761165418194154,-0.021155299488040593,-0.021155299488040593,-0.021155299488040593,0.0,-0.020943951023932005,30.109882354736328,28.75065803527832
1790852799614946585,0x69,joint_3,-0.24083498369804568,0.32638338781533016,0.32638338781533016,0.32638338781533016,0.0,0.3263765701229397,40.244340896606445,38.88511657714844
1790852799624760787,0x68,joint_2,0.02761165418194154,-0.021155299488040593,-0.021155299488040593,-0.021155299488040593,0.0,-0.020943951023932005,0.6735324859619141,48.699378967285156
1790852799634772973,0x69,joint_3,-0.24083498369804568,0.32638338781533016,0.32638338781533016,0.32638338781533016,0.0,0.3281218993749339,10.68568229675293,9.207010269165039
1790852799644940781,0x68,joint_2,0.02761165418194154,-0.021155299488040593,-0.021155299488040593,-0.021155299488040593,0.0,-0.020943951023932005,20.853519439697266,19.374847412109375
1790852799654817665,0x69,joint_3,-0.24083498369804568,0.32638338781533016,0.32638338781533016,0.32638338781533016,0.0,0.3263765701229397,30.730485916137695,29.251813888549805
1790852799664855930,0x68,joint_2,0.02761165418194154,-0.021155299488040593,-0.021155299488040593,-0.021155299488040593,0.0,-0.020943951023932005,40.76862335205078,39.28995132446289
1790852799674799958,0x69,joint_3,-0.24083498369804568,0.32638338781533016,0.32638338781533016,0.32638338781533016,0.0,0.3281218993749339,0.44655799865722656,49.23391342163086
1790852799684701809,0x68,joint_2,0.02761165418194154,-0.021155299488040593,-0.021155299488040593,-0.021155299488040593,0.0,-0.020943951023932005,10.34855842590332,8.914947509765625
1790852799694685724,0x69,joint_3,-0.24083498369804568,0.32638338781533016,0.32638338781533016,0.32638338781533016,0.0,0.3263765701229397,20.33233642578125,18.898725509643555
1790852799704761826,0x68,joint_2,0.02761165418194154,-0.021155299488040593,-0.021155299488040593,-0.021155299488040593,0.0,-0.020943951023932005,30.408620834350586,28.97500991821289
1790852799714595213,0x69,joint_3,-0.24083498369804568,0.32638338781533016,0.32638338781533016,0.32638338781533016,0.0,0.3281218993749339,40.24219512939453,38.808584213256836
1790852799724949034,0x68,joint_2,0.02761165418194154,-0.021155299488040593,-0.021155299488040593,-0.021155299488040593,0.0,-0.020943951023932005,1.149892807006836,49.16214942932129
1790852799734711640,0x69,joint_3,-0.24083498369804568,0.32638338781533016,0.32638338781533016,0.32638338781533016,0.0,0.3281218993749339,10.912418365478516,9.175300598144531
1790852799744689735,0x68,joint_2,0.02761165418194154,-0.021155299488040593,-0.021155299488040593,-0.021155299488040593,0.0,-0.020943951023932005,20.890474319458008,19.153356552124023
1790852799754663301,0x69,joint_3,-0.24083498369804568,0.32638338781533016,0.32638338781533016,0.32638338781533016,0.0,0.3281218993749339,30.864238739013672,29.127120971679688
1790852799764735424,0x68,joint_2,0.02761165418194154,-0.021155299488040593,-0.021155299488040593,-0.021155299488040593,0.0,-0.020943951023932005,40.93647003173828,39.1993522644043
1790852799774820200,0x69,joint_3,-0.24083498369804568,0.32638338781533016,0.32638338781533016,0.32638338781533016,0.0,0.3281218993749339,1.2083053588867188,49.283742904663086
1790852799784790383,0x68,joint_2,0.02761165418194154,-0.021155299488040593,-0.021155299488040593,-0.021155299488040593,0.0,-0.020943951023932005,11.17849349975586,9.303569793701172
1790852799794660217,0x69,joint_3,-0.24083498369804568,0.32638338781533016,0.32638338781533016,0.32638338781533016,0.0,0.3281218993749339,21.048307418823242,19.173383712768555
1790852799804814028,0x68,joint_2,0.02761165418194154,-0.021155299488040593,-0.021155299488040593,-0.021155299488040593,0.0,-0.020943951023932005,31.202316284179688,29.327392578125
1790852799814709215,0x69,joint_3,-0.24083498369804568,0.32638338781533016,0.32638338781533016,0.32638338781533016,0.0,0.3281218993749339,41.09764099121094,39.22271728515625
1790852799824613784,0x68,joint_2,0.02761165418194154,-0.021155299488040593,-0.021155299488040593,-0.021155299488040593,0.0,-0.020943951023932005,0.6055831909179688,49.12734031677246
1790852799834793357,0x69,joint_3,-0.24083498369804568,0.32638338781533016,0.32638338781533016,0.32638338781533016,0.0,0.3281218993749339,10.785102844238281,9.710073471069336
1790852799844705618,0x68,joint_2,0.02761165418194154,-0.021155299488040593,-0.021155299488040593,-0.021155299488040593,0.0,-0.020943951023932005,20.69711685180664,19.622087478637695
1790852799854811443,0x69,joint_3,-0.24083498369804568,0.32638338781533016,0.32638338781533016,0.32638338781533016,0.0,0.3281218993749339,30.80296516418457,29.727935791015625
1790852799864878329,0x68,joint_2,0.02761165418194154,-0.021155299488040593,-0.021155299488040593,-0.021155299488040593,0.0,-0.020943951023932005,40.869951248168945,39.794921875
1790852799874585008,0x69,joint_3,-0.24083498369804568,0.32638338781533016,0.32638338781533016,0.32638338781533016,0.0,0.3281218993749339,0.6158351898193359,49.501657485961914
1790852799884621719,0x68,joint_2,0.02761165418194154,-0.021155299488040593,-0.021155299488040593,-0.021155299488040593,0.0,-0.020943951023932005,10.652542114257812,9.381532669067383
1790852799894593787,0x69,joint_3,-0.24083498369804568,0.32638338781533016,0.32638338781533016,0.32638338781533016,0.0,0.3281218993749339,20.624637603759766,19.353628158569336
1790852799904800656,0x68,joint_2,0.02761165418194154,-0.021155299488040593,-0.021155299488040593,-0.021155299488040593,0.0,-0.020943951023932005,30.831575393676758,29.560565948486328
1790852799914810459,0x69,joint_3,-0.24083498369804568,0.32638338781533016,0.32638338781533016,0.32638338781533016,0.0,0.3263765701229397,40.841102600097656,39.57009315490723
1790852799924752204,0x68,joint_2,0.02761165418194154,-0.021155299488040593,-0.021155299488040593,-0.021155299488040593,0.0,-0.020943951023932005,0.44274330139160156,49.51190948486328
1790852799934923135,0x69,joint_3,-0.24083498369804568,0.32638338781533016,0.32638338781533016,0.32638338781533016,0.0,0.3281218993749339,10.613679885864258,9.338140487670898
1790852799944835683,0x68,joint_2,0.02761165418194154,-0.021155299488040593,-0.021155299488040593,-0.021155299488040593,0.0,-0.020943951023932005,20.52617073059082,19.25063133239746
1790852799954712850,0x69,joint_3,-0.24083498369804568,0.32638338781533016,0.32638338781533016,0.32638338781533016,0.0,0.3263765701229397,30.40337562561035,29.127836227416992
1790852799964721705,0x68,joint_2,0.02761165418194154,-0.021155299488040593,-0.021155299488040593,-0.021155299488040593,0.0,-0.020943951023932005,40.412187576293945,39.136648178100586
1790852799974748751,0x69,joint_3,-0.24083498369804568,0.32638338781533016,0.32638338781533016,0.32638338781533016,0.0,0.3281218993749339,0.46133995056152344,49.163818359375
1790852799984875533,0x68,joint_2,0.02761165418194154,-0.021155299488040593,-0.021155299488040593,-0.021155299488040593,0.0,-0.020943951023932005,10.58816909790039,9.291887283325195
1790852799994890383,0x69,joint_3,-0.24083498369804568,0.32638338781533016,0.32638338781533016,0.32638338781533016,0.0,0.3281218993749339,20.603179931640625,19.30689811706543
1790852800004709860,0x68,joint_2,0.02761165418194154,-0.021155299488040593,-0.021155299488040593,-0.021155299488040593,0.0,-0.020943951023932005,30.422449111938477,29.12616729736328
1790852800014775873,0x69,joint_3,-0.24083498369804568,0.32638338781533016,0.32638338781533016,0.32638338781533016,0.0,0.3281218993749339,40.488481521606445,39.19219970703125
1790852800024644557,0x68,joint_2,0.02761165418194154,-0.021155299488040593,-0.021155299488040593,-0.021155299488040593,0.0,-0.020943951023932005,0.6909370422363281,49.060821533203125
1790852800034596993,0x69,joint_3,-0.24083498369804568,0.32638338781533016,0.32638338781533016,0.32638338781533016,0.0,0.3281218993749339,10.643482208251953,9.133100509643555
1790852800044573875,0x68,joint_2,0.02761165418194154,-0.021155299488040593,-0.021155299488040593,-0.021155299488040593,0.0,-0.020943951023932005,20.620346069335938,19.10996437072754
1790852800054570976,0x69,joint_3,-0.24083498369804568,0.32638338781533016,0.32638338781533016,0.32638338781533016,0.0,0.3281218993749339,30.617475509643555,29.107093811035156
1790852800064667906,0x68,joint_2,0.02761165418194154,-0.021155299488040593,-0.021155299488040593,-0.021155299488040593,0.0,-0.020943951023932005,40.714263916015625,39.20388221740723
1790852800074562724,0x69,joint_3,-0.24083498369804568,0.32638338781533016,0.32638338781533016,0.32638338781533016,0.0,0.3263765701229397,1.056671142578125,49.098968505859375
1790852800084592467,0x68,joint_2,0.02761165418194154,-0.021155299488040593,-0.021155299488040593,-0.021155299488040593,0.0,-0.020943951023932005,11.086225509643555,9.647607803344727
1790852800094578068,0x69,joint_3,-0.24083498369804568,0.32638338781533016,0.32638338781533016,0.32638338781533016,0.0,0.3281218993749339,21.071910858154297,19.63329315185547
1790852800104719685,0x68,joint_2,0.02761165418194154,-0.021155299488040593,-0.021155299488040593,-0.021155299488040593,0.0,-0.020943951023932005,31.21328353881836,29.77466583251953
1790852800114766715,0x69,joint_3,-0.24083498369804568,0.32638338781533016,0.32638338781533016,0.32638338781533016,0.0,0.3263765701229397,41.2602424621582,39.821624755859375
1790852800124846640,0x68,joint_2,0.02761165418194154,-0.021155299488040593,-0.021155299488040593,-0.021155299488040593,0.0,-0.020943951023932005,0.6284713745117188,49.901723861694336
1790852800134984989,0x69,joint_3,-0.24083498369804568,0.32638338781533016,0.32638338781533016,0.32638338781533016,0.0,0.3263765701229397,10.766744613647461,9.368658065795898
1790852800144828162,0x68,joint_2,0.02761165418194154,-0.021155299488040593,-0.021155299488040593,-0.021155299488040593,0.0,-0.020943951023932005,20.61009407043457,19.212007522583008
1790852800154966642,0x69,joint_3,-0.24083498369804568,0.32638338781533016,0.32638338781533016,0.32638338781533016,0.0,0.3281218993749339,30.748367309570312,29.35028076171875
1790852800164952129,0x68,joint_2,0.02761165418194154,-0.021155299488040593,-0.021155299488040593,-0.021155299488040593,0.0,-0.020943951023932005,40.734052658081055,39.33596611022949
1790852800174890419,0x69,joint_3,-0.24083498369804568,0.32638338781533016,0.32638338781533016,0.32638338781533016,0.0,0.3263765701229397,0.29659271240234375,49.27420616149902
1790852800184914940,0x68,joint_2,0.02761165418194154,-0.021155299488040593,-0.021155299488040593,-0.021155299488040593,0.0,-0.020943951023932005,10.32114028930664,9.038448333740234
1790852800194937336,0x69,joint_3,-0.24083498369804568,0.32638338781533016,0.32638338781533016,0.32638338781533016,0.0,0.3263765701229397,20.343542098999023,19.060850143432617
1790852800204963218,0x68,joint_2,0.02761165418194154,-0.021155299488040593,-0.021155299488040593,-0.021155299488040593,0.0,-0.020943951023932005,30.36952018737793,29.086828231811523
1790852800214782654,0x69,joint_3,-0.24083498369804568,0.32638338781533016,0.32638338781533016,0.32638338781533016,0.0,0.3263765701229397,40.18878936767578,38.906097412109375
1790852800224935775,0x68,joint_2,0.02761165418194154,-0.021155299488040593,-0.021155299488040593,-0.021155299488040593,0.0,-0.020943951023932005,0.31948089599609375,49.059152603149414
1790852800234942557,0x69,joint_3,-0.24083498369804568,0.32638338781533016,0.32638338781533016,0.32638338781533016,0.0,0.3281218993749339,10.326385498046875,9.017705917358398
1790852800244838833,0x68,joint_2,0.02761165418194154,-0.021155299488040593,-0.021155299488040593,-0.021155299488040593,0.0,-0.020943951023932005,20.22266387939453,18.913984298706055
1790852800254952509,0x69,joint_3,-0.24083498369804568,0.32638338781533016,0.32638338781533016,0.32638338781533016,0.0,0.3281218993749339,30.336380004882812,29.027700424194336
1790852800264941313,0x68,joint_2,0.02761165418194154,-0.021155299488040593,-0.021155299488040593,-0.021155299488040593,0.0,-0.020943951023932005,40.325164794921875,39.0164852142334
1790852800274911061,0x69,joint_3,-0.24083498369804568,0.32638338781533016,0.32638338781533016,0.32638338781533016,0.0,0.3263765701229397,0.278472900390625,48.986196517944336
1790852800284865676,0x68,joint_2,0.02761165418194154,-0.021155299488040593,-0.021155299488040593,-0.021155299488040593,0.0,-0.020943951023932005,10.233163833618164,8.961677551269531
1790852800294888620,0x69,joint_3,-0.24083498369804568,0.32638338781533016,0.32638338781533016,0.32638338781533016,0.0,0.3281218993749339,20.25604248046875,18.984556198120117
1790852800304833766,0x68,joint_2,0.02761165418194154,-0.021155299488040593,-0.021155299488040593,-0.021155299488040593,0.0,-0.020943951023932005,30.201196670532227,28.929710388183594
1790852800314576661,0x69,joint_3,-0.24083498369804568,0.32638338781533016,0.32638338781533016,0.32638338781533016,0.0,0.3281218993749339,39.94417190551758,38.672685623168945
1790852800324459404,0x68,joint_2,0.02761165418194154,-0.021155299488040593,-0.021155299488040593,-0.021155299488040593,0.0,-0.020943951023932005,0.9129047393798828,48.55537414550781
1790852800334690524,0x69,joint_3,-0.24083498369804568,0.32638338781533016,0.32638338781533016,0.32638338781533016,0.0,0.3281218993749339,11.143922805786133,9.818553924560547
1790852800344587139,0x68,joint_2,0.02761165418194154,-0.021155299488040593,-0.021155299488040593,-0.021155299488040593,0.0,-0.020943951023932005,21.040678024291992,19.715309143066406
1790852800354621597,0x69,joint_3,-0.24083498369804568,0.32638338781533016,0.32638338781533016,0.32638338781533016,0.0,0.3281218993749339,31.075239181518555,29.74987030029297
1790852800364715651,0x68,joint_2,0.02761165418194154,-0.021155299488040593,-0.021155299488040593,-0.021155299488040593,0.0,-0.020943951023932005,41.169166564941406,39.84379768371582
1790852800374666546,0x69,joint_3,-0.24083498369804568,0.32638338781533016,0.32638338781533016,0.32638338781533016,0.0,0.3281218993749339,1.3074874877929688,49.794673919677734
1790852800384716771,0x68,joint_2,0.02761165418194154,-0.021155299488040593,-0.021155299488040593,-0.021155299488040593,0.0,-0.020943951023932005,11.357784271240234,9.332418441772461
1790852800394937161,0x69,joint_3,-0.24083498369804568,0.32638338781533016,0.32638338781533016,0.32638338781533016,0.0,0.3263765701229397,21.578073501586914,19.55270767211914
1790852800404948201,0x68,joint_2,0.02761165418194154,-0.021155299488040593,-0.021155299488040593,-0.021155299488040593,0.0,-0.020943951023932005,31.589031219482422,29.56366539001465
1790852800415130674,0x69,joint_3,-0.24083498369804568,0.32638338781533016,0.32638338781533016,0.32638338781533016,0.0,0.3263765701229397,41.771650314331055,39.74628448486328
1790852800424712437,0x68,joint_2,0.02761165418194154,-0.021155299488040593,-0.021155299488040593,-0.021155299488040593,0.0,-0.020943951023932005,0.32210350036621094,49.32808876037598
1790852800435073575,0x69,joint_3,-0.24083498369804568,0.32638338781533016,0.32638338781533016,0.32638338781533016,0.0,0.3281218993749339,10.683059692382812,9.910345077514648
1790852800445928204,0x68,joint_2,0.02761165418194154,-0.021155299488040593,-0.021155299488040593,-0.021155299488040593,0.0,-0.020943951023932005,21.53778076171875,20.765066146850586
1790852800455150178,0x69,joint_3,-0.24083498369804568,0.32638338781533016,0.32638338781533016,0.32638338781533016,0.0,0.3263765701229397,30.759572982788086,29.986858367919922
1790852800465129802,0x68,joint_2,0.02761165418194154,-0.021155299488040593,-0.021155299488040593,-0.021155299488040593,0.0,-0.020943951023932005,40.73929786682129,39.966583251953125
1790852800474849022,0x69,joint_3,-0.24083498369804568,0.32638338781533016,0.32638338781533016,0.32638338781533016,0.0,0.3281218993749339,50.458669662475586,49.68595504760742
1790852800487183090,0x68,joint_2,0.02761165418194154,-0.021155299488040593,-0.021155299488040593,-0.021155299488040593,0.0,-0.020943951023932005,10.714054107666016,9.883403778076172
1790852800495910497,0x69,joint_3,-0.24083498369804568,0.32638338781533016,0.32638338781533016,0.32638338781533016,0.0,0.3263765701229397,19.44112777709961,18.610477447509766
1790852800505216944,0x68,joint_2,0.02761165418194154,-0.021155299488040593,-0.021155299488040593,-0.021155299488040593,0.0,-0.020943951023932005,28.7477970123291,27.917146682739258
1790852800514845219,0x69,joint_3,-0.24083498369804568,0.32638338781533016,0.32638338781533016,0.32638338781533016,0.0,0.3281218993749339,38.3760929107666,37.54544258117676
1790852800524925185,0x68,joint_2,0.02761165418194154,-0.021155299488040593,-0.021155299488040593,-0.021155299488040593,0.0,-0.020943951023932005,1.138448715209961,47.62530326843262
1790852800534995500,0x69,joint_3,-0.24083498369804568,0.32638338781533016,0.32638338781533016,0.32638338781533016,0.0,0.3281218993749339,11.208772659301758,9.348154067993164
1790852800544837324,0x68,joint_2,0.02761165418194154,-0.021155299488040593,-0.021155299488040593,-0.021155299488040593,0.0,-0.020943951023932005,21.050691604614258,19.190073013305664
1790852800554796640,0x69,joint_3,-0.24083498369804568,0.32638338781533016,0.32638338781533016,0.32638338781533016,0.0,0.3263765701229397,31.009912490844727,29.149293899536133
1790852800564784317,0x68,joint_2,0.02761165418194154,-0.021155299488040593,-0.021155299488040593,-0.021155299488040593,0.0,-0.020943951023932005,40.99774360656738,39.13712501525879
1790852800575806119,0x69,joint_3,-0.24083498369804568,0.32638338781533016,0.32638338781533016,0.32638338781533016,0.0,0.3281218993749339,2.057790756225586,50.15897750854492
1790852800584597812,0x68,joint_2,0.02761165418194154,-0.021155299488040593,-0.021155299488040593,-0.021155299488040593,0.0,-0.020943951023932005,10.849237442016602,8.024215698242188
1790852800594667739,0x69,joint_3,-0.24083498369804568,0.32638338781533016,0.32638338781533016,0.32638338781533016,0.0,0.3281218993749339,20.919322967529297,18.094301223754883
1790852800604980393,0x68,joint_2,0.02761165418194154,-0.021155299488040593,-0.021155299488040593,-0.021155299488040593,0.0,-0.020943951023932005,31.232118606567383,28.40709686279297
1790852800614643418,0x69,joint_3,-0.24083498369804568,0.32638338781533016,0.32638338781533016,0.32638338781533016,0.0,0.3263765701229397,40.89498519897461,38.069963455200195
1790852800624783094,0x68,joint_2,0.02761165418194154,-0.021155299488040593,-0.021155299488040593,-0.021155299488040593,0.0,-0.020943951023932005,1.5614032745361328,48.20966720581055
1790852800634743582,0x69,joint_3,-0.24083498369804568,0.32638338781533016,0.32638338781533016,0.32638338781533016,0.0,0.3263765701229397,11.52181625366211,9.392261505126953
1790852800644606052,0x68,joint_2,0.02761165418194154,-0.021155299488040593,-0.021155299488040593,-0.021155299488040593,0.0,-0.020943951023932005,21.384239196777344,19.254684448242188
1790852800655010570,0x69,joint_3,-0.24083498369804568,0.32638338781533016,0.32638338781533016,0.32638338781533016,0.0,0.3281218993749339,31.78882598876953,29.659271240234375
1790852800664661713,0x68,joint_2,0.02761165418194154,-0.021155299488040593,-0.021155299488040593,-0.021155299488040593,0.0,-0.020943951023932005,41.44001007080078,39.310455322265625
1790852800674594205,0x69,joint_3,-0.24083498369804568,0.32638338781533016,0.32638338781533016,0.32638338781533016,0.0,0.3281218993749339,1.40380859375,49.24297332763672
1790852800685355796,0x68,joint_2,0.02761165418194154,-0.021155299488040593,-0.021155299488040593,-0.021155299488040593,0.0,-0.020943951023932005,12.165307998657227,10.364055633544922
1790852800695632709,0x69,joint_3,-0.24083498369804568,0.32638338781533016,0.32638338781533016,0.32638338781533016,0.0,0.3281218993749339,22.442102432250977,20.640850067138672
1790852800706418893,0x68,joint_2,0.02761165418194154,-0.021155299488040593,-0.021155299488040593,-0.021155299488040593,0.0,-0.020943951023932005,33.228397369384766,31.42714500427246
1790852800715521206,0x69,joint_3,-0.24083498369804568,0.32638338781533016,0.32638338781533016,0.32638338781533016,0.0,0.3281218993749339,42.33074188232422,40.529489517211914
1790852800725872207,0x68,joint_2,0.02761165418194154,-0.021155299488040593,-0.021155299488040593,-0.021155299488040593,0.0,-0.020943951023932005,2.1719932556152344,50.88043212890625
1790852800735351223,0x69,joint_3,-0.24083498369804568,0.32638338781533016,0.32638338781533016,0.32638338781533016,0.0,0.3281218993749339,11.651039123535156,8.649587631225586
1790852800745262660,0x68,joint_2,0.02761165418194154,-0.021155299488040593,-0.021155299488040593,-0.021155299488040593,0.0,-0.020943951023932005,21.56233787536621,18.56088638305664
1790852800755732940,0x69,joint_3,-0.24083498369804568,0.32638338781533016,0.32638338781533016,0.32638338781533016,0.0,0.3281218993749339,32.03272819519043,29.03127670288086
1790852800765006527,0x68,joint_2,0.02761165418194154,-0.021155299488040593,-0.021155299488040593,-0.021155299488040593,0.0,-0.020943951023932005,41.306495666503906,38.305044174194336
1790852800774520174,0x69,joint_3,-0.24083498369804568,0.32638338781533016,0.32638338781533016,0.32638338781533016,0.0,0.3281218993749339,1.0383129119873047,47.81842231750488
1790852800784638897,0x68,joint_2,0.02761165418194154,-0.021155299488040593,-0.021155299488040593,-0.021155299488040593,0.0,-0.020943951023932005,11.15727424621582,9.758949279785156
1790852800794588411,0x69,joint_3,-0.24083498369804568,0.32638338781533016,0.32638338781533016,0.32638338781533016,0.0,0.3281218993749339,21.106719970703125,19.70839500427246
1790852800804722352,0x68,joint_2,0.02761165418194154,-0.021155299488040593,-0.021155299488040593,-0.021155299488040593,0.0,-0.020943951023932005,31.24070167541504,29.842376708984375
1790852800814642412,0x69,joint_3,-0.24083498369804568,0.32638338781533016,0.32638338781533016,0.32638338781533016,0.0,0.3263765701229397,41.16058349609375,39.762258529663086
1790852800824557487,0x68,joint_2,0.02761165418194154,-0.021155299488040593,-0.021155299488040593,-0.021155299488040593,0.0,-0.020943951023932005,1.0466575622558594,49.67761039733887
1790852800834561575,0x69,joint_3,-0.24083498369804568,0.32638338781533016,0.32638338781533016,0.32638338781533016,0.0,0.3281218993749339,11.05046272277832,9.608983993530273
1790852800844512305,0x68,joint_2,0.02761165418194154,-0.021155299488040593,-0.021155299488040593,-0.021155299488040593,0.0,-0.020943951023932005,21.001338958740234,19.559860229492188
1790852800854530786,0x69,joint_3,-0.24083498369804568,0.32638338781533016,0.32638338781533016,0.32638338781533016,0.0,0.3263765701229397,31.01968765258789,29.578208923339844
1790852800864502508,0x68,joint_2,0.02761165418194154,-0.021155299488040593,-0.021155299488040593,-0.021155299488040593,0.0,-0.020943951023932005,40.99154472351074,39.550065994262695
1790852800874797511,0x69,joint_3,-0.24083498369804568,0.32638338781533016,0.32638338781533016,0.32638338781533016,0.0,0.3281218993749339,1.0516643524169922,49.844980239868164
1790852800884710002,0x68,joint_2,0.02761165418194154,-0.021155299488040593,-0.021155299488040593,-0.021155299488040593,0.0,-0.020943951023932005,10.964155197143555,9.398460388183594
1790852800894529017,0x69,joint_3,-0.24083498369804568,0.32638338781533016,0.32638338781533016,0.32638338781533016,0.0,0.3263765701229397,20.783185958862305,19.217491149902344
1790852800904625264,0x68,joint_2,0.02761165418194154,-0.021155299488040593,-0.021155299488040593,-0.021155299488040593,0.0,-0.020943951023932005,30.87925910949707,29.31356430053711
1790852800914835381,0x69,joint_3,-0.24083498369804568,0.32638338781533016,0.32638338781533016,0.32638338781533016,0.0,0.3281218993749339,41.089534759521484,39.52383995056152
1790852800924449577,0x68,joint_2,0.02761165418194154,-0.021155299488040593,-0.021155299488040593,-0.021155299488040593,0.0,-0.020943951023932005,1.1324882507324219,49.13806915283203
1790852800934716413,0x69,joint_3,-0.24083498369804568,0.32638338781533016,0.32638338781533016,0.32638338781533016,0.0,0.3281218993749339,11.399269104003906,9.931802749633789
1790852800944702563,0x68,joint_2,0.02761165418194154,-0.021155299488040593,-0.021155299488040593,-0.021155299488040593,0.0,-0.020943951023932005,21.38543128967285,19.917964935302734
1790852800954612315,0x69,joint_3,-0.24083498369804568,0.32638338781533016,0.32638338781533016,0.32638338781533016,0.0,0.3281218993749339,31.295061111450195,29.827594757080078
1790852800964736416,0x68,joint_2,0.02761165418194154,-0.021155299488040593,-0.021155299488040593,-0.021155299488040593,0.0,-0.020943951023932005,41.41950607299805,39.95203971862793
1790852800974739707,0x69,joint_3,-0.24083498369804568,0.32638338781533016,0.32638338781533016,0.32638338781533016,0.0,0.3281218993749339,1.5406608581542969,49.955129623413086
1790852800984626206,0x68,joint_2,0.02761165418194154,-0.021155299488040593,-0.021155299488040593,-0.021155299488040593,0.0,-0.020943951023932005,11.427164077758789,9.337663650512695
1790852800994579964,0x69,joint_3,-0.24083498369804568,0.32638338781533016,0.32638338781533016,0.32638338781533016,0.0,0.3263765701229397,21.380901336669922,19.291400909423828
1790852801004588967,0x68,joint_2,0.02761165418194154,-0.021155299488040593,-0.021155299488040593,-0.021155299488040593,0.0,-0.020943951023932005,31.389951705932617,29.300451278686523
1790852801014554891,0x69,joint_3,-0.24083498369804568,0.32638338781533016,0.32638338781533016,0.32638338781533016,0.0,0.3263765701229397,41.35584831237793,39.266347885131836
1790852801024441138,0x68,joint_2,0.02761165418194154,-0.021155299488040593,-0.021155299488040593,-0.021155299488040593,0.0,-0.020943951023932005,1.0569095611572266,49.15261268615723
1790852801034637958,0x69,joint_3,-0.24083498369804568,0.32638338781533016,0.32638338781533016,0.32638338781533016,0.0,0.3281218993749339,11.253833770751953,9.768009185791016
1790852801044612448,0x68,joint_2,0.02761165418194154,-0.021155299488040593,-0.021155299488040593,-0.021155299488040593,0.0,-0.020943951023932005,21.22807502746582,19.742250442504883
1790852801054677184,0x69,joint_3,-0.24083498369804568,0.32638338781533016,0.32638338781533016,0.32638338781533016,0.0,0.3281218993749339,31.29291534423828,29.807090759277344
1790852801064769395,0x68,joint_2,0.02761165418194154,-0.021155299488040593,-0.021155299488040593,-0.021155299488040593,0.0,-0.020943951023932005,41.38517379760742,39.899349212646484
1790852801074981819,0x69,joint_3,-0.24083498369804568,0.32638338781533016,0.32638338781533016,0.32638338781533016,0.0,0.3281218993749339,0.6692409515380859,50.11177062988281
1790852801084900170,0x68,joint_2,0.02761165418194154,-0.021155299488040593,-0.021155299488040593,-0.021155299488040593,0.0,-0.020943951023932005,10.587453842163086,9.075403213500977
1790852801094903914,0x69,joint_3,-0.24083498369804568,0.32638338781533016,0.32638338781533016,0.32638338781533016,0.0,0.3263765701229397,20.591259002685547,19.079208374023438
1790852801104912461,0x68,joint_2,0.02761165418194154,-0.021155299488040593,-0.021155299488040593,-0.021155299488040593,0.0,-0.020943951023932005,30.59983253479004,29.08778190612793
1790852801114913574,0x69,joint_3,-0.24083498369804568,0.32638338781533016,0.32638338781533016,0.32638338781533016,0.0,0.3263765701229397,40.60101509094238,39.08896446228027
1790852801124944640,0x68,joint_2,0.02761165418194154,-0.021155299488040593,-0.021155299488040593,-0.021155299488040593,0.0,-0.020943951023932005,0.5230903625488281,49.11994934082031
1790852801135790220,0x69,joint_3,-0.24083498369804568,0.32638338781533016,0.32638338781533016,0.32638338781533016,0.0,0.3281218993749339,11.368751525878906,9.639263153076172
1790852801144892503,0x68,joint_2,0.02761165418194154,-0.021155299488040593,-0.021155299488040593,-0.021155299488040593,0.0,-0.020943951023932005,20.470857620239258,18.741369247436523
1790852801154910594,0x69,joint_3,-0.24083498369804568,0.32638338781533016,0.32638338781533016,0.32638338781533016,0.0,0.3263765701229397,30.489206314086914,28.75971794128418
1790852801164947712,0x68,joint_2,0.02761165418194154,-0.021155299488040593,-0.021155299488040593,-0.021155299488040593,0.0,-0.020943951023932005,40.52615165710449,38.79666328430176
1790852801174796630,0x69,joint_3,-0.24083498369804568,0.32638338781533016,0.32638338781533016,0.32638338781533016,0.0,0.3281218993749339,0.009298324584960938,48.6454963684082
1790852801184761026,0x68,joint_2,0.02761165418194154,-0.021155299488040593,-0.021155299488040593,-0.021155299488040593,0.0,-0.020943951023932005,9.974002838134766,8.862018585205078
1790852801194712383,0x69,joint_3,-0.24083498369804568,0.32638338781533016,0.32638338781533016,0.32638338781533016,0.0,0.3263765701229397,19.92511749267578,18.813133239746094
1790852801204651846,0x68,joint_2,0.02761165418194154,-0.021155299488040593,-0.021155299488040593,-0.021155299488040593,0.0,-0.020943951023932005,29.86454963684082,28.752565383911133
1790852801214675563,0x69,joint_3,-0.24083498369804568,0.32638338781533016,0.32638338781533016,0.32638338781533016,0.0,0.3263765701229397,39.88838195800781,38.776397705078125
1790852801224418058,0x68,joint_2,0.02761165418194154,-0.021155299488040593,-0.021155299488040593,-0.021155299488040593,0.0,-0.020943951023932005,1.0559558868408203,48.51889610290527
1790852801234609199,0x69,joint_3,-0.24083498369804568,0.32638338781533016,0.32638338781533016,0.32638338781533016,0.0,0.3281218993749339,11.24715805053711,9.809017181396484
1790852801244576287,0x68,joint_2,0.02761165418194154,-0.021155299488040593,-0.021155299488040593,-0.021155299488040593,0.0,-0.020943951023932005,21.21424674987793,19.776105880737305
1790852801254612838,0x69,joint_3,-0.24083498369804568,0.32638338781533016,0.32638338781533016,0.32638338781533016,0.0,0.3281218993749339,31.250715255737305,29.81257438659668
1790852801264699237,0x68,joint_2,0.02761165418194154,-0.021155299488040593,-0.021155299488040593,-0.021155299488040593,0.0,-0.020943951023932005,41.337013244628906,39.89887237548828
1790852801274872367,0x69,joint_3,-0.24083498369804568,0.32638338781533016,0.32638338781533016,0.32638338781533016,0.0,0.3281218993749339,0.8132457733154297,50.07219314575195
1790852801284914976,0x68,joint_2,0.02761165418194154,-0.021155299488040593,-0.021155299488040593,-0.021155299488040593,0.0,-0.020943951023932005,10.855674743652344,9.396076202392578
1790852801294752257,0x69,joint_3,-0.24083498369804568,0.32638338781533016,0.32638338781533016,0.32638338781533016,0.0,0.3281218993749339,20.693063735961914,19.23346519470215
1790852801304834094,0x68,joint_2,0.02761165418194154,-0.021155299488040593,-0.021155299488040593,-0.021155299488040593,0.0,-0.020943951023932005,30.774831771850586,29.31523323059082
1790852801314838075,0x69,joint_3,-0.24083498369804568,0.32638338781533016,0.32638338781533016,0.32638338781533016,0.0,0.3263765701229397,40.77887535095215,39.31927680969238
1790852801324856521,0x68,joint_2,0.02761165418194154,-0.021155299488040593,-0.021155299488040593,-0.021155299488040593,0.0,-0.020943951023932005,0.7832050323486328,49.33786392211914
1790852801334816516,0x69,joint_3,-0.24083498369804568,0.32638338781533016,0.32638338781533016,0.32638338781533016,0.0,0.3281218993749339,10.743141174316406,8.962631225585938
1790852801344833460,0x68,joint_2,0.02761165418194154,-0.021155299488040593,-0.021155299488040593,-0.021155299488040593,0.0,-0.020943951023932005,20.760059356689453,18.979549407958984
1790852801354829700,0x69,joint_3,-0.24083498369804568,0.32638338781533016,0.32638338781533016,0.32638338781533016,0.0,0.3281218993749339,30.756473541259766,28.975963592529297
1790852801364833632,0x68,joint_2,0.02761165418194154,-0.021155299488040593,-0.021155299488040593,-0.021155299488040593,0.0,-0.020943951023932005,40.760040283203125,38.979530334472656
1790852801374808899,0x69,joint_3,-0.24083498369804568,0.32638338781533016,0.32638338781533016,0.32638338781533016,0.0,0.3281218993749339,0.5838871002197266,48.95496368408203
1790852801384888430,0x68,joint_2,0.02761165418194154,-0.021155299488040593,-0.021155299488040593,-0.021155299488040593,0.0,-0.020943951023932005,10.663270950317383,9.096622467041016
1790852801394803809,0x69,joint_3,-0.24083498369804568,0.32638338781533016,0.32638338781533016,0.32638338781533016,0.0,0.3281218993749339,20.578622817993164,19.011974334716797
1790852801404945539,0x68,joint_2,0.02761165418194154,-0.021155299488040593,-0.021155299488040593,-0.021155299488040593,0.0,-0.020943951023932005,30.72071075439453,29.154062271118164
1790852801414928023,0x69,joint_3,-0.24083498369804568,0.32638338781533016,0.32638338781533016,0.32638338781533016,0.0,0.3281218993749339,40.70305824279785,39.136409759521484
1790852801424871918,0x68,joint_2,0.02761165418194154,-0.021155299488040593,-0.021155299488040593,-0.021155299488040593,0.0,-0.020943951023932005,0.7371902465820312,49.08037185668945
1790852801434770905,0x69,joint_3,-0.24083498369804568,0.32638338781533016,0.32638338781533016,0.32638338781533016,0.0,0.3281218993749339,10.636091232299805,8.879423141479492
1790852801444828184,0x68,joint_2,0.02761165418194154,-0.021155299488040593,-0.021155299488040593,-0.021155299488040593,0.0,-0.020943951023932005,20.693302154541016,18.936634063720703
1790852801454815708,0x69,joint_3,-0.24083498369804568,0.32638338781533016,0.32638338781533016,0.32638338781533016,0.0,0.3281218993749339,30.68089485168457,28.924226760864258
1790852801464820395,0x68,joint_2,0.02761165418194154,-0.021155299488040593,-0.021155299488040593,-0.021155299488040593,0.0,-0.020943951023932005,40.68565368652344,38.928985595703125
1790852801474770578,0x69,joint_3,-0.24083498369804568,0.32638338781533016,0.32638338781533016,0.32638338781533016,0.0,0.3281218993749339,0.316619873046875,48.879146575927734
1790852801484865649,0x68,joint_2,0.02761165418194154,-0.021155299488040593,-0.021155299488040593,-0.021155299488040593,0.0,-0.020943951023932005,10.411500930786133,9.173870086669922
1790852801494826954,0x69,joint_3,-0.24083498369804568,0.32638338781533016,0.32638338781533016,0.32638338781533016,0.0,0.3281218993749339,20.372867584228516,19.135236740112305
1790852801504820505,0x68,joint_2,0.02761165418194154,-0.021155299488040593,-0.021155299488040593,-0.021155299488040593,0.0,-0.020943951023932005,30.36642074584961,29.1287899017334
1790852801514876887,0x69,joint_3,-0.24083498369804568,0.32638338781533016,0.32638338781533016,0.32638338781533016,0.0,0.3263765701229397,40.422916412353516,39.185285568237305
1790852801526419400,0x68,joint_2,0.02761165418194154,-0.021155299488040593,-0.021155299488040593,-0.021155299488040593,0.0,-0.020943951023932005,2.5527477264404297,50.72784423828125
1790852801535093035,0x69,joint_3,-0.24083498369804568,0.32638338781533016,0.32638338781533016,0.32638338781533016,0.0,0.3263765701229397,11.226177215576172,7.623910903930664
1790852801545577506,0x68,joint_2,0.02761165418194154,-0.021155299488040593,-0.021155299488040593,-0.021155299488040593,0.0,-0.020943951023932005,21.710634231567383,18.108367919921875
1790852801555086645,0x69,joint_3,-0.24083498369804568,0.32638338781533016,0.32638338781533016,0.32638338781533016,0.0,0.3281218993749339,31.2197208404541,27.617454528808594
1790852801565904304,0x68,joint_2,0.02761165418194154,-0.021155299488040593,-0.021155299488040593,-0.021155299488040593,0.0,-0.020943951023932005,42.0374870300293,38.43522071838379
1790852801575314896,0x69,joint_3,-0.24083498369804568,0.32638338781533016,0.32638338781533016,0.32638338781533016,0.0,0.3281218993749339,1.8744468688964844,47.84584045410156
1790852801585094838,0x68,joint_2,0.02761165418194154,-0.021155299488040593,-0.021155299488040593,-0.021155299488040593,0.0,-0.020943951023932005,11.654376983642578,9.30476188659668
1790852801595277996,0x69,joint_3,-0.24083498369804568,0.32638338781533016,0.32638338781533016,0.32638338781533016,0.0,0.3281218993749339,21.837711334228516,19.488096237182617
1790852801605058040,0x68,joint_2,0.02761165418194154,-0.021155299488040593,-0.021155299488040593,-0.021155299488040593,0.0,-0.020943951023932005,31.61764144897461,29.26802635192871
1790852801615044821,0x69,joint_3,-0.24083498369804568,0.32638338781533016,0.32638338781533016,0.32638338781533016,0.0,0.3281218993749339,41.60451889038086,39.25490379333496
1790852801625595459,0x68,joint_2,0.02761165418194154,-0.021155299488040593,-0.021155299488040593,-0.021155299488040593,0.0,-0.020943951023932005,2.3005008697509766,49.805402755737305
1790852801635068670,0x69,joint_3,-0.24083498369804568,0.32638338781533016,0.32638338781533016,0.32638338781533016,0.0,0.3263765701229397,11.773824691772461,8.325576782226562
1790852801645012405,0x68,joint_2,0.02761165418194154,-0.021155299488040593,-0.021155299488040593,-0.021155299488040593,0.0,-0.020943951023932005,21.717548370361328,18.26930046081543
1790852801655043279,0x69,joint_3,-0.24083498369804568,0.32638338781533016,0.32638338781533016,0.32638338781533016,0.0,0.3281218993749339,31.748294830322266,28.300046920776367
1790852801665045408,0x68,joint_2,0.02761165418194154,-0.021155299488040593,-0.021155299488040593,-0.021155299488040593,0.0,-0.020943951023932005,41.750431060791016,38.30218315124512
1790852801675095984,0x69,joint_3,-0.24083498369804568,0.32638338781533016,0.32638338781533016,0.32638338781533016,0.0,0.3263765701229397,1.657247543334961,48.352956771850586
1790852801684971399,0x68,joint_2,0.02761165418194154,-0.021155299488040593,-0.021155299488040593,-0.021155299488040593,0.0,-0.020943951023932005,11.53254508972168,9.449958801269531
1790852801695444059,0x69,joint_3,-0.24083498369804568,0.32638338781533016,0.32638338781533016,0.32638338781533016,0.0,0.3281218993749339,22.005081176757812,19.922494888305664
1790852801704564532,0x68,joint_2,0.02761165418194154,-0.021155299488040593,-0.021155299488040593,-0.021155299488040593,0.0,-0.020943951023932005,31.125545501708984,29.042959213256836
1790852801714986907,0x69,joint_3,-0.24083498369804568,0.32638338781533016,0.32638338781533016,0.32638338781533016,0.0,0.3281218993749339,41.54801368713379,39.46542739868164
1790852801724995792,0x68,joint_2,0.02761165418194154,-0.021155299488040593,-0.021155299488040593,-0.021155299488040593,0.0,-0.020943951023932005,1.6872882843017578,49.474239349365234
1790852801734994891,0x69,joint_3,-0.24083498369804568,0.32638338781533016,0.32638338781533016,0.32638338781533016,0.0,0.3281218993749339,11.686563491821289,9.584665298461914
1790852801745102119,0x68,joint_2,0.02761165418194154,-0.021155299488040593,-0.021155299488040593,-0.021155299488040593,0.0,-0.020943951023932005,21.793603897094727,19.69170570373535
1790852801755099470,0x69,joint_3,-0.24083498369804568,0.32638338781533016,0.32638338781533016,0.32638338781533016,0.0,0.3263765701229397,31.790971755981445,29.68907356262207
1790852801767098086,0x68,joint_2,0.02761165418194154,-0.021155299488040593,-0.021155299488040593,-0.021155299488040593,0.0,-0.020943951023932005,43.78962516784668,41.687726974487305
1790852801775556853,0x69,joint_3,-0.24083498369804568,0.32638338781533016,0.32638338781533016,0.32638338781533016,0.0,0.3281218993749339,1.9257068634033203,50.14657974243164
1790852801785309906,0x68,joint_2,0.02761165418194154,-0.021155299488040593,-0.021155299488040593,-0.021155299488040593,0.0,-0.020943951023932005,11.678695678710938,9.118795394897461
1790852801795381243,0x69,joint_3,-0.24083498369804568,0.32638338781533016,0.32638338781533016,0.32638338781533016,0.0,0.3281218993749339,21.74997329711914,19.190073013305664
1790852801805322372,0x68,joint_2,0.02761165418194154,-0.021155299488040593,-0.021155299488040593,-0.021155299488040593,0.0,-0.020943951023932005,31.691312789916992,29.131412506103516
1790852801815434396,0x69,joint_3,-0.24083498369804568,0.32638338781533016,0.32638338781533016,0.32638338781533016,0.0,0.3263765701229397,41.80335998535156,39.243459701538086
1790852801825602901,0x68,joint_2,0.02761165418194154,-0.021155299488040593,-0.021155299488040593,-0.021155299488040593,0.0,-0.020943951023932005,1.8973350524902344,49.411773681640625
1790852801835270219,0x69,joint_3,-0.24083498369804568,0.32638338781533016,0.32638338781533016,0.32638338781533016,0.0,0.3281218993749339,11.564493179321289,9.124755859375
1790852801845406518,0x68,joint_2,0.02761165418194154,-0.021155299488040593,-0.021155299488040593,-0.021155299488040593,0.0,-0.020943951023932005,21.70085906982422,19.26112174987793
1790852801855306086,0x69,joint_3,-0.24083498369804568,0.32638338781533016,0.32638338781533016,0.32638338781533016,0.0,0.3281218993749339,31.600475311279297,29.160737991333008
1790852801864700872,0x68,joint_2,0.02761165418194154,-0.021155299488040593,-0.021155299488040593,-0.021155299488040593,0.0,-0.020943951023932005,40.99535942077637,38.55562210083008
1790852801875577431,0x69,joint_3,-0.24083498369804568,0.32638338781533016,0.32638338781533016,0.32638338781533016,0.0,0.3263765701229397,1.9314289093017578,49.43203926086426
1790852801888334406,0x68,joint_2,0.02761165418194154,-0.021155299488040593,-0.021155299488040593,-0.021155299488040593,0.0,-0.020943951023932005,14.688491821289062,12.111663818359375
1790852801895404242,0x69,joint_3,-0.24083498369804568,0.32638338781533016,0.32638338781533016,0.32638338781533016,0.0,0.3281218993749339,21.758317947387695,19.181489944458008
1790852801906980533,0x68,joint_2,0.02761165418194154,-0.021155299488040593,-0.021155299488040593,-0.021155299488040593,0.0,-0.020943951023932005,33.33473205566406,30.757904052734375
1790852801915698554,0x69,joint_3,-0.24083498369804568,0.32638338781533016,0.32638338781533016,0.32638338781533016,0.0,0.3281218993749339,42.052507400512695,39.47567939758301
1790852801925913809,0x68,joint_2,0.02761165418194154,-0.021155299488040593,-0.021155299488040593,-0.021155299488040593,0.0,-0.020943951023932005,2.3279190063476562,49.691200256347656
1790852801935572070,0x69,joint_3,-0.24083498369804568,0.32638338781533016,0.32638338781533016,0.32638338781533016,0.0,0.3281218993749339,11.986017227172852,8.858203887939453
1790852801946277617,0x68,joint_2,0.02761165418194154,-0.021155299488040593,-0.021155299488040593,-0.021155299488040593,0.0,-0.020943951023932005,22.691726684570312,19.563913345336914
1790852801955787877,0x69,joint_3,-0.24083498369804568,0.32638338781533016,0.32638338781533016,0.32638338781533016,0.0,0.3263765701229397,32.20176696777344,29.07395362854004
1790852801965549205,0x68,joint_2,0.02761165418194154,-0.021155299488040593,-0.021155299488040593,-0.021155299488040593,0.0,-0.020943951023932005,41.96333885192871,38.83552551269531
1790852801975751373,0x69,joint_3,-0.24083498369804568,0.32638338781533016,0.32638338781533016,0.32638338781533016,0.0,0.3281218993749339,1.790761947631836,49.03769493103027
1790852801985477008,0x68,joint_2,0.02761165418194154,-0.021155299488040593,-0.021155299488040593,-0.021155299488040593,0.0,-0.020943951023932005,11.516332626342773,9.115457534790039
1790852801997359387,0x69,joint_3,-0.24083498369804568,0.32638338781533016,0.32638338781533016,0.32638338781533016,0.0,0.3263765701229397,23.398637771606445,20.99776268005371
1790852802005788792,0x68,joint_2,0.02761165418194154,-0.021155299488040593,-0.021155299488040593,-0.021155299488040593,0.0,-0.020943951023932005,31.827926635742188,29.427051544189453
1790852802015289045,0x69,joint_3,-0.24083498369804568,0.32638338781533016,0.32638338781533016,0.32638338781533016,0.0,0.3281218993749339,41.32843017578125,38.927555084228516
1790852802025276387,0x68,joint_2,0.02761165418194154,-0.021155299488040593,-0.021155299488040593,-0.021155299488040593,0.0,-0.020943951023932005,1.9259452819824219,48.91467094421387
1790852802034623860,0x69,joint_3,-0.24083498369804568,0.32638338781533016,0.32638338781533016,0.32638338781533016,0.0,0.3281218993749339,11.273384094238281,8.852481842041016
1790852802045166066,0x68,joint_2,0.02761165418194154,-0.021155299488040593,-0.021155299488040593,-0.021155299488040593,0.0,-0.020943951023932005,21.815776824951172,19.394874572753906
1790852802055272485,0x69,joint_3,-0.24083498369804568,0.32638338781533016,0.32638338781533016,0.32638338781533016,0.0,0.3281218993749339,31.922101974487305,29.50119972229004
1790852802065734868,0x68,joint_2,0.02761165418194154,-0.021155299488040593,-0.021155299488040593,-0.021155299488040593,0.0,-0.020943951023932005,42.38462448120117,39.963722229003906
1790852802075032568,0x69,joint_3,-0.24083498369804568,0.32638338781533016,0.32638338781533016,0.32638338781533016,0.0,0.3281218993749339,1.8219947814941406,49.26133155822754
1790852802085364518,0x68,joint_2,0.02761165418194154,-0.021155299488040593,-0.021155299488040593,-0.021155299488040593,0.0,-0.020943951023932005,12.153863906860352,9.862899780273438
1790852802095291809,0x69,joint_3,-0.24083498369804568,0.32638338781533016,0.32638338781533016,0.32638338781533016,0.0,0.3281218993749339,22.081375122070312,19.7904109954834
1790852802105808146,0x68,joint_2,0.02761165418194154,-0.021155299488040593,-0.021155299488040593,-0.021155299488040593,0.0,-0.020943951023932005,32.59754180908203,30.306577682495117
1790852802115298791,0x69,joint_3,-0.24083498369804568,0.32638338781533016,0.32638338781533016,0.32638338781533016,0.0,0.3281218993749339,42.08827018737793,39.797306060791016
1790852802125291223,0x68,joint_2,0.02761165418194154,-0.021155299488040593,-0.021155299488040593,-0.021155299488040593,0.0,-0.020943951023932005,1.5933513641357422,49.7896671295166
1790852802135137931,0x69,joint_3,-0.24083498369804568,0.32638338781533016,0.32638338781533016,0.32638338781533016,0.0,0.3281218993749339,11.440277099609375,9.39631462097168
1790852802145266446,0x68,joint_2,0.02761165418194154,-0.021155299488040593,-0.021155299488040593,-0.021155299488040593,0.0,-0.020943951023932005,21.56853675842285,19.524574279785156
1790852802155402288,0x69,joint_3,-0.24083498369804568,0.32638338781533016,0.32638338781533016,0.32638338781533016,0.0,0.3281218993749339,31.704425811767578,29.660463333129883
1790852802165410804,0x68,joint_2,0.02761165418194154,-0.021155299488040593,-0.021155299488040593,-0.021155299488040593,0.0,-0.020943951023932005,41.71299934387207,39.669036865234375
1790852802174581844,0x69,joint_3,-0.24083498369804568,0.32638338781533016,0.32638338781533016,0.32638338781533016,0.0,0.3263765701229397,1.1131763458251953,48.83980751037598
1790852802185552425,0x68,joint_2,0.02761165418194154,-0.021155299488040593,-0.021155299488040593,-0.021155299488040593,0.0,-0.020943951023932005,12.084007263183594,9.82809066772461
1790852802195282453,0x69,joint_3,-0.24083498369804568,0.32638338781533016,0.32638338781533016,0.32638338781533016,0.0,0.3263765701229397,21.81386947631836,19.557952880859375
1790852802205285124,0x68,joint_2,0.02761165418194154,-0.021155299488040593,-0.021155299488040593,-0.021155299488040593,0.0,-0.020943951023932005,31.816720962524414,29.56080436706543
1790852802215480725,0x69,joint_3,-0.24083498369804568,0.32638338781533016,0.32638338781533016,0.32638338781533016,0.0,0.3281218993749339,42.01245307922363,39.75653648376465
1790852802228584044,0x68,joint_2,0.02761165418194154,-0.021155299488040593,-0.021155299488040593,-0.021155299488040593,0.0,-0.020943951023932005,4.684686660766602,52.85954475402832
1790852802235585185,0x69,joint_3,-0.24083498369804568,0.32638338781533016,0.32638338781533016,0.32638338781533016,0.0,0.3263765701229397,11.686086654663086,5.458354949951172
1790852802247899244,0x68,joint_2,0.02761165418194154,-0.021155299488040593,-0.021155299488040593,-0.021155299488040593,0.0,-0.020943951023932005,23.999929428100586,17.772197723388672
1790852802255602136,0x69,joint_3,-0.24083498369804568,0.32638338781533016,0.32638338781533016,0.32638338781533016,0.0,0.3281218993749339,31.70299530029297,25.475263595581055
1790852802265906347,0x68,joint_2,0.02761165418194154,-0.021155299488040593,-0.021155299488040593,-0.021155299488040593,0.0,-0.020943951023932005,42.0072078704834,35.779476165771484
1790852802276238083,0x69,joint_3,-0.24083498369804568,0.32638338781533016,0.32638338781533016,0.32638338781533016,0.0,0.3281218993749339,2.3651123046875,46.111106872558594
1790852802285884278,0x68,joint_2,0.02761165418194154,-0.021155299488040593,-0.021155299488040593,-0.021155299488040593,0.0,-0.020943951023932005,12.011289596557617,8.908271789550781
1790852802295768691,0x69,joint_3,-0.24083498369804568,0.32638338781533016,0.32638338781533016,0.32638338781533016,0.0,0.3281218993749339,21.895647048950195,18.79262924194336
1790852802305711417,0x68,joint_2,0.02761165418194154,-0.021155299488040593,-0.021155299488040593,-0.021155299488040593,0.0,-0.020943951023932005,31.838417053222656,28.73539924621582
1790852802315848679,0x69,joint_3,-0.24083498369804568,0.32638338781533016,0.32638338781533016,0.32638338781533016,0.0,0.3263765701229397,41.97573661804199,38.872718811035156
1790852802326024861,0x68,joint_2,0.02761165418194154,-0.021155299488040593,-0.021155299488040593,-0.021155299488040593,0.0,-0.020943951023932005,1.5437602996826172,49.04890060424805
1790852802335836273,0x69,joint_3,-0.24083498369804568,0.32638338781533016,0.32638338781533016,0.32638338781533016,0.0,0.3263765701229397,11.354923248291016,9.299278259277344
1790852802345747961,0x68,joint_2,0.02761165418194154,-0.021155299488040593,-0.021155299488040593,-0.021155299488040593,0.0,-0.020943951023932005,21.266937255859375,19.211292266845703
1790852802355735272,0x69,joint_3,-0.24083498369804568,0.32638338781533016,0.32638338781533016,0.32638338781533016,0.0,0.3263765701229397,31.254053115844727,29.198408126831055
1790852802365775446,0x68,joint_2,0.02761165418194154,-0.021155299488040593,-0.021155299488040593,-0.021155299488040593,0.0,-0.020943951023932005,41.29433631896973,39.238691329956055
1790852802375763091,0x69,joint_3,-0.24083498369804568,0.32638338781533016,0.32638338781533016,0.32638338781533016,0.0,0.3281218993749339,1.7628669738769531,49.22652244567871
1790852802385534174,0x68,joint_2,0.02761165418194154,-0.021155299488040593,-0.021155299488040593,-0.021155299488040593,0.0,-0.020943951023932005,11.533737182617188,9.060859680175781
1790852802395752128,0x69,joint_3,-0.24083498369804568,0.32638338781533016,0.32638338781533016,0.32638338781533016,0.0,0.3281218993749339,21.75164222717285,19.278764724731445
1790852802405659916,0x68,joint_2,0.02761165418194154,-0.021155299488040593,-0.021155299488040593,-0.021155299488040593,0.0,-0.020943951023932005,31.659364700317383,29.186487197875977
1790852802415532249,0x69,joint_3,-0.24083498369804568,0.32638338781533016,0.32638338781533016,0.32638338781533016,0.0,0.3263765701229397,41.53180122375488,39.05892372131348
1790852802426116502,0x68,joint_2,0.02761165418194154,-0.021155299488040593,-0.021155299488040593,-0.021155299488040593,0.0,-0.020943951023932005,2.3467540740966797,49.64327812194824
1790852802435632008,0x69,joint_3,-0.24083498369804568,0.32638338781533016,0.32638338781533016,0.32638338781533016,0.0,0.3281218993749339,11.86227798461914,8.820533752441406
1790852802445730881,0x68,joint_2,0.02761165418194154,-0.021155299488040593,-0.021155299488040593,-0.021155299488040593,0.0,-0.020943951023932005,21.960973739624023,18.91922950744629
1790852802454755120,0x69,joint_3,-0.24083498369804568,0.32638338781533016,0.32638338781533016,0.32638338781533016,0.0,0.3281218993749339,30.985116958618164,27.94337272644043
1790852802465667901,0x68,joint_2,0.02761165418194154,-0.021155299488040593,-0.021155299488040593,-0.021155299488040593,0.0,-0.020943951023932005,41.89801216125488,38.85626792907715
1790852802476225530,0x69,joint_3,-0.24083498369804568,0.32638338781533016,0.32638338781533016,0.32638338781533016,0.0,0.3281218993749339,2.3040771484375,49.41391944885254
1790852802485648055,0x68,joint_2,0.02761165418194154,-0.021155299488040593,-0.021155299488040593,-0.021155299488040593,0.0,-0.020943951023932005,11.726617813110352,8.687734603881836
1790852802495633490,0x69,joint_3,-0.24083498369804568,0.32638338781533016,0.32638338781533016,0.32638338781533016,0.0,0.3263765701229397,21.712064743041992,18.673181533813477
1790852802505554065,0x68,joint_2,0.02761165418194154,-0.021155299488040593,-0.021155299488040593,-0.021155299488040593,0.0,-0.020943951023932005,31.632661819458008,28.593778610229492
1790852802515761551,0x69,joint_3,-0.24083498369804568,0.32638338781533016,0.32638338781533016,0.32638338781533016,0.0,0.3281218993749339,41.840314865112305,38.80143165588379
1790852802526084579,0x68,joint_2,0.02761165418194154,-0.021155299488040593,-0.021155299488040593,-0.021155299488040593,0.0,-0.020943951023932005,2.421855926513672,49.12424087524414
1790852802535572298,0x69,joint_3,-0.24083498369804568,0.32638338781533016,0.32638338781533016,0.32638338781533016,0.0,0.3281218993749339,11.90948486328125,8.7890625
1790852802545587174,0x68,joint_2,0.02761165418194154,-0.021155299488040593,-0.021155299488040593,-0.021155299488040593,0.0,-0.020943951023932005,21.924495697021484,18.804073333740234
1790852802555588281,0x69,joint_3,-0.24083498369804568,0.32638338781533016,0.32638338781533016,0.32638338781533016,0.0,0.3281218993749339,31.925678253173828,28.805255889892578
1790852802565563543,0x68,joint_2,0.02761165418194154,-0.021155299488040593,-0.021155299488040593,-0.021155299488040593,0.0,-0.020943951023932005,41.9008731842041,38.78045082092285
1790852802575701977,0x69,joint_3,-0.24083498369804568,0.32638338781533016,0.32638338781533016,0.32638338781533016,0.0,0.3281218993749339,1.7180442810058594,48.918962478637695
1790852802585593751,0x68,joint_2,0.02761165418194154,-0.021155299488040593,-0.021155299488040593,-0.021155299488040593,0.0,-0.020943951023932005,11.609792709350586,9.40847396850586
1790852802595571742,0x69,joint_3,-0.24083498369804568,0.32638338781533016,0.32638338781533016,0.32638338781533016,0.0,0.3263765701229397,21.587610244750977,19.38629150390625
1790852802605517947,0x68,joint_2,0.02761165418194154,-0.021155299488040593,-0.021155299488040593,-0.021155299488040593,0.0,-0.020943951023932005,31.53371810913086,29.332399368286133
1790852802614737077,0x69,joint_3,-0.24083498369804568,0.32638338781533016,0.32638338781533016,0.32638338781533016,0.0,0.3263765701229397,40.75312614440918,38.55180740356445
1790852802625223293,0x68,joint_2,0.02761165418194154,-0.021155299488040593,-0.021155299488040593,-0.021155299488040593,0.0,-0.020943951023932005,1.4133453369140625,49.037933349609375
1790852802634688731,0x69,joint_3,-0.24083498369804568,0.32638338781533016,0.32638338781533016,0.32638338781533016,0.0,0.3281218993749339,10.878801345825195,8.769035339355469
1790852802644724733,0x68,joint_2,0.02761165418194154,-0.021155299488040593,-0.021155299488040593,-0.021155299488040593,0.0,-0.020943951023932005,20.914793014526367,18.80502700805664
1790852802654660679,0x69,joint_3,-0.24083498369804568,0.32638338781533016,0.32638338781533016,0.32638338781533016,0.0,0.3281218993749339,30.850648880004883,28.740882873535156
1790852802664817131,0x68,joint_2,0.02761165418194154,-0.021155299488040593,-0.021155299488040593,-0.021155299488040593,0.0,-0.020943951023932005,41.007280349731445,38.89751434326172
1790852802674843559,0x69,joint_3,-0.24083498369804568,0.32638338781533016,0.32638338781533016,0.32638338781533016,0.0,0.3281218993749339,0.6873607635498047,48.92396926879883
1790852802684719752,0x68,joint_2,0.02761165418194154,-0.021155299488040593,-0.021155299488040593,-0.021155299488040593,0.0,-0.020943951023932005,10.56361198425293,9.296655654907227
1790852802694747011,0x69,joint_3,-0.24083498369804568,0.32638338781533016,0.32638338781533016,0.32638338781533016,0.0,0.3263765701229397,20.590782165527344,19.32382583618164
1790852802704782850,0x68,joint_2,0.02761165418194154,-0.021155299488040593,-0.021155299488040593,-0.021155299488040593,0.0,-0.020943951023932005,30.626535415649414,29.35957908630371
1790852802717001927,0x69,joint_3,-0.24083498369804568,0.32638338781533016,0.32638338781533016,0.32638338781533016,0.0,0.3281218993749339,42.845726013183594,41.57876968383789
1790852802724731236,0x68,joint_2,0.02761165418194154,-0.021155299488040593,-0.021155299488040593,-0.021155299488040593,0.0,-0.020943951023932005,0.5218982696533203,49.307823181152344
1790852802734670888,0x69,joint_3,-0.24083498369804568,0.32638338781533016,0.32638338781533016,0.32638338781533016,0.0,0.3281218993749339,10.461568832397461,9.239435195922852
1790852802744543999,0x68,joint_2,0.02761165418194154,-0.021155299488040593,-0.021155299488040593,-0.021155299488040593,0.0,-0.020943951023932005,20.334720611572266,19.112586975097656
1790852802754599481,0x69,joint_3,-0.24083498369804568,0.32638338781533016,0.32638338781533016,0.32638338781533016,0.0,0.3281218993749339,30.390262603759766,29.168128967285156
1790852802764562939,0x68,joint_2,0.02761165418194154,-0.021155299488040593,-0.021155299488040593,-0.021155299488040593,0.0,-0.020943951023932005,40.35377502441406,39.13164138793945
1790852802775361780,0x69,joint_3,-0.24083498369804568,0.32638338781533016,0.32638338781533016,0.32638338781533016,0.0,0.3263765701229397,2.0880699157714844,49.930572509765625
1790852802786179026,0x68,joint_2,0.02761165418194154,-0.021155299488040593,-0.021155299488040593,-0.021155299488040593,0.0,-0.020943951023932005,12.905120849609375,10.015010833740234
1790852802794557445,0x69,joint_3,-0.24083498369804568,0.32638338781533016,0.32638338781533016,0.32638338781533016,0.0,0.3281218993749339,21.283626556396484,18.393516540527344
1790852802805076241,0x68,joint_2,0.02761165418194154,-0.021155299488040593,-0.021155299488040593,-0.021155299488040593,0.0,-0.020943951023932005,31.80241584777832,28.91230583190918
1790852802815039236,0x69,joint_3,-0.24083498369804568,0.32638338781533016,0.32638338781533016,0.32638338781533016,0.0,0.3263765701229397,41.765451431274414,38.87534141540527
1790852802824980022,0x68,joint_2,0.02761165418194154,-0.021155299488040593,-0.021155299488040593,-0.021155299488040593,0.0,-0.020943951023932005,1.8727779388427734,48.81596565246582
1790852802835071448,0x69,joint_3,-0.24083498369804568,0.32638338781533016,0.32638338781533016,0.32638338781533016,0.0,0.3281218993749339,11.96432113647461,9.664297103881836
1790852802844970441,0x68,joint_2,0.02761165418194154,-0.021155299488040593,-0.021155299488040593,-0.021155299488040593,0.0,-0.020943951023932005,21.863460540771484,19.56343650817871
1790852802855175525,0x69,joint_3,-0.24083498369804568,0.32638338781533016,0.32638338781533016,0.32638338781533016,0.0,0.3263765701229397,32.06825256347656,29.76822853088379
1790852802865056891,0x68,joint_2,0.02761165418194154,-0.021155299488040593,-0.021155299488040593,-0.021155299488040593,0.0,-0.020943951023932005,41.94974899291992,39.64972496032715
1790852802874983402,0x69,joint_3,-0.24083498369804568,0.32638338781533016,0.32638338781533016,0.32638338781533016,0.0,0.3281218993749339,1.7583370208740234,49.5762825012207
1790852802884551090,0x68,joint_2,0.02761165418194154,-0.021155299488040593,-0.021155299488040593,-0.021155299488040593,0.0,-0.020943951023932005,11.326074600219727,9.138107299804688
1790852802894510945,0x69,joint_3,-0.24083498369804568,0.32638338781533016,0.32638338781533016,0.32638338781533016,0.0,0.3281218993749339,21.2857723236084,19.09780502319336
1790852802904558628,0x68,joint_2,0.02761165418194154,-0.021155299488040593,-0.021155299488040593,-0.021155299488040593,0.0,-0.020943951023932005,31.333446502685547,29.145479202270508
1790852802914536716,0x69,joint_3,-0.24083498369804568,0.32638338781533016,0.32638338781533016,0.32638338781533016,0.0,0.3263765701229397,41.31150245666504,39.12353515625
1790852802926483037,0x68,joint_2,0.02761165418194154,-0.021155299488040593,-0.021155299488040593,-0.021155299488040593,0.0,-0.020943951023932005,2.9900074005126953,51.06997489929199
1790852802935322960,0x69,joint_3,-0.24083498369804568,0.32638338781533016,0.32638338781533016,0.32638338781533016,0.0,0.3263765701229397,11.829853057861328,7.676839828491211
1790852802946013479,0x68,joint_2,0.02761165418194154,-0.021155299488040593,-0.021155299488040593,-0.021155299488040593,0.0,-0.020943951023932005,22.52030372619629,18.367290496826172
1790852802955928701,0x69,joint_3,-0.24083498369804568,0.32638338781533016,0.32638338781533016,0.32638338781533016,0.0,0.3281218993749339,32.43565559387207,28.282642364501953
1790852802966082526,0x68,joint_2,0.02761165418194154,-0.021155299488040593,-0.021155299488040593,-0.021155299488040593,0.0,-0.020943951023932005,42.589426040649414,38.4364128112793
1790852802976205227,0x69,joint_3,-0.24083498369804568,0.32638338781533016,0.32638338781533016,0.32638338781533016,0.0,0.3281218993749339,1.8188953399658203,48.55918884277344
1790852802985960395,0x68,joint_2,0.02761165418194154,-0.021155299488040593,-0.021155299488040593,-0.021155299488040593,0.0,-0.020943951023932005,11.574029922485352,9.181976318359375
1790852802995919822,0x69,joint_3,-0.24083498369804568,0.32638338781533016,0.32638338781533016,0.32638338781533016,0.0,0.3263765701229397,21.533489227294922,19.141435623168945
1790852803005806502,0x68,joint_2,0.02761165418194154,-0.021155299488040593,-0.021155299488040593,-0.021155299488040593,0.0,-0.020943951023932005,31.420230865478516,29.02817726135254
1790852803014720552,0x69,joint_3,-0.24083498369804568,0.32638338781533016,0.32638338781533016,0.32638338781533016,0.0,0.3281218993749339,40.334224700927734,37.94217109680176
1790852803025382878,0x68,joint_2,0.02761165418194154,-0.021155299488040593,-0.021155299488040593,-0.021155299488040593,0.0,-0.020943951023932005,1.6639232635498047,48.604488372802734
1790852803034716911,0x69,joint_3,-0.24083498369804568,0.32638338781533016,0.32638338781533016,0.32638338781533016,0.0,0.3281218993749339,10.998010635375977,8.556842803955078
1790852803044671985,0x68,joint_2,0.02761165418194154,-0.021155299488040593,-0.021155299488040593,-0.021155299488040593,0.0,-0.020943951023932005,20.952939987182617,18.51177215576172
1790852803054973743,0x69,joint_3,-0.24083498369804568,0.32638338781533016,0.32638338781533016,0.32638338781533016,0.0,0.3263765701229397,31.25476837158203,28.813600540161133
1790852803064724010,0x68,joint_2,0.02761165418194154,-0.021155299488040593,-0.021155299488040593,-0.021155299488040593,0.0,-0.020943951023932005,41.00489616394043,38.56372833251953
1790852803074844396,0x69,joint_3,-0.24083498369804568,0.32638338781533016,0.32638338781533016,0.32638338781533016,0.0,0.3281218993749339,0.7882118225097656,48.68435859680176
1790852803087855265,0x68,joint_2,0.02761165418194154,-0.021155299488040593,-0.021155299488040593,-0.021155299488040593,0.0,-0.020943951023932005,13.799190521240234,12.355566024780273
1790852803096018707,0x69,joint_3,-0.24083498369804568,0.32638338781533016,0.32638338781533016,0.32638338781533016,0.0,0.3281218993749339,21.962404251098633,20.518779754638672
1790852803105932261,0x68,joint_2,0.02761165418194154,-0.021155299488040593,-0.021155299488040593,-0.021155299488040593,0.0,-0.020943951023932005,31.876087188720703,30.432462692260742
1790852803115701982,0x69,joint_3,-0.24083498369804568,0.32638338781533016,0.32638338781533016,0.32638338781533016,0.0,0.3281218993749339,41.64576530456543,40.20214080810547
1790852803125892395,0x68,joint_2,0.02761165418194154,-0.021155299488040593,-0.021155299488040593,-0.021155299488040593,0.0,-0.020943951023932005,1.9276142120361328,50.39238929748535
1790852803135718053,0x69,joint_3,-0.24083498369804568,0.32638338781533016,0.32638338781533016,0.32638338781533016,0.0,0.3263765701229397,11.753559112548828,9.019136428833008
1790852803144785296,0x68,joint_2,0.02761165418194154,-0.021155299488040593,-0.021155299488040593,-0.021155299488040593,0.0,-0.020943951023932005,20.82061767578125,18.08619499206543
1790852803155729428,0x69,joint_3,-0.24083498369804568,0.32638338781533016,0.32638338781533016,0.32638338781533016,0.0,0.3281218993749339,31.764745712280273,29.030323028564453
1790852803165801962,0x68,joint_2,0.02761165418194154,-0.021155299488040593,-0.021155299488040593,-0.021155299488040593,0.0,-0.020943951023932005,41.837215423583984,39.102792739868164
1790852803174856746,0x69,joint_3,-0.24083498369804568,0.32638338781533016,0.32638338781533016,0.32638338781533016,0.0,0.3263765701229397,0.8347034454345703,48.157691955566406
1790852803185028538,0x68,joint_2,0.02761165418194154,-0.021155299488040593,-0.021155299488040593,-0.021155299488040593,0.0,-0.020943951023932005,11.006593704223633,9.294748306274414
1790852803194861728,0x69,joint_3,-0.24083498369804568,0.32638338781533016,0.32638338781533016,0.32638338781533016,0.0,0.3281218993749339,20.839691162109375,19.127845764160156
1790852803204849174,0x68,joint_2,0.02761165418194154,-0.021155299488040593,-0.021155299488040593,-0.021155299488040593,0.0,-0.020943951023932005,30.827045440673828,29.11520004272461
1790852803215121874,0x69,joint_3,-0.24083498369804568,0.32638338781533016,0.32638338781533016,0.32638338781533016,0.0,0.3281218993749339,41.09978675842285,39.38794136047363
1790852803224904298,0x68,joint_2,0.02761165418194154,-0.021155299488040593,-0.021155299488040593,-0.021155299488040593,0.0,-0.020943951023932005,0.3733634948730469,49.17025566101074
1790852803234814772,0x69,joint_3,-0.24083498369804568,0.32638338781533016,0.32638338781533016,0.32638338781533016,0.0,0.3263765701229397,10.283946990966797,8.832216262817383
1790852803244830948,0x68,joint_2,0.02761165418194154,-0.021155299488040593,-0.021155299488040593,-0.021155299488040593,0.0,-0.020943951023932005,20.30014991760254,18.848419189453125
1790852803257464041,0x69,joint_3,-0.24083498369804568,0.32638338781533016,0.32638338781533016,0.32638338781533016,0.0,0.3281218993749339,32.93323516845703,31.481504440307617
1790852803264899051,0x68,joint_2,0.02761165418194154,-0.021155299488040593,-0.021155299488040593,-0.021155299488040593,0.0,-0.020943951023932005,40.36831855773926,38.916587829589844
1790852803274847043,0x69,joint_3,-0.24083498369804568,0.32638338781533016,0.32638338781533016,0.32638338781533016,0.0,0.3263765701229397,0.31280517578125,48.86436462402344
1790852803284914108,0x68,joint_2,0.02761165418194154,-0.021155299488040593,-0.021155299488040593,-0.021155299488040593,0.0,-0.020943951023932005,10.380029678344727,8.897066116333008
1790852803294856969,0x69,joint_3,-0.24083498369804568,0.32638338781533016,0.32638338781533016,0.32638338781533016,0.0,0.3263765701229397,20.322799682617188,18.83983612060547
1790852803304856756,0x68,joint_2,0.02761165418194154,-0.021155299488040593,-0.021155299488040593,-0.021155299488040593,0.0,-0.020943951023932005,30.322790145874023,28.839826583862305
1790852803314831780,0x69,joint_3,-0.24083498369804568,0.32638338781533016,0.32638338781533016,0.32638338781533016,0.0,0.3281218993749339,40.297746658325195,38.81478309631348
1790852803324966237,0x68,joint_2,0.02761165418194154,-0.021155299488040593,-0.021155299488040593,-0.021155299488040593,0.0,-0.020943951023932005,0.44798851013183594,48.94900321960449
1790852803334850768,0x69,joint_3,-0.24083498369804568,0.32638338781533016,0.32638338781533016,0.32638338781533016,0.0,0.3281218993749339,10.332822799682617,8.53586196899414
1790852803344830232,0x68,joint_2,0.02761165418194154,-0.021155299488040593,-0.021155299488040593,-0.021155299488040593,0.0,-0.020943951023932005,20.312070846557617,18.51511001586914
1790852803354998290,0x69,joint_3,-0.24083498369804568,0.32638338781533016,0.32638338781533016,0.32638338781533016,0.0,0.3281218993749339,30.480146408081055,28.683185577392578
1790852803365008512,0x68,joint_2,0.02761165418194154,-0.021155299488040593,-0.021155299488040593,-0.021155299488040593,0.0,-0.020943951023932005,40.49038887023926,38.69342803955078
1790852803375079597,0x69,joint_3,-0.24083498369804568,0.32638338781533016,0.32638338781533016,0.32638338781533016,0.0,0.3263765701229397,0.22983551025390625,48.764705657958984
1790852803385028437,0x68,joint_2,0.02761165418194154,-0.021155299488040593,-0.021155299488040593,-0.021155299488040593,0.0,-0.020943951023932005,10.178327560424805,8.55398178100586
1790852803395087446,0x69,joint_3,-0.24083498369804568,0.32638338781533016,0.32638338781533016,0.32638338781533016,0.0,0.3281218993749339,20.237445831298828,18.613100051879883
1790852803404988308,0x68,joint_2,0.02761165418194154,-0.021155299488040593,-0.021155299488040593,-0.021155299488040593,0.0,-0.020943951023932005,30.138492584228516,28.51414680480957
1790852803414958651,0x69,joint_3,-0.24083498369804568,0.32638338781533016,0.32638338781533016,0.32638338781533016,0.0,0.3281218993749339,40.108680725097656,38.48433494567871
1790852803424974631,0x68,joint_2,0.02761165418194154,-0.021155299488040593,-0.021155299488040593,-0.021155299488040593,0.0,-0.020943951023932005,0.5700588226318359,48.50029945373535
1790852803435026600,0x69,joint_3,-0.24083498369804568,0.32638338781533016,0.32638338781533016,0.32638338781533016,0.0,0.3281218993749339,10.622262954711914,8.723974227905273
1790852803444836397,0x68,joint_2,0.02761165418194154,-0.021155299488040593,-0.021155299488040593,-0.021155299488040593,0.0,-0.020943951023932005,20.4317569732666,18.53346824645996
1790852803454999081,0x69,joint_3,-0.24083498369804568,0.32638338781533016,0.32638338781533016,0.32638338781533016,0.0,0.3281218993749339,30.594587326049805,28.696298599243164
1790852803465146703,0x68,joint_2,0.02761165418194154,-0.021155299488040593,-0.021155299488040593,-0.021155299488040593,0.0,-0.020943951023932005,40.74215888977051,38.84387016296387
1790852803477784099,0x69,joint_3,-0.24083498369804568,0.32638338781533016,0.32638338781533016,0.32638338781533016,0.0,0.3281218993749339,3.574371337890625,51.48124694824219
1790852803486357979,0x68,joint_2,0.02761165418194154,-0.021155299488040593,-0.021155299488040593,-0.021155299488040593,0.0,-0.020943951023932005,12.148380279541016,6.334543228149414
1790852803496381772,0x69,joint_3,-0.24083498369804568,0.32638338781533016,0.32638338781533016,0.32638338781533016,0.0,0.3281218993749339,22.171974182128906,16.358137130737305
1790852803507368661,0x68,joint_2,0.02761165418194154,-0.021155299488040593,-0.021155299488040593,-0.021155299488040593,0.0,-0.020943951023932005,33.15901756286621,27.34518051147461
1790852803516418195,0x69,joint_3,-0.24083498369804568,0.32638338781533016,0.32638338781533016,0.32638338781533016,0.0,0.3281218993749339,42.20867156982422,36.39483451843262
1790852803526925009,0x68,joint_2,0.02761165418194154,-0.021155299488040593,-0.021155299488040593,-0.021155299488040593,0.0,-0.020943951023932005,2.199888229370117,46.90146446228027
1790852803535706792,0x69,joint_3,-0.24083498369804568,0.32638338781533016,0.32638338781533016,0.32638338781533016,0.0,0.3281218993749339,10.98179817199707,7.726192474365234
1790852803545713462,0x68,joint_2,0.02761165418194154,-0.021155299488040593,-0.021155299488040593,-0.021155299488040593,0.0,-0.020943951023932005,20.98822593688965,17.732620239257812
1790852803555552254,0x69,joint_3,-0.24083498369804568,0.32638338781533016,0.32638338781533016,0.32638338781533016,0.0,0.3263765701229397,30.82728385925293,27.571678161621094
1790852803565532222,0x68,joint_2,0.02761165418194154,-0.021155299488040593,-0.021155299488040593,-0.021155299488040593,0.0,-0.020943951023932005,40.80700874328613,37.5514030456543
1790852803575431359,0x69,joint_3,-0.24083498369804568,0.32638338781533016,0.32638338781533016,0.32638338781533016,0.0,0.3281218993749339,1.9445419311523438,47.45078086853027
1790852803585456652,0x68,joint_2,0.02761165418194154,-0.021155299488040593,-0.021155299488040593,-0.021155299488040593,0.0,-0.020943951023932005,11.969804763793945,9.456157684326172
1790852803595553741,0x69,joint_3,-0.24083498369804568,0.32638338781533016,0.32638338781533016,0.32638338781533016,0.0,0.3281218993749339,22.066831588745117,19.553184509277344
1790852803605496620,0x68,joint_2,0.02761165418194154,-0.021155299488040593,-0.021155299488040593,-0.021155299488040593,0.0,-0.020943951023932005,32.00960159301758,29.495954513549805
1790852803615668891,0x69,joint_3,-0.24083498369804568,0.32638338781533016,0.32638338781533016,0.32638338781533016,0.0,0.3281218993749339,42.181968688964844,39.66832160949707
1790852803625556849,0x68,joint_2,0.02761165418194154,-0.021155299488040593,-0.021155299488040593,-0.021155299488040593,0.0,-0.020943951023932005,1.5194416046142578,49.55625534057617
1790852803634625406,0x69,joint_3,-0.24083498369804568,0.32638338781533016,0.32638338781533016,0.32638338781533016,0.0,0.3281218993749339,10.587930679321289,8.657217025756836
1790852803645334642,0x68,joint_2,0.02761165418194154,-0.021155299488040593,-0.021155299488040593,-0.021155299488040593,0.0,-0.020943951023932005,21.297216415405273,19.36650276184082
1790852803654635440,0x69,joint_3,-0.24083498369804568,0.32638338781533016,0.32638338781533016,0.32638338781533016,0.0,0.3263765701229397,30.598163604736328,28.667449951171875
1790852803664902360,0x68,joint_2,0.02761165418194154,-0.021155299488040593,-0.021155299488040593,-0.021155299488040593,0.0,-0.020943951023932005,40.86494445800781,38.93423080444336
1790852803674716039,0x69,joint_3,-0.24083498369804568,0.32638338781533016,0.32638338781533016,0.32638338781533016,0.0,0.3281218993749339,0.6818771362304688,48.748016357421875
1790852803684577479,0x68,joint_2,0.02761165418194154,-0.021155299488040593,-0.021155299488040593,-0.021155299488040593,0.0,-0.020943951023932005,10.543346405029297,9.206056594848633
1790852803694633598,0x69,joint_3,-0.24083498369804568,0.32638338781533016,0.32638338781533016,0.32638338781533016,0.0,0.3263765701229397,20.5991268157959,19.261837005615234
1790852803704703008,0x68,joint_2,0.02761165418194154,-0.021155299488040593,-0.021155299488040593,-0.021155299488040593,0.0,-0.020943951023932005,30.66873550415039,29.331445693969727
1790852803714747442,0x69,joint_3,-0.24083498369804568,0.32638338781533016,0.32638338781533016,0.32638338781533016,0.0,0.3263765701229397,40.71307182312012,39.37578201293945
1790852803724771186,0x68,joint_2,0.02761165418194154,-0.021155299488040593,-0.021155299488040593,-0.021155299488040593,0.0,-0.020943951023932005,0.5121231079101562,49.399614334106445
1790852803734761491,0x69,joint_3,-0.24083498369804568,0.32638338781533016,0.32638338781533016,0.32638338781533016,0.0,0.3263765701229397,10.502338409423828,9.284734725952148
1790852803744907130,0x68,joint_2,0.02761165418194154,-0.021155299488040593,-0.021155299488040593,-0.021155299488040593,0.0,-0.020943951023932005,20.64800262451172,19.43039894104004
1790852803754856135,0x69,joint_3,-0.24083498369804568,0.32638338781533016,0.32638338781533016,0.32638338781533016,0.0,0.3281218993749339,30.597209930419922,29.379606246948242
1790852803764914170,0x68,joint_2,0.02761165418194154,-0.021155299488040593,-0.021155299488040593,-0.021155299488040593,0.0,-0.020943951023932005,40.65513610839844,39.43753242492676
1790852803774786436,0x69,joint_3,-0.24083498369804568,0.32638338781533016,0.32638338781533016,0.32638338781533016,0.0,0.3281218993749339,0.6551742553710938,49.30996894836426
1790852803785176940,0x68,joint_2,0.02761165418194154,-0.021155299488040593,-0.021155299488040593,-0.021155299488040593,0.0,-0.020943951023932005,11.045455932617188,9.591341018676758
1790852803795092704,0x69,joint_3,-0.24083498369804568,0.32638338781533016,0.32638338781533016,0.32638338781533016,0.0,0.3281218993749339,20.961284637451172,19.507169723510742
1790852803805076086,0x68,joint_2,0.02761165418194154,-0.021155299488040593,-0.021155299488040593,-0.021155299488040593,0.0,-0.020943951023932005,30.9445858001709,29.49047088623047
1790852803815198489,0x69,joint_3,-0.24083498369804568,0.32638338781533016,0.32638338781533016,0.32638338781533016,0.0,0.3263765701229397,41.06712341308594,39.61300849914551
1790852803825040481,0x68,joint_2,0.02761165418194154,-0.021155299488040593,-0.021155299488040593,-0.021155299488040593,0.0,-0.020943951023932005,50.90904235839844,49.45492744445801
1790852803835158414,0x69,joint_3,-0.24083498369804568,0.32638338781533016,0.32638338781533016,0.32638338781533016,0.0,0.3263765701229397,9.83881950378418,8.672714233398438
1790852803844918855,0x68,joint_2,0.02761165418194154,-0.021155299488040593,-0.021155299488040593,-0.021155299488040593,0.0,-0.020943951023932005,19.599199295043945,18.433094024658203
1790852803854934056,0x69,joint_3,-0.24083498369804568,0.32638338781533016,0.32638338781533016,0.32638338781533016,0.0,0.3281218993749339,29.61444854736328,28.44834327697754
1790852803865074896,0x68,joint_2,0.02761165418194154,-0.021155299488040593,-0.021155299488040593,-0.021155299488040593,0.0,-0.020943951023932005,39.75534439086914,38.5892391204834
1790852803874945977,0x69,joint_3,-0.24083498369804568,0.32638338781533016,0.32638338781533016,0.32638338781533016,0.0,0.3281218993749339,49.62635040283203,48.46024513244629
1790852803884913636,0x68,joint_2,0.02761165418194154,-0.021155299488040593,-0.021155299488040593,-0.021155299488040593,0.0,-0.020943951023932005,9.762287139892578,8.533954620361328
1790852803894899303,0x69,joint_3,-0.24083498369804568,0.32638338781533016,0.32638338781533016,0.32638338781533016,0.0,0.3263765701229397,19.74797248840332,18.51963996887207
1790852803904727264,0x68,joint_2,0.02761165418194154,-0.021155299488040593,-0.021155299488040593,-0.021155299488040593,0.0,-0.020943951023932005,29.57606315612793,28.34773063659668
1790852803914695283,0x69,joint_3,-0.24083498369804568,0.32638338781533016,0.32638338781533016,0.32638338781533016,0.0,0.3281218993749339,39.543867111206055,38.315534591674805
1790852803924513972,0x68,joint_2,0.02761165418194154,-0.021155299488040593,-0.021155299488040593,-0.021155299488040593,0.0,-0.020943951023932005,1.0704994201660156,48.13432693481445
1790852803934503681,0x69,joint_3,-0.24083498369804568,0.32638338781533016,0.32638338781533016,0.32638338781533016,0.0,0.3281218993749339,11.060237884521484,9.577512741088867
1790852803944591762,0x68,joint_2,0.02761165418194154,-0.021155299488040593,-0.021155299488040593,-0.021155299488040593,0.0,-0.020943951023932005,21.1484432220459,19.66571807861328
1790852803954688094,0x69,joint_3,-0.24083498369804568,0.32638338781533016,0.32638338781533016,0.32638338781533016,0.0,0.3263765701229397,31.244516372680664,29.761791229248047
1790852803965776965,0x68,joint_2,0.02761165418194154,-0.021155299488040593,-0.021155299488040593,-0.021155299488040593,0.0,-0.020943951023932005,42.333364486694336,40.85063934326172
1790852803975001818,0x69,joint_3,-0.24083498369804568,0.32638338781533016,0.32638338781533016,0.32638338781533016,0.0,0.3281218993749339,1.1293888092041016,50.07576942443848
1790852803984698650,0x68,joint_2,0.02761165418194154,-0.021155299488040593,-0.021155299488040593,-0.021155299488040593,0.0,-0.020943951023932005,10.82611083984375,9.338140487670898
1790852803995307708,0x69,joint_3,-0.24083498369804568,0.32638338781533016,0.32638338781533016,0.32638338781533016,0.0,0.3281218993749339,21.435260772705078,19.947290420532227
1790852804005713038,0x68,joint_2,0.02761165418194154,-0.021155299488040593,-0.021155299488040593,-0.021155299488040593,0.0,-0.020943951023932005,31.84056282043457,30.35259246826172
1790852804016164501,0x69,joint_3,-0.24083498369804568,0.32638338781533016,0.32638338781533016,0.32638338781533016,0.0,0.3281218993749339,42.292118072509766,40.804147720336914
1790852804025045388,0x68,joint_2,0.02761165418194154,-0.021155299488040593,-0.021155299488040593,-0.021155299488040593,0.0,-0.020943951023932005,0.29730796813964844,49.685001373291016
1790852804036370425,0x69,joint_3,-0.24083498369804568,0.32638338781533016,0.32638338781533016,0.32638338781533016,0.0,0.3263765701229397,11.622190475463867,8.957862854003906
1790852804047115882,0x68,joint_2,0.02761165418194154,-0.021155299488040593,-0.021155299488040593,-0.021155299488040593,0.0,-0.020943951023932005,22.367477416992188,19.703149795532227
1790852804054810991,0x69,joint_3,-0.24083498369804568,0.32638338781533016,0.32638338781533016,0.32638338781533016,0.0,0.3263765701229397,30.06267547607422,27.398347854614258
1790852804064851916,0x68,joint_2,0.02761165418194154,-0.021155299488040593,-0.021155299488040593,-0.021155299488040593,0.0,-0.020943951023932005,40.10367393493652,37.43934631347656
1790852804075025134,0x69,joint_3,-0.24083498369804568,0.32638338781533016,0.32638338781533016,0.32638338781533016,0.0,0.3263765701229397,0.5407333374023438,47.612667083740234
1790852804084977597,0x68,joint_2,0.02761165418194154,-0.021155299488040593,-0.021155299488040593,-0.021155299488040593,0.0,-0.020943951023932005,10.493278503417969,8.701086044311523
1790852804095024117,0x69,joint_3,-0.24083498369804568,0.32638338781533016,0.32638338781533016,0.32638338781533016,0.0,0.3281218993749339,20.53976058959961,18.747568130493164
1790852804105051326,0x68,joint_2,0.02761165418194154,-0.021155299488040593,-0.021155299488040593,-0.021155299488040593,0.0,-0.020943951023932005,30.566930770874023,28.774738311767578
1790852804115057799,0x69,joint_3,-0.24083498369804568,0.32638338781533016,0.32638338781533016,0.32638338781533016,0.0,0.3263765701229397,40.5733585357666,38.781166076660156
1790852804124878920,0x68,joint_2,0.02761165418194154,-0.021155299488040593,-0.021155299488040593,-0.021155299488040593,0.0,-0.020943951023932005,0.4036426544189453,48.60210418701172
1790852804134806541,0x69,joint_3,-0.24083498369804568,0.32638338781533016,0.32638338781533016,0.32638338781533016,0.0,0.3281218993749339,10.331392288208008,8.706331253051758
1790852804144895612,0x68,joint_2,0.02761165418194154,-0.021155299488040593,-0.021155299488040593,-0.021155299488040593,0.0,-0.020943951023932005,20.420312881469727,18.795251846313477
1790852804154896563,0x69,joint_3,-0.24083498369804568,0.32638338781533016,0.32638338781533016,0.32638338781533016,0.0,0.3281218993749339,30.42149543762207,28.79643440246582
1790852804164920312,0x68,joint_2,0.02761165418194154,-0.021155299488040593,-0.021155299488040593,-0.021155299488040593,0.0,-0.020943951023932005,40.44508934020996,38.82002830505371
1790852804174942679,0x69,joint_3,-0.24083498369804568,0.32638338781533016,0.32638338781533016,0.32638338781533016,0.0,0.3281218993749339,0.07367134094238281,48.842430114746094
1790852804184851502,0x68,joint_2,0.02761165418194154,-0.021155299488040593,-0.021155299488040593,-0.021155299488040593,0.0,-0.020943951023932005,9.982585906982422,8.66556167602539
1790852804195039552,0x69,joint_3,-0.24083498369804568,0.32638338781533016,0.32638338781533016,0.32638338781533016,0.0,0.3281218993749339,20.17045021057129,18.853425979614258
1790852804205059060,0x68,joint_2,0.02761165418194154,-0.021155299488040593,-0.021155299488040593,-0.021155299488040593,0.0,-0.020943951023932005,30.190229415893555,28.873205184936523
1790852804215112384,0x69,joint_3,-0.24083498369804568,0.32638338781533016,0.32638338781533016,0.32638338781533016,0.0,0.3263765701229397,40.24338722229004,38.92636299133301
1790852804224980812,0x68,joint_2,0.02761165418194154,-0.021155299488040593,-0.021155299488040593,-0.021155299488040593,0.0,-0.020943951023932005,0.23055076599121094,48.79474639892578
1790852804234915727,0x69,joint_3,-0.24083498369804568,0.32638338781533016,0.32638338781533016,0.32638338781533016,0.0,0.3281218993749339,10.165691375732422,8.635997772216797
1790852804245157928,0x68,joint_2,0.02761165418194154,-0.021155299488040593,-0.021155299488040593,-0.021155299488040593,0.0,-0.020943951023932005,20.407676696777344,18.87798309326172
1790852804254927034,0x69,joint_3,-0.24083498369804568,0.32638338781533016,0.32638338781533016,0.32638338781533016,0.0,0.3281218993749339,30.176877975463867,28.647184371948242
1790852804264907388,0x68,joint_2,0.02761165418194154,-0.021155299488040593,-0.021155299488040593,-0.021155299488040593,0.0,-0.020943951023932005,40.15707969665527,38.62738609313965
1790852804274927659,0x69,joint_3,-0.24083498369804568,0.32638338781533016,0.32638338781533016,0.32638338781533016,0.0,0.3263765701229397,0.5121231079101562,48.64764213562012
1790852804284747846,0x68,joint_2,0.02761165418194154,-0.021155299488040593,-0.021155299488040593,-0.021155299488040593,0.0,-0.020943951023932005,10.332345962524414,8.577823638916016
1790852804294612939,0x69,joint_3,-0.24083498369804568,0.32638338781533016,0.32638338781533016,0.32638338781533016,0.0,0.3281218993749339,20.197629928588867,18.44310760498047
1790852804306572356,0x68,joint_2,0.02761165418194154,-0.021155299488040593,-0.021155299488040593,-0.021155299488040593,0.0,-0.020943951023932005,32.156944274902344,30.402421951293945
1790852804315413202,0x69,joint_3,-0.24083498369804568,0.32638338781533016,0.32638338781533016,0.32638338781533016,0.0,0.3263765701229397,40.997982025146484,39.243459701538086
1790852804325624787,0x68,joint_2,0.02761165418194154,-0.021155299488040593,-0.021155299488040593,-0.021155299488040593,0.0,-0.020943951023932005,1.6865730285644531,49.45492744445801
1790852804336036154,0x69,joint_3,-0.24083498369804568,0.32638338781533016,0.32638338781533016,0.32638338781533016,0.0,0.3281218993749339,12.097835540771484,8.848190307617188
1790852804345891099,0x68,joint_2,0.02761165418194154,-0.021155299488040593,-0.021155299488040593,-0.021155299488040593,0.0,-0.020943951023932005,21.95286750793457,18.703222274780273
1790852804356094731,0x69,joint_3,-0.24083498369804568,0.32638338781533016,0.32638338781533016,0.32638338781533016,0.0,0.3281218993749339,32.15646743774414,28.906822204589844
1790852804366129160,0x68,joint_2,0.02761165418194154,-0.021155299488040593,-0.021155299488040593,-0.021155299488040593,0.0,-0.020943951023932005,42.1907901763916,38.941144943237305
1790852804376153807,0x69,joint_3,-0.24083498369804568,0.32638338781533016,0.32638338781533016,0.32638338781533016,0.0,0.3263765701229397,1.7213821411132812,48.9659309387207
1790852804386060443,0x68,joint_2,0.02761165418194154,-0.021155299488040593,-0.021155299488040593,-0.021155299488040593,0.0,-0.020943951023932005,11.628150939941406,9.178638458251953
1790852804394779875,0x69,joint_3,-0.24083498369804568,0.32638338781533016,0.32638338781533016,0.32638338781533016,0.0,0.3281218993749339,20.34735679626465,17.897844314575195
1790852804407227371,0x68,joint_2,0.02761165418194154,-0.021155299488040593,-0.021155299488040593,-0.021155299488040593,0.0,-0.020943951023932005,32.794952392578125,30.345439910888672
1790852804416170624,0x69,joint_3,-0.24083498369804568,0.32638338781533016,0.32638338781533016,0.32638338781533016,0.0,0.3281218993749339,41.738033294677734,39.28852081298828
1790852804424966902,0x68,joint_2,0.02761165418194154,-0.021155299488040593,-0.021155299488040593,-0.021155299488040593,0.0,-0.020943951023932005,0.5502700805664062,48.08497428894043
1790852804436151390,0x69,joint_3,-0.24083498369804568,0.32638338781533016,0.32638338781533016,0.32638338781533016,0.0,0.3263765701229397,11.734724044799805,9.095191955566406
1790852804444936045,0x68,joint_2,0.02761165418194154,-0.021155299488040593,-0.021155299488040593,-0.021155299488040593,0.0,-0.020943951023932005,20.519256591796875,17.879724502563477
1790852804456027971,0x69,joint_3,-0.24083498369804568,0.32638338781533016,0.32638338781533016,0.32638338781533016,0.0,0.3281218993749339,31.611204147338867,28.97167205810547
1790852804466688595,0x68,joint_2,0.02761165418194154,-0.021155299488040593,-0.021155299488040593,-0.021155299488040593,0.0,-0.020943951023932005,42.27185249328613,39.632320404052734
1790852804475915488,0x69,joint_3,-0.24083498369804568,0.32638338781533016,0.32638338781533016,0.32638338781533016,0.0,0.3263765701229397,1.8944740295410156,48.859357833862305
1790852804486040566,0x68,joint_2,0.02761165418194154,-0.021155299488040593,-0.021155299488040593,-0.021155299488040593,0.0,-0.020943951023932005,12.01939582824707,9.13095474243164
1790852804494901680,0x69,joint_3,-0.24083498369804568,0.32638338781533016,0.32638338781533016,0.32638338781533016,0.0,0.3281218993749339,20.880699157714844,17.992258071899414
1790852804504902464,0x68,joint_2,0.02761165418194154,-0.021155299488040593,-0.021155299488040593,-0.021155299488040593,0.0,-0.020943951023932005,30.881404876708984,27.992963790893555
1790852804514927389,0x69,joint_3,-0.24083498369804568,0.32638338781533016,0.32638338781533016,0.32638338781533016,0.0,0.3263765701229397,40.90619087219238,38.01774978637695
1790852804524904598,0x68,joint_2,0.02761165418194154,-0.021155299488040593,-0.021155299488040593,-0.021155299488040593,0.0,-0.020943951023932005,0.48351287841796875,47.99509048461914
1790852804534885334,0x69,joint_3,-0.24083498369804568,0.32638338781533016,0.32638338781533016,0.32638338781533016,0.0,0.3281218993749339,10.464191436767578,8.98289680480957
1790852804545047172,0x68,joint_2,0.02761165418194154,-0.021155299488040593,-0.021155299488040593,-0.021155299488040593,0.0,-0.020943951023932005,20.626306533813477,19.14501190185547
1790852804554832503,0x69,joint_3,-0.24083498369804568,0.32638338781533016,0.32638338781533016,0.32638338781533016,0.0,0.3281218993749339,30.411243438720703,28.929948806762695
1790852804564906397,0x68,joint_2,0.02761165418194154,-0.021155299488040593,-0.021155299488040593,-0.021155299488040593,0.0,-0.020943951023932005,40.485382080078125,39.00408744812012
1790852804574859351,0x69,joint_3,-0.24083498369804568,0.32638338781533016,0.32638338781533016,0.32638338781533016,0.0,0.3263765701229397,0.7581710815429688,48.956871032714844
1790852804584789517,0x68,joint_2,0.02761165418194154,-0.021155299488040593,-0.021155299488040593,-0.021155299488040593,0.0,-0.020943951023932005,10.688304901123047,8.953094482421875
1790852804594778922,0x69,joint_3,-0.24083498369804568,0.32638338781533016,0.32638338781533016,0.32638338781533016,0.0,0.3263765701229397,20.677804946899414,18.942594528198242
1790852804604763695,0x68,joint_2,0.02761165418194154,-0.021155299488040593,-0.021155299488040593,-0.021155299488040593,0.0,-0.020943951023932005,30.66253662109375,28.927326202392578
1790852804614784011,0x69,joint_3,-0.24083498369804568,0.32638338781533016,0.32638338781533016,0.32638338781533016,0.0,0.3281218993749339,40.68279266357422,38.94758224487305
1790852804624853575,0x68,joint_2,0.02761165418194154,-0.021155299488040593,-0.021155299488040593,-0.021155299488040593,0.0,-0.020943951023932005,0.6983280181884766,49.01719093322754
1790852804634777451,0x69,joint_3,-0.24083498369804568,0.32638338781533016,0.32638338781533016,0.32638338781533016,0.0,0.3281218993749339,10.622262954711914,8.926868438720703
1790852804644756638,0x68,joint_2,0.02761165418194154,-0.021155299488040593,-0.021155299488040593,-0.021155299488040593,0.0,-0.020943951023932005,20.601511001586914,18.906116485595703
1790852804654771045,0x69,joint_3,-0.24083498369804568,0.32638338781533016,0.32638338781533016,0.32638338781533016,0.0,0.3263765701229397,30.615806579589844,28.920412063598633
1790852804664782806,0x68,joint_2,0.02761165418194154,-0.021155299488040593,-0.021155299488040593,-0.021155299488040593,0.0,-0.020943951023932005,40.62771797180176,38.93232345581055
1790852804674878956,0x69,joint_3,-0.24083498369804568,0.32638338781533016,0.32638338781533016,0.32638338781533016,0.0,0.3263765701229397,0.6701946258544922,49.02839660644531
1790852804684604104,0x68,joint_2,0.02761165418194154,-0.021155299488040593,-0.021155299488040593,-0.021155299488040593,0.0,-0.020943951023932005,10.395288467407227,8.733987808227539
1790852804694609108,0x69,joint_3,-0.24083498369804568,0.32638338781533016,0.32638338781533016,0.32638338781533016,0.0,0.3281218993749339,20.400285720825195,18.738985061645508
1790852804704650518,0x68,joint_2,0.02761165418194154,-0.021155299488040593,-0.021155299488040593,-0.021155299488040593,0.0,-0.020943951023932005,30.441761016845703,28.780460357666016
1790852804714632145,0x69,joint_3,-0.24083498369804568,0.32638338781533016,0.32638338781533016,0.32638338781533016,0.0,0.3281218993749339,40.42339324951172,38.76209259033203
1790852804724390533,0x68,joint_2,0.02761165418194154,-0.021155299488040593,-0.021155299488040593,-0.021155299488040593,0.0,-0.020943951023932005,0.8270740509033203,48.520565032958984
1790852804734538562,0x69,joint_3,-0.24083498369804568,0.32638338781533016,0.32638338781533016,0.32638338781533016,0.0,0.3281218993749339,10.974884033203125,9.813308715820312
1790852804744547666,0x68,joint_2,0.02761165418194154,-0.021155299488040593,-0.021155299488040593,-0.021155299488040593,0.0,-0.020943951023932005,20.98393440246582,19.822359085083008
1790852804754507353,0x69,joint_3,-0.24083498369804568,0.32638338781533016,0.32638338781533016,0.32638338781533016,0.0,0.3281218993749339,30.943632125854492,29.78205680847168
1790852804764526151,0x68,joint_2,0.02761165418194154,-0.021155299488040593,-0.021155299488040593,-0.021155299488040593,0.0,-0.020943951023932005,40.96245765686035,39.80088233947754
1790852804774595008,0x69,joint_3,-0.24083498369804568,0.32638338781533016,0.32638338781533016,0.32638338781533016,0.0,0.3281218993749339,1.268625259399414,49.87001419067383
1790852804784573503,0x68,joint_2,0.02761165418194154,-0.021155299488040593,-0.021155299488040593,-0.021155299488040593,0.0,-0.020943951023932005,11.246919631958008,9.660005569458008
1790852804794585582,0x69,joint_3,-0.24083498369804568,0.32638338781533016,0.32638338781533016,0.32638338781533016,0.0,0.3281218993749339,21.259069442749023,19.672155380249023
1790852804804594052,0x68,joint_2,0.02761165418194154,-0.021155299488040593,-0.021155299488040593,-0.021155299488040593,0.0,-0.020943951023932005,31.267642974853516,29.680728912353516
1790852804814552239,0x69,joint_3,-0.24083498369804568,0.32638338781533016,0.32638338781533016,0.32638338781533016,0.0,0.3281218993749339,41.22591018676758,39.63899612426758
1790852804824765417,0x68,joint_2,0.02761165418194154,-0.021155299488040593,-0.021155299488040593,-0.021155299488040593,0.0,-0.020943951023932005,1.3344287872314453,49.85189437866211
1790852804834528613,0x69,joint_3,-0.24083498369804568,0.32638338781533016,0.32638338781533016,0.32638338781533016,0.0,0.3281218993749339,11.09766960144043,9.174346923828125
1790852804846604584,0x68,joint_2,0.02761165418194154,-0.021155299488040593,-0.021155299488040593,-0.021155299488040593,0.0,-0.020943951023932005,23.17357063293457,21.250247955322266
1790852804855231457,0x69,joint_3,-0.24083498369804568,0.32638338781533016,0.32638338781533016,0.32638338781533016,0.0,0.3263765701229397,31.800508499145508,29.877185821533203
1790852804865168622,0x68,joint_2,0.02761165418194154,-0.021155299488040593,-0.021155299488040593,-0.021155299488040593,0.0,-0.020943951023932005,41.73779487609863,39.81447219848633
1790852804874571963,0x69,joint_3,-0.24083498369804568,0.32638338781533016,0.32638338781533016,0.32638338781533016,0.0,0.3281218993749339,1.3079643249511719,49.21770095825195
1790852804885157882,0x68,joint_2,0.02761165418194154,-0.021155299488040593,-0.021155299488040593,-0.021155299488040593,0.0,-0.020943951023932005,11.893987655639648,8.924007415771484
1790852804895161260,0x69,joint_3,-0.24083498369804568,0.32638338781533016,0.32638338781533016,0.32638338781533016,0.0,0.3281218993749339,21.897315979003906,18.927335739135742
1790852804905296743,0x68,joint_2,0.02761165418194154,-0.021155299488040593,-0.021155299488040593,-0.021155299488040593,0.0,-0.020943951023932005,32.03272819519043,29.062747955322266
1790852804915335015,0x69,joint_3,-0.24083498369804568,0.32638338781533016,0.32638338781533016,0.32638338781533016,0.0,0.3281218993749339,42.070865631103516,39.10088539123535
1790852804925307954,0x68,joint_2,0.02761165418194154,-0.021155299488040593,-0.021155299488040593,-0.021155299488040593,0.0,-0.020943951023932005,1.8100738525390625,49.07393455505371
1790852804934575277,0x69,joint_3,-0.24083498369804568,0.32638338781533016,0.32638338781533016,0.32638338781533016,0.0,0.3281218993749339,11.077642440795898,8.672714233398438
1790852804944658685,0x68,joint_2,0.02761165418194154,-0.021155299488040593,-0.021155299488040593,-0.021155299488040593,0.0,-0.020943951023932005,21.16084098815918,18.75591278076172
1790852804954607643,0x69,joint_3,-0.24083498369804568,0.32638338781533016,0.32638338781533016,0.32638338781533016,0.0,0.3281218993749339,31.10980987548828,28.70488166809082
1790852804964701258,0x68,joint_2,0.02761165418194154,-0.021155299488040593,-0.021155299488040593,-0.021155299488040593,0.0,-0.020943951023932005,41.20349884033203,38.79857063293457
1790852804974968057,0x69,joint_3,-0.24083498369804568,0.32638338781533016,0.32638338781533016,0.32638338781533016,0.0,0.3281218993749339,1.1932849884033203,49.065351486206055
1790852804984772547,0x68,joint_2,0.02761165418194154,-0.021155299488040593,-0.021155299488040593,-0.021155299488040593,0.0,-0.020943951023932005,10.997772216796875,9.104013442993164
1790852804994772961,0x69,joint_3,-0.24083498369804568,0.32638338781533016,0.32638338781533016,0.32638338781533016,0.0,0.3263765701229397,20.998239517211914,19.104480743408203
1790852805006372089,0x68,joint_2,0.02761165418194154,-0.021155299488040593,-0.021155299488040593,-0.021155299488040593,0.0,-0.020943951023932005,32.59730339050293,30.70354461669922
1790852805015894610,0x69,joint_3,-0.24083498369804568,0.32638338781533016,0.32638338781533016,0.32638338781533016,0.0,0.3281218993749339,42.119741439819336,40.225982666015625
1790852805025868049,0x68,joint_2,0.02761165418194154,-0.021155299488040593,-0.021155299488040593,-0.021155299488040593,0.0,-0.020943951023932005,2.045154571533203,50.19950866699219
1790852805034877401,0x69,joint_3,-0.24083498369804568,0.32638338781533016,0.32638338781533016,0.32638338781533016,0.0,0.3281218993749339,11.054515838623047,8.327960968017578
1790852805044815756,0x68,joint_2,0.02761165418194154,-0.021155299488040593,-0.021155299488040593,-0.021155299488040593,0.0,-0.020943951023932005,20.99299430847168,18.26643943786621
1790852805055625878,0x69,joint_3,-0.24083498369804568,0.32638338781533016,0.32638338781533016,0.32638338781533016,0.0,0.3263765701229397,31.803131103515625,29.076576232910156
1790852805065632695,0x68,joint_2,0.02761165418194154,-0.021155299488040593,-0.021155299488040593,-0.021155299488040593,0.0,-0.020943951023932005,41.809797286987305,39.083242416381836
1790852805075299503,0x69,joint_3,-0.24083498369804568,0.32638338781533016,0.32638338781533016,0.32638338781533016,0.0,0.3281218993749339,1.8324851989746094,48.75016212463379
1790852805085712440,0x68,joint_2,0.02761165418194154,-0.021155299488040593,-0.021155299488040593,-0.021155299488040593,0.0,-0.020943951023932005,12.24517822265625,9.761571884155273
1790852805094658035,0x69,joint_3,-0.24083498369804568,0.32638338781533016,0.32638338781533016,0.32638338781533016,0.0,0.3263765701229397,21.190881729125977,18.707275390625
1790852805104642353,0x68,joint_2,0.02761165418194154,-0.021155299488040593,-0.021155299488040593,-0.021155299488040593,0.0,-0.020943951023932005,31.17513656616211,28.691530227661133
1790852805114955404,0x69,joint_3,-0.24083498369804568,0.32638338781533016,0.32638338781533016,0.32638338781533016,0.0,0.3281218993749339,41.4884090423584,39.00480270385742
1790852805124960545,0x68,joint_2,0.02761165418194154,-0.021155299488040593,-0.021155299488040593,-0.021155299488040593,0.0,-0.020943951023932005,0.4947185516357422,49.00979995727539
1790852805134963456,0x69,joint_3,-0.24083498369804568,0.32638338781533016,0.32638338781533016,0.32638338781533016,0.0,0.3263765701229397,10.497570037841797,9.187459945678711
1790852805144941932,0x68,joint_2,0.02761165418194154,-0.021155299488040593,-0.021155299488040593,-0.021155299488040593,0.0,-0.020943951023932005,20.476102828979492,19.165992736816406
1790852805154923612,0x69,joint_3,-0.24083498369804568,0.32638338781533016,0.32638338781533016,0.32638338781533016,0.0,0.3281218993749339,30.457735061645508,29.147624969482422
1790852805164908005,0x68,joint_2,0.02761165418194154,-0.021155299488040593,-0.021155299488040593,-0.021155299488040593,0.0,-0.020943951023932005,40.44222831726074,39.132118225097656
1790852805174866610,0x69,joint_3,-0.24083498369804568,0.32638338781533016,0.32638338781533016,0.32638338781533016,0.0,0.3281218993749339,0.4954338073730469,49.09086227416992
1790852805184769228,0x68,joint_2,0.02761165418194154,-0.021155299488040593,-0.021155299488040593,-0.021155299488040593,0.0,-0.020943951023932005,10.397911071777344,8.79979133605957
1790852805194943194,0x69,joint_3,-0.24083498369804568,0.32638338781533016,0.32638338781533016,0.32638338781533016,0.0,0.3281218993749339,20.57194709777832,18.973827362060547
1790852805204797192,0x68,joint_2,0.02761165418194154,-0.021155299488040593,-0.021155299488040593,-0.021155299488040593,0.0,-0.020943951023932005,30.4257869720459,28.827667236328125
1790852805214865419,0x69,joint_3,-0.24083498369804568,0.32638338781533016,0.32638338781533016,0.32638338781533016,0.0,0.3263765701229397,40.49396514892578,38.89584541320801
1790852805224885574,0x68,joint_2,0.02761165418194154,-0.021155299488040593,-0.021155299488040593,-0.021155299488040593,0.0,-0.020943951023932005,0.5486011505126953,48.91610145568848
1790852805234869690,0x69,joint_3,-0.24083498369804568,0.32638338781533016,0.32638338781533016,0.32638338781533016,0.0,0.3263765701229397,10.532855987548828,8.92782211303711
1790852805247109427,0x68,joint_2,0.02761165418194154,-0.021155299488040593,-0.021155299488040593,-0.021155299488040593,0.0,-0.020943951023932005,22.77231216430664,21.167278289794922
1790852805254818092,0x69,joint_3,-0.24083498369804568,0.32638338781533016,0.32638338781533016,0.32638338781533016,0.0,0.3263765701229397,30.48110008239746,28.876066207885742
1790852805264815860,0x68,joint_2,0.02761165418194154,-0.021155299488040593,-0.021155299488040593,-0.021155299488040593,0.0,-0.020943951023932005,40.47894477844238,38.873910903930664
1790852805274948767,0x69,joint_3,-0.24083498369804568,0.32638338781533016,0.32638338781533016,0.32638338781533016,0.0,0.3281218993749339,0.6766319274902344,49.00693893432617
1790852805289441092,0x68,joint_2,0.02761165418194154,-0.021155299488040593,-0.021155299488040593,-0.021155299488040593,0.0,-0.020943951023932005,15.16866683959961,13.400793075561523
1790852805295520465,0x69,joint_3,-0.24083498369804568,0.32638338781533016,0.32638338781533016,0.32638338781533016,0.0,0.3263765701229397,21.24810218811035,19.480228424072266
1790852805305510255,0x68,joint_2,0.02761165418194154,-0.021155299488040593,-0.021155299488040593,-0.021155299488040593,0.0,-0.020943951023932005,31.23784065246582,29.469966888427734
1790852805315596077,0x69,joint_3,-0.24083498369804568,0.32638338781533016,0.32638338781533016,0.32638338781533016,0.0,0.3281218993749339,41.32366180419922,39.55578804016113
1790852805326132310,0x68,joint_2,0.02761165418194154,-0.021155299488040593,-0.021155299488040593,-0.021155299488040593,0.0,-0.020943951023932005,2.393484115600586,50.09198188781738
1790852805335369739,0x69,joint_3,-0.24083498369804568,0.32638338781533016,0.32638338781533016,0.32638338781533016,0.0,0.3263765701229397,11.631011962890625,8.041858673095703
1790852805345665165,0x68,joint_2,0.02761165418194154,-0.021155299488040593,-0.021155299488040593,-0.021155299488040593,0.0,-0.020943951023932005,21.9266414642334,18.337488174438477
1790852805355436472,0x69,joint_3,-0.24083498369804568,0.32638338781533016,0.32638338781533016,0.32638338781533016,0.0,0.3281218993749339,31.697750091552734,28.108596801757812
1790852805365881027,0x68,joint_2,0.02761165418194154,-0.021155299488040593,-0.021155299488040593,-0.021155299488040593,0.0,-0.020943951023932005,42.142391204833984,38.55323791503906
1790852805375385706,0x69,joint_3,-0.24083498369804568,0.32638338781533016,0.32638338781533016,0.32638338781533016,0.0,0.3281218993749339,1.8634796142578125,48.05779457092285
1790852805385320219,0x68,joint_2,0.02761165418194154,-0.021155299488040593,-0.021155299488040593,-0.021155299488040593,0.0,-0.020943951023932005,11.797904968261719,9.37652587890625
1790852805395496267,0x69,joint_3,-0.24083498369804568,0.32638338781533016,0.32638338781533016,0.32638338781533016,0.0,0.3263765701229397,21.97408676147461,19.55270767211914
1790852805406663414,0x68,joint_2,0.02761165418194154,-0.021155299488040593,-0.021155299488040593,-0.021155299488040593,0.0,-0.020943951023932005,33.141136169433594,30.719757080078125
1790852805415423749,0x69,joint_3,-0.24083498369804568,0.32638338781533016,0.32638338781533016,0.32638338781533016,0.0,0.3281218993749339,41.901588439941406,39.48020935058594
1790852805425507816,0x68,joint_2,0.02761165418194154,-0.021155299488040593,-0.021155299488040593,-0.021155299488040593,0.0,-0.020943951023932005,1.8317699432373047,49.564361572265625
1790852805435392064,0x69,joint_3,-0.24083498369804568,0.32638338781533016,0.32638338781533016,0.32638338781533016,0.0,0.3281218993749339,11.715888977050781,9.238958358764648
1790852805444700634,0x68,joint_2,0.02761165418194154,-0.021155299488040593,-0.021155299488040593,-0.021155299488040593,0.0,-0.020943951023932005,21.024465560913086,18.547534942626953
1790852805455397682,0x69,joint_3,-0.24083498369804568,0.32638338781533016,0.32638338781533016,0.32638338781533016,0.0,0.3263765701229397,31.72159194946289,29.244661331176758
1790852805465345789,0x68,joint_2,0.02761165418194154,-0.021155299488040593,-0.021155299488040593,-0.021155299488040593,0.0,-0.020943951023932005,41.669607162475586,39.19267654418945
1790852805477771903,0x69,joint_3,-0.24083498369804568,0.32638338781533016,0.32638338781533016,0.32638338781533016,0.0,0.3263765701229397,4.093647003173828,51.61881446838379
1790852805486287045,0x68,joint_2,0.02761165418194154,-0.021155299488040593,-0.021155299488040593,-0.021155299488040593,0.0,-0.020943951023932005,12.608766555786133,7.611274719238281
1790852805496106642,0x69,joint_3,-0.24083498369804568,0.32638338781533016,0.32638338781533016,0.32638338781533016,0.0,0.3281218993749339,22.428512573242188,17.431020736694336
1790852805505686931,0x68,joint_2,0.02761165418194154,-0.021155299488040593,-0.021155299488040593,-0.021155299488040593,0.0,-0.020943951023932005,32.00888633728027,27.011394500732422
1790852805515314558,0x69,joint_3,-0.24083498369804568,0.32638338781533016,0.32638338781533016,0.32638338781533016,0.0,0.3281218993749339,41.63622856140137,36.638736724853516
1790852805525664470,0x68,joint_2,0.02761165418194154,-0.021155299488040593,-0.021155299488040593,-0.021155299488040593,0.0,-0.020943951023932005,2.501249313354492,46.988725662231445
1790852805535145696,0x69,joint_3,-0.24083498369804568,0.32638338781533016,0.32638338781533016,0.32638338781533016,0.0,0.3263765701229397,11.982440948486328,8.29458236694336
1790852805545387173,0x68,joint_2,0.02761165418194154,-0.021155299488040593,-0.021155299488040593,-0.021155299488040593,0.0,-0.020943951023932005,22.223949432373047,18.536090850830078
1790852805554992773,0x69,joint_3,-0.24083498369804568,0.32638338781533016,0.32638338781533016,0.32638338781533016,0.0,0.3263765701229397,31.8295955657959,28.14173698425293
1790852805564564578,0x68,joint_2,0.02761165418194154,-0.021155299488040593,-0.021155299488040593,-0.021155299488040593,0.0,-0.020943951023932005,41.40138626098633,37.71352767944336
1790852805574984765,0x69,joint_3,-0.24083498369804568,0.32638338781533016,0.32638338781533016,0.32638338781533016,0.0,0.3263765701229397,1.7015933990478516,48.13361167907715
1790852805585074000,0x68,joint_2,0.02761165418194154,-0.021155299488040593,-0.021155299488040593,-0.021155299488040593,0.0,-0.020943951023932005,11.790752410888672,9.674072265625
1790852805594562773,0x69,joint_3,-0.24083498369804568,0.32638338781533016,0.32638338781533016,0.32638338781533016,0.0,0.3263765701229397,21.27981185913086,19.163131713867188
1790852805605590330,0x68,joint_2,0.02761165418194154,-0.021155299488040593,-0.021155299488040593,-0.021155299488040593,0.0,-0.020943951023932005,32.30714797973633,30.190467834472656
1790852805615195686,0x69,joint_3,-0.24083498369804568,0.32638338781533016,0.32638338781533016,0.32638338781533016,0.0,0.3263765701229397,41.91255569458008,39.795875549316406
1790852805624933076,0x68,joint_2,0.02761165418194154,-0.021155299488040593,-0.021155299488040593,-0.021155299488040593,0.0,-0.020943951023932005,1.1792182922363281,49.53336715698242
1790852805635094307,0x69,joint_3,-0.24083498369804568,0.32638338781533016,0.32638338781533016,0.32638338781533016,0.0,0.3281218993749339,11.34037971496582,9.69243049621582
1790852805645229236,0x68,joint_2,0.02761165418194154,-0.021155299488040593,-0.021155299488040593,-0.021155299488040593,0.0,-0.020943951023932005,21.47531509399414,19.82736587524414
1790852805654956515,0x69,joint_3,-0.24083498369804568,0.32638338781533016,0.32638338781533016,0.32638338781533016,0.0,0.3281218993749339,31.20255470275879,29.55460548400879
1790852805664957019,0x68,joint_2,0.02761165418194154,-0.021155299488040593,-0.021155299488040593,-0.021155299488040593,0.0,-0.020943951023932005,41.20302200317383,39.55507278442383
1790852805675039666,0x69,joint_3,-0.24083498369804568,0.32638338781533016,0.32638338781533016,0.32638338781533016,0.0,0.3263765701229397,1.752614974975586,49.637794494628906
1790852805684941156,0x68,joint_2,0.02761165418194154,-0.021155299488040593,-0.021155299488040593,-0.021155299488040593,0.0,-0.020943951023932005,11.653900146484375,9.485721588134766
1790852805694818898,0x69,joint_3,-0.24083498369804568,0.32638338781533016,0.32638338781533016,0.32638338781533016,0.0,0.3281218993749339,21.53182029724121,19.3636417388916
1790852805704775030,0x68,joint_2,0.02761165418194154,-0.021155299488040593,-0.021155299488040593,-0.021155299488040593,0.0,-0.020943951023932005,31.48794174194336,29.31976318359375
1790852805714824128,0x69,joint_3,-0.24083498369804568,0.32638338781533016,0.32638338781533016,0.32638338781533016,0.0,0.3281218993749339,41.53704643249512,39.36886787414551
1790852805724894030,0x68,joint_2,0.02761165418194154,-0.021155299488040593,-0.021155299488040593,-0.021155299488040593,0.0,-0.020943951023932005,1.5728473663330078,49.4387149810791
1790852805734957404,0x69,joint_3,-0.24083498369804568,0.32638338781533016,0.32638338781533016,0.32638338781533016,0.0,0.3281218993749339,11.63625717163086,9.693145751953125
1790852805744986613,0x68,joint_2,0.02761165418194154,-0.021155299488040593,-0.021155299488040593,-0.021155299488040593,0.0,-0.020943951023932005,21.665573120117188,19.722461700439453
1790852805754614310,0x69,joint_3,-0.24083498369804568,0.32638338781533016,0.32638338781533016,0.32638338781533016,0.0,0.3281218993749339,31.293153762817383,29.35004234313965
1790852805764575624,0x68,joint_2,0.02761165418194154,-0.021155299488040593,-0.021155299488040593,-0.021155299488040593,0.0,-0.020943951023932005,41.25475883483887,39.31164741516113
1790852805774536420,0x69,joint_3,-0.24083498369804568,0.32638338781533016,0.32638338781533016,0.32638338781533016,0.0,0.3263765701229397,1.0075569152832031,49.27229881286621
1790852805784667736,0x68,joint_2,0.02761165418194154,-0.021155299488040593,-0.021155299488040593,-0.021155299488040593,0.0,-0.020943951023932005,11.138677597045898,9.635210037231445
1790852805794692631,0x69,joint_3,-0.24083498369804568,0.32638338781533016,0.32638338781533016,0.32638338781533016,0.0,0.3281218993749339,21.1637020111084,19.660234451293945
1790852805804675478,0x68,joint_2,0.02761165418194154,-0.021155299488040593,-0.021155299488040593,-0.021155299488040593,0.0,-0.020943951023932005,31.146526336669922,29.64305877685547
1790852805814597636,0x69,joint_3,-0.24083498369804568,0.32638338781533016,0.32638338781533016,0.32638338781533016,0.0,0.3281218993749339,41.06879234313965,39.565324783325195
1790852805824850657,0x68,joint_2,0.02761165418194154,-0.021155299488040593,-0.021155299488040593,-0.021155299488040593,0.0,-0.020943951023932005,0.7092952728271484,49.81827735900879
1790852805835088362,0x69,joint_3,-0.24083498369804568,0.32638338781533016,0.32638338781533016,0.32638338781533016,0.0,0.3281218993749339,10.946989059448242,9.564876556396484
1790852805845112547,0x68,joint_2,0.02761165418194154,-0.021155299488040593,-0.021155299488040593,-0.021155299488040593,0.0,-0.020943951023932005,20.971298217773438,19.58918571472168
1790852805855096292,0x69,joint_3,-0.24083498369804568,0.32638338781533016,0.32638338781533016,0.32638338781533016,0.0,0.3281218993749339,30.954837799072266,29.572725296020508
1790852805865332138,0x68,joint_2,0.02761165418194154,-0.021155299488040593,-0.021155299488040593,-0.021155299488040593,0.0,-0.020943951023932005,41.19086265563965,39.80875015258789
1790852805874889090,0x69,joint_3,-0.24083498369804568,0.32638338781533016,0.32638338781533016,0.32638338781533016,0.0,0.3263765701229397,50.74787139892578,49.36575889587402
1790852805885016683,0x68,joint_2,0.02761165418194154,-0.021155299488040593,-0.021155299488040593,-0.021155299488040593,0.0,-0.020943951023932005,9.990453720092773,8.901357650756836
1790852805895073326,0x69,joint_3,-0.24083498369804568,0.32638338781533016,0.32638338781533016,0.32638338781533016,0.0,0.3281218993749339,20.04718780517578,18.958091735839844
1790852805905071920,0x68,joint_2,0.02761165418194154,-0.021155299488040593,-0.021155299488040593,-0.021155299488040593,0.0,-0.020943951023932005,30.045747756958008,28.95665168762207
1790852805915176588,0x69,joint_3,-0.24083498369804568,0.32638338781533016,0.32638338781533016,0.32638338781533016,0.0,0.3281218993749339,40.15064239501953,39.061546325683594
1790852805925009933,0x68,joint_2,0.02761165418194154,-0.021155299488040593,-0.021155299488040593,-0.021155299488040593,0.0,-0.020943951023932005,0.23984909057617188,48.894643783569336
1790852805934931464,0x69,joint_3,-0.24083498369804568,0.32638338781533016,0.32638338781533016,0.32638338781533016,0.0,0.3281218993749339,10.161399841308594,8.716583251953125
1790852805944907917,0x68,joint_2,0.02761165418194154,-0.021155299488040593,-0.021155299488040593,-0.021155299488040593,0.0,-0.020943951023932005,20.138025283813477,18.693208694458008
1790852805954620048,0x69,joint_3,-0.24083498369804568,0.32638338781533016,0.32638338781533016,0.32638338781533016,0.0,0.3263765701229397,29.850244522094727,28.405427932739258
1790852805964506798,0x68,joint_2,0.02761165418194154,-0.021155299488040593,-0.021155299488040593,-0.021155299488040593,0.0,-0.020943951023932005,39.73698616027832,38.29216957092285
1790852805974413540,0x69,joint_3,-0.24083498369804568,0.32638338781533016,0.32638338781533016,0.32638338781533016,0.0,0.3281218993749339,1.2767314910888672,48.198699951171875
1790852805984697750,0x68,joint_2,0.02761165418194154,-0.021155299488040593,-0.021155299488040593,-0.021155299488040593,0.0,-0.020943951023932005,11.561155319213867,9.949207305908203
1790852805994442473,0x69,joint_3,-0.24083498369804568,0.32638338781533016,0.32638338781533016,0.32638338781533016,0.0,0.3281218993749339,21.30579948425293,19.693851470947266
1790852806005524807,0x68,joint_2,0.02761165418194154,-0.021155299488040593,-0.021155299488040593,-0.021155299488040593,0.0,-0.020943951023932005,32.38797187805176,30.776023864746094
1790852806014615649,0x69,joint_3,-0.24083498369804568,0.32638338781533016,0.32638338781533016,0.32638338781533016,0.0,0.3281218993749339,41.478872299194336,39.86692428588867
1790852806024446028,0x68,joint_2,0.02761165418194154,-0.021155299488040593,-0.021155299488040593,-0.021155299488040593,0.0,-0.020943951023932005,0.9143352508544922,49.697160720825195
1790852806034714889,0x69,joint_3,-0.24083498369804568,0.32638338781533016,0.32638338781533016,0.32638338781533016,0.0,0.3281218993749339,11.18326187133789,9.868383407592773
1790852806044950139,0x68,joint_2,0.02761165418194154,-0.021155299488040593,-0.021155299488040593,-0.021155299488040593,0.0,-0.020943951023932005,21.418333053588867,20.10345458984375
1790852806055106334,0x69,joint_3,-0.24083498369804568,0.32638338781533016,0.32638338781533016,0.32638338781533016,0.0,0.3281218993749339,31.574726104736328,30.25984764099121
1790852806064970780,0x68,joint_2,0.02761165418194154,-0.021155299488040593,-0.021155299488040593,-0.021155299488040593,0.0,-0.020943951023932005,41.43929481506348,40.12441635131836
1790852806075058432,0x69,joint_3,-0.24083498369804568,0.32638338781533016,0.32638338781533016,0.32638338781533016,0.0,0.3281218993749339,51.526784896850586,50.21190643310547
1790852806085296279,0x68,joint_2,0.02761165418194154,-0.021155299488040593,-0.021155299488040593,-0.021155299488040593,0.0,-0.020943951023932005,10.117053985595703,9.358644485473633
1790852806094965422,0x69,joint_3,-0.24083498369804568,0.32638338781533016,0.32638338781533016,0.32638338781533016,0.0,0.3281218993749339,19.786357879638672,19.0279483795166
1790852806104903936,0x68,joint_2,0.02761165418194154,-0.021155299488040593,-0.021155299488040593,-0.021155299488040593,0.0,-0.020943951023932005,29.724597930908203,28.966188430786133
1790852806114991076,0x69,joint_3,-0.24083498369804568,0.32638338781533016,0.32638338781533016,0.32638338781533016,0.0,0.3263765701229397,39.81184959411621,39.05344009399414
1790852806125032691,0x68,joint_2,0.02761165418194154,-0.021155299488040593,-0.021155299488040593,-0.021155299488040593,0.0,-0.020943951023932005,0.3426074981689453,49.09515380859375
1790852806135138319,0x69,joint_3,-0.24083498369804568,0.32638338781533016,0.32638338781533016,0.32638338781533016,0.0,0.3281218993749339,10.448217391967773,8.872509002685547
1790852806144903140,0x68,joint_2,0.02761165418194154,-0.021155299488040593,-0.021155299488040593,-0.021155299488040593,0.0,-0.020943951023932005,20.212888717651367,18.63718032836914
1790852806155177833,0x69,joint_3,-0.24083498369804568,0.32638338781533016,0.32638338781533016,0.32638338781533016,0.0,0.3281218993749339,30.487537384033203,28.911828994750977
1790852806165278678,0x68,joint_2,0.02761165418194154,-0.021155299488040593,-0.021155299488040593,-0.021155299488040593,0.0,-0.020943951023932005,40.5886173248291,39.012908935546875
1790852806174977249,0x69,joint_3,-0.24083498369804568,0.32638338781533016,0.32638338781533016,0.32638338781533016,0.0,0.3263765701229397,50.28700828552246,48.711299896240234
1790852806185164956,0x68,joint_2,0.02761165418194154,-0.021155299488040593,-0.021155299488040593,-0.021155299488040593,0.0,-0.020943951023932005,10.182619094848633,8.979558944702148
1790852806194880272,0x69,joint_3,-0.24083498369804568,0.32638338781533016,0.32638338781533016,0.32638338781533016,0.0,0.3281218993749339,19.897937774658203,18.69487762451172
1790852806204892201,0x68,joint_2,0.02761165418194154,-0.021155299488040593,-0.021155299488040593,-0.021155299488040593,0.0,-0.020943951023932005,29.909610748291016,28.70655059814453
1790852806214895948,0x69,joint_3,-0.24083498369804568,0.32638338781533016,0.32638338781533016,0.32638338781533016,0.0,0.3281218993749339,39.91341590881348,38.71035575866699
1790852806224879985,0x68,joint_2,0.02761165418194154,-0.021155299488040593,-0.021155299488040593,-0.021155299488040593,0.0,-0.020943951023932005,0.7200241088867188,48.69437217712402
1790852806234908559,0x69,joint_3,-0.24083498369804568,0.32638338781533016,0.32638338781533016,0.32638338781533016,0.0,0.3281218993749339,10.748863220214844,8.992671966552734
1790852806245060853,0x68,joint_2,0.02761165418194154,-0.021155299488040593,-0.021155299488040593,-0.021155299488040593,0.0,-0.020943951023932005,20.900964736938477,19.144773483276367
1790852806254911852,0x69,joint_3,-0.24083498369804568,0.32638338781533016,0.32638338781533016,0.32638338781533016,0.0,0.3281218993749339,30.751943588256836,28.995752334594727
1790852806264907841,0x68,joint_2,0.02761165418194154,-0.021155299488040593,-0.021155299488040593,-0.021155299488040593,0.0,-0.020943951023932005,40.747880935668945,38.991689682006836
1790852806274965882,0x69,joint_3,-0.24083498369804568,0.32638338781533016,0.32638338781533016,0.32638338781533016,0.0,0.3281218993749339,0.5133152008056641,49.04961585998535
1790852806285037878,0x68,joint_2,0.02761165418194154,-0.021155299488040593,-0.021155299488040593,-0.021155299488040593,0.0,-0.020943951023932005,10.585546493530273,8.955717086791992
1790852806294901957,0x69,joint_3,-0.24083498369804568,0.32638338781533016,0.32638338781533016,0.32638338781533016,0.0,0.3281218993749339,20.44963836669922,18.819808959960938
1790852806305057649,0x68,joint_2,0.02761165418194154,-0.021155299488040593,-0.021155299488040593,-0.021155299488040593,0.0,-0.020943951023932005,30.605316162109375,28.975486755371094
1790852806314900028,0x69,joint_3,-0.24083498369804568,0.32638338781533016,0.32638338781533016,0.32638338781533016,0.0,0.3263765701229397,40.44771194458008,38.8178825378418
1790852806324978482,0x68,joint_2,0.02761165418194154,-0.021155299488040593,-0.021155299488040593,-0.021155299488040593,0.0,-0.020943951023932005,0.3960132598876953,48.89631271362305
1790852806334882553,0x69,joint_3,-0.24083498369804568,0.32638338781533016,0.32638338781533016,0.32638338781533016,0.0,0.3263765701229397,10.300159454345703,8.792638778686523
1790852806347094483,0x68,joint_2,0.02761165418194154,-0.021155299488040593,-0.021155299488040593,-0.021155299488040593,0.0,-0.020943951023932005,22.511959075927734,21.004438400268555
1790852806355826268,0x69,joint_3,-0.24083498369804568,0.32638338781533016,0.32638338781533016,0.32638338781533016,0.0,0.3263765701229397,31.24380111694336,29.73628044128418
1790852806366240031,0x68,joint_2,0.02761165418194154,-0.021155299488040593,-0.021155299488040593,-0.021155299488040593,0.0,-0.020943951023932005,41.657447814941406,40.14992713928223
1790852806375053212,0x69,joint_3,-0.24083498369804568,0.32638338781533016,0.32638338781533016,0.32638338781533016,0.0,0.3263765701229397,0.5121231079101562,48.963308334350586
1790852806386194043,0x68,joint_2,0.02761165418194154,-0.021155299488040593,-0.021155299488040593,-0.021155299488040593,0.0,-0.020943951023932005,11.652708053588867,8.893489837646484
1790852806396002757,0x69,joint_3,-0.24083498369804568,0.32638338781533016,0.32638338781533016,0.32638338781533016,0.0,0.3281218993749339,21.46172523498535,18.70250701904297
1790852806406010417,0x68,joint_2,0.02761165418194154,-0.021155299488040593,-0.021155299488040593,-0.021155299488040593,0.0,-0.020943951023932005,31.469106674194336,28.709888458251953
1790852806416056790,0x69,joint_3,-0.24083498369804568,0.32638338781533016,0.32638338781533016,0.32638338781533016,0.0,0.3281218993749339,41.51558876037598,38.756370544433594
1790852806426568371,0x68,joint_2,0.02761165418194154,-0.021155299488040593,-0.021155299488040593,-0.021155299488040593,0.0,-0.020943951023932005,1.7883777618408203,49.26800727844238
1790852806434740578,0x69,joint_3,-0.24083498369804568,0.32638338781533016,0.32638338781533016,0.32638338781533016,0.0,0.3281218993749339,9.960412979125977,7.236719131469727
1790852806446872972,0x68,joint_2,0.02761165418194154,-0.021155299488040593,-0.021155299488040593,-0.021155299488040593,0.0,-0.020943951023932005,22.09305763244629,19.36936378479004
1790852806454889487,0x69,joint_3,-0.24083498369804568,0.32638338781533016,0.32638338781533016,0.32638338781533016,0.0,0.3281218993749339,30.109405517578125,27.385711669921875
1790852806465088189,0x68,joint_2,0.02761165418194154,-0.021155299488040593,-0.021155299488040593,-0.021155299488040593,0.0,-0.020943951023932005,40.308237075805664,37.584543228149414
1790852806474965681,0x69,joint_3,-0.24083498369804568,0.32638338781533016,0.32638338781533016,0.32638338781533016,0.0,0.3281218993749339,0.2048015594482422,47.46198654174805
1790852806484885811,0x68,joint_2,0.02761165418194154,-0.021155299488040593,-0.021155299488040593,-0.021155299488040593,0.0,-0.020943951023932005,10.124921798706055,8.750677108764648
1790852806494948225,0x69,joint_3,-0.24083498369804568,0.32638338781533016,0.32638338781533016,0.32638338781533016,0.0,0.3263765701229397,20.1873779296875,18.813133239746094
1790852806505076322,0x68,joint_2,0.02761165418194154,-0.021155299488040593,-0.021155299488040593,-0.021155299488040593,0.0,-0.020943951023932005,30.315399169921875,28.94115447998047
1790852806515201548,0x69,joint_3,-0.24083498369804568,0.32638338781533016,0.32638338781533016,0.32638338781533016,0.0,0.3281218993749339,40.44055938720703,39.066314697265625
1790852806525199168,0x68,joint_2,0.02761165418194154,-0.021155299488040593,-0.021155299488040593,-0.021155299488040593,0.0,-0.020943951023932005,50.43816566467285,49.063920974731445
1790852806535065896,0x69,joint_3,-0.24083498369804568,0.32638338781533016,0.32638338781533016,0.32638338781533016,0.0,0.3281218993749339,9.855508804321289,8.185386657714844
1790852806545162007,0x68,joint_2,0.02761165418194154,-0.021155299488040593,-0.021155299488040593,-0.021155299488040593,0.0,-0.020943951023932005,19.951820373535156,18.28169822692871
1790852806554976647,0x69,joint_3,-0.24083498369804568,0.32638338781533016,0.32638338781533016,0.32638338781533016,0.0,0.3281218993749339,29.766559600830078,28.096437454223633
1790852806564930290,0x68,joint_2,0.02761165418194154,-0.021155299488040593,-0.021155299488040593,-0.021155299488040593,0.0,-0.020943951023932005,39.72005844116211,38.049936294555664
1790852806575168207,0x69,joint_3,-0.24083498369804568,0.32638338781533016,0.32638338781533016,0.32638338781533016,0.0,0.3281218993749339,49.957990646362305,48.28786849975586
1790852806585219573,0x68,joint_2,0.02761165418194154,-0.021155299488040593,-0.021155299488040593,-0.021155299488040593,0.0,-0.020943951023932005,9.627103805541992,8.328437805175781
1790852806595177169,0x69,joint_3,-0.24083498369804568,0.32638338781533016,0.32638338781533016,0.32638338781533016,0.0,0.3281218993749339,19.58489418029785,18.28622817993164
1790852806605237536,0x68,joint_2,0.02761165418194154,-0.021155299488040593,-0.021155299488040593,-0.021155299488040593,0.0,-0.020943951023932005,29.645204544067383,28.346538543701172
1790852806615167720,0x69,joint_3,-0.24083498369804568,0.32638338781533016,0.32638338781533016,0.32638338781533016,0.0,0.3281218993749339,39.57533836364746,38.27667236328125
1790852806625144715,0x68,joint_2,0.02761165418194154,-0.021155299488040593,-0.021155299488040593,-0.021155299488040593,0.0,-0.020943951023932005,49.55244064331055,48.253774642944336
1790852806635158925,0x69,joint_3,-0.24083498369804568,0.32638338781533016,0.32638338781533016,0.32638338781533016,0.0,0.3263765701229397,9.496927261352539,8.310079574584961
1790852806646672617,0x68,joint_2,0.02761165418194154,-0.021155299488040593,-0.021155299488040593,-0.021155299488040593,0.0,-0.020943951023932005,21.010398864746094,19.823551177978516
1790852806654911238,0x69,joint_3,-0.24083498369804568,0.32638338781533016,0.32638338781533016,0.32638338781533016,0.0,0.3281218993749339,29.248952865600586,28.062105178833008
1790852806665066887,0x68,joint_2,0.02761165418194154,-0.021155299488040593,-0.021155299488040593,-0.021155299488040593,0.0,-0.020943951023932005,39.404869079589844,38.218021392822266
1790852806674978432,0x69,joint_3,-0.24083498369804568,0.32638338781533016,0.32638338781533016,0.32638338781533016,0.0,0.3281218993749339,1.7561912536621094,48.12932014465332
1790852806685087792,0x68,joint_2,0.02761165418194154,-0.021155299488040593,-0.021155299488040593,-0.021155299488040593,0.0,-0.020943951023932005,11.865615844726562,9.72604751586914
1790852806694906772,0x69,joint_3,-0.24083498369804568,0.32638338781533016,0.32638338781533016,0.32638338781533016,0.0,0.3281218993749339,21.684646606445312,19.54507827758789
1790852806705369905,0x68,joint_2,0.02761165418194154,-0.021155299488040593,-0.021155299488040593,-0.021155299488040593,0.0,-0.020943951023932005,32.14764595031738,30.00807762145996
1790852806715372526,0x69,joint_3,-0.24083498369804568,0.32638338781533016,0.32638338781533016,0.32638338781533016,0.0,0.3263765701229397,42.150259017944336,40.010690689086914
1790852806724984092,0x68,joint_2,0.02761165418194154,-0.021155299488040593,-0.021155299488040593,-0.021155299488040593,0.0,-0.020943951023932005,1.184701919555664,49.622297286987305
1790852806734447276,0x69,joint_3,-0.24083498369804568,0.32638338781533016,0.32638338781533016,0.32638338781533016,0.0,0.3281218993749339,10.648012161254883,8.806705474853516
1790852806744412620,0x68,joint_2,0.02761165418194154,-0.021155299488040593,-0.021155299488040593,-0.021155299488040593,0.0,-0.020943951023932005,20.613431930541992,18.772125244140625
1790852806754562495,0x69,joint_3,-0.24083498369804568,0.32638338781533016,0.32638338781533016,0.32638338781533016,0.0,0.3263765701229397,30.76314926147461,28.921842575073242
1790852806764566828,0x68,joint_2,0.02761165418194154,-0.021155299488040593,-0.021155299488040593,-0.021155299488040593,0.0,-0.020943951023932005,40.76743125915527,38.926124572753906
1790852806774759530,0x69,joint_3,-0.24083498369804568,0.32638338781533016,0.32638338781533016,0.32638338781533016,0.0,0.3263765701229397,0.8213520050048828,49.118757247924805
1790852806784686899,0x68,joint_2,0.02761165418194154,-0.021155299488040593,-0.021155299488040593,-0.021155299488040593,0.0,-0.020943951023932005,10.748863220214844,9.580612182617188
1790852806794724384,0x69,joint_3,-0.24083498369804568,0.32638338781533016,0.32638338781533016,0.32638338781533016,0.0,0.3263765701229397,20.786285400390625,19.61803436279297
1790852806804944200,0x68,joint_2,0.02761165418194154,-0.021155299488040593,-0.021155299488040593,-0.021155299488040593,0.0,-0.020943951023932005,31.0060977935791,29.837846755981445
1790852806815123524,0x69,joint_3,-0.24083498369804568,0.32638338781533016,0.32638338781533016,0.32638338781533016,0.0,0.3281218993749339,41.18537902832031,40.017127990722656
1790852806825210063,0x68,joint_2,0.02761165418194154,-0.021155299488040593,-0.021155299488040593,-0.021155299488040593,0.0,-0.020943951023932005,0.03337860107421875,50.10390281677246
1790852806835058604,0x69,joint_3,-0.24083498369804568,0.32638338781533016,0.32638338781533016,0.32638338781533016,0.0,0.3281218993749339,9.881734848022461,8.65936279296875
1790852806844942154,0x68,joint_2,0.02761165418194154,-0.021155299488040593,-0.021155299488040593,-0.021155299488040593,0.0,-0.020943951023932005,19.765138626098633,18.542766571044922
1790852806854956654,0x69,joint_3,-0.24083498369804568,0.32638338781533016,0.32638338781533016,0.32638338781533016,0.0,0.3281218993749339,29.779672622680664,28.557300567626953
1790852806864932199,0x68,joint_2,0.02761165418194154,-0.021155299488040593,-0.021155299488040593,-0.021155299488040593,0.0,-0.020943951023932005,39.75534439086914,38.53297233581543
1790852806875203197,0x69,joint_3,-0.24083498369804568,0.32638338781533016,0.32638338781533016,0.32638338781533016,0.0,0.3281218993749339,0.027179718017578125,48.80380630493164
1790852806885059325,0x68,joint_2,0.02761165418194154,-0.021155299488040593,-0.021155299488040593,-0.021155299488040593,0.0,-0.020943951023932005,9.883403778076172,8.151769638061523
1790852806895187400,0x69,joint_3,-0.24083498369804568,0.32638338781533016,0.32638338781533016,0.32638338781533016,0.0,0.3263765701229397,20.01166343688965,18.280029296875
1790852806905078156,0x68,joint_2,0.02761165418194154,-0.021155299488040593,-0.021155299488040593,-0.021155299488040593,0.0,-0.020943951023932005,29.90245819091797,28.17082405090332
1790852806915076456,0x69,joint_3,-0.24083498369804568,0.32638338781533016,0.32638338781533016,0.32638338781533016,0.0,0.3281218993749339,39.90054130554199,38.168907165527344
1790852806931763038,0x68,joint_2,0.02761165418194154,-0.021155299488040593,-0.021155299488040593,-0.021155299488040593,0.0,-0.020943951023932005,6.796121597290039,54.8555850982666
1790852806938190691,0x69,joint_3,-0.24083498369804568,0.32638338781533016,0.32638338781533016,0.32638338781533016,0.0,0.3263765701229397,13.223648071289062,3.7844181060791016
1790852806945845645,0x68,joint_2,0.02761165418194154,-0.021155299488040593,-0.021155299488040593,-0.021155299488040593,0.0,-0.020943951023932005,20.87879180908203,11.43956184387207
1790852806955451708,0x69,joint_3,-0.24083498369804568,0.32638338781533016,0.32638338781533016,0.32638338781533016,0.0,0.3281218993749339,30.484676361083984,21.045446395874023
1790852806964592658,0x68,joint_2,0.02761165418194154,-0.021155299488040593,-0.021155299488040593,-0.021155299488040593,0.0,-0.020943951023932005,39.62564468383789,30.18641471862793
1790852806974792652,0x69,joint_3,-0.24083498369804568,0.32638338781533016,0.32638338781533016,0.32638338781533016,0.0,0.3281218993749339,1.3344287872314453,40.38643836975098
