ros_time_ns,bag_receive_time_ns,motor,leader_joint,signal,position_rad,velocity_rad_s
1790848495635853850,1790848495636056773,0x68,joint_2,q_leader,-0.019941750242513337,
1790848495635853850,1790848495636056773,0x69,joint_3,q_leader,0.14726215563702155,
1790848495645304258,1790848495645544426,0x68,joint_2,q_actual,0.06981317007977318,
1790848495655164154,1790848495655365061,0x69,joint_3,q_actual,0.3159045946109737,
1790848495665091207,1790848495665254931,0x68,joint_2,q_actual,0.06981317007977318,
1790848495674981163,1790848495675093048,0x69,joint_3,q_actual,0.3159045946109737,
1790848495684914968,1790848495684985983,0x68,joint_2,q_actual,0.06981317007977318,
1790848495685037529,1790848495685108999,0x68,joint_2,q_leader,-0.019941750242513337,
1790848495685037529,1790848495685108999,0x69,joint_3,q_leader,0.14726215563702155,
1790848495694890759,1790848495694949090,0x69,joint_3,q_actual,0.3159045946109737,
1790848495704891732,1790848495704951299,0x68,joint_2,q_actual,0.06981317007977318,
1790848495714899505,1790848495714963020,0x69,joint_3,q_actual,0.3159045946109737,
1790848495724897576,1790848495724960354,0x68,joint_2,q_actual,0.06981317007977318,
1790848495734892401,1790848495734968289,0x69,joint_3,q_actual,0.3159045946109737,
1790848495735115046,1790848495735185342,0x68,joint_2,q_leader,-0.019941750242513337,
1790848495735115046,1790848495735185342,0x69,joint_3,q_leader,0.14726215563702155,
1790848495744972242,1790848495745132716,0x68,joint_2,q_actual,0.06981317007977318,
1790848495754937299,1790848495755042620,0x69,joint_3,q_actual,0.3159045946109737,
1790848495764911328,1790848495764990304,0x68,joint_2,q_actual,0.06981317007977318,
1790848495774896967,1790848495774962886,0x69,joint_3,q_actual,0.3159045946109737,
1790848495784928629,1790848495785012606,0x68,joint_2,q_actual,0.06981317007977318,
1790848495784992634,1790848495785068009,0x68,joint_2,q_leader,-0.019941750242513337,
1790848495784992634,1790848495785068009,0x69,joint_3,q_leader,0.14726215563702155,
1790848495794921795,1790848495795007908,0x69,joint_3,q_actual,0.3159045946109737,
1790848495804909741,1790848495804965843,0x68,joint_2,q_actual,0.06981317007977318,
1790848495814923843,1790848495814991848,0x69,joint_3,q_actual,0.3159045946109737,
1790848495824927522,1790848495825011905,0x68,joint_2,q_actual,0.06981317007977318,
1790848495834896420,1790848495834981331,0x69,joint_3,q_actual,0.3159045946109737,
1790848495835212836,1790848495835311143,0x68,joint_2,q_leader,-0.019941750242513337,
1790848495835212836,1790848495835311143,0x69,joint_3,q_leader,0.14726215563702155,
1790848495844979512,1790848495845087203,0x68,joint_2,q_actual,0.06981317007977318,
1790848495854893152,1790848495854978749,0x69,joint_3,q_actual,0.3159045946109737,
1790848495864886297,1790848495864966388,0x68,joint_2,q_actual,0.06981317007977318,
1790848495874900652,1790848495874982949,0x69,joint_3,q_actual,0.3159045946109737,
1790848495884904739,1790848495884985612,0x68,joint_2,q_actual,0.06981317007977318,
1790848495885056976,1790848495885175129,0x68,joint_2,q_leader,-0.019941750242513337,
1790848495885056976,1790848495885175129,0x69,joint_3,q_leader,0.14726215563702155,
1790848495894893337,1790848495894982132,0x69,joint_3,q_actual,0.3159045946109737,
1790848495904901328,1790848495904992931,0x68,joint_2,q_actual,0.06981317007977318,
1790848495914902128,1790848495914996194,0x69,joint_3,q_actual,0.3159045946109737,
1790848495924891733,1790848495925008556,0x68,joint_2,q_actual,0.06981317007977318,
1790848495935009830,1790848495935126110,0x69,joint_3,q_actual,0.3159045946109737,
1790848495935066088,1790848495935171238,0x68,joint_2,q_leader,-0.019941750242513337,
1790848495935066088,1790848495935171238,0x69,joint_3,q_leader,0.14726215563702155,
1790848495944935771,1790848495945046112,0x68,joint_2,q_actual,0.06981317007977318,
1790848495954943784,1790848495955061746,0x69,joint_3,q_actual,0.3159045946109737,
1790848495964948224,1790848495965074593,0x68,joint_2,q_actual,0.06981317007977318,
1790848495974946715,1790848495975070063,0x69,joint_3,q_actual,0.3159045946109737,
1790848495984940558,1790848495985046612,0x68,joint_2,q_actual,0.06981317007977318,
1790848495985113957,1790848495985202965,0x68,joint_2,q_leader,-0.019941750242513337,
1790848495985113957,1790848495985202965,0x69,joint_3,q_leader,0.14726215563702155,
1790848495994987086,1790848495995132902,0x69,joint_3,q_actual,0.3159045946109737,
1790848496004927730,1790848496005023726,0x68,joint_2,q_actual,0.06981317007977318,
1790848496014925344,1790848496015032867,0x69,joint_3,q_actual,0.3159045946109737,
1790848496024922746,1790848496025025754,0x68,joint_2,q_actual,0.06981317007977318,
1790848496034982625,1790848496035080542,0x69,joint_3,q_actual,0.3159045946109737,
1790848496035055096,1790848496035123840,0x68,joint_2,q_leader,-0.019941750242513337,
1790848496035055096,1790848496035123840,0x69,joint_3,q_leader,0.14726215563702155,
1790848496044977872,1790848496045117137,0x68,joint_2,q_actual,0.06981317007977318,
1790848496054944267,1790848496055075416,0x69,joint_3,q_actual,0.3159045946109737,
1790848496064976809,1790848496065081564,0x68,joint_2,q_actual,0.06981317007977318,
1790848496074922768,1790848496075028094,0x69,joint_3,q_actual,0.3159045946109737,
1790848496084983973,1790848496085091726,0x68,joint_2,q_actual,0.06981317007977318,
1790848496085208066,1790848496085356358,0x68,joint_2,q_leader,-0.019941750242513337,
1790848496085208066,1790848496085356358,0x69,joint_3,q_leader,0.14726215563702155,
1790848496094911481,1790848496095005014,0x69,joint_3,q_actual,0.3159045946109737,
1790848496104918670,1790848496105011569,0x68,joint_2,q_actual,0.06981317007977318,
1790848496114915775,1790848496115011737,0x69,joint_3,q_actual,0.3159045946109737,
1790848496124919075,1790848496125024009,0x68,joint_2,q_actual,0.06981317007977318,
1790848496134956945,1790848496135072439,0x69,joint_3,q_actual,0.3159045946109737,
1790848496135065491,1790848496135134309,0x68,joint_2,q_leader,-0.019941750242513337,
1790848496135065491,1790848496135134309,0x69,joint_3,q_leader,0.14726215563702155,
1790848496144921870,1790848496145025982,0x68,joint_2,q_actual,0.06981317007977318,
1790848496154930138,1790848496155038689,0x69,joint_3,q_actual,0.3159045946109737,
1790848496164925913,1790848496165028594,0x68,joint_2,q_actual,0.06981317007977318,
1790848496174921052,1790848496175025932,0x69,joint_3,q_actual,0.3159045946109737,
1790848496184923994,1790848496185024848,0x68,joint_2,q_actual,0.06981317007977318,
1790848496185103463,1790848496185173449,0x68,joint_2,q_leader,-0.019941750242513337,
1790848496185103463,1790848496185173449,0x69,joint_3,q_leader,0.14726215563702155,
1790848496194936087,1790848496195035986,0x69,joint_3,q_actual,0.3159045946109737,
1790848496205077864,1790848496205230585,0x68,joint_2,q_actual,0.06981317007977318,
1790848496214928399,1790848496215034952,0x69,joint_3,q_actual,0.3159045946109737,
1790848496224925291,1790848496225030526,0x68,joint_2,q_actual,0.06981317007977318,
1790848496234856683,1790848496234976332,0x68,joint_2,q_leader,-0.019941750242513337,
1790848496234856683,1790848496234976332,0x69,joint_3,q_leader,0.14726215563702155,
1790848496234930826,1790848496235003224,0x69,joint_3,q_actual,0.3159045946109737,
1790848496245088587,1790848496245228187,0x68,joint_2,q_actual,0.06981317007977318,
1790848496254990884,1790848496255095204,0x69,joint_3,q_actual,0.3159045946109737,
1790848496265007725,1790848496265109987,0x68,joint_2,q_actual,0.06981317007977318,
1790848496274918375,1790848496275018236,0x69,joint_3,q_actual,0.3159045946109737,
1790848496284956123,1790848496285065928,0x68,joint_2,q_actual,0.06981317007977318,
1790848496284979453,1790848496285101688,0x68,joint_2,q_leader,-0.019941750242513337,
1790848496284979453,1790848496285101688,0x69,joint_3,q_leader,0.14726215563702155,
1790848496294979218,1790848496295085968,0x69,joint_3,q_actual,0.3159045946109737,
1790848496304929803,1790848496305029627,0x68,joint_2,q_actual,0.06981317007977318,
1790848496314921061,1790848496315022285,0x69,joint_3,q_actual,0.3159045946109737,
1790848496324975801,1790848496325078885,0x68,joint_2,q_actual,0.06981317007977318,
1790848496334926848,1790848496335036242,0x69,joint_3,q_actual,0.3159045946109737,
1790848496335106491,1790848496335246161,0x68,joint_2,q_leader,-0.019941750242513337,
1790848496335106491,1790848496335246161,0x69,joint_3,q_leader,0.14726215563702155,
1790848496344931362,1790848496345029063,0x68,joint_2,q_actual,0.06981317007977318,
1790848496354946239,1790848496355038026,0x69,joint_3,q_actual,0.3159045946109737,
1790848496364910455,1790848496365005355,0x68,joint_2,q_actual,0.06981317007977318,
1790848496374914122,1790848496375005585,0x69,joint_3,q_actual,0.3159045946109737,
1790848496384931385,1790848496385026442,0x68,joint_2,q_actual,0.06981317007977318,
1790848496385006473,1790848496385139666,0x68,joint_2,q_leader,-0.019941750242513337,
1790848496385006473,1790848496385139666,0x69,joint_3,q_leader,0.14726215563702155,
1790848496394919362,1790848496395022414,0x69,joint_3,q_actual,0.3159045946109737,
1790848496404965808,1790848496405056926,0x68,joint_2,q_actual,0.06981317007977318,
1790848496415053561,1790848496415182130,0x69,joint_3,q_actual,0.3159045946109737,
1790848496425011103,1790848496425118623,0x68,joint_2,q_actual,0.06981317007977318,
1790848496434997552,1790848496435113556,0x69,joint_3,q_actual,0.3159045946109737,
1790848496435218378,1790848496435463392,0x68,joint_2,q_leader,-0.019941750242513337,
1790848496435218378,1790848496435463392,0x69,joint_3,q_leader,0.14726215563702155,
1790848496444977895,1790848496445122918,0x68,joint_2,q_actual,0.06981317007977318,
1790848496454954466,1790848496455093013,0x69,joint_3,q_actual,0.3159045946109737,
1790848496464932319,1790848496465058394,0x68,joint_2,q_actual,0.06981317007977318,
1790848496474918306,1790848496475035456,0x69,joint_3,q_actual,0.3159045946109737,
1790848496484993146,1790848496485122564,0x68,joint_2,q_actual,0.06981317007977318,
1790848496485152889,1790848496485251425,0x68,joint_2,q_leader,-0.019941750242513337,
1790848496485152889,1790848496485251425,0x69,joint_3,q_leader,0.14726215563702155,
1790848496494984548,1790848496495102263,0x69,joint_3,q_actual,0.3159045946109737,
1790848496504962474,1790848496505118299,0x68,joint_2,q_actual,0.06981317007977318,
1790848496514953361,1790848496515108846,0x69,joint_3,q_actual,0.3159045946109737,
1790848496524921396,1790848496525039536,0x68,joint_2,q_actual,0.06981317007977318,
1790848496534997793,1790848496535137492,0x69,joint_3,q_actual,0.3159045946109737,
1790848496535028987,1790848496535172396,0x68,joint_2,q_leader,-0.019941750242513337,
1790848496535028987,1790848496535172396,0x69,joint_3,q_leader,0.14726215563702155,
1790848496544917562,1790848496545028383,0x68,joint_2,q_actual,0.06981317007977318,
1790848496554933102,1790848496555044337,0x69,joint_3,q_actual,0.3159045946109737,
1790848496564920982,1790848496565034366,0x68,joint_2,q_actual,0.06981317007977318,
1790848496574911164,1790848496575019791,0x69,joint_3,q_actual,0.3159045946109737,
1790848496584929213,1790848496585023841,0x68,joint_2,q_actual,0.06981317007977318,
1790848496585042212,1790848496585157326,0x68,joint_2,q_leader,-0.019941750242513337,
1790848496585042212,1790848496585157326,0x69,joint_3,q_leader,0.14726215563702155,
1790848496594910950,1790848496595019102,0x69,joint_3,q_actual,0.3159045946109737,
1790848496604962993,1790848496605068430,0x68,joint_2,q_actual,0.06981317007977318,
1790848496614930830,1790848496615048110,0x69,joint_3,q_actual,0.3159045946109737,
1790848496624992507,1790848496625115768,0x68,joint_2,q_actual,0.06981317007977318,
1790848496634918363,1790848496635024326,0x69,joint_3,q_actual,0.3159045946109737,
1790848496635159408,1790848496635258288,0x68,joint_2,q_leader,-0.019941750242513337,
1790848496635159408,1790848496635258288,0x69,joint_3,q_leader,0.14726215563702155,
1790848496644965722,1790848496645074902,0x68,joint_2,q_actual,0.06981317007977318,
1790848496654939807,1790848496655076950,0x69,joint_3,q_actual,0.3159045946109737,
1790848496664926271,1790848496665053323,0x68,joint_2,q_actual,0.06981317007977318,
1790848496674924362,1790848496675040064,0x69,joint_3,q_actual,0.3159045946109737,
1790848496684940950,1790848496685072871,0x68,joint_2,q_actual,0.06981317007977318,
1790848496685116337,1790848496685250244,0x68,joint_2,q_leader,-0.019941750242513337,
1790848496685116337,1790848496685250244,0x69,joint_3,q_leader,0.14726215563702155,
1790848496694945936,1790848496695076723,0x69,joint_3,q_actual,0.3159045946109737,
1790848496704952134,1790848496705088890,0x68,joint_2,q_actual,0.06981317007977318,
1790848496714932813,1790848496715051720,0x69,joint_3,q_actual,0.3159045946109737,
1790848496724929898,1790848496725053237,0x68,joint_2,q_actual,0.06981317007977318,
1790848496734943998,1790848496735100575,0x69,joint_3,q_actual,0.3159045946109737,
1790848496734967630,1790848496735121998,0x68,joint_2,q_leader,-0.019941750242513337,
1790848496734967630,1790848496735121998,0x69,joint_3,q_leader,0.14726215563702155,
1790848496744932309,1790848496745054209,0x68,joint_2,q_actual,0.06981317007977318,
1790848496755004484,1790848496755139532,0x69,joint_3,q_actual,0.3159045946109737,
1790848496764931364,1790848496765057319,0x68,joint_2,q_actual,0.06981317007977318,
1790848496774930189,1790848496775051103,0x69,joint_3,q_actual,0.3159045946109737,
1790848496784923676,1790848496785054247,0x68,joint_2,q_actual,0.06981317007977318,
1790848496785121442,1790848496785254036,0x68,joint_2,q_leader,-0.019941750242513337,
1790848496785121442,1790848496785254036,0x69,joint_3,q_leader,0.14726215563702155,
1790848496794932204,1790848496795053901,0x69,joint_3,q_actual,0.3159045946109737,
1790848496804937475,1790848496805050147,0x68,joint_2,q_actual,0.06981317007977318,
1790848496814956006,1790848496815095224,0x69,joint_3,q_actual,0.3159045946109737,
1790848496825043229,1790848496825203291,0x68,joint_2,q_actual,0.06981317007977318,
1790848496835002874,1790848496835142930,0x69,joint_3,q_actual,0.3159045946109737,
1790848496835054541,1790848496835158456,0x68,joint_2,q_leader,-0.019941750242513337,
1790848496835054541,1790848496835158456,0x69,joint_3,q_leader,0.14726215563702155,
1790848496844958801,1790848496845097210,0x68,joint_2,q_actual,0.06981317007977318,
1790848496854961543,1790848496855114947,0x69,joint_3,q_actual,0.3159045946109737,
1790848496864978996,1790848496865058985,0x68,joint_2,q_actual,0.06981317007977318,
1790848496875005214,1790848496875166115,0x69,joint_3,q_actual,0.3159045946109737,
1790848496884957579,1790848496885110111,0x68,joint_2,q_actual,0.06981317007977318,
1790848496885141115,1790848496885235152,0x68,joint_2,q_leader,-0.019941750242513337,
1790848496885141115,1790848496885235152,0x69,joint_3,q_leader,0.14726215563702155,
1790848496894926283,1790848496895046914,0x69,joint_3,q_actual,0.3159045946109737,
1790848496905011675,1790848496905157954,0x68,joint_2,q_actual,0.06981317007977318,
1790848496914929860,1790848496915050731,0x69,joint_3,q_actual,0.3159045946109737,
1790848496924921458,1790848496925038189,0x68,joint_2,q_actual,0.06981317007977318,
1790848496934926184,1790848496935043869,0x69,joint_3,q_actual,0.3159045946109737,
1790848496935003951,1790848496935065821,0x68,joint_2,q_leader,-0.019941750242513337,
1790848496935003951,1790848496935065821,0x69,joint_3,q_leader,0.14726215563702155,
1790848496944979993,1790848496945104482,0x68,joint_2,q_actual,0.06981317007977318,
1790848496954936950,1790848496955062173,0x69,joint_3,q_actual,0.3159045946109737,
1790848496965066446,1790848496965214922,0x68,joint_2,q_actual,0.06981317007977318,
1790848496975027303,1790848496975187797,0x69,joint_3,q_actual,0.3159045946109737,
1790848496985010216,1790848496985109843,0x68,joint_2,q_actual,0.06981317007977318,
1790848496985173878,1790848496985394543,0x68,joint_2,q_leader,-0.019941750242513337,
1790848496985173878,1790848496985394543,0x69,joint_3,q_leader,0.14726215563702155,
1790848496994996915,1790848496995156216,0x69,joint_3,q_actual,0.3159045946109737,
1790848497004965222,1790848497005088485,0x68,joint_2,q_actual,0.06981317007977318,
1790848497015041975,1790848497015200190,0x69,joint_3,q_actual,0.3159045946109737,
1790848497024989036,1790848497025149958,0x68,joint_2,q_actual,0.06981317007977318,
1790848497034981465,1790848497035125118,0x69,joint_3,q_actual,0.3159045946109737,
1790848497035093128,1790848497035239712,0x68,joint_2,q_leader,-0.019941750242513337,
1790848497035093128,1790848497035239712,0x69,joint_3,q_leader,0.14726215563702155,
1790848497044969714,1790848497045115126,0x68,joint_2,q_actual,0.06981317007977318,
1790848497054995576,1790848497055157633,0x69,joint_3,q_actual,0.3159045946109737,
1790848497064983336,1790848497065138326,0x68,joint_2,q_actual,0.06981317007977318,
1790848497074976470,1790848497075136146,0x69,joint_3,q_actual,0.3159045946109737,
1790848497085008524,1790848497085145245,0x68,joint_2,q_actual,0.06981317007977318,
1790848497085177487,1790848497085275393,0x68,joint_2,q_leader,-0.019941750242513337,
1790848497085177487,1790848497085275393,0x69,joint_3,q_leader,0.14726215563702155,
1790848497094981725,1790848497095131946,0x69,joint_3,q_actual,0.3159045946109737,
1790848497104970362,1790848497105122828,0x68,joint_2,q_actual,0.06981317007977318,
1790848497114965676,1790848497115114035,0x69,joint_3,q_actual,0.3159045946109737,
1790848497125028220,1790848497125182535,0x68,joint_2,q_actual,0.06981317007977318,
1790848497134990485,1790848497135131798,0x69,joint_3,q_actual,0.3159045946109737,
1790848497135120105,1790848497135202767,0x68,joint_2,q_leader,-0.019941750242513337,
1790848497135120105,1790848497135202767,0x69,joint_3,q_leader,0.14726215563702155,
1790848497144966727,1790848497145104506,0x68,joint_2,q_actual,0.06981317007977318,
1790848497155013944,1790848497155176706,0x69,joint_3,q_actual,0.3159045946109737,
1790848497165059862,1790848497165222150,0x68,joint_2,q_actual,0.06981317007977318,
1790848497174958602,1790848497175101762,0x69,joint_3,q_actual,0.3159045946109737,
1790848497184976225,1790848497185134970,0x68,joint_2,q_actual,0.06981317007977318,
1790848497184992941,1790848497185126234,0x68,joint_2,q_leader,-0.019941750242513337,
1790848497184992941,1790848497185126234,0x69,joint_3,q_leader,0.14726215563702155,
1790848497194996611,1790848497195115452,0x69,joint_3,q_actual,0.3159045946109737,
1790848497204933593,1790848497205044205,0x68,joint_2,q_actual,0.06981317007977318,
1790848497214928130,1790848497215035508,0x69,joint_3,q_actual,0.3159045946109737,
1790848497224928327,1790848497225051413,0x68,joint_2,q_actual,0.06981317007977318,
1790848497235169202,1790848497235368372,0x69,joint_3,q_actual,0.3159045946109737,
1790848497235224023,1790848497235387914,0x68,joint_2,q_leader,-0.019941750242513337,
1790848497235224023,1790848497235387914,0x69,joint_3,q_leader,0.14726215563702155,
1790848497244945594,1790848497245077969,0x68,joint_2,q_actual,0.06981317007977318,
1790848497254981956,1790848497255134843,0x69,joint_3,q_actual,0.3159045946109737,
1790848497264924612,1790848497265055960,0x68,joint_2,q_actual,0.06981317007977318,
1790848497274925253,1790848497275042300,0x69,joint_3,q_actual,0.3159045946109737,
1790848497284935624,1790848497285065121,0x68,joint_2,q_actual,0.06981317007977318,
1790848497284961418,1790848497285079945,0x68,joint_2,q_leader,-0.019941750242513337,
1790848497284961418,1790848497285079945,0x69,joint_3,q_leader,0.14726215563702155,
1790848497294927995,1790848497295047377,0x69,joint_3,q_actual,0.3159045946109737,
1790848497304920681,1790848497305039400,0x68,joint_2,q_actual,0.06981317007977318,
1790848497314920803,1790848497315036945,0x69,joint_3,q_actual,0.3159045946109737,
1790848497324923286,1790848497325044232,0x68,joint_2,q_actual,0.06981317007977318,
1790848497334924124,1790848497335006522,0x69,joint_3,q_actual,0.3159045946109737,
1790848497335096782,1790848497335216635,0x68,joint_2,q_leader,-0.019941750242513337,
1790848497335096782,1790848497335216635,0x69,joint_3,q_leader,0.14726215563702155,
1790848497344921398,1790848497345032550,0x68,joint_2,q_actual,0.06981317007977318,
1790848497354922261,1790848497355003894,0x69,joint_3,q_actual,0.3159045946109737,
1790848497364922935,1790848497365040791,0x68,joint_2,q_actual,0.06981317007977318,
1790848497374923319,1790848497375036459,0x69,joint_3,q_actual,0.3159045946109737,
1790848497384923546,1790848497385036197,0x68,joint_2,q_actual,0.06981317007977318,
1790848497385029504,1790848497385129879,0x68,joint_2,q_leader,-0.019941750242513337,
1790848497385029504,1790848497385129879,0x69,joint_3,q_leader,0.14726215563702155,
1790848497394924684,1790848497395041632,0x69,joint_3,q_actual,0.3159045946109737,
1790848497404916790,1790848497405002448,0x68,joint_2,q_actual,0.06981317007977318,
1790848497414928308,1790848497415046082,0x69,joint_3,q_actual,0.3159045946109737,
1790848497424916888,1790848497425029417,0x68,joint_2,q_actual,0.06981317007977318,
1790848497434957180,1790848497435077578,0x69,joint_3,q_actual,0.3159045946109737,
1790848497435009811,1790848497435096533,0x68,joint_2,q_leader,-0.019941750242513337,
1790848497435009811,1790848497435096533,0x69,joint_3,q_leader,0.14726215563702155,
1790848497445066911,1790848497445237546,0x68,joint_2,q_actual,0.06981317007977318,
1790848497455001299,1790848497455163091,0x69,joint_3,q_actual,0.3159045946109737,
1790848497464976812,1790848497465123340,0x68,joint_2,q_actual,0.06981317007977318,
1790848497474969289,1790848497475106445,0x69,joint_3,q_actual,0.3159045946109737,
1790848497484943095,1790848497485069164,0x68,joint_2,q_actual,0.06981317007977318,
1790848497485084045,1790848497485217381,0x68,joint_2,q_leader,-0.019941750242513337,
1790848497485084045,1790848497485217381,0x69,joint_3,q_leader,0.14726215563702155,
1790848497494932893,1790848497495055661,0x69,joint_3,q_actual,0.3159045946109737,
1790848497504928863,1790848497505052269,0x68,joint_2,q_actual,0.06981317007977318,
1790848497514977624,1790848497515097127,0x69,joint_3,q_actual,0.3159045946109737,
1790848497524921476,1790848497525040820,0x68,joint_2,q_actual,0.06981317007977318,
1790848497534962006,1790848497535080067,0x69,joint_3,q_actual,0.3159045946109737,
1790848497535046947,1790848497535115947,0x68,joint_2,q_leader,-0.019941750242513337,
1790848497535046947,1790848497535115947,0x69,joint_3,q_leader,0.14726215563702155,
1790848497544928505,1790848497545044326,0x68,joint_2,q_actual,0.06981317007977318,
1790848497554925666,1790848497555045909,0x69,joint_3,q_actual,0.3159045946109737,
1790848497564928596,1790848497565048064,0x68,joint_2,q_actual,0.06981317007977318,
1790848497574922172,1790848497575037422,0x69,joint_3,q_actual,0.3159045946109737,
1790848497584928133,1790848497585049429,0x68,joint_2,q_actual,0.06981317007977318,
1790848497585115861,1790848497585181874,0x68,joint_2,q_leader,-0.019941750242513337,
1790848497585115861,1790848497585181874,0x69,joint_3,q_leader,0.14726215563702155,
1790848497594964316,1790848497595082000,0x69,joint_3,q_actual,0.3159045946109737,
1790848497604919371,1790848497605027131,0x68,joint_2,q_actual,0.06981317007977318,
1790848497614921282,1790848497615035945,0x69,joint_3,q_actual,0.3159045946109737,
1790848497624917928,1790848497625031626,0x68,joint_2,q_actual,0.06981317007977318,
1790848497634929087,1790848497635014831,0x69,joint_3,q_actual,0.3159045946109737,
1790848497635046194,1790848497635137394,0x68,joint_2,q_leader,-0.019941750242513337,
1790848497635046194,1790848497635137394,0x69,joint_3,q_leader,0.14726215563702155,
1790848497644937452,1790848497645051357,0x68,joint_2,q_actual,0.06981317007977318,
1790848497655033152,1790848497655240437,0x69,joint_3,q_actual,0.3159045946109737,
1790848497664950770,1790848497665100844,0x68,joint_2,q_actual,0.06981317007977318,
1790848497674926588,1790848497675044921,0x69,joint_3,q_actual,0.3159045946109737,
1790848497684995192,1790848497685114287,0x68,joint_2,q_actual,0.06981317007977318,
1790848497685056450,1790848497685124826,0x68,joint_2,q_leader,-0.019941750242513337,
1790848497685056450,1790848497685124826,0x69,joint_3,q_leader,0.14726215563702155,
1790848497694924520,1790848497695038606,0x69,joint_3,q_actual,0.3159045946109737,
1790848497704942870,1790848497705076346,0x68,joint_2,q_actual,0.06981317007977318,
1790848497714933962,1790848497715059783,0x69,joint_3,q_actual,0.3159045946109737,
1790848497724975562,1790848497725096705,0x68,joint_2,q_actual,0.06981317007977318,
1790848497734925197,1790848497735040104,0x69,joint_3,q_actual,0.3159045946109737,
1790848497735043595,1790848497735154235,0x68,joint_2,q_leader,-0.019941750242513337,
1790848497735043595,1790848497735154235,0x69,joint_3,q_leader,0.14726215563702155,
1790848497744915971,1790848497745026449,0x68,joint_2,q_actual,0.06981317007977318,
1790848497754941796,1790848497755070108,0x69,joint_3,q_actual,0.3159045946109737,
1790848497764951618,1790848497765076779,0x68,joint_2,q_actual,0.06981317007977318,
1790848497774929975,1790848497775050679,0x69,joint_3,q_actual,0.3159045946109737,
1790848497784934753,1790848497785064123,0x68,joint_2,q_actual,0.06981317007977318,
1790848497784947895,1790848497785075247,0x68,joint_2,q_leader,-0.019941750242513337,
1790848497784947895,1790848497785075247,0x69,joint_3,q_leader,0.14726215563702155,
1790848497794948167,1790848497795076232,0x69,joint_3,q_actual,0.3159045946109737,
1790848497804932528,1790848497805042893,0x68,joint_2,q_actual,0.06981317007977318,
1790848497814923807,1790848497815039555,0x69,joint_3,q_actual,0.3159045946109737,
1790848497824925669,1790848497825047456,0x68,joint_2,q_actual,0.06981317007977318,
1790848497834965980,1790848497835111595,0x69,joint_3,q_actual,0.3159045946109737,
1790848497835123672,1790848497835220073,0x68,joint_2,q_leader,-0.019941750242513337,
1790848497835123672,1790848497835220073,0x69,joint_3,q_leader,0.14726215563702155,
1790848497844924269,1790848497845039651,0x68,joint_2,q_actual,0.06981317007977318,
1790848497855016093,1790848497855178576,0x69,joint_3,q_actual,0.3159045946109737,
1790848497864943627,1790848497865091333,0x68,joint_2,q_actual,0.06981317007977318,
1790848497874952706,1790848497875081649,0x69,joint_3,q_actual,0.3159045946109737,
1790848497884928210,1790848497885047240,0x68,joint_2,q_actual,0.06981317007977318,
1790848497885019319,1790848497885082909,0x68,joint_2,q_leader,-0.019941750242513337,
1790848497885019319,1790848497885082909,0x69,joint_3,q_leader,0.14726215563702155,
1790848497894923187,1790848497895035597,0x69,joint_3,q_actual,0.3159045946109737,
1790848497904944883,1790848497905073165,0x68,joint_2,q_actual,0.06981317007977318,
1790848497915020067,1790848497915137584,0x69,joint_3,q_actual,0.3159045946109737,
1790848497924907186,1790848497925051387,0x68,joint_2,q_actual,0.06981317007977318,
1790848497935007551,1790848497935174909,0x69,joint_3,q_actual,0.3159045946109737,
1790848497935387462,1790848497935483434,0x68,joint_2,q_leader,-0.019941750242513337,
1790848497935387462,1790848497935483434,0x69,joint_3,q_leader,0.14726215563702155,
1790848497944910079,1790848497945012168,0x68,joint_2,q_actual,0.06981317007977318,
1790848497954898987,1790848497954995973,0x69,joint_3,q_actual,0.3159045946109737,
1790848497964901545,1790848497965016060,0x68,joint_2,q_actual,0.06981317007977318,
1790848497974897995,1790848497975001089,0x69,joint_3,q_actual,0.3159045946109737,
1790848497984878752,1790848497984971617,0x68,joint_2,q_actual,0.06981317007977318,
1790848497984993155,1790848497985067316,0x68,joint_2,q_leader,-0.019941750242513337,
1790848497984993155,1790848497985067316,0x69,joint_3,q_leader,0.14726215563702155,
1790848497994900828,1790848497995005928,0x69,joint_3,q_actual,0.3159045946109737,
1790848498004914932,1790848498005010894,0x68,joint_2,q_actual,0.06981317007977318,
1790848498014896904,1790848498014995204,0x69,joint_3,q_actual,0.3159045946109737,
1790848498024895085,1790848498024993900,0x68,joint_2,q_actual,0.06981317007977318,
1790848498034867048,1790848498034957092,0x69,joint_3,q_actual,0.3159045946109737,
1790848498035065563,1790848498035168955,0x68,joint_2,q_leader,-0.019941750242513337,
1790848498035065563,1790848498035168955,0x69,joint_3,q_leader,0.14726215563702155,
1790848498044895848,1790848498044996923,0x68,joint_2,q_actual,0.06981317007977318,
1790848498054892078,1790848498054992577,0x69,joint_3,q_actual,0.3159045946109737,
1790848498064984135,1790848498065128257,0x68,joint_2,q_actual,0.06981317007977318,
1790848498074899663,1790848498075007802,0x69,joint_3,q_actual,0.3159045946109737,
1790848498084910051,1790848498085011907,0x68,joint_2,q_actual,0.06981317007977318,
1790848498085004553,1790848498085071726,0x68,joint_2,q_leader,-0.019941750242513337,
1790848498085004553,1790848498085071726,0x69,joint_3,q_leader,0.14726215563702155,
1790848498094900582,1790848498095007662,0x69,joint_3,q_actual,0.3159045946109737,
1790848498104894602,1790848498104996079,0x68,joint_2,q_actual,0.06981317007977318,
1790848498114893761,1790848498114997061,0x69,joint_3,q_actual,0.3159045946109737,
1790848498124908074,1790848498125006325,0x68,joint_2,q_actual,0.06981317007977318,
1790848498134868608,1790848498134960542,0x69,joint_3,q_actual,0.3159045946109737,
1790848498134983874,1790848498135074983,0x68,joint_2,q_leader,-0.019941750242513337,
1790848498134983874,1790848498135074983,0x69,joint_3,q_leader,0.14726215563702155,
1790848498144953712,1790848498145052083,0x68,joint_2,q_actual,0.06981317007977318,
1790848498154892633,1790848498154991432,0x69,joint_3,q_actual,0.3159045946109737,
1790848498164895686,1790848498164994273,0x68,joint_2,q_actual,0.06981317007977318,
1790848498174893178,1790848498174991700,0x69,joint_3,q_actual,0.3159045946109737,
1790848498184976630,1790848498185061987,0x68,joint_2,q_actual,0.06981317007977318,
1790848498185101371,1790848498185214036,0x68,joint_2,q_leader,-0.019941750242513337,
1790848498185101371,1790848498185214036,0x69,joint_3,q_leader,0.14726215563702155,
1790848498194909726,1790848498195008335,0x69,joint_3,q_actual,0.3159045946109737,
1790848498204904523,1790848498205001482,0x68,joint_2,q_actual,0.06981317007977318,
1790848498214902348,1790848498215005393,0x69,joint_3,q_actual,0.3159045946109737,
1790848498224958539,1790848498225058434,0x68,joint_2,q_actual,0.06981317007977318,
1790848498234860009,1790848498234952651,0x69,joint_3,q_actual,0.3159045946109737,
1790848498234950685,1790848498235070706,0x68,joint_2,q_leader,-0.019941750242513337,
1790848498234950685,1790848498235070706,0x69,joint_3,q_leader,0.14726215563702155,
1790848498244891018,1790848498244988674,0x68,joint_2,q_actual,0.06981317007977318,
1790848498254925185,1790848498255040622,0x69,joint_3,q_actual,0.3159045946109737,
1790848498264972770,1790848498265106905,0x68,joint_2,q_actual,0.06981317007977318,
1790848498274925602,1790848498275059261,0x69,joint_3,q_actual,0.3159045946109737,
1790848498284880187,1790848498284978423,0x68,joint_2,q_actual,0.06981317007977318,
1790848498285012842,1790848498285082769,0x68,joint_2,q_leader,-0.019941750242513337,
1790848498285012842,1790848498285082769,0x69,joint_3,q_leader,0.14726215563702155,
1790848498294936684,1790848498295035248,0x69,joint_3,q_actual,0.3159045946109737,
1790848498304888037,1790848498304988407,0x68,joint_2,q_actual,0.06981317007977318,
1790848498314895728,1790848498314995985,0x69,joint_3,q_actual,0.3159045946109737,
1790848498324913601,1790848498325015535,0x68,joint_2,q_actual,0.06981317007977318,
1790848498334873762,1790848498334965827,0x69,joint_3,q_actual,0.3159045946109737,
1790848498334994790,1790848498335149625,0x68,joint_2,q_leader,-0.019941750242513337,
1790848498334994790,1790848498335149625,0x69,joint_3,q_leader,0.14726215563702155,
1790848498344896207,1790848498344995503,0x68,joint_2,q_actual,0.06981317007977318,
1790848498354893626,1790848498354994389,0x69,joint_3,q_actual,0.3159045946109737,
1790848498364909261,1790848498365006351,0x68,joint_2,q_actual,0.06981317007977318,
1790848498374891614,1790848498374995633,0x69,joint_3,q_actual,0.3159045946109737,
1790848498384873043,1790848498384965850,0x68,joint_2,q_actual,0.06981317007977318,
1790848498385014851,1790848498385131496,0x68,joint_2,q_leader,-0.019941750242513337,
1790848498385014851,1790848498385131496,0x69,joint_3,q_leader,0.14726215563702155,
1790848498394892925,1790848498394992895,0x69,joint_3,q_actual,0.3159045946109737,
1790848498404911203,1790848498405007878,0x68,joint_2,q_actual,0.06981317007977318,
1790848498414869711,1790848498414964804,0x69,joint_3,q_actual,0.3159045946109737,
1790848498424916853,1790848498425014418,0x68,joint_2,q_actual,0.06981317007977318,
1790848498434903728,1790848498434986235,0x69,joint_3,q_actual,0.3159045946109737,
1790848498435144100,1790848498435218628,0x68,joint_2,q_leader,-0.019941750242513337,
1790848498435144100,1790848498435218628,0x69,joint_3,q_leader,0.14726215563702155,
1790848498444911891,1790848498445011591,0x68,joint_2,q_actual,0.06981317007977318,
1790848498454894165,1790848498454994707,0x69,joint_3,q_actual,0.3159045946109737,
1790848498464911710,1790848498464991113,0x68,joint_2,q_actual,0.06981317007977318,
1790848498474986533,1790848498475131084,0x69,joint_3,q_actual,0.3159045946109737,
1790848498484907988,1790848498485025114,0x68,joint_2,q_actual,0.06981317007977318,
1790848498485092015,1790848498485170832,0x68,joint_2,q_leader,-0.019941750242513337,
1790848498485092015,1790848498485170832,0x69,joint_3,q_leader,0.14726215563702155,
1790848498494919390,1790848498495027729,0x69,joint_3,q_actual,0.3159045946109737,
1790848498504929766,1790848498505031297,0x68,joint_2,q_actual,0.06981317007977318,
1790848498514884131,1790848498514982554,0x69,joint_3,q_actual,0.3159045946109737,
1790848498524896291,1790848498524996495,0x68,joint_2,q_actual,0.06981317007977318,
1790848498534961904,1790848498535075949,0x69,joint_3,q_actual,0.3159045946109737,
1790848498535044225,1790848498535130746,0x68,joint_2,q_leader,-0.019941750242513337,
1790848498535044225,1790848498535130746,0x69,joint_3,q_leader,0.14726215563702155,
1790848498544899233,1790848498544999069,0x68,joint_2,q_actual,0.06981317007977318,
1790848498554895575,1790848498554990616,0x69,joint_3,q_actual,0.3159045946109737,
1790848498564902350,1790848498565002571,0x68,joint_2,q_actual,0.06981317007977318,
1790848498574910825,1790848498575011928,0x69,joint_3,q_actual,0.3159045946109737,
1790848498584884809,1790848498585039515,0x68,joint_2,q_actual,0.06981317007977318,
1790848498585162374,1790848498585282657,0x68,joint_2,q_leader,-0.019941750242513337,
1790848498585162374,1790848498585282657,0x69,joint_3,q_leader,0.14726215563702155,
1790848498594902437,1790848498595008846,0x69,joint_3,q_actual,0.3159045946109737,
1790848498604894181,1790848498604990517,0x68,joint_2,q_actual,0.06981317007977318,
1790848498614894959,1790848498614991531,0x69,joint_3,q_actual,0.3159045946109737,
1790848498624899562,1790848498624998252,0x68,joint_2,q_actual,0.06981317007977318,
1790848498634914596,1790848498635011181,0x69,joint_3,q_actual,0.3159045946109737,
1790848498635050080,1790848498635143464,0x68,joint_2,q_leader,-0.019941750242513337,
1790848498635050080,1790848498635143464,0x69,joint_3,q_leader,0.14726215563702155,
1790848498644905321,1790848498645006398,0x68,joint_2,q_actual,0.06981317007977318,
1790848498654897391,1790848498654998095,0x69,joint_3,q_actual,0.3159045946109737,
1790848498664898646,1790848498665006051,0x68,joint_2,q_actual,0.06981317007977318,
1790848498674894142,1790848498675021806,0x69,joint_3,q_actual,0.3159045946109737,
1790848498684917592,1790848498685063320,0x68,joint_2,q_actual,0.06981317007977318,
1790848498684919391,1790848498685052900,0x68,joint_2,q_leader,-0.019941750242513337,
1790848498684919391,1790848498685052900,0x69,joint_3,q_leader,0.14726215563702155,
1790848498694898431,1790848498695001814,0x69,joint_3,q_actual,0.3159045946109737,
1790848498704896615,1790848498704997178,0x68,joint_2,q_actual,0.06981317007977318,
1790848498714897096,1790848498715002571,0x69,joint_3,q_actual,0.3159045946109737,
1790848498724898625,1790848498725003381,0x68,joint_2,q_actual,0.06981317007977318,
1790848498734912107,1790848498735006703,0x69,joint_3,q_actual,0.3159045946109737,
1790848498735001912,1790848498735071547,0x68,joint_2,q_leader,-0.019941750242513337,
1790848498735001912,1790848498735071547,0x69,joint_3,q_leader,0.14726215563702155,
1790848498744896192,1790848498744995150,0x68,joint_2,q_actual,0.06981317007977318,
1790848498754912072,1790848498755024518,0x69,joint_3,q_actual,0.3159045946109737,
1790848498764902385,1790848498765003477,0x68,joint_2,q_actual,0.06981317007977318,
1790848498774897177,1790848498775001826,0x69,joint_3,q_actual,0.3159045946109737,
1790848498784871060,1790848498784962203,0x68,joint_2,q_actual,0.06981317007977318,
1790848498784989008,1790848498785093634,0x68,joint_2,q_leader,-0.019941750242513337,
1790848498784989008,1790848498785093634,0x69,joint_3,q_leader,0.14726215563702155,
1790848498794889809,1790848498794988128,0x69,joint_3,q_actual,0.3159045946109737,
1790848498804886119,1790848498804982737,0x68,joint_2,q_actual,0.06981317007977318,
1790848498814891974,1790848498814988861,0x69,joint_3,q_actual,0.3159045946109737,
1790848498824896322,1790848498824996612,0x68,joint_2,q_actual,0.06981317007977318,
1790848498834892211,1790848498834987614,0x69,joint_3,q_actual,0.3159045946109737,
1790848498834979685,1790848498835050350,0x68,joint_2,q_leader,-0.019941750242513337,
1790848498834979685,1790848498835050350,0x69,joint_3,q_leader,0.14726215563702155,
1790848498844901394,1790848498845006703,0x68,joint_2,q_actual,0.06981317007977318,
1790848498854895788,1790848498855010394,0x69,joint_3,q_actual,0.3159045946109737,
1790848498864878173,1790848498864977440,0x68,joint_2,q_actual,0.06981317007977318,
1790848498874934973,1790848498875072058,0x69,joint_3,q_actual,0.3159045946109737,
1790848498885012991,1790848498885160543,0x68,joint_2,q_actual,0.06981317007977318,
1790848498885023698,1790848498885177437,0x68,joint_2,q_leader,-0.019941750242513337,
1790848498885023698,1790848498885177437,0x69,joint_3,q_leader,0.14726215563702155,
1790848498895052221,1790848498895195673,0x69,joint_3,q_actual,0.3159045946109737,
1790848498905015767,1790848498905179053,0x68,joint_2,q_actual,0.06981317007977318,
1790848498914954832,1790848498915096537,0x69,joint_3,q_actual,0.3159045946109737,
1790848498924931389,1790848498925058790,0x68,joint_2,q_actual,0.06981317007977318,
1790848498934933162,1790848498935053120,0x69,joint_3,q_actual,0.3159045946109737,
1790848498935048780,1790848498935132513,0x68,joint_2,q_leader,-0.019941750242513337,
1790848498935048780,1790848498935132513,0x69,joint_3,q_leader,0.14726215563702155,
1790848498944950428,1790848498945069380,0x68,joint_2,q_actual,0.06981317007977318,
1790848498954941434,1790848498955054368,0x69,joint_3,q_actual,0.3159045946109737,
1790848498964972933,1790848498965133246,0x68,joint_2,q_actual,0.06981317007977318,
1790848498974948229,1790848498975076844,0x69,joint_3,q_actual,0.3159045946109737,
1790848498984942761,1790848498985064483,0x68,joint_2,q_actual,0.06981317007977318,
1790848498984980770,1790848498985079004,0x68,joint_2,q_leader,-0.019941750242513337,
1790848498984980770,1790848498985079004,0x69,joint_3,q_leader,0.14726215563702155,
1790848498994978312,1790848498995105319,0x69,joint_3,q_actual,0.3159045946109737,
1790848499004997019,1790848499005105302,0x68,joint_2,q_actual,0.06981317007977318,
1790848499015042143,1790848499015203871,0x69,joint_3,q_actual,0.3159045946109737,
1790848499024960070,1790848499025123325,0x68,joint_2,q_actual,0.06981317007977318,
1790848499034927421,1790848499035043949,0x69,joint_3,q_actual,0.3159045946109737,
1790848499035079701,1790848499035203969,0x68,joint_2,q_leader,-0.019941750242513337,
1790848499035079701,1790848499035203969,0x69,joint_3,q_leader,0.14726215563702155,
1790848499044927299,1790848499045043351,0x68,joint_2,q_actual,0.06981317007977318,
1790848499054935042,1790848499055049346,0x69,joint_3,q_actual,0.3159045946109737,
1790848499064950850,1790848499065067419,0x68,joint_2,q_actual,0.06981317007977318,
1790848499074971563,1790848499075103680,0x69,joint_3,q_actual,0.3159045946109737,
1790848499084964819,1790848499085079841,0x68,joint_2,q_actual,0.06981317007977318,
1790848499085018560,1790848499085091000,0x68,joint_2,q_leader,-0.019941750242513337,
1790848499085018560,1790848499085091000,0x69,joint_3,q_leader,0.14726215563702155,
1790848499095053279,1790848499095246393,0x69,joint_3,q_actual,0.3159045946109737,
1790848499104935414,1790848499105058414,0x68,joint_2,q_actual,0.06981317007977318,
1790848499114926326,1790848499115042915,0x69,joint_3,q_actual,0.3159045946109737,
1790848499124947999,1790848499125063881,0x68,joint_2,q_actual,0.06981317007977318,
1790848499134923530,1790848499135036094,0x69,joint_3,q_actual,0.3159045946109737,
1790848499135116596,1790848499135186654,0x68,joint_2,q_leader,-0.019941750242513337,
1790848499135116596,1790848499135186654,0x69,joint_3,q_leader,0.14726215563702155,
1790848499144937105,1790848499145049043,0x68,joint_2,q_actual,0.06981317007977318,
1790848499154926253,1790848499155040574,0x69,joint_3,q_actual,0.3159045946109737,
1790848499164945045,1790848499165058413,0x68,joint_2,q_actual,0.06981317007977318,
1790848499174922034,1790848499175037953,0x69,joint_3,q_actual,0.3159045946109737,
1790848499184923587,1790848499185038976,0x68,joint_2,q_actual,0.06981317007977318,
1790848499185027639,1790848499185094478,0x68,joint_2,q_leader,-0.019941750242513337,
1790848499185027639,1790848499185094478,0x69,joint_3,q_leader,0.14726215563702155,
1790848499194914246,1790848499195029623,0x69,joint_3,q_actual,0.3159045946109737,
1790848499204955396,1790848499205054057,0x68,joint_2,q_actual,0.06981317007977318,
1790848499214895692,1790848499214995923,0x69,joint_3,q_actual,0.3159045946109737,
1790848499224897066,1790848499224996804,0x68,joint_2,q_actual,0.06981317007977318,
1790848499234901311,1790848499234983415,0x69,joint_3,q_actual,0.3159045946109737,
1790848499235208280,1790848499235397467,0x68,joint_2,q_leader,-0.019941750242513337,
1790848499235208280,1790848499235397467,0x69,joint_3,q_leader,0.14726215563702155,
1790848499244888972,1790848499244992384,0x68,joint_2,q_actual,0.06981317007977318,
1790848499254896312,1790848499254993425,0x69,joint_3,q_actual,0.3159045946109737,
1790848499264909737,1790848499265011830,0x68,joint_2,q_actual,0.06981317007977318,
1790848499274932628,1790848499275048947,0x69,joint_3,q_actual,0.3159045946109737,
1790848499284900727,1790848499284973273,0x68,joint_2,q_actual,0.06981317007977318,
1790848499285093206,1790848499285169025,0x68,joint_2,q_leader,-0.019941750242513337,
1790848499285093206,1790848499285169025,0x69,joint_3,q_leader,0.14726215563702155,
1790848499294900346,1790848499295004839,0x69,joint_3,q_actual,0.3159045946109737,
1790848499304988001,1790848499305138792,0x68,joint_2,q_actual,0.06981317007977318,
1790848499314924645,1790848499315043383,0x69,joint_3,q_actual,0.3159045946109737,
1790848499324911951,1790848499325030857,0x68,joint_2,q_actual,0.06981317007977318,
1790848499334873348,1790848499334971905,0x69,joint_3,q_actual,0.3159045946109737,
1790848499335189501,1790848499335322800,0x68,joint_2,q_leader,-0.019941750242513337,
1790848499335189501,1790848499335322800,0x69,joint_3,q_leader,0.14726215563702155,
1790848499344873951,1790848499344972833,0x68,joint_2,q_actual,0.06981317007977318,
1790848499354902177,1790848499355001770,0x69,joint_3,q_actual,0.3159045946109737,
1790848499364898791,1790848499364997400,0x68,joint_2,q_actual,0.06981317007977318,
1790848499374899683,1790848499375006494,0x69,joint_3,q_actual,0.3159045946109737,
1790848499384868799,1790848499384981904,0x68,joint_2,q_actual,0.06981317007977318,
1790848499385105789,1790848499385217361,0x68,joint_2,q_leader,-0.019941750242513337,
1790848499385105789,1790848499385217361,0x69,joint_3,q_leader,0.14726215563702155,
1790848499394897614,1790848499395000345,0x69,joint_3,q_actual,0.3159045946109737,
1790848499404898104,1790848499404998578,0x68,joint_2,q_actual,0.06981317007977318,
1790848499414919281,1790848499415088346,0x69,joint_3,q_actual,0.3159045946109737,
1790848499424952826,1790848499425092821,0x68,joint_2,q_actual,0.06981317007977318,
1790848499434953479,1790848499435078685,0x69,joint_3,q_actual,0.3159045946109737,
1790848499435118334,1790848499435225038,0x68,joint_2,q_leader,-0.019941750242513337,
1790848499435118334,1790848499435225038,0x69,joint_3,q_leader,0.14726215563702155,
1790848499444911355,1790848499445044138,0x68,joint_2,q_actual,0.06981317007977318,
1790848499454945378,1790848499455076345,0x69,joint_3,q_actual,0.3159045946109737,
1790848499464919276,1790848499465039456,0x68,joint_2,q_actual,0.06981317007977318,
1790848499474927038,1790848499475042171,0x69,joint_3,q_actual,0.3159045946109737,
1790848499484916355,1790848499485000981,0x68,joint_2,q_actual,0.06981317007977318,
1790848499485171412,1790848499485249576,0x68,joint_2,q_leader,-0.019941750242513337,
1790848499485171412,1790848499485249576,0x69,joint_3,q_leader,0.14726215563702155,
1790848499494957564,1790848499495093654,0x69,joint_3,q_actual,0.3159045946109737,
1790848499504978045,1790848499505125417,0x68,joint_2,q_actual,0.06981317007977318,
1790848499514961541,1790848499515104876,0x69,joint_3,q_actual,0.3159045946109737,
1790848499524964782,1790848499525074308,0x68,joint_2,q_actual,0.06981317007977318,
1790848499534937574,1790848499535025509,0x69,joint_3,q_actual,0.3159045946109737,
1790848499535058548,1790848499535144391,0x68,joint_2,q_leader,-0.019941750242513337,
1790848499535058548,1790848499535144391,0x69,joint_3,q_leader,0.14726215563702155,
1790848499544948986,1790848499545081258,0x68,joint_2,q_actual,0.06981317007977318,
1790848499554932257,1790848499555056896,0x69,joint_3,q_actual,0.3159045946109737,
1790848499564931493,1790848499565065807,0x68,joint_2,q_actual,0.06981317007977318,
1790848499574934396,1790848499575052510,0x69,joint_3,q_actual,0.3159045946109737,
1790848499584901894,1790848499584984292,0x68,joint_2,q_actual,0.06981317007977318,
1790848499585133663,1790848499585210009,0x68,joint_2,q_leader,-0.019941750242513337,
1790848499585133663,1790848499585210009,0x69,joint_3,q_leader,0.14726215563702155,
1790848499594918899,1790848499595033632,0x69,joint_3,q_actual,0.3159045946109737,
1790848499604902974,1790848499604999421,0x68,joint_2,q_actual,0.06981317007977318,
1790848499614931321,1790848499615042570,0x69,joint_3,q_actual,0.3159045946109737,
1790848499624914103,1790848499625026171,0x68,joint_2,q_actual,0.06981317007977318,
1790848499634912695,1790848499634987955,0x69,joint_3,q_actual,0.3159045946109737,
1790848499635077581,1790848499635158865,0x68,joint_2,q_leader,-0.019941750242513337,
1790848499635077581,1790848499635158865,0x69,joint_3,q_leader,0.14726215563702155,
1790848499644909359,1790848499645017697,0x68,joint_2,q_actual,0.06981317007977318,
1790848499654921386,1790848499655036584,0x69,joint_3,q_actual,0.3159045946109737,
1790848499664916356,1790848499665032449,0x68,joint_2,q_actual,0.06981317007977318,
1790848499674912492,1790848499675049616,0x69,joint_3,q_actual,0.3159045946109737,
1790848499684932937,1790848499685026215,0x68,joint_2,q_actual,0.06981317007977318,
1790848499685141651,1790848499685219439,0x68,joint_2,q_leader,-0.019941750242513337,
1790848499685141651,1790848499685219439,0x69,joint_3,q_leader,0.14726215563702155,
1790848499694940965,1790848499695068399,0x69,joint_3,q_actual,0.3159045946109737,
1790848499704920752,1790848499705038662,0x68,joint_2,q_actual,0.06981317007977318,
1790848499715020462,1790848499715193936,0x69,joint_3,q_actual,0.3159045946109737,
1790848499724930634,1790848499725056606,0x68,joint_2,q_actual,0.06981317007977318,
1790848499734931884,1790848499735063292,0x69,joint_3,q_actual,0.3159045946109737,
1790848499735080059,1790848499735170553,0x68,joint_2,q_leader,-0.019941750242513337,
1790848499735080059,1790848499735170553,0x69,joint_3,q_leader,0.14726215563702155,
1790848499744962098,1790848499745099308,0x68,joint_2,q_actual,0.06981317007977318,
1790848499754959030,1790848499755096085,0x69,joint_3,q_actual,0.3159045946109737,
1790848499764931475,1790848499765064627,0x68,joint_2,q_actual,0.06981317007977318,
1790848499774944257,1790848499775084888,0x69,joint_3,q_actual,0.3159045946109737,
1790848499784917391,1790848499785004054,0x68,joint_2,q_actual,0.06981317007977318,
1790848499785161402,1790848499785238445,0x68,joint_2,q_leader,-0.019941750242513337,
1790848499785161402,1790848499785238445,0x69,joint_3,q_leader,0.14726215563702155,
1790848499794946861,1790848499795077252,0x69,joint_3,q_actual,0.3159045946109737,
1790848499804930917,1790848499805039792,0x68,joint_2,q_actual,0.06981317007977318,
1790848499814926520,1790848499815061648,0x69,joint_3,q_actual,0.3159045946109737,
1790848499825112331,1790848499825494469,0x68,joint_2,q_actual,0.06981317007977318,
1790848499834940278,1790848499835052929,0x69,joint_3,q_actual,0.3159045946109737,
1790848499835063758,1790848499835148161,0x68,joint_2,q_leader,-0.019941750242513337,
1790848499835063758,1790848499835148161,0x69,joint_3,q_leader,0.14726215563702155,
1790848499844918740,1790848499845050469,0x68,joint_2,q_actual,0.06981317007977318,
1790848499854974710,1790848499855094610,0x69,joint_3,q_actual,0.3159045946109737,
1790848499864933909,1790848499865061264,0x68,joint_2,q_actual,0.06981317007977318,
1790848499874918077,1790848499875042540,0x69,joint_3,q_actual,0.3159045946109737,
1790848499884940560,1790848499885025114,0x68,joint_2,q_actual,0.06981317007977318,
1790848499885014811,1790848499885094750,0x68,joint_2,q_leader,-0.019941750242513337,
1790848499885014811,1790848499885094750,0x69,joint_3,q_leader,0.14726215563702155,
1790848499894916729,1790848499895022743,0x69,joint_3,q_actual,0.3159045946109737,
1790848499904908002,1790848499905028101,0x68,joint_2,q_actual,0.06981317007977318,
1790848499914901189,1790848499915003562,0x69,joint_3,q_actual,0.3159045946109737,
1790848499924944300,1790848499925073818,0x68,joint_2,q_actual,0.06981317007977318,
1790848499934921158,1790848499934989848,0x69,joint_3,q_actual,0.3159045946109737,
1790848499934988921,1790848499935061335,0x68,joint_2,q_leader,-0.019941750242513337,
1790848499934988921,1790848499935061335,0x69,joint_3,q_leader,0.14726215563702155,
1790848499944881154,1790848499945002709,0x68,joint_2,q_actual,0.06981317007977318,
1790848499954925107,1790848499955027169,0x69,joint_3,q_actual,0.3159045946109737,
1790848499964886237,1790848499964987858,0x68,joint_2,q_actual,0.06981317007977318,
1790848499974916856,1790848499975030073,0x69,joint_3,q_actual,0.3159045946109737,
1790848499984885365,1790848499984959538,0x68,joint_2,q_actual,0.06981317007977318,
1790848499985077828,1790848499985165479,0x68,joint_2,q_leader,-0.019941750242513337,
1790848499985077828,1790848499985165479,0x69,joint_3,q_leader,0.14726215563702155,
1790848499994900983,1790848499995009763,0x69,joint_3,q_actual,0.3159045946109737,
1790848500004987817,1790848500005120993,0x68,joint_2,q_actual,0.06981317007977318,
1790848500014885753,1790848500014994950,0x69,joint_3,q_actual,0.3159045946109737,
1790848500024929832,1790848500025065957,0x68,joint_2,q_actual,0.06981317007977318,
1790848500034936540,1790848500035062567,0x69,joint_3,q_actual,0.3159045946109737,
1790848500035184178,1790848500035331076,0x68,joint_2,q_leader,-0.019941750242513337,
1790848500035184178,1790848500035331076,0x69,joint_3,q_leader,0.14726215563702155,
1790848500045041362,1790848500045164340,0x68,joint_2,q_actual,0.06981317007977318,
1790848500055030517,1790848500055130212,0x69,joint_3,q_actual,0.3159045946109737,
1790848500065170557,1790848500065318541,0x68,joint_2,q_actual,0.06981317007977318,
1790848500075169877,1790848500075315076,0x69,joint_3,q_actual,0.3159045946109737,
1790848500085034869,1790848500085135065,0x68,joint_2,q_actual,0.06981317007977318,
1790848500085419573,1790848500085548754,0x68,joint_2,q_leader,-0.019941750242513337,
1790848500085419573,1790848500085548754,0x69,joint_3,q_leader,0.14726215563702155,
1790848500095151229,1790848500095318533,0x69,joint_3,q_actual,0.3159045946109737,
1790848500105200995,1790848500105375907,0x68,joint_2,q_actual,0.06981317007977318,
1790848500115289837,1790848500115536968,0x69,joint_3,q_actual,0.3159045946109737,
1790848500125448631,1790848500125770693,0x68,joint_2,q_actual,0.06981317007977318,
1790848500135341764,1790848500135613780,0x69,joint_3,q_actual,0.3159045946109737,
1790848500136614169,1790848500136874881,0x68,joint_2,q_leader,-0.019941750242513337,
1790848500136614169,1790848500136874881,0x69,joint_3,q_leader,0.14726215563702155,
1790848500145356316,1790848500145608774,0x68,joint_2,q_actual,0.06981317007977318,
1790848500155513312,1790848500155872052,0x69,joint_3,q_actual,0.3159045946109737,
1790848500165523649,1790848500165872506,0x68,joint_2,q_actual,0.06981317007977318,
1790848500175525309,1790848500175869533,0x69,joint_3,q_actual,0.3159045946109737,
1790848500185538514,1790848500185894092,0x68,joint_2,q_actual,0.06981317007977318,
1790848500187088295,1790848500187388312,0x68,joint_2,q_leader,-0.019941750242513337,
1790848500187088295,1790848500187388312,0x69,joint_3,q_leader,0.14726215563702155,
1790848500195526762,1790848500195877245,0x69,joint_3,q_actual,0.3159045946109737,
1790848500205540857,1790848500205896271,0x68,joint_2,q_actual,0.06981317007977318,
1790848500215524964,1790848500215878075,0x69,joint_3,q_actual,0.3159045946109737,
1790848500225520114,1790848500225882422,0x68,joint_2,q_actual,0.06981317007977318,
1790848500235513525,1790848500235859158,0x69,joint_3,q_actual,0.3159045946109737,
1790848500236645240,1790848500236929912,0x68,joint_2,q_leader,-0.019941750242513337,
1790848500236645240,1790848500236929912,0x69,joint_3,q_leader,0.14726215563702155,
1790848500245509345,1790848500245859968,0x68,joint_2,q_actual,0.06981317007977318,
1790848500255533273,1790848500255885369,0x69,joint_3,q_actual,0.3159045946109737,
1790848500265518921,1790848500265874890,0x68,joint_2,q_actual,0.06981317007977318,
1790848500275536352,1790848500275893077,0x69,joint_3,q_actual,0.3159045946109737,
1790848500285517713,1790848500285856797,0x68,joint_2,q_actual,0.06981317007977318,
1790848500286793800,1790848500287119630,0x68,joint_2,q_leader,-0.019941750242513337,
1790848500286793800,1790848500287119630,0x69,joint_3,q_leader,0.14726215563702155,
1790848500295339524,1790848500295609104,0x69,joint_3,q_actual,0.3159045946109737,
1790848500305555007,1790848500305906329,0x68,joint_2,q_actual,0.06981317007977318,
1790848500315523699,1790848500315880085,0x69,joint_3,q_actual,0.3159045946109737,
1790848500325541029,1790848500325903747,0x68,joint_2,q_actual,0.06981317007977318,
1790848500335495701,1790848500335850481,0x69,joint_3,q_actual,0.3159045946109737,
1790848500337104292,1790848500337400529,0x68,joint_2,q_leader,-0.019941750242513337,
1790848500337104292,1790848500337400529,0x69,joint_3,q_leader,0.14726215563702155,
1790848500345342514,1790848500345616991,0x68,joint_2,q_actual,0.06981317007977318,
1790848500355375776,1790848500355669638,0x69,joint_3,q_actual,0.3159045946109737,
1790848500365521318,1790848500365844769,0x68,joint_2,q_actual,0.06981317007977318,
1790848500375362386,1790848500375597505,0x69,joint_3,q_actual,0.3159045946109737,
1790848500385447904,1790848500385734013,0x68,joint_2,q_actual,0.06981317007977318,
1790848500386454821,1790848500386734980,0x68,joint_2,q_leader,-0.019941750242513337,
1790848500386454821,1790848500386734980,0x69,joint_3,q_leader,0.14726215563702155,
1790848500395419629,1790848500395785924,0x69,joint_3,q_actual,0.3159045946109737,
1790848500402078832,1790848500402330824,0x68,joint_2,q_des,0.06981317007977318,
1790848500402078832,1790848500402330824,0x69,joint_3,q_des,0.3159045946109737,
1790848500402078832,1790848500402489892,0x68,joint_2,q_filtered,0.06981317007977318,
1790848500402078832,1790848500402489892,0x69,joint_3,q_filtered,0.3159045946109737,
1790848500402078832,1790848500402555047,0x68,joint_2,q_cmd,0.06981317007977318,0.0
1790848500402078832,1790848500402555047,0x69,joint_3,q_cmd,0.3159045946109737,0.0
1790848500406692781,1790848500406880385,0x68,joint_2,q_actual,0.06981317007977318,
1790848500415106794,1790848500415252660,0x69,joint_3,q_actual,0.3159045946109737,
1790848500425043836,1790848500425183162,0x68,joint_2,q_actual,0.06981317007977318,
1790848500434976591,1790848500435108473,0x69,joint_3,q_actual,0.3159045946109737,
1790848500435060038,1790848500435136341,0x68,joint_2,q_leader,-0.019941750242513337,
1790848500435060038,1790848500435136341,0x69,joint_3,q_leader,0.14726215563702155,
1790848500445065415,1790848500445200824,0x68,joint_2,q_actual,0.06981317007977318,
1790848500455151618,1790848500455320566,0x69,joint_3,q_actual,0.3159045946109737,
1790848500465174075,1790848500465327249,0x68,joint_2,q_actual,0.06981317007977318,
1790848500475158210,1790848500475325954,0x69,joint_3,q_actual,0.3159045946109737,
1790848500485167702,1790848500485344690,0x68,joint_2,q_actual,0.06981317007977318,
1790848500485577200,1790848500485713975,0x68,joint_2,q_leader,-0.019941750242513337,
1790848500485577200,1790848500485713975,0x69,joint_3,q_leader,0.14726215563702155,
1790848500495140510,1790848500495334128,0x69,joint_3,q_actual,0.3159045946109737,
1790848500505077252,1790848500505225293,0x68,joint_2,q_actual,0.07155849933176767,
1790848500515364825,1790848500515633973,0x69,joint_3,q_actual,0.3159045946109737,
1790848500525525593,1790848500525890297,0x68,joint_2,q_actual,0.07155849933176767,
1790848500535407508,1790848500535692698,0x69,joint_3,q_actual,0.3159045946109737,
1790848500536400894,1790848500536662586,0x68,joint_2,q_leader,-0.019941750242513337,
1790848500536400894,1790848500536662586,0x69,joint_3,q_leader,0.14726215563702155,
1790848500545358474,1790848500545654553,0x68,joint_2,q_actual,0.07155849933176767,
1790848500555415559,1790848500555739237,0x69,joint_3,q_actual,0.3159045946109737,
1790848500565445433,1790848500565761816,0x68,joint_2,q_actual,0.07155849933176767,
1790848500575375759,1790848500575625595,0x69,joint_3,q_actual,0.3159045946109737,
1790848500585313894,1790848500585579466,0x68,joint_2,q_actual,0.07155849933176767,
1790848500586356038,1790848500586589979,0x68,joint_2,q_leader,-0.019941750242513337,
1790848500586356038,1790848500586589979,0x69,joint_3,q_leader,0.14726215563702155,
1790848500595533502,1790848500595871702,0x69,joint_3,q_actual,0.3159045946109737,
1790848500601398367,1790848500601736769,0x68,joint_2,q_des,0.06981317007977318,
1790848500601398367,1790848500601736769,0x69,joint_3,q_des,0.3159045946109737,
1790848500601398367,1790848500601824518,0x68,joint_2,q_filtered,0.06981317007977318,
1790848500601398367,1790848500601824518,0x69,joint_3,q_filtered,0.3159045946109737,
1790848500601398367,1790848500601978135,0x68,joint_2,q_cmd,0.06981317007977318,0.0
1790848500601398367,1790848500601978135,0x69,joint_3,q_cmd,0.3159045946109737,0.0
1790848500607912088,1790848500608153612,0x68,joint_2,q_actual,0.07155849933176767,
1790848500615581545,1790848500615919879,0x69,joint_3,q_actual,0.3159045946109737,
1790848500625420751,1790848500625728364,0x68,joint_2,q_actual,0.07155849933176767,
1790848500636910936,1790848500637162338,0x68,joint_2,q_leader,-0.019941750242513337,
1790848500636910936,1790848500637162338,0x69,joint_3,q_leader,0.14726215563702155,
1790848500638377299,1790848500638634211,0x69,joint_3,q_actual,0.3159045946109737,
1790848500645531837,1790848500645866936,0x68,joint_2,q_actual,0.07155849933176767,
1790848500655514933,1790848500655848474,0x69,joint_3,q_actual,0.3159045946109737,
1790848500665517269,1790848500665849449,0x68,joint_2,q_actual,0.07155849933176767,
1790848500678304499,1790848500678626964,0x69,joint_3,q_actual,0.3159045946109737,
1790848500686901591,1790848500687151700,0x68,joint_2,q_leader,-0.019941750242513337,
1790848500686901591,1790848500687151700,0x69,joint_3,q_leader,0.14726215563702155,
1790848500686988576,1790848500687178572,0x68,joint_2,q_actual,0.07155849933176767,
1790848500695507204,1790848500695834774,0x69,joint_3,q_actual,0.3159045946109737,
1790848500705309138,1790848500705579466,0x68,joint_2,q_actual,0.07155849933176767,
1790848500715356639,1790848500715620994,0x69,joint_3,q_actual,0.3159045946109737,
1790848500725364041,1790848500725612245,0x68,joint_2,q_actual,0.07155849933176767,
1790848500735502767,1790848500735849025,0x69,joint_3,q_actual,0.3159045946109737,
1790848500736567694,1790848500736803998,0x68,joint_2,q_leader,-0.019941750242513337,
1790848500736567694,1790848500736803998,0x69,joint_3,q_leader,0.14726215563702155,
1790848500749346160,1790848500749632384,0x68,joint_2,q_actual,0.07155849933176767,
1790848500751908528,1790848500752181391,0x69,joint_3,q_actual,0.3159045946109737,
1790848500765518554,1790848500765876956,0x68,joint_2,q_actual,0.07155849933176767,
1790848500775534045,1790848500775891236,0x69,joint_3,q_actual,0.3159045946109737,
1790848500785512442,1790848500785866564,0x68,joint_2,q_actual,0.07155849933176767,
1790848500787111099,1790848500787369140,0x68,joint_2,q_leader,-0.019941750242513337,
1790848500787111099,1790848500787369140,0x69,joint_3,q_leader,0.14726215563702155,
1790848500795527160,1790848500795876978,0x69,joint_3,q_actual,0.3159045946109737,
1790848500801372956,1790848500801722996,0x68,joint_2,q_des,0.06981317007977318,
1790848500801372956,1790848500801722996,0x69,joint_3,q_des,0.3159045946109737,
1790848500801372956,1790848500801813390,0x68,joint_2,q_filtered,0.06981317007977318,
1790848500801372956,1790848500801813390,0x69,joint_3,q_filtered,0.3159045946109737,
1790848500801372956,1790848500801983392,0x68,joint_2,q_cmd,0.06981317007977318,0.0
1790848500801372956,1790848500801983392,0x69,joint_3,q_cmd,0.3159045946109737,0.0
1790848500807869241,1790848500808121639,0x68,joint_2,q_actual,0.07155849933176767,
1790848500815509310,1790848500815859602,0x69,joint_3,q_actual,0.3159045946109737,
1790848500825534844,1790848500825873256,0x68,joint_2,q_actual,0.07155849933176767,
1790848500835495305,1790848500835843415,0x69,joint_3,q_actual,0.3159045946109737,
1790848500836847517,1790848500837091012,0x68,joint_2,q_leader,-0.019941750242513337,
1790848500836847517,1790848500837091012,0x69,joint_3,q_leader,0.14726215563702155,
1790848500845507227,1790848500845843377,0x68,joint_2,q_actual,0.07155849933176767,
1790848500855485153,1790848500855821566,0x69,joint_3,q_actual,0.3159045946109737,
1790848500865526362,1790848500865863267,0x68,joint_2,q_actual,0.07155849933176767,
1790848500875532769,1790848500875872281,0x69,joint_3,q_actual,0.3159045946109737,
1790848500885562266,1790848500885884796,0x68,joint_2,q_actual,0.07155849933176767,
1790848500886541356,1790848500886787056,0x68,joint_2,q_leader,-0.019941750242513337,
1790848500886541356,1790848500886787056,0x69,joint_3,q_leader,0.14726215563702155,
1790848500900748474,1790848500901004675,0x69,joint_3,q_actual,0.3159045946109737,
1790848500906069564,1790848500906279791,0x68,joint_2,q_actual,0.07155849933176767,
1790848500915424417,1790848500915533668,0x69,joint_3,q_actual,0.31764992386296803,
1790848500925147090,1790848500925301190,0x68,joint_2,q_actual,0.07155849933176767,
1790848500935437701,1790848500935528908,0x69,joint_3,q_actual,0.3159045946109737,
1790848500935452845,1790848500935564314,0x68,joint_2,q_leader,-0.019941750242513337,
1790848500935452845,1790848500935564314,0x69,joint_3,q_leader,0.14726215563702155,
1790848500946078467,1790848500946205746,0x68,joint_2,q_actual,0.07155849933176767,
1790848500955403997,1790848500955492337,0x69,joint_3,q_actual,0.3159045946109737,
1790848500965922356,1790848500966071111,0x68,joint_2,q_actual,0.07155849933176767,
1790848500975670749,1790848500975830448,0x69,joint_3,q_actual,0.3159045946109737,
1790848500985694627,1790848500985847820,0x68,joint_2,q_leader,-0.019941750242513337,
1790848500985694627,1790848500985847820,0x69,joint_3,q_leader,0.14726215563702155,
1790848500985875227,1790848500986022838,0x68,joint_2,q_actual,0.07155849933176767,
1790848500995263532,1790848500995494977,0x69,joint_3,q_actual,0.3159045946109737,
1790848501000823266,1790848501001012104,0x68,joint_2,q_des,0.06981317007977318,
1790848501000823266,1790848501001012104,0x69,joint_3,q_des,0.3159045946109737,
1790848501000823266,1790848501001045823,0x68,joint_2,q_filtered,0.06981317007977318,
1790848501000823266,1790848501001045823,0x69,joint_3,q_filtered,0.3159045946109737,
1790848501000823266,1790848501001180150,0x68,joint_2,q_cmd,0.06981317007977318,0.0
1790848501000823266,1790848501001180150,0x69,joint_3,q_cmd,0.3159045946109737,0.0
1790848501006865797,1790848501007154792,0x68,joint_2,q_actual,0.07155849933176767,
1790848501015092175,1790848501015221879,0x69,joint_3,q_actual,0.3159045946109737,
1790848501025038677,1790848501025196204,0x68,joint_2,q_actual,0.07155849933176767,
1790848501035160047,1790848501035319345,0x69,joint_3,q_actual,0.3159045946109737,
1790848501035648909,1790848501035789721,0x68,joint_2,q_leader,-0.019941750242513337,
1790848501035648909,1790848501035789721,0x69,joint_3,q_leader,0.14726215563702155,
1790848501045198358,1790848501045405133,0x68,joint_2,q_actual,0.07155849933176767,
1790848501055298862,1790848501055530654,0x69,joint_3,q_actual,0.3159045946109737,
1790848501065470373,1790848501065794526,0x68,joint_2,q_actual,0.07155849933176767,
1790848501075564951,1790848501075934095,0x69,joint_3,q_actual,0.3159045946109737,
1790848501085598179,1790848501085984500,0x68,joint_2,q_actual,0.07155849933176767,
1790848501086691580,1790848501086947796,0x68,joint_2,q_leader,-0.019941750242513337,
1790848501086691580,1790848501086947796,0x69,joint_3,q_leader,0.14726215563702155,
1790848501095529697,1790848501095890022,0x69,joint_3,q_actual,0.3159045946109737,
1790848501105573001,1790848501105931606,0x68,joint_2,q_actual,0.07155849933176767,
1790848501115580499,1790848501115946545,0x69,joint_3,q_actual,0.3159045946109737,
1790848501125423206,1790848501125727405,0x68,joint_2,q_actual,0.07155849933176767,
1790848501135406703,1790848501135689202,0x69,joint_3,q_actual,0.3159045946109737,
1790848501136457588,1790848501136714621,0x68,joint_2,q_leader,-0.019941750242513337,
1790848501136457588,1790848501136714621,0x69,joint_3,q_leader,0.14726215563702155,
1790848501145540690,1790848501145894543,0x68,joint_2,q_actual,0.07155849933176767,
1790848501155482894,1790848501155765503,0x69,joint_3,q_actual,0.3159045946109737,
1790848501165498833,1790848501165854252,0x68,joint_2,q_actual,0.07155849933176767,
1790848501175574996,1790848501175932302,0x69,joint_3,q_actual,0.3159045946109737,
1790848501186779396,1790848501187090519,0x68,joint_2,q_leader,-0.019941750242513337,
1790848501186779396,1790848501187090519,0x69,joint_3,q_leader,0.14726215563702155,
1790848501188507305,1790848501188781723,0x68,joint_2,q_actual,0.07155849933176767,
1790848501191133096,1790848501191395400,0x69,joint_3,q_actual,0.31764992386296803,
1790848501201450997,1790848501201774100,0x68,joint_2,q_des,0.06981317007977318,
1790848501201450997,1790848501201774100,0x69,joint_3,q_des,0.3159045946109737,
1790848501201450997,1790848501201938227,0x68,joint_2,q_filtered,0.06981317007977318,
1790848501201450997,1790848501201938227,0x69,joint_3,q_filtered,0.3159045946109737,
1790848501201450997,1790848501202012431,0x68,joint_2,q_cmd,0.06981317007977318,0.0
1790848501201450997,1790848501202012431,0x69,joint_3,q_cmd,0.3159045946109737,0.0
1790848501208127581,1790848501208401830,0x68,joint_2,q_actual,0.06981317007977318,
1790848501215573308,1790848501215929026,0x69,joint_3,q_actual,0.3159045946109737,
1790848501225484907,1790848501225810830,0x68,joint_2,q_actual,0.07155849933176767,
1790848501235597517,1790848501235955615,0x69,joint_3,q_actual,0.3159045946109737,
1790848501236718659,1790848501237012331,0x68,joint_2,q_leader,-0.019941750242513337,
1790848501236718659,1790848501237012331,0x69,joint_3,q_leader,0.14726215563702155,
1790848501245560687,1790848501245917201,0x68,joint_2,q_actual,0.07155849933176767,
1790848501255582118,1790848501255942111,0x69,joint_3,q_actual,0.31764992386296803,
1790848501265572065,1790848501265927821,0x68,joint_2,q_actual,0.07155849933176767,
1790848501275572538,1790848501275929405,0x69,joint_3,q_actual,0.3159045946109737,
1790848501285537157,1790848501285880390,0x68,joint_2,q_actual,0.07155849933176767,
1790848501287076778,1790848501287378697,0x68,joint_2,q_leader,-0.019941750242513337,
1790848501287076778,1790848501287378697,0x69,joint_3,q_leader,0.14726215563702155,
1790848501295569629,1790848501295925091,0x69,joint_3,q_actual,0.3159045946109737,
1790848501305580438,1790848501305933000,0x68,joint_2,q_actual,0.07155849933176767,
1790848501315431640,1790848501315772456,0x69,joint_3,q_actual,0.3159045946109737,
1790848501325411901,1790848501325755936,0x68,joint_2,q_actual,0.07155849933176767,
1790848501335431155,1790848501335713888,0x69,joint_3,q_actual,0.3159045946109737,
1790848501336496277,1790848501336790116,0x68,joint_2,q_leader,-0.019941750242513337,
1790848501336496277,1790848501336790116,0x69,joint_3,q_leader,0.14726215563702155,
1790848501345579798,1790848501345929704,0x68,joint_2,q_actual,0.07155849933176767,
1790848501355441672,1790848501355789545,0x69,joint_3,q_actual,0.3159045946109737,
1790848501365403178,1790848501365723280,0x68,joint_2,q_actual,0.06981317007977318,
1790848501375577047,1790848501375934464,0x69,joint_3,q_actual,0.3159045946109737,
1790848501385428721,1790848501385786576,0x68,joint_2,q_actual,0.07155849933176767,
1790848501386922454,1790848501387202815,0x68,joint_2,q_leader,-0.019941750242513337,
1790848501386922454,1790848501387202815,0x69,joint_3,q_leader,0.14726215563702155,
1790848501395557290,1790848501395911232,0x69,joint_3,q_actual,0.3159045946109737,
1790848501401323926,1790848501401674515,0x68,joint_2,q_des,0.06981317007977318,
1790848501401323926,1790848501401674515,0x69,joint_3,q_des,0.3159045946109737,
1790848501401323926,1790848501401697441,0x68,joint_2,q_filtered,0.06981317007977318,
1790848501401323926,1790848501401697441,0x69,joint_3,q_filtered,0.3159045946109737,
1790848501401323926,1790848501401907276,0x68,joint_2,q_cmd,0.06981317007977318,0.0
1790848501401323926,1790848501401907276,0x69,joint_3,q_cmd,0.3159045946109737,0.0
1790848501408112499,1790848501408378238,0x68,joint_2,q_actual,0.07155849933176767,
1790848501415628828,1790848501415966144,0x69,joint_3,q_actual,0.31764992386296803,
1790848501428454949,1790848501428771987,0x68,joint_2,q_actual,0.06981317007977318,
1790848501431178644,1790848501431455803,0x69,joint_3,q_actual,0.3159045946109737,
1790848501436544048,1790848501436826086,0x68,joint_2,q_leader,-0.019941750242513337,
1790848501436544048,1790848501436826086,0x69,joint_3,q_leader,0.14726215563702155,
1790848501445578429,1790848501445919501,0x68,joint_2,q_actual,0.06981317007977318,
1790848501455575419,1790848501455923599,0x69,joint_3,q_actual,0.31764992386296803,
1790848501465566559,1790848501465908350,0x68,joint_2,q_actual,0.07155849933176767,
1790848501475580378,1790848501475933204,0x69,joint_3,q_actual,0.3159045946109737,
1790848501485518197,1790848501485870155,0x68,joint_2,q_actual,0.06981317007977318,
1790848501486575866,1790848501486870245,0x68,joint_2,q_leader,-0.019941750242513337,
1790848501486575866,1790848501486870245,0x69,joint_3,q_leader,0.14726215563702155,
1790848501499375713,1790848501499628327,0x69,joint_3,q_actual,0.31764992386296803,
1790848501507050698,1790848501507427398,0x68,joint_2,q_actual,0.06981317007977318,
1790848501517025142,1790848501517352050,0x69,joint_3,q_actual,0.3159045946109737,
1790848501527042834,1790848501527386296,0x68,joint_2,q_actual,0.06981317007977318,
1790848501536652361,1790848501536944933,0x68,joint_2,q_leader,-0.019941750242513337,
1790848501536652361,1790848501536944933,0x69,joint_3,q_leader,0.14726215563702155,
1790848501536840080,1790848501537120447,0x69,joint_3,q_actual,0.3159045946109737,
1790848501546817621,1790848501547075723,0x68,joint_2,q_actual,0.07155849933176767,
1790848501556826223,1790848501557134049,0x69,joint_3,q_actual,0.31764992386296803,
1790848501566939078,1790848501567302076,0x68,joint_2,q_actual,0.07155849933176767,
1790848501576459302,1790848501576727034,0x69,joint_3,q_actual,0.31764992386296803,
1790848501585389388,1790848501585677122,0x68,joint_2,q_actual,0.07155849933176767,
1790848501586237705,1790848501586472329,0x68,joint_2,q_leader,-0.019941750242513337,
1790848501586237705,1790848501586472329,0x69,joint_3,q_leader,0.14726215563702155,
1790848501598225692,1790848501598508684,0x69,joint_3,q_actual,0.3159045946109737,
1790848501600721572,1790848501600967532,0x68,joint_2,q_des,0.06981317007977318,
1790848501600721572,1790848501600967532,0x69,joint_3,q_des,0.3159045946109737,
1790848501600721572,1790848501601101962,0x68,joint_2,q_filtered,0.06981317007977318,
1790848501600721572,1790848501601101962,0x69,joint_3,q_filtered,0.3159045946109737,
1790848501600721572,1790848501601172143,0x68,joint_2,q_cmd,0.06981317007977318,0.0
1790848501600721572,1790848501601172143,0x69,joint_3,q_cmd,0.3159045946109737,0.0
1790848501608229806,1790848501608517201,0x68,joint_2,q_actual,0.07155849933176767,
1790848501615395094,1790848501615678202,0x69,joint_3,q_actual,0.31764992386296803,
1790848501627429214,1790848501627695807,0x68,joint_2,q_actual,0.07155849933176767,
1790848501635412930,1790848501635697239,0x69,joint_3,q_actual,0.31764992386296803,
1790848501636390454,1790848501636654193,0x68,joint_2,q_leader,-0.019941750242513337,
1790848501636390454,1790848501636654193,0x69,joint_3,q_leader,0.14726215563702155,
1790848501645374978,1790848501645643913,0x68,joint_2,q_actual,0.07155849933176767,
1790848501655398545,1790848501655678480,0x69,joint_3,q_actual,0.31764992386296803,
1790848501665556206,1790848501665903912,0x68,joint_2,q_actual,0.06981317007977318,
1790848501675603840,1790848501675944120,0x69,joint_3,q_actual,0.31764992386296803,
1790848501685571998,1790848501685991835,0x68,joint_2,q_actual,0.07155849933176767,
1790848501686913241,1790848501687272783,0x68,joint_2,q_leader,-0.019941750242513337,
1790848501686913241,1790848501687272783,0x69,joint_3,q_leader,0.14726215563702155,
1790848501695561978,1790848501695904009,0x69,joint_3,q_actual,0.3159045946109737,
1790848501705570500,1790848501705922446,0x68,joint_2,q_actual,0.06981317007977318,
1790848501715552670,1790848501715902676,0x69,joint_3,q_actual,0.31764992386296803,
1790848501725574118,1790848501725929153,0x68,joint_2,q_actual,0.07155849933176767,
1790848501735542862,1790848501735962029,0x69,joint_3,q_actual,0.3159045946109737,
1790848501737318218,1790848501737659473,0x68,joint_2,q_leader,-0.019941750242513337,
1790848501737318218,1790848501737659473,0x69,joint_3,q_leader,0.14726215563702155,
1790848501745423847,1790848501745710821,0x68,joint_2,q_actual,0.07155849933176767,
1790848501755716322,1790848501756103582,0x69,joint_3,q_actual,0.3159045946109737,
1790848501765487780,1790848501765796552,0x68,joint_2,q_actual,0.06981317007977318,
1790848501775415770,1790848501775700543,0x69,joint_3,q_actual,0.31764992386296803,
1790848501785384332,1790848501785626848,0x68,joint_2,q_actual,0.07155849933176767,
1790848501786816899,1790848501787154217,0x68,joint_2,q_leader,-0.019941750242513337,
1790848501786816899,1790848501787154217,0x69,joint_3,q_leader,0.14726215563702155,
1790848501795388647,1790848501795641757,0x69,joint_3,q_actual,0.3159045946109737,
1790848501801078214,1790848501801351543,0x68,joint_2,q_des,0.06981317007977318,
1790848501801078214,1790848501801351543,0x69,joint_3,q_des,0.3159045946109737,
1790848501801078214,1790848501801508782,0x68,joint_2,q_filtered,0.06981317007977318,
1790848501801078214,1790848501801508782,0x69,joint_3,q_filtered,0.3159045946109737,
1790848501801078214,1790848501801560154,0x68,joint_2,q_cmd,0.06981317007977318,0.0
1790848501801078214,1790848501801560154,0x69,joint_3,q_cmd,0.3159045946109737,0.0
1790848501808263195,1790848501808526362,0x68,joint_2,q_actual,0.07155849933176767,
1790848501815574596,1790848501815929623,0x69,joint_3,q_actual,0.31764992386296803,
1790848501828298972,1790848501828632868,0x68,joint_2,q_actual,0.07155849933176767,
1790848501830860650,1790848501831120797,0x69,joint_3,q_actual,0.3159045946109737,
1790848501836952659,1790848501837327407,0x68,joint_2,q_leader,-0.019941750242513337,
1790848501836952659,1790848501837327407,0x69,joint_3,q_leader,0.14726215563702155,
1790848501845570225,1790848501845928682,0x68,joint_2,q_actual,0.07155849933176767,
1790848501855565007,1790848501855918756,0x69,joint_3,q_actual,0.31764992386296803,
1790848501865579413,1790848501865931763,0x68,joint_2,q_actual,0.07155849933176767,
1790848501875580935,1790848501875938225,0x69,joint_3,q_actual,0.31764992386296803,
1790848501885578335,1790848501885937997,0x68,joint_2,q_actual,0.07155849933176767,
1790848501887301517,1790848501887639578,0x68,joint_2,q_leader,-0.019941750242513337,
1790848501887301517,1790848501887639578,0x69,joint_3,q_leader,0.14726215563702155,
1790848501898397993,1790848501898736063,0x69,joint_3,q_actual,0.31764992386296803,
1790848501905555823,1790848501905906839,0x68,joint_2,q_actual,0.07155849933176767,
1790848501918441838,1790848501918738213,0x69,joint_3,q_actual,0.3159045946109737,
1790848501925380237,1790848501925635560,0x68,joint_2,q_actual,0.07155849933176767,
1790848501935384869,1790848501935633682,0x69,joint_3,q_actual,0.3159045946109737,
1790848501936702048,1790848501937045527,0x68,joint_2,q_leader,-0.019941750242513337,
1790848501936702048,1790848501937045527,0x69,joint_3,q_leader,0.14726215563702155,
1790848501945386638,1790848501945659609,0x68,joint_2,q_actual,0.07155849933176767,
1790848501955473474,1790848501955764963,0x69,joint_3,q_actual,0.3159045946109737,
1790848501965410294,1790848501965704669,0x68,joint_2,q_actual,0.07155849933176767,
1790848501978219348,1790848501978524617,0x69,joint_3,q_actual,0.31764992386296803,
1790848501986616606,1790848501986945589,0x68,joint_2,q_leader,-0.019941750242513337,
1790848501986616606,1790848501986945589,0x69,joint_3,q_leader,0.14726215563702155,
1790848501986808275,1790848501987120287,0x68,joint_2,q_actual,0.07155849933176767,
1790848501997095847,1790848501997457746,0x69,joint_3,q_actual,0.31764992386296803,
1790848502001066298,1790848502001332186,0x68,joint_2,q_des,0.06981317007977318,
1790848502001066298,1790848502001332186,0x69,joint_3,q_des,0.3159045946109737,
1790848502001066298,1790848502001520273,0x68,joint_2,q_filtered,0.06981317007977318,
1790848502001066298,1790848502001520273,0x69,joint_3,q_filtered,0.3159045946109737,
1790848502001066298,1790848502001543702,0x68,joint_2,q_cmd,0.06981317007977318,0.0
1790848502001066298,1790848502001543702,0x69,joint_3,q_cmd,0.3159045946109737,0.0
1790848502010827691,1790848502011164302,0x68,joint_2,q_actual,0.07155849933176767,
1790848502013492401,1790848502013679239,0x69,joint_3,q_actual,0.3159045946109737,
1790848502026127579,1790848502026345923,0x68,joint_2,q_actual,0.06981317007977318,
1790848502035353641,1790848502035591525,0x69,joint_3,q_actual,0.31764992386296803,
1790848502036105862,1790848502036331958,0x68,joint_2,q_leader,-0.019941750242513337,
1790848502036105862,1790848502036331958,0x69,joint_3,q_leader,0.14726215563702155,
1790848502045339391,1790848502045575454,0x68,joint_2,q_actual,0.07155849933176767,
1790848502056174665,1790848502056399672,0x69,joint_3,q_actual,0.31764992386296803,
1790848502066127294,1790848502066357235,0x68,joint_2,q_actual,0.07155849933176767,
1790848502076894177,1790848502077113053,0x69,joint_3,q_actual,0.3159045946109737,
1790848502085898462,1790848502086120393,0x68,joint_2,q_leader,-0.018407769454627694,
1790848502085898462,1790848502086120393,0x69,joint_3,q_leader,0.14726215563702155,
1790848502086201106,1790848502086385179,0x68,joint_2,q_actual,0.07155849933176767,
1790848502096135514,1790848502096348460,0x69,joint_3,q_actual,0.3159045946109737,
1790848502106138972,1790848502106358343,0x68,joint_2,q_actual,0.07155849933176767,
1790848502116130993,1790848502116334186,0x69,joint_3,q_actual,0.3159045946109737,
1790848502125342267,1790848502125557435,0x68,joint_2,q_actual,0.07155849933176767,
1790848502136139126,1790848502136342274,0x68,joint_2,q_leader,-0.01687378866674205,
1790848502136139126,1790848502136342274,0x69,joint_3,q_leader,0.14726215563702155,
1790848502136191033,1790848502136361556,0x69,joint_3,q_actual,0.31764992386296803,
1790848502146180431,1790848502146392187,0x68,joint_2,q_actual,0.07155849933176767,
1790848502155182558,1790848502155377980,0x69,joint_3,q_actual,0.31764992386296803,
1790848502165176259,1790848502165388376,0x68,joint_2,q_actual,0.06981317007977318,
1790848502177270605,1790848502177508421,0x69,joint_3,q_actual,0.3159045946109737,
1790848502185373353,1790848502185620162,0x68,joint_2,q_actual,0.07155849933176767,
1790848502186290931,1790848502186530948,0x68,joint_2,q_leader,-0.019941750242513337,
1790848502186290931,1790848502186530948,0x69,joint_3,q_leader,0.14726215563702155,
1790848502195362087,1790848502195614751,0x69,joint_3,q_actual,0.3159045946109737,
1790848502200911010,1790848502201110440,0x68,joint_2,q_des,0.06981317007977318,
1790848502200911010,1790848502201110440,0x69,joint_3,q_des,0.3159045946109737,
1790848502200911010,1790848502201142151,0x68,joint_2,q_filtered,0.06981317007977318,
1790848502200911010,1790848502201142151,0x69,joint_3,q_filtered,0.3159045946109737,
1790848502200911010,1790848502201215153,0x68,joint_2,q_cmd,0.06981317007977318,0.0
1790848502200911010,1790848502201215153,0x69,joint_3,q_cmd,0.3159045946109737,0.0
1790848502207292377,1790848502207507359,0x68,joint_2,q_actual,0.07155849933176767,
1790848502215359036,1790848502215602073,0x69,joint_3,q_actual,0.31764992386296803,
1790848502225369147,1790848502225611552,0x68,joint_2,q_actual,0.06981317007977318,
1790848502235371941,1790848502235622803,0x69,joint_3,q_actual,0.3159045946109737,
1790848502236495004,1790848502236735883,0x68,joint_2,q_leader,-0.019941750242513337,
1790848502236495004,1790848502236735883,0x69,joint_3,q_leader,0.14726215563702155,
1790848502245365012,1790848502245609068,0x68,joint_2,q_actual,0.06981317007977318,
1790848502255371393,1790848502255621484,0x69,joint_3,q_actual,0.31764992386296803,
1790848502265341151,1790848502265583830,0x68,joint_2,q_actual,0.06981317007977318,
1790848502275382620,1790848502275627684,0x69,joint_3,q_actual,0.31764992386296803,
1790848502285380050,1790848502285631122,0x68,joint_2,q_actual,0.07155849933176767,
1790848502286271019,1790848502286509474,0x68,joint_2,q_leader,-0.019941750242513337,
1790848502286271019,1790848502286509474,0x69,joint_3,q_leader,0.14726215563702155,
1790848502295366958,1790848502295612501,0x69,joint_3,q_actual,0.31764992386296803,
1790848502305366615,1790848502305613315,0x68,joint_2,q_actual,0.07155849933176767,
1790848502315347164,1790848502315593235,0x69,joint_3,q_actual,0.3159045946109737,
1790848502325371210,1790848502325615091,0x68,joint_2,q_actual,0.07155849933176767,
1790848502335374072,1790848502335621949,0x69,joint_3,q_actual,0.3159045946109737,
1790848502336458408,1790848502336699889,0x68,joint_2,q_leader,-0.01687378866674205,
1790848502336458408,1790848502336699889,0x69,joint_3,q_leader,0.14726215563702155,
1790848502345365442,1790848502345612609,0x68,joint_2,q_actual,0.07155849933176767,
1790848502355339422,1790848502355588056,0x69,joint_3,q_actual,0.31764992386296803,
1790848502365190553,1790848502365428164,0x68,joint_2,q_actual,0.07155849933176767,
1790848502375804244,1790848502375939462,0x69,joint_3,q_actual,0.3159045946109737,
1790848502385166272,1790848502385328353,0x68,joint_2,q_actual,0.07155849933176767,
1790848502385717550,1790848502385860764,0x68,joint_2,q_leader,-0.015339807878856412,
1790848502385717550,1790848502385860764,0x69,joint_3,q_leader,0.14726215563702155,
1790848502395176796,1790848502395364074,0x69,joint_3,q_actual,0.31764992386296803,
1790848502400452993,1790848502400575050,0x68,joint_2,q_des,0.06521122771611626,
1790848502400452993,1790848502400575050,0x69,joint_3,q_des,0.3159045946109737,
1790848502400452993,1790848502400589945,0x68,joint_2,q_filtered,0.06521122771611626,
1790848502400452993,1790848502400589945,0x69,joint_3,q_filtered,0.3159045946109737,
1790848502400452993,1790848502400687332,0x68,joint_2,q_cmd,0.06521122771611626,-0.023050519189644292
1790848502400452993,1790848502400687332,0x69,joint_3,q_cmd,0.3159045946109737,0.0
1790848502406521540,1790848502406673993,0x68,joint_2,q_actual,0.06981317007977318,
1790848502415193747,1790848502415410945,0x69,joint_3,q_actual,0.31764992386296803,
1790848502425510390,1790848502425824071,0x68,joint_2,q_actual,0.06981317007977318,
1790848502435418193,1790848502435711833,0x69,joint_3,q_actual,0.3159045946109737,
1790848502436900230,1790848502437210929,0x68,joint_2,q_leader,-0.015339807878856412,
1790848502436900230,1790848502437210929,0x69,joint_3,q_leader,0.14726215563702155,
1790848502445366588,1790848502445613024,0x68,joint_2,q_actual,0.06981317007977318,
1790848502455536492,1790848502455860866,0x69,joint_3,q_actual,0.3159045946109737,
1790848502465528750,1790848502465844384,0x68,joint_2,q_actual,0.06981317007977318,
1790848502475524407,1790848502475827666,0x69,joint_3,q_actual,0.3159045946109737,
1790848502487083788,1790848502487434056,0x68,joint_2,q_leader,-0.015339807878856412,
1790848502487083788,1790848502487434056,0x69,joint_3,q_leader,0.14572817484913592,
1790848502488262284,1790848502488520298,0x68,joint_2,q_actual,0.06981317007977318,
1790848502493089248,1790848502493313464,0x69,joint_3,q_actual,0.3159045946109737,
1790848502505527990,1790848502505839083,0x68,joint_2,q_actual,0.06981317007977318,
1790848502515532465,1790848502515846403,0x69,joint_3,q_actual,0.3159045946109737,
1790848502525509887,1790848502525804023,0x68,joint_2,q_actual,0.06981317007977318,
1790848502530545617,1790848502530859164,0x69,joint_3,q_actual,0.3159045946109737,
1790848502537131044,1790848502537485431,0x68,joint_2,q_leader,-0.015339807878856412,
1790848502537131044,1790848502537485431,0x69,joint_3,q_leader,0.14419419406125028,
1790848502545537347,1790848502545848129,0x68,joint_2,q_actual,0.06981317007977318,
1790848502555533851,1790848502555843232,0x69,joint_3,q_actual,0.3159045946109737,
1790848502565384737,1790848502565682120,0x68,joint_2,q_actual,0.06981317007977318,
1790848502575364791,1790848502575629776,0x69,joint_3,q_actual,0.31764992386296803,
1790848502585104207,1790848502585211267,0x68,joint_2,q_actual,0.06981317007977318,
1790848502585507736,1790848502585635178,0x68,joint_2,q_leader,-0.015339807878856412,
1790848502585507736,1790848502585635178,0x69,joint_3,q_leader,0.14266021327336464,
1790848502595160494,1790848502595299620,0x69,joint_3,q_actual,0.31764992386296803,
1790848502600461221,1790848502600575239,0x68,joint_2,q_des,0.06521122771611626,
1790848502600461221,1790848502600575239,0x69,joint_3,q_des,0.3205065369746306,
1790848502600461221,1790848502600606291,0x68,joint_2,q_filtered,0.06521122771611626,
1790848502600461221,1790848502600606291,0x69,joint_3,q_filtered,0.3205065369746306,
1790848502600461221,1790848502600692563,0x68,joint_2,q_cmd,0.06521122771611626,0.0
1790848502600461221,1790848502600692563,0x69,joint_3,q_cmd,0.3205065369746306,0.023005819578714788
1790848502606015042,1790848502606151269,0x68,joint_2,q_actual,0.06981317007977318,
1790848502615179638,1790848502615355107,0x69,joint_3,q_actual,0.31764992386296803,
1790848502625221451,1790848502625427873,0x68,joint_2,q_actual,0.06806784082777895,
1790848502635386038,1790848502635620411,0x69,joint_3,q_actual,0.31764992386296803,
1790848502636197172,1790848502636433172,0x68,joint_2,q_leader,-0.018407769454627694,
1790848502636197172,1790848502636433172,0x69,joint_3,q_leader,0.13959225169759337,
1790848502648395695,1790848502648697821,0x68,joint_2,q_actual,0.06806784082777895,
1790848502651103480,1790848502651378118,0x69,joint_3,q_actual,0.31764992386296803,
1790848502665564515,1790848502665889312,0x68,joint_2,q_actual,0.06806784082777895,
1790848502675572640,1790848502675917924,0x69,joint_3,q_actual,0.31764992386296803,
1790848502685667094,1790848502685985261,0x68,joint_2,q_actual,0.06806784082777895,
1790848502687093563,1790848502687453312,0x68,joint_2,q_leader,-0.019941750242513337,
1790848502687093563,1790848502687453312,0x69,joint_3,q_leader,0.13652429012182205,
1790848502695561832,1790848502695901466,0x69,joint_3,q_actual,0.31764992386296803,
1790848502705581506,1790848502705921964,0x68,joint_2,q_actual,0.06806784082777895,
1790848502715572396,1790848502715912976,0x69,joint_3,q_actual,0.31764992386296803,
1790848502725578675,1790848502725922045,0x68,joint_2,q_actual,0.06632251157578448,
1790848502730627566,1790848502730961987,0x69,joint_3,q_actual,0.31764992386296803,
1790848502737274280,1790848502737618557,0x68,joint_2,q_leader,-0.021475731030398976,
1790848502737274280,1790848502737618557,0x69,joint_3,q_leader,0.13345632854605077,
1790848502745583246,1790848502745918511,0x68,joint_2,q_actual,0.06632251157578448,
1790848502755579163,1790848502755920609,0x69,joint_3,q_actual,0.31764992386296803,
1790848502765416558,1790848502765725587,0x68,joint_2,q_actual,0.06632251157578448,
1790848502775462092,1790848502775746736,0x69,joint_3,q_actual,0.31764992386296803,
1790848502785388217,1790848502785628957,0x68,joint_2,q_actual,0.06632251157578448,
1790848502786561135,1790848502786890069,0x68,joint_2,q_leader,-0.023009711818284616,
1790848502786561135,1790848502786890069,0x69,joint_3,q_leader,0.12732040539450823,
1790848502795414350,1790848502795686446,0x69,joint_3,q_actual,0.31764992386296803,
1790848502801141570,1790848502801423793,0x68,joint_2,q_des,0.07288113165554447,
1790848502801141570,1790848502801423793,0x69,joint_3,q_des,0.335846344853487,
1790848502801141570,1790848502801497321,0x68,joint_2,q_filtered,0.07288113165554447,
1790848502801141570,1790848502801497321,0x69,joint_3,q_filtered,0.335846344853487,
1790848502801141570,1790848502801674051,0x68,joint_2,q_cmd,0.07288113165554447,0.0382963159656561
1790848502801141570,1790848502801674051,0x69,joint_3,q_cmd,0.32923318323460227,0.0435597777533694
1790848502806861388,1790848502807113095,0x68,joint_2,q_actual,0.06632251157578448,
1790848502813432332,1790848502813753254,0x69,joint_3,q_actual,0.31939525311496225,
1790848502825579339,1790848502825914169,0x68,joint_2,q_actual,0.06632251157578448,
1790848502830583697,1790848502830921216,0x69,joint_3,q_actual,0.31939525311496225,
1790848502836922549,1790848502837277528,0x68,joint_2,q_leader,-0.027611654181941538,
1790848502836922549,1790848502837277528,0x69,joint_3,q_leader,0.12118448224296564,
1790848502845554027,1790848502845893989,0x68,joint_2,q_actual,0.06632251157578448,
1790848502855577985,1790848502855919044,0x69,joint_3,q_actual,0.31939525311496225,
1790848502865572785,1790848502865918711,0x68,joint_2,q_actual,0.06632251157578448,
1790848502875577981,1790848502875921530,0x69,joint_3,q_actual,0.31939525311496225,
1790848502885580003,1790848502885899151,0x68,joint_2,q_actual,0.06632251157578448,
1790848502887274334,1790848502887602048,0x68,joint_2,q_leader,-0.03834951969714103,
1790848502887274334,1790848502887602048,0x69,joint_3,q_leader,0.11351457830353744,
1790848502895576091,1790848502895915890,0x69,joint_3,q_actual,0.31939525311496225,
1790848502905434320,1790848502905748967,0x68,joint_2,q_actual,0.06632251157578448,
1790848502915379874,1790848502915632217,0x69,joint_3,q_actual,0.32114058236695664,
1790848502925383255,1790848502925637494,0x68,joint_2,q_actual,0.06632251157578448,
1790848502935038831,1790848502935191819,0x69,joint_3,q_actual,0.32114058236695664,
1790848502935088129,1790848502935212901,0x68,joint_2,q_leader,-0.05062136600022616,
1790848502935088129,1790848502935212901,0x69,joint_3,q_leader,0.10584467436410923,
1790848502945011051,1790848502945165640,0x68,joint_2,q_actual,0.06632251157578448,
1790848502954974100,1790848502955131851,0x69,joint_3,q_actual,0.32114058236695664,
1790848502964945576,1790848502965082226,0x68,joint_2,q_actual,0.06632251157578448,
1790848502974974577,1790848502975123004,0x69,joint_3,q_actual,0.32114058236695664,
1790848502984992569,1790848502985127895,0x68,joint_2,q_actual,0.06632251157578448,
1790848502985075641,1790848502985143122,0x68,joint_2,q_leader,-0.059825250727540004,
1790848502985075641,1790848502985143122,0x69,joint_3,q_leader,0.09817477042468102,
1790848502994964293,1790848502995116638,0x69,joint_3,q_actual,0.32288591161895097,
1790848503000157904,1790848503000209747,0x68,joint_2,q_des,0.10969667056479986,
1790848503000157904,1790848503000209747,0x69,joint_3,q_des,0.3649919798233142,
1790848503000157904,1790848503000241388,0x68,joint_2,q_filtered,0.10969667056479986,
1790848503000157904,1790848503000241388,0x69,joint_3,q_filtered,0.3649919798233142,
1790848503000157904,1790848503000335821,0x68,joint_2,q_cmd,0.08158155338358766,0.04363323129985824
1790848503000157904,1790848503000335821,0x69,joint_3,q_cmd,0.3379344950805558,0.04363323129985824
1790848503004942511,1790848503005059839,0x68,joint_2,q_actual,0.06806784082777895,
1790848503014948634,1790848503015099246,0x69,joint_3,q_actual,0.32288591161895097,
1790848503025023091,1790848503025141803,0x68,joint_2,q_actual,0.06806784082777895,
1790848503034919833,1790848503035040854,0x69,joint_3,q_actual,0.32288591161895097,
1790848503035011160,1790848503035086704,0x68,joint_2,q_leader,-0.0674951546669682,
1790848503035011160,1790848503035086704,0x69,joint_3,q_leader,0.09357282806102411,
1790848503044932749,1790848503045080026,0x68,joint_2,q_actual,0.06806784082777895,
1790848503054913145,1790848503055051821,0x69,joint_3,q_actual,0.3246312408709453,
1790848503064953520,1790848503065095771,0x68,joint_2,q_actual,0.06806784082777895,
1790848503074937612,1790848503075094124,0x69,joint_3,q_actual,0.3246312408709453,
1790848503084957149,1790848503085090815,0x68,joint_2,q_actual,0.06806784082777895,
1790848503085051440,1790848503085124386,0x68,joint_2,q_leader,-0.07669903939428205,
1790848503085051440,1790848503085124386,0x69,joint_3,q_leader,0.08897088569736718,
1790848503094940455,1790848503095073669,0x69,joint_3,q_actual,0.3246312408709453,
1790848503104922409,1790848503105029216,0x68,joint_2,q_actual,0.06806784082777895,
1790848503114884791,1790848503115000843,0x69,joint_3,q_actual,0.3246312408709453,
1790848503124872576,1790848503124985081,0x68,joint_2,q_actual,0.06981317007977318,
1790848503134880974,1790848503134991225,0x69,joint_3,q_actual,0.3263765701229397,
1790848503134929919,1790848503135002945,0x68,joint_2,q_leader,-0.08436894333371026,
1790848503134929919,1790848503135002945,0x69,joint_3,q_leader,0.08283496254582462,
1790848503144917893,1790848503145029176,0x68,joint_2,q_actual,0.06981317007977318,
1790848503154912221,1790848503155013831,0x69,joint_3,q_actual,0.3263765701229397,
1790848503164908419,1790848503165008271,0x68,joint_2,q_actual,0.06981317007977318,
1790848503174910454,1790848503175015236,0x69,joint_3,q_actual,0.3281218993749339,
1790848503184906572,1790848503185022889,0x68,joint_2,q_actual,0.07155849933176767,
1790848503185107096,1790848503185219674,0x68,joint_2,q_leader,-0.0935728280610241,
1790848503185107096,1790848503185219674,0x69,joint_3,q_leader,0.07669903939428206,
1790848503194915458,1790848503195046579,0x69,joint_3,q_actual,0.3281218993749339,
1790848503200164697,1790848503200281270,0x68,joint_2,q_des,0.14344424789828397,
1790848503200164697,1790848503200281270,0x69,joint_3,q_des,0.3864677108537132,
1790848503200164697,1790848503200287868,0x68,joint_2,q_filtered,0.14344424789828397,
1790848503200164697,1790848503200287868,0x69,joint_3,q_filtered,0.3864677108537132,
1790848503200164697,1790848503200392374,0x68,joint_2,q_cmd,0.09030736803780055,0.04363323129985824
1790848503200164697,1790848503200392374,0x69,joint_3,q_cmd,0.3466611041213501,0.04363323129985824
1790848503205566819,1790848503205666833,0x68,joint_2,q_actual,0.07155849933176767,
1790848503215174784,1790848503215323531,0x69,joint_3,q_actual,0.3281218993749339,
1790848503225031375,1790848503225175507,0x68,joint_2,q_actual,0.07155849933176767,
1790848503235052834,1790848503235188532,0x69,joint_3,q_actual,0.32986722862692824,
1790848503235516823,1790848503235636091,0x68,joint_2,q_leader,-0.10277671278833797,
1790848503235516823,1790848503235636091,0x69,joint_3,q_leader,0.06902913545485385,
1790848503245182918,1790848503245306730,0x68,joint_2,q_actual,0.07330382858376189,
1790848503255160762,1790848503255321612,0x69,joint_3,q_actual,0.32986722862692824,
1790848503265148163,1790848503265312946,0x68,joint_2,q_actual,0.07330382858376189,
1790848503275193858,1790848503275360151,0x69,joint_3,q_actual,0.33161255787892263,
1790848503285269462,1790848503285476284,0x68,joint_2,q_actual,0.07330382858376189,
1790848503286124926,1790848503286338312,0x68,joint_2,q_leader,-0.10891263593988051,
1790848503286124926,1790848503286338312,0x69,joint_3,q_leader,0.06289321230331128,
1790848503295398803,1790848503295687165,0x69,joint_3,q_actual,0.33161255787892263,
1790848503308730303,1790848503309068656,0x68,joint_2,q_actual,0.07504915783575612,
1790848503311554962,1790848503311832204,0x69,joint_3,q_actual,0.33335788713091696,
1790848503328741558,1790848503329085638,0x68,joint_2,q_actual,0.07504915783575612,
1790848503331611885,1790848503331852794,0x69,joint_3,q_actual,0.33335788713091696,
1790848503336889569,1790848503337209464,0x68,joint_2,q_leader,-0.11658253987930872,
1790848503336889569,1790848503337209464,0x69,joint_3,q_leader,0.056757289151768725,
1790848503345606744,1790848503345977283,0x68,joint_2,q_actual,0.0767944870877506,
1790848503355635285,1790848503356009100,0x69,joint_3,q_actual,0.3351032163829113,
1790848503365665818,1790848503366025608,0x68,joint_2,q_actual,0.0767944870877506,
1790848503370616150,1790848503370988900,0x69,joint_3,q_actual,0.3351032163829113,
1790848503385508224,1790848503385864319,0x68,joint_2,q_actual,0.07853981633974483,
1790848503386750210,1790848503387060934,0x68,joint_2,q_leader,-0.12425244381873693,
1790848503386750210,1790848503387060934,0x69,joint_3,q_leader,0.04908738521234052,
1790848503395421617,1790848503395709261,0x69,joint_3,q_actual,0.33684854563490557,
1790848503401206745,1790848503401525663,0x68,joint_2,q_des,0.17412386365599677,
1790848503401206745,1790848503401525663,0x69,joint_3,q_des,0.41407936503565473,
1790848503401206745,1790848503401558985,0x68,joint_2,q_filtered,0.17412386365599677,
1790848503401206745,1790848503401558985,0x69,joint_3,q_filtered,0.41407936503565473,
1790848503401206745,1790848503401702591,0x68,joint_2,q_cmd,0.0990340142977722,0.043524780169823515
1790848503401206745,1790848503401702591,0x69,joint_3,q_cmd,0.35538775038132175,0.04351047910112909
1790848503413222042,1790848503413531075,0x68,joint_2,q_actual,0.07853981633974483,
1790848503417549442,1790848503417815185,0x69,joint_3,q_actual,0.33684854563490557,
1790848503427000719,1790848503427332999,0x68,joint_2,q_actual,0.08028514559173931,
1790848503436541554,1790848503436825456,0x68,joint_2,q_leader,-0.1303883669702795,
1790848503436541554,1790848503436825456,0x69,joint_3,q_leader,0.044485442848683596,
1790848503436857139,1790848503437062633,0x69,joint_3,q_actual,0.3385938748868999,
1790848503447072874,1790848503447480906,0x68,joint_2,q_actual,0.08028514559173931,
1790848503455642262,1790848503456001550,0x69,joint_3,q_actual,0.3385938748868999,
1790848503467143161,1790848503467494669,0x68,joint_2,q_actual,0.08203047484373353,
1790848503477042295,1790848503477396797,0x69,joint_3,q_actual,0.34033920413889424,
1790848503485681227,1790848503486046583,0x68,joint_2,q_actual,0.08377580409572777,
1790848503486818351,1790848503487110206,0x68,joint_2,q_leader,-0.13959225169759334,
1790848503486818351,1790848503487110206,0x69,joint_3,q_leader,0.038349519697141024,
1790848503495574820,1790848503495923254,0x69,joint_3,q_actual,0.34033920413889424,
1790848503505578311,1790848503505937804,0x68,joint_2,q_actual,0.08377580409572777,
1790848503510592574,1790848503510945386,0x69,joint_3,q_actual,0.3420845333908886,
1790848503525572803,1790848503525930140,0x68,joint_2,q_actual,0.08552113334772225,
1790848503530595907,1790848503530972438,0x69,joint_3,q_actual,0.3420845333908886,
1790848503536748994,1790848503537026508,0x68,joint_2,q_leader,-0.1487961364249072,
1790848503536748994,1790848503537026508,0x69,joint_3,q_leader,0.032213596545598466,
1790848503548316284,1790848503548653109,0x68,joint_2,q_actual,0.08552113334772225,
1790848503550554013,1790848503550814961,0x69,joint_3,q_actual,0.34382986264288296,
1790848503565567604,1790848503565933612,0x68,joint_2,q_actual,0.08726646259971647,
1790848503570599154,1790848503570948236,0x69,joint_3,q_actual,0.34382986264288296,
1790848503585658340,1790848503586028149,0x68,joint_2,q_actual,0.08726646259971647,
1790848503586788328,1790848503587079236,0x68,joint_2,q_leader,-0.15953400194010667,
1790848503586788328,1790848503587079236,0x69,joint_3,q_leader,0.026077673394055895,
1790848503590773414,1790848503591095750,0x69,joint_3,q_actual,0.3455751918948772,
1790848503601058045,1790848503601334918,0x68,joint_2,q_des,0.20940542177736654,
1790848503601058045,1790848503601334918,0x69,joint_3,q_des,0.43708907685393933,
1790848503601058045,1790848503601491984,0x68,joint_2,q_filtered,0.20940542177736654,
1790848503601058045,1790848503601491984,0x69,joint_3,q_filtered,0.43708907685393933,
1790848503601058045,1790848503601577928,0x68,joint_2,q_cmd,0.10775215120495388,0.04363323129985824
1790848503601058045,1790848503601577928,0x69,joint_3,q_cmd,0.3641084650089314,0.04363323129985824
1790848503608146671,1790848503608435459,0x68,joint_2,q_actual,0.08901179185171096,
1790848503615414360,1790848503615694003,0x69,joint_3,q_actual,0.3455751918948772,
1790848503628213614,1790848503628573922,0x68,joint_2,q_actual,0.08901179185171096,
1790848503630808724,1790848503631083856,0x69,joint_3,q_actual,0.34732052114687156,
1790848503636715753,1790848503637008991,0x68,joint_2,q_leader,-0.1718058482431918,
1790848503636715753,1790848503637008991,0x69,joint_3,q_leader,0.019941750242513337,
1790848503645550779,1790848503645903046,0x68,joint_2,q_actual,0.09075712110370518,
1790848503650575992,1790848503650928780,0x69,joint_3,q_actual,0.3490658503988659,
1790848503665539495,1790848503665846791,0x68,joint_2,q_actual,0.09075712110370518,
1790848503670562965,1790848503670915842,0x69,joint_3,q_actual,0.3490658503988659,
1790848503685413034,1790848503685726923,0x68,joint_2,q_actual,0.09250245035569941,
1790848503686790848,1790848503687076678,0x68,joint_2,q_leader,-0.1825437137583913,
1790848503686790848,1790848503687076678,0x69,joint_3,q_leader,0.01687378866674205,
1790848503695556558,1790848503695921574,0x69,joint_3,q_actual,0.3508111796508603,
1790848503705553744,1790848503705908565,0x68,joint_2,q_actual,0.09250245035569941,
1790848503715559333,1790848503715914273,0x69,joint_3,q_actual,0.3508111796508603,
1790848503728478886,1790848503728805367,0x68,joint_2,q_actual,0.0942477796076939,
1790848503731088797,1790848503731373540,0x69,joint_3,q_actual,0.3525565089028546,
1790848503736662072,1790848503736960366,0x68,joint_2,q_leader,-0.19328157927359077,
1790848503736662072,1790848503736960366,0x69,joint_3,q_leader,0.015339807878856415,
1790848503745558869,1790848503745929104,0x68,joint_2,q_actual,0.0942477796076939,
1790848503750622494,1790848503750972951,0x69,joint_3,q_actual,0.3525565089028546,
1790848503768845591,1790848503769192761,0x68,joint_2,q_actual,0.09599310885968812,
1790848503771462422,1790848503771728366,0x69,joint_3,q_actual,0.35430183815484884,
1790848503785641655,1790848503785959214,0x68,joint_2,q_actual,0.09599310885968812,
1790848503786743879,1790848503787039138,0x68,joint_2,q_leader,-0.20248546400090464,
1790848503786743879,1790848503787039138,0x69,joint_3,q_leader,0.013805827090970772,
1790848503795750200,1790848503796170252,0x69,joint_3,q_actual,0.35430183815484884,
1790848503801490165,1790848503801761939,0x68,joint_2,q_des,0.25235688383816446,
1790848503801490165,1790848503801761939,0x69,joint_3,q_des,0.44936092315702447,
1790848503801490165,1790848503801916705,0x68,joint_2,q_filtered,0.25235688383816446,
1790848503801490165,1790848503801916705,0x69,joint_3,q_filtered,0.44936092315702447,
1790848503801490165,1790848503802115261,0x68,joint_2,q_cmd,0.11647879746492552,0.0435990298229172
1790848503801490165,1790848503802115261,0x69,joint_3,q_cmd,0.372835111268903,0.043580599227927286
1790848503805853894,1790848503805961097,0x68,joint_2,q_actual,0.0977384381116826,
1790848503815060884,1790848503815172965,0x69,joint_3,q_actual,0.3560471674068432,
1790848503825188521,1790848503825354797,0x68,joint_2,q_actual,0.0977384381116826,
1790848503835180987,1790848503835408461,0x69,joint_3,q_actual,0.3560471674068432,
1790848503835671276,1790848503835815748,0x68,joint_2,q_leader,-0.21168934872821848,
1790848503835671276,1790848503835815748,0x69,joint_3,q_leader,0.010737865515199486,
1790848503845137280,1790848503845287291,0x68,joint_2,q_actual,0.09948376736367684,
1790848503855157357,1790848503855324125,0x69,joint_3,q_actual,0.35779249665883756,
1790848503865173364,1790848503865355886,0x68,joint_2,q_actual,0.09948376736367684,
1790848503875204988,1790848503875416870,0x69,joint_3,q_actual,0.35779249665883756,
1790848503885307514,1790848503885501806,0x68,joint_2,q_actual,0.10122909661567106,
1790848503885960561,1790848503886167941,0x68,joint_2,q_leader,-0.22089323345553233,
1790848503885960561,1790848503886167941,0x69,joint_3,q_leader,0.009203884727313844,
1790848503895496364,1790848503895824303,0x69,joint_3,q_actual,0.3595378259108319,
1790848503905470412,1790848503905819204,0x68,joint_2,q_actual,0.10297442586766554,
1790848503915417068,1790848503915698366,0x69,joint_3,q_actual,0.3595378259108319,
1790848503925411136,1790848503925693065,0x68,joint_2,q_actual,0.10297442586766554,
1790848503935174461,1790848503935350044,0x69,joint_3,q_actual,0.3612831551628263,
1790848503936223238,1790848503936456707,0x68,joint_2,q_leader,-0.23009711818284617,
1790848503936223238,1790848503936456707,0x69,joint_3,q_leader,0.004601942363656922,
1790848503945025445,1790848503945175763,0x68,joint_2,q_actual,0.10471975511965978,
1790848503954962689,1790848503955086317,0x69,joint_3,q_actual,0.3612831551628263,
1790848503964905857,1790848503965009045,0x68,joint_2,q_actual,0.10471975511965978,
1790848503974903015,1790848503974998910,0x69,joint_3,q_actual,0.3630284844148205,
1790848503985162806,1790848503985274757,0x68,joint_2,q_actual,0.10646508437165425,
1790848503985561089,1790848503985698093,0x68,joint_2,q_leader,-0.23776702212227438,
1790848503985561089,1790848503985698093,0x69,joint_3,q_leader,0.001533980787885643,
1790848503995162669,1790848503995337872,0x69,joint_3,q_actual,0.3630284844148205,
1790848504000631596,1790848504000818040,0x68,joint_2,q_des,0.28763844195953425,
1790848504000631596,1790848504000818040,0x69,joint_3,q_des,0.46163276946010956,
1790848504000631596,1790848504000828080,0x68,joint_2,q_filtered,0.28763844195953425,
1790848504000631596,1790848504000828080,0x69,joint_3,q_filtered,0.46163276946010956,
1790848504000631596,1790848504000957434,0x68,joint_2,q_cmd,0.12518042844433097,0.04363323129985824
1790848504000631596,1790848504000957434,0x69,joint_3,q_cmd,0.3815382590267265,0.04363323129985824
1790848504005655935,1790848504005785769,0x68,joint_2,q_actual,0.10646508437165425,
1790848504015084383,1790848504015259284,0x69,joint_3,q_actual,0.36477381366681483,
1790848504027218775,1790848504027451835,0x68,joint_2,q_actual,0.10821041362364849,
1790848504035495216,1790848504035833346,0x69,joint_3,q_actual,0.36477381366681483,
1790848504036709288,1790848504036992950,0x68,joint_2,q_leader,-0.24390294527381692,
1790848504036709288,1790848504036992950,0x69,joint_3,q_leader,-0.003067961575771286,
1790848504045595483,1790848504045925273,0x68,joint_2,q_actual,0.10821041362364849,
1790848504050715196,1790848504051115146,0x69,joint_3,q_actual,0.3665191429188092,
1790848504065514785,1790848504065844439,0x68,joint_2,q_actual,0.10821041362364849,
1790848504075552035,1790848504075908102,0x69,joint_3,q_actual,0.3665191429188092,
1790848504085512358,1790848504085895698,0x68,joint_2,q_actual,0.1099557428756427,
1790848504087083510,1790848504087376249,0x68,joint_2,q_leader,-0.25003886842535955,
1790848504087083510,1790848504087376249,0x69,joint_3,q_leader,-0.007669903939428208,
1790848504095519330,1790848504095857171,0x69,joint_3,q_actual,0.36826447217080355,
1790848504105363894,1790848504105683355,0x68,joint_2,q_actual,0.1099557428756427,
1790848504115502373,1790848504115827939,0x69,joint_3,q_actual,0.36826447217080355,
1790848504125516485,1790848504125852218,0x68,joint_2,q_actual,0.11170107212763719,
1790848504130517626,1790848504130818875,0x69,joint_3,q_actual,0.37000980142279793,
1790848504136928324,1790848504137210573,0x68,joint_2,q_leader,-0.25770877236478773,
1790848504136928324,1790848504137210573,0x69,joint_3,q_leader,-0.013805827090970772,
1790848504145516284,1790848504145848777,0x68,joint_2,q_actual,0.11170107212763719,
1790848504155528601,1790848504155858804,0x69,joint_3,q_actual,0.37000980142279793,
1790848504165511248,1790848504165845180,0x68,joint_2,q_actual,0.11344640137963143,
1790848504175537502,1790848504175875143,0x69,joint_3,q_actual,0.37175513067479216,
1790848504185492857,1790848504185800622,0x68,joint_2,q_actual,0.11344640137963143,
1790848504186922222,1790848504187199022,0x68,joint_2,q_leader,-0.26537867630421597,
1790848504186922222,1790848504187199022,0x69,joint_3,q_leader,-0.018407769454627694,
1790848504195323915,1790848504195610847,0x69,joint_3,q_actual,0.37175513067479216,
1790848504201218999,1790848504201521212,0x68,joint_2,q_des,0.31525009614147576,
1790848504201218999,1790848504201521212,0x69,joint_3,q_des,0.48157451970262294,
1790848504201218999,1790848504201543330,0x68,joint_2,q_filtered,0.31525009614147576,
1790848504201218999,1790848504201543330,0x69,joint_3,q_filtered,0.48157451970262294,
1790848504201218999,1790848504201727884,0x68,joint_2,q_cmd,0.1339070747043026,0.04357230915064111
1790848504201218999,1790848504201727884,0x69,joint_3,q_cmd,0.3902649052866981,0.043559559887286284
1790848504205339739,1790848504205630742,0x68,joint_2,q_actual,0.1151917306316259,
1790848504215331171,1790848504215592799,0x69,joint_3,q_actual,0.3735004599267865,
1790848504225331891,1790848504225626930,0x68,joint_2,q_actual,0.1151917306316259,
1790848504235365767,1790848504235629256,0x69,joint_3,q_actual,0.3735004599267865,
1790848504236319578,1790848504236598539,0x68,joint_2,q_leader,-0.27304858024364415,
1790848504236319578,1790848504236598539,0x69,joint_3,q_leader,-0.02454369260617026,
1790848504245522743,1790848504245853923,0x68,joint_2,q_actual,0.11693705988362013,
1790848504255588351,1790848504255927547,0x69,joint_3,q_actual,0.3735004599267865,
1790848504265519577,1790848504265849730,0x68,joint_2,q_actual,0.11693705988362013,
1790848504275521391,1790848504275858560,0x69,joint_3,q_actual,0.3752457891787809,
1790848504285526219,1790848504285837864,0x68,joint_2,q_actual,0.11868238913561437,
1790848504286660639,1790848504286936281,0x68,joint_2,q_leader,-0.2807184841830724,
1790848504286660639,1790848504286936281,0x69,joint_3,q_leader,-0.02914563496982718,
1790848504295512151,1790848504295851074,0x69,joint_3,q_actual,0.3752457891787809,
1790848504305523948,1790848504305855301,0x68,joint_2,q_actual,0.12042771838760884,
1790848504315519510,1790848504315847390,0x69,joint_3,q_actual,0.3752457891787809,
1790848504325525352,1790848504325854271,0x68,joint_2,q_actual,0.12042771838760884,
1790848504335585022,1790848504335940559,0x69,joint_3,q_actual,0.3769911184307752,
1790848504336697307,1790848504336976282,0x68,joint_2,q_leader,-0.29145634969827183,
1790848504336697307,1790848504336976282,0x69,joint_3,q_leader,-0.035281558121369745,
1790848504345510139,1790848504345842607,0x68,joint_2,q_actual,0.12217304763960307,
1790848504355583286,1790848504355925536,0x69,joint_3,q_actual,0.3769911184307752,
1790848504365519165,1790848504365848119,0x68,joint_2,q_actual,0.12217304763960307,
1790848504375545074,1790848504375882427,0x69,joint_3,q_actual,0.37873644768276954,
1790848504386924359,1790848504387210147,0x68,joint_2,q_leader,-0.3006602344255857,
1790848504386924359,1790848504387210147,0x69,joint_3,q_leader,-0.044485442848683596,
1790848504388302501,1790848504388558847,0x68,joint_2,q_actual,0.12391837689159754,
1790848504390671293,1790848504390916467,0x69,joint_3,q_actual,0.37873644768276954,
1790848504401206833,1790848504401489617,0x68,joint_2,q_des,0.35053165426284555,
1790848504401206833,1790848504401489617,0x69,joint_3,q_des,0.5076521930966789,
1790848504401206833,1790848504401516302,0x68,joint_2,q_filtered,0.35053165426284555,
1790848504401206833,1790848504401516302,0x69,joint_3,q_filtered,0.5076521930966789,
1790848504401206833,1790848504401686988,0x68,joint_2,q_cmd,0.14262956594615345,0.04363323129985824
1790848504401206833,1790848504401686988,0x69,joint_3,q_cmd,0.3989898998543305,0.04363323129985824
1790848504405521864,1790848504405830328,0x68,joint_2,q_actual,0.12391837689159754,
1790848504415333995,1790848504415579151,0x69,joint_3,q_actual,0.3804817769347638,
1790848504424908961,1790848504425032230,0x68,joint_2,q_actual,0.12566370614359176,
1790848504435064481,1790848504435182316,0x69,joint_3,q_actual,0.3804817769347638,
1790848504435446472,1790848504435567630,0x68,joint_2,q_leader,-0.3098641191528995,
1790848504435446472,1790848504435567630,0x69,joint_3,q_leader,-0.05062136600022616,
1790848504445166447,1790848504445300572,0x68,joint_2,q_actual,0.12566370614359176,
1790848504455168120,1790848504455312993,0x69,joint_3,q_actual,0.38222710618675815,
1790848504465170122,1790848504465343952,0x68,joint_2,q_actual,0.127409035395586,
1790848504475214328,1790848504475405677,0x69,joint_3,q_actual,0.38222710618675815,
1790848504485305694,1790848504485491518,0x68,joint_2,q_actual,0.127409035395586,
1790848504485909736,1790848504486116306,0x68,joint_2,q_leader,-0.31753402309232776,
1790848504485909736,1790848504486116306,0x69,joint_3,q_leader,-0.05522330836388308,
1790848504495678281,1790848504496004723,0x69,joint_3,q_actual,0.3839724354387525,
1790848504505367578,1790848504505671917,0x68,joint_2,q_actual,0.12915436464758048,
1790848504515520799,1790848504515853373,0x69,joint_3,q_actual,0.3839724354387525,
1790848504528770058,1790848504529160562,0x68,joint_2,q_actual,0.12915436464758048,
1790848504532291364,1790848504532408842,0x69,joint_3,q_actual,0.38571776469074687,
1790848504535616854,1790848504535718963,0x68,joint_2,q_leader,-0.32520392703175593,
1790848504535616854,1790848504535718963,0x69,joint_3,q_leader,-0.059825250727540004,
1790848504544900978,1790848504544969496,0x68,joint_2,q_actual,0.1308996938995747,
1790848504554974351,1790848504555113467,0x69,joint_3,q_actual,0.38571776469074687,
1790848504565142976,1790848504565308311,0x68,joint_2,q_actual,0.1308996938995747,
1790848504575080136,1790848504575253971,0x69,joint_3,q_actual,0.3874630939427412,
1790848504585192411,1790848504585393117,0x68,joint_2,q_actual,0.1326450231515692,
1790848504585738004,1790848504585889293,0x68,joint_2,q_leader,-0.33287383097118417,
1790848504585738004,1790848504585889293,0x69,joint_3,q_leader,-0.06442719309119693,
1790848504595269898,1790848504595498041,0x69,joint_3,q_actual,0.3874630939427412,
1790848504600820470,1790848504601004739,0x68,joint_2,q_des,0.38274525080844396,
1790848504600820470,1790848504601004739,0x69,joint_3,q_des,0.5275939433391922,
1790848504600820470,1790848504601026098,0x68,joint_2,q_filtered,0.38274525080844396,
1790848504600820470,1790848504601026098,0x69,joint_3,q_filtered,0.5275939433391922,
1790848504600820470,1790848504601130277,0x68,joint_2,q_cmd,0.1513443566645085,0.04363323129985824
1790848504600820470,1790848504601130277,0x69,joint_3,q_cmd,0.40770646347812145,0.04363323129985824
1790848504605424165,1790848504605694769,0x68,joint_2,q_actual,0.1326450231515692,
1790848504610542550,1790848504610878232,0x69,joint_3,q_actual,0.3892084231947354,
1790848504625442311,1790848504625727457,0x68,joint_2,q_actual,0.13439035240356342,
1790848504630485351,1790848504630755885,0x69,joint_3,q_actual,0.3892084231947354,
1790848504636606534,1790848504636874703,0x68,joint_2,q_leader,-0.342077715698498,
1790848504636606534,1790848504636874703,0x69,joint_3,q_leader,-0.0674951546669682,
1790848504645457400,1790848504645710882,0x68,joint_2,q_actual,0.13439035240356342,
1790848504650445681,1790848504650696135,0x69,joint_3,q_actual,0.3909537524467298,
1790848504665621055,1790848504665961896,0x68,joint_2,q_actual,0.13613568165555764,
1790848504670634376,1790848504670977284,0x69,joint_3,q_actual,0.3909537524467298,
1790848504685651698,1790848504685986408,0x68,joint_2,q_actual,0.13613568165555764,
1790848504686977977,1790848504687239665,0x68,joint_2,q_leader,-0.3482136388500406,
1790848504686977977,1790848504687239665,0x69,joint_3,q_leader,-0.07056311624273949,
1790848504690464141,1790848504690713533,0x69,joint_3,q_actual,0.39269908169872414,
1790848504705614461,1790848504705960572,0x68,joint_2,q_actual,0.13788101090755214,
1790848504710638655,1790848504710978566,0x69,joint_3,q_actual,0.39269908169872414,
1790848504725602253,1790848504725947326,0x68,joint_2,q_actual,0.13788101090755214,
1790848504730761986,1790848504731097201,0x69,joint_3,q_actual,0.3944444109507185,
1790848504736607704,1790848504736906963,0x68,joint_2,q_leader,-0.3574175235773544,
1790848504736607704,1790848504736906963,0x69,joint_3,q_leader,-0.07669903939428206,
1790848504745608792,1790848504745951389,0x68,joint_2,q_actual,0.13962634015954636,
1790848504750637253,1790848504750986329,0x69,joint_3,q_actual,0.3944444109507185,
1790848504765590145,1790848504765921323,0x68,joint_2,q_actual,0.14137166941154083,
1790848504770440814,1790848504770691410,0x69,joint_3,q_actual,0.39618974020271286,
1790848504785608950,1790848504785949189,0x68,joint_2,q_actual,0.14137166941154083,
1790848504786910480,1790848504787180149,0x68,joint_2,q_leader,-0.3681553890925539,
1790848504786910480,1790848504787180149,0x69,joint_3,q_leader,-0.08130098175793898,
1790848504795611693,1790848504795955667,0x69,joint_3,q_actual,0.39618974020271286,
1790848504801611746,1790848504801877712,0x68,joint_2,q_des,0.41802680892981375,
1790848504801611746,1790848504801877712,0x69,joint_3,q_des,0.5444677320059342,
1790848504801611746,1790848504802042644,0x68,joint_2,q_filtered,0.41802680892981375,
1790848504801611746,1790848504802042644,0x69,joint_3,q_filtered,0.5444677320059342,
1790848504801611746,1790848504802208251,0x68,joint_2,q_cmd,0.16007100292448015,0.043565762745663976
1790848504801611746,1790848504802208251,0x69,joint_3,q_cmd,0.4164331097380931,0.04355052515082733
1790848504805426853,1790848504805680041,0x68,joint_2,q_actual,0.14137166941154083,
1790848504810638462,1790848504810978133,0x69,joint_3,q_actual,0.3979350694547071,
1790848504825535988,1790848504825870466,0x68,joint_2,q_actual,0.14311699866353508,
1790848504835501167,1790848504835856599,0x69,joint_3,q_actual,0.3979350694547071,
1790848504836714276,1790848504837011306,0x68,joint_2,q_leader,-0.3788932546077534,
1790848504836714276,1790848504837011306,0x69,joint_3,q_leader,-0.08436894333371026,
1790848504845454232,1790848504845762720,0x68,joint_2,q_actual,0.14311699866353508,
1790848504855597527,1790848504855955896,0x69,joint_3,q_actual,0.39968039870670147,
1790848504865580808,1790848504865942159,0x68,joint_2,q_actual,0.1448623279155293,
1790848504870593995,1790848504870959407,0x69,joint_3,q_actual,0.39968039870670147,
1790848504885576959,1790848504885931656,0x68,joint_2,q_actual,0.1448623279155293,
1790848504886984055,1790848504887307712,0x68,joint_2,q_leader,-0.3865631585471816,
1790848504886984055,1790848504887307712,0x69,joint_3,q_leader,-0.08743690490948156,
1790848504896847570,1790848504897119642,0x69,joint_3,q_actual,0.4014257279586958,
1790848504905597651,1790848504905952191,0x68,joint_2,q_actual,0.14660765716752377,
1790848504910609585,1790848504910975012,0x69,joint_3,q_actual,0.40317105721069013,
1790848504925621984,1790848504925991474,0x68,joint_2,q_actual,0.14660765716752377,
1790848504930597966,1790848504930969784,0x69,joint_3,q_actual,0.40317105721069013,
1790848504936801248,1790848504937119707,0x68,joint_2,q_leader,-0.39576704327449547,
1790848504936801248,1790848504937119707,0x69,joint_3,q_leader,-0.09050486648525283,
1790848504945589936,1790848504945953176,0x68,joint_2,q_actual,0.14835298641951802,
1790848504955370865,1790848504955645275,0x69,joint_3,q_actual,0.4049163864626845,
1790848504968520352,1790848504968819490,0x68,joint_2,q_actual,0.14835298641951802,
1790848504971319338,1790848504971604420,0x69,joint_3,q_actual,0.4049163864626845,
1790848504985480659,1790848504985861348,0x68,joint_2,q_actual,0.1500983156715125,
1790848504986649257,1790848504986958961,0x68,joint_2,q_leader,-0.4049709280018093,
1790848504986649257,1790848504986958961,0x69,joint_3,q_leader,-0.09357282806102411,
1790848504995185228,1790848504995462267,0x69,joint_3,q_actual,0.40666171571467874,
1790848505000789177,1790848505000984292,0x68,joint_2,q_des,0.4548423478390691,
1790848505000789177,1790848505000984292,0x69,joint_3,q_des,0.5567395783090193,
1790848505000789177,1790848505001034784,0x68,joint_2,q_filtered,0.4548423478390691,
1790848505000789177,1790848505001034784,0x69,joint_3,q_filtered,0.5567395783090193,
1790848505000789177,1790848505001146629,0x68,joint_2,q_cmd,0.16877432966575104,0.04363323129985824
1790848505000789177,1790848505001146629,0x69,joint_3,q_cmd,0.4251394608295466,0.04363323129985824
1790848505005235869,1790848505005456541,0x68,joint_2,q_actual,0.1500983156715125,
1790848505015218236,1790848505015441620,0x69,joint_3,q_actual,0.40666171571467874,
1790848505025398837,1790848505025674687,0x68,joint_2,q_actual,0.15184364492350672,
1790848505035445053,1790848505035711488,0x69,joint_3,q_actual,0.40840704496667307,
1790848505036234968,1790848505036503946,0x68,joint_2,q_leader,-0.41417481272912315,
1790848505036234968,1790848505036503946,0x69,joint_3,q_leader,-0.09817477042468103,
1790848505045300528,1790848505045590316,0x68,joint_2,q_actual,0.15184364492350672,
1790848505055414859,1790848505055708003,0x69,joint_3,q_actual,0.40840704496667307,
1790848505065617354,1790848505065999789,0x68,joint_2,q_actual,0.15358897417550096,
1790848505070588514,1790848505070938804,0x69,joint_3,q_actual,0.41015237421866746,
1790848505085582040,1790848505085941312,0x68,joint_2,q_actual,0.15533430342749543,
1790848505087208669,1790848505087545918,0x68,joint_2,q_leader,-0.42184471666855133,
1790848505087208669,1790848505087545918,0x69,joint_3,q_leader,-0.10124273200045232,
1790848505095588413,1790848505095946398,0x69,joint_3,q_actual,0.41015237421866746,
1790848505110000484,1790848505110441164,0x68,joint_2,q_actual,0.15533430342749543,
1790848505114285075,1790848505114551916,0x69,joint_3,q_actual,0.4118977034706618,
1790848505128668215,1790848505129008615,0x68,joint_2,q_actual,0.15707963267948966,
1790848505131473172,1790848505131745395,0x69,joint_3,q_actual,0.4118977034706618,
1790848505136475846,1790848505136727306,0x68,joint_2,q_leader,-0.4310486013958652,
1790848505136475846,1790848505136727306,0x69,joint_3,q_leader,-0.10431069357622359,
1790848505146925846,1790848505147138603,0x68,joint_2,q_actual,0.15707963267948966,
1790848505155342336,1790848505155581891,0x69,joint_3,q_actual,0.4136430327226562,
1790848505165303597,1790848505165545548,0x68,joint_2,q_actual,0.15882496193148413,
1790848505175309187,1790848505175546485,0x69,joint_3,q_actual,0.4136430327226562,
1790848505185315315,1790848505185509098,0x68,joint_2,q_actual,0.15882496193148413,
1790848505186058423,1790848505186298030,0x68,joint_2,q_leader,-0.4433204476989503,
1790848505186058423,1790848505186298030,0x69,joint_3,q_leader,-0.10737865515199488,
1790848505195308559,1790848505195544368,0x69,joint_3,q_actual,0.4153883619746504,
1790848505200776741,1790848505200971377,0x68,joint_2,q_des,0.49319186753621014,
1790848505200776741,1790848505200971377,0x69,joint_3,q_des,0.5705454053999901,
1790848505200776741,1790848505200985973,0x68,joint_2,q_filtered,0.49319186753621014,
1790848505200776741,1790848505200985973,0x69,joint_3,q_filtered,0.5705454053999901,
1790848505200776741,1790848505201092195,0x68,joint_2,q_cmd,0.17749895801967672,0.04363323129985824
1790848505200776741,1790848505201092195,0x69,joint_3,q_cmd,0.43386579772991796,0.04363323129985824
1790848505205303972,1790848505205515365,0x68,joint_2,q_actual,0.16057029118347838,
1790848505215304112,1790848505215544472,0x69,joint_3,q_actual,0.4153883619746504,
1790848505226964193,1790848505227186203,0x68,joint_2,q_actual,0.16057029118347838,
1790848505235361011,1790848505235602875,0x69,joint_3,q_actual,0.41713369122664473,
1790848505236062548,1790848505236280056,0x68,joint_2,q_leader,-0.45559229400203544,
1790848505236062548,1790848505236280056,0x69,joint_3,q_leader,-0.10891263593988053,
1790848505245157357,1790848505245358994,0x68,joint_2,q_actual,0.1623156204354726,
1790848505255151166,1790848505255358621,0x69,joint_3,q_actual,0.41713369122664473,
1790848505265301459,1790848505265545732,0x68,joint_2,q_actual,0.1623156204354726,
1790848505275315134,1790848505275552161,0x69,joint_3,q_actual,0.41713369122664473,
1790848505285357469,1790848505285638524,0x68,joint_2,q_actual,0.16406094968746707,
1790848505286108721,1790848505286311367,0x68,joint_2,q_leader,-0.4678641403051206,
1790848505286108721,1790848505286311367,0x69,joint_3,q_leader,-0.1119805975156518,
1790848505295298748,1790848505295541922,0x69,joint_3,q_actual,0.4188790204786391,
1790848505305317660,1790848505305568427,0x68,joint_2,q_actual,0.16406094968746707,
1790848505315303523,1790848505315539008,0x69,joint_3,q_actual,0.4188790204786391,
1790848505325261048,1790848505325497250,0x68,joint_2,q_actual,0.16580627893946132,
1790848505335297667,1790848505335571746,0x69,joint_3,q_actual,0.42062434973063345,
1790848505336160869,1790848505336376104,0x68,joint_2,q_leader,-0.48166996739609136,
1790848505336160869,1790848505336376104,0x69,joint_3,q_leader,-0.11504855909142309,
1790848505345311545,1790848505345549964,0x68,joint_2,q_actual,0.16580627893946132,
1790848505355314262,1790848505355555184,0x69,joint_3,q_actual,0.42062434973063345,
1790848505365313211,1790848505365552283,0x68,joint_2,q_actual,0.1675516081914558,
1790848505375365089,1790848505375632250,0x69,joint_3,q_actual,0.4223696789826278,
1790848505385434809,1790848505385753919,0x68,joint_2,q_actual,0.1675516081914558,
1790848505386351954,1790848505386576429,0x68,joint_2,q_leader,-0.4924078329112908,
1790848505386351954,1790848505386576429,0x69,joint_3,q_leader,-0.11965050145508001,
1790848505395399498,1790848505395680178,0x69,joint_3,q_actual,0.4223696789826278,
1790848505400954467,1790848505401175548,0x68,joint_2,q_des,0.5422792527485507,
1790848505400954467,1790848505401175548,0x69,joint_3,q_des,0.5828172517030752,
1790848505400954467,1790848505401200061,0x68,joint_2,q_filtered,0.5422792527485507,
1790848505400954467,1790848505401200061,0x69,joint_3,q_filtered,0.5828172517030752,
1790848505400954467,1790848505401354823,0x68,joint_2,q_cmd,0.18622560427964838,0.04362738304914873
1790848505400954467,1790848505401354823,0x69,joint_3,q_cmd,0.44259244398988956,0.04361740254450339
1790848505405396197,1790848505405665739,0x68,joint_2,q_actual,0.16929693744345,
1790848505415205755,1790848505415426946,0x69,joint_3,q_actual,0.424115008234622,
1790848505425349187,1790848505425584302,0x68,joint_2,q_actual,0.16929693744345,
1790848505430437594,1790848505430716545,0x69,joint_3,q_actual,0.424115008234622,
1790848505436453689,1790848505436685104,0x68,joint_2,q_leader,-0.5016117176386047,
1790848505436453689,1790848505436685104,0x69,joint_3,q_leader,-0.12118448224296566,
1790848505445209987,1790848505445495573,0x68,joint_2,q_actual,0.17104226669544426,
1790848505455201957,1790848505455425506,0x69,joint_3,q_actual,0.4258603374866164,
1790848505465192534,1790848505465441765,0x68,joint_2,q_actual,0.17104226669544426,
1790848505475355904,1790848505475622968,0x69,joint_3,q_actual,0.4258603374866164,
1790848505485398504,1790848505485699919,0x68,joint_2,q_actual,0.17278759594743873,
1790848505486554278,1790848505486782352,0x68,joint_2,q_leader,-0.5077476407901472,
1790848505486554278,1790848505486782352,0x69,joint_3,q_leader,-0.12425244381873693,
1790848505495396769,1790848505495670529,0x69,joint_3,q_actual,0.4276056667386107,
1790848505505389938,1790848505505666682,0x68,joint_2,q_actual,0.17278759594743873,
1790848505515389798,1790848505515663930,0x69,joint_3,q_actual,0.4276056667386107,
1790848505525390383,1790848505525660202,0x68,joint_2,q_actual,0.17453292519943295,
1790848505535381124,1790848505535688797,0x69,joint_3,q_actual,0.4293509959906051,
1790848505536498187,1790848505536726853,0x68,joint_2,q_leader,-0.5154175447295755,
1790848505536498187,1790848505536726853,0x69,joint_3,q_leader,-0.12885438618239387,
1790848505545426218,1790848505545703685,0x68,joint_2,q_actual,0.17453292519943295,
1790848505555372746,1790848505555644875,0x69,joint_3,q_actual,0.4293509959906051,
1790848505565391820,1790848505565664999,0x68,joint_2,q_actual,0.17627825445142745,
1790848505570472041,1790848505570717971,0x69,joint_3,q_actual,0.43109632524259944,
1790848505585457412,1790848505585788948,0x68,joint_2,q_actual,0.17627825445142745,
1790848505586265830,1790848505586500286,0x68,joint_2,q_leader,-0.521553467881118,
1790848505586265830,1790848505586500286,0x69,joint_3,q_leader,-0.13192234775816514,
1790848505595388494,1790848505595667161,0x69,joint_3,q_actual,0.43109632524259944,
1790848505600959430,1790848505601185965,0x68,joint_2,q_des,0.5714248877183778,
1790848505600959430,1790848505601185965,0x69,joint_3,q_des,0.5950890980061604,
1790848505600959430,1790848505601212401,0x68,joint_2,q_filtered,0.5714248877183778,
1790848505600959430,1790848505601212401,0x69,joint_3,q_filtered,0.5950890980061604,
1790848505600959430,1790848505601354291,0x68,joint_2,q_cmd,0.19494969515944008,0.04363323129985824
1790848505600959430,1790848505601354291,0x69,joint_3,q_cmd,0.4513185678292035,0.04363323129985824
1790848505605212572,1790848505605424017,0x68,joint_2,q_actual,0.17802358370342167,
1790848505610383131,1790848505610656943,0x69,joint_3,q_actual,0.43284165449459366,
1790848505625401848,1790848505625685455,0x68,joint_2,q_actual,0.17802358370342167,
1790848505630476274,1790848505630747269,0x69,joint_3,q_actual,0.43458698374658805,
1790848505636069471,1790848505636295278,0x68,joint_2,q_leader,-0.5276893910326605,
1790848505636069471,1790848505636295278,0x69,joint_3,q_leader,-0.13652429012182205,
1790848505645398847,1790848505645674814,0x68,joint_2,q_actual,0.17802358370342167,
1790848505655276651,1790848505655514520,0x69,joint_3,q_actual,0.43458698374658805,
1790848505665381806,1790848505665652381,0x68,joint_2,q_actual,0.1797689129554159,
1790848505675262758,1790848505675520103,0x69,joint_3,q_actual,0.4363323129985824,
1790848505685107025,1790848505685211791,0x68,joint_2,q_actual,0.1797689129554159,
1790848505685490765,1790848505685619046,0x68,joint_2,q_leader,-0.5338253141842031,
1790848505685490765,1790848505685619046,0x69,joint_3,q_leader,-0.13959225169759334,
1790848505695163902,1790848505695318035,0x69,joint_3,q_actual,0.4363323129985824,
1790848505705152221,1790848505705324962,0x68,joint_2,q_actual,0.18151424220741036,
1790848505715175195,1790848505715327496,0x69,joint_3,q_actual,0.4380776422505767,
1790848505726441259,1790848505726627419,0x68,joint_2,q_actual,0.18151424220741036,
1790848505735328092,1790848505735660830,0x69,joint_3,q_actual,0.4380776422505767,
1790848505736060052,1790848505736285606,0x68,joint_2,q_leader,-0.5384272565478601,
1790848505736060052,1790848505736285606,0x69,joint_3,q_leader,-0.14419419406125028,
1790848505745400455,1790848505745675603,0x68,joint_2,q_actual,0.1832595714594046,
1790848505755392435,1790848505755671492,0x69,joint_3,q_actual,0.4398229715025711,
1790848505765384093,1790848505765659809,0x68,joint_2,q_actual,0.1832595714594046,
1790848505770384100,1790848505770659608,0x69,joint_3,q_actual,0.4398229715025711,
1790848505786164090,1790848505786444948,0x68,joint_2,q_leader,-0.543029198911517,
1790848505786164090,1790848505786444948,0x69,joint_3,q_leader,-0.1487961364249072,
1790848505787908478,1790848505788118645,0x68,joint_2,q_actual,0.18500490071139908,
1790848505790431250,1790848505790617647,0x69,joint_3,q_actual,0.4415683007545653,
1790848505800961207,1790848505801201906,0x68,joint_2,q_des,0.5929006187487769,
1790848505800961207,1790848505801201906,0x69,joint_3,q_des,0.6119628866729024,
1790848505800961207,1790848505801221520,0x68,joint_2,q_filtered,0.5929006187487769,
1790848505800961207,1790848505801221520,0x69,joint_3,q_filtered,0.6119628866729024,
1790848505800961207,1790848505801281663,0x68,joint_2,q_cmd,0.20367338121006745,0.04363323129985824
1790848505800961207,1790848505801281663,0x69,joint_3,q_cmd,0.46004424787487286,0.04363323129985824
1790848505805384625,1790848505805662566,0x68,joint_2,q_actual,0.18500490071139908,
1790848505810379433,1790848505810650325,0x69,joint_3,q_actual,0.4415683007545653,
1790848505825389799,1790848505825663521,0x68,joint_2,q_actual,0.1867502299633933,
1790848505830495836,1790848505830753732,0x69,joint_3,q_actual,0.44331363000655966,
1790848505836309163,1790848505836562774,0x68,joint_2,q_leader,-0.5491651220630596,
1790848505836309163,1790848505836562774,0x69,joint_3,q_leader,-0.15493205957644976,
1790848505845386772,1790848505845662466,0x68,joint_2,q_actual,0.1867502299633933,
1790848505850390692,1790848505850663285,0x69,joint_3,q_actual,0.44331363000655966,
1790848505865216333,1790848505865467238,0x68,joint_2,q_actual,0.18849555921538755,
1790848505875394600,1790848505875665781,0x69,joint_3,q_actual,0.44505895925855404,
1790848505885258491,1790848505885570577,0x68,joint_2,q_actual,0.18849555921538755,
1790848505886066416,1790848505886165283,0x68,joint_2,q_leader,-0.5553010452146021,
1790848505886066416,1790848505886165283,0x69,joint_3,q_leader,-0.16260196351587797,
1790848505895177896,1790848505895334042,0x69,joint_3,q_actual,0.44505895925855404,
1790848505905158784,1790848505905315089,0x68,joint_2,q_actual,0.19024088846738202,
1790848505915122448,1790848505915278318,0x69,joint_3,q_actual,0.4468042885105484,
1790848505925176461,1790848505925366469,0x68,joint_2,q_actual,0.19198621771937624,
1790848505935130406,1790848505935285721,0x69,joint_3,q_actual,0.4468042885105484,
1790848505935554962,1790848505935735369,0x68,joint_2,q_leader,-0.5614369683661447,
1790848505935554962,1790848505935735369,0x69,joint_3,q_leader,-0.1687378866674205,
1790848505945337132,1790848505945587684,0x68,joint_2,q_actual,0.19198621771937624,
1790848505950418130,1790848505950708280,0x69,joint_3,q_actual,0.44854961776254276,
1790848505965548501,1790848505965904392,0x68,joint_2,q_actual,0.19373154697137074,
1790848505970650879,1790848505971011106,0x69,joint_3,q_actual,0.44854961776254276,
1790848505985629708,1790848505986006065,0x68,joint_2,q_actual,0.19373154697137074,
1790848505986919931,1790848505987232798,0x68,joint_2,q_leader,-0.5691068723055729,
1790848505986919931,1790848505987232798,0x69,joint_3,q_leader,-0.17640779060684875,
1790848505990465122,1790848505990737093,0x69,joint_3,q_actual,0.450294947014537,
1790848506001533497,1790848506001836413,0x68,joint_2,q_des,0.6189782921428327,
1790848506001533497,1790848506001836413,0x69,joint_3,q_des,0.639574540854844,
1790848506001533497,1790848506001860974,0x68,joint_2,q_filtered,0.6189782921428327,
1790848506001533497,1790848506001860974,0x69,joint_3,q_filtered,0.639574540854844,
1790848506001533497,1790848506002074498,0x68,joint_2,q_cmd,0.21240002747003908,0.043599435415560946
1790848506001533497,1790848506002074498,0x69,joint_3,q_cmd,0.4687708941348445,0.04358474457911783
1790848506005425401,1790848506005707483,0x68,joint_2,q_actual,0.19373154697137074,
1790848506010433820,1790848506010714043,0x69,joint_3,q_actual,0.450294947014537,
1790848506025421328,1790848506025721067,0x68,joint_2,q_actual,0.19547687622336496,
1790848506030548359,1790848506030878258,0x69,joint_3,q_actual,0.4520402762665313,
1790848506036724060,1790848506037010544,0x68,joint_2,q_leader,-0.5767767762450011,
1790848506036724060,1790848506037010544,0x69,joint_3,q_leader,-0.18561167533416256,
1790848506045463266,1790848506045747495,0x68,joint_2,q_actual,0.19547687622336496,
1790848506050646804,1790848506051008475,0x69,joint_3,q_actual,0.4520402762665313,
1790848506065488859,1790848506065816535,0x68,joint_2,q_actual,0.19722220547535918,
1790848506075444543,1790848506075731956,0x69,joint_3,q_actual,0.4537856055185257,
1790848506085564049,1790848506085924698,0x68,joint_2,q_actual,0.19722220547535918,
1790848506087382921,1790848506087655261,0x68,joint_2,q_leader,-0.5875146417602006,
1790848506087382921,1790848506087655261,0x69,joint_3,q_leader,-0.1978835216372477,
1790848506095422910,1790848506095710758,0x69,joint_3,q_actual,0.4537856055185257,
1790848506105438841,1790848506105736299,0x68,joint_2,q_actual,0.19896753472735368,
1790848506115414799,1790848506115665869,0x69,joint_3,q_actual,0.45553093477052004,
1790848506125595476,1790848506125925192,0x68,joint_2,q_actual,0.19896753472735368,
1790848506130719664,1790848506131068467,0x69,joint_3,q_actual,0.45553093477052004,
1790848506136828085,1790848506137105851,0x68,joint_2,q_leader,-0.5967185264875144,
1790848506136828085,1790848506137105851,0x69,joint_3,q_leader,-0.21015536794033285,
1790848506145599480,1790848506145942143,0x68,joint_2,q_actual,0.2007128639793479,
1790848506150594499,1790848506150936882,0x69,joint_3,q_actual,0.45727626402251437,
1790848506165677953,1790848506166011671,0x68,joint_2,q_actual,0.2007128639793479,
1790848506170584308,1790848506170922351,0x69,joint_3,q_actual,0.45727626402251437,
1790848506185565658,1790848506185899163,0x68,joint_2,q_actual,0.20245819323134237,
1790848506187314523,1790848506187617858,0x68,joint_2,q_leader,-0.6043884304269427,
1790848506187314523,1790848506187617858,0x69,joint_3,q_leader,-0.2208932334555323,
1790848506195601822,1790848506195936984,0x69,joint_3,q_actual,0.45902159327450864,
1790848506201459159,1790848506201715450,0x68,joint_2,q_des,0.6542598502642025,
1790848506201459159,1790848506201715450,0x69,joint_3,q_des,0.6840599837035276,
1790848506201459159,1790848506201881072,0x68,joint_2,q_filtered,0.6542598502642025,
1790848506201459159,1790848506201881072,0x69,joint_3,q_filtered,0.6840599837035276,
1790848506201459159,1790848506202051039,0x68,joint_2,q_cmd,0.22112087714251993,0.04363323129985824
1790848506201459159,1790848506202051039,0x69,joint_3,q_cmd,0.4774946778366823,0.04363323129985824
1790848506205420353,1790848506205663468,0x68,joint_2,q_actual,0.20245819323134237,
1790848506210593740,1790848506210929602,0x69,joint_3,q_actual,0.45902159327450864,
1790848506225651781,1790848506225984530,0x68,joint_2,q_actual,0.20420352248333662,
1790848506230594254,1790848506230929345,0x69,joint_3,q_actual,0.460766922526503,
1790848506237240431,1790848506237600643,0x68,joint_2,q_leader,-0.6105243535784852,
1790848506237240431,1790848506237600643,0x69,joint_3,q_leader,-0.23009711818284617,
1790848506245443340,1790848506245704893,0x68,joint_2,q_actual,0.20420352248333662,
1790848506250592125,1790848506250933148,0x69,joint_3,q_actual,0.460766922526503,
1790848506265663789,1790848506265989335,0x68,joint_2,q_actual,0.20594885173533084,
1790848506275435601,1790848506275700706,0x69,joint_3,q_actual,0.4625122517784973,
1790848506285407162,1790848506285652291,0x68,joint_2,q_actual,0.2076941809873253,
1790848506287183723,1790848506287522543,0x68,joint_2,q_leader,-0.6151262959421421,
1790848506287183723,1790848506287522543,0x69,joint_3,q_leader,-0.2377670221222744,
1790848506295423992,1790848506295683667,0x69,joint_3,q_actual,0.4625122517784973,
1790848506305446054,1790848506305726169,0x68,joint_2,q_actual,0.2076941809873253,
1790848506315623003,1790848506315960571,0x69,joint_3,q_actual,0.4642575810304917,
1790848506325639797,1790848506325971902,0x68,joint_2,q_actual,0.20943951023931956,
1790848506330684809,1790848506331038753,0x69,joint_3,q_actual,0.4642575810304917,
1790848506336866028,1790848506337176991,0x68,joint_2,q_leader,-0.619728238305799,
1790848506336866028,1790848506337176991,0x69,joint_3,q_leader,-0.24390294527381695,
1790848506345597614,1790848506345966495,0x68,joint_2,q_actual,0.20943951023931956,
1790848506350613673,1790848506350989092,0x69,joint_3,q_actual,0.466002910282486,
1790848506365647973,1790848506366023310,0x68,joint_2,q_actual,0.21118483949131403,
1790848506370591658,1790848506370958678,0x69,joint_3,q_actual,0.466002910282486,
1790848506385581676,1790848506385922019,0x68,joint_2,q_actual,0.21118483949131403,
1790848506387318191,1790848506387633786,0x68,joint_2,q_leader,-0.6258641614573416,
1790848506387318191,1790848506387633786,0x69,joint_3,q_leader,-0.2500388684253595,
1790848506395597867,1790848506395939987,0x69,joint_3,q_actual,0.466002910282486,
1790848506401480940,1790848506401739284,0x68,joint_2,q_des,0.6757355812946014,
1790848506401480940,1790848506401739284,0x69,joint_3,q_des,0.7132056186733547,
1790848506401480940,1790848506401906882,0x68,joint_2,q_filtered,0.6757355812946014,
1790848506401480940,1790848506401906882,0x69,joint_3,q_filtered,0.7132056186733547,
1790848506401480940,1790848506402078112,0x68,joint_2,q_cmd,0.2298437248242576,0.04363323129985824
1790848506401480940,1790848506402078112,0x69,joint_3,q_cmd,0.4862205890948795,0.04363323129985824
1790848506405419169,1790848506405663227,0x68,joint_2,q_actual,0.21293016874330825,
1790848506410410350,1790848506410652671,0x69,joint_3,q_actual,0.46774823953448025,
1790848506425611689,1790848506425959174,0x68,joint_2,q_actual,0.21293016874330825,
1790848506430647002,1790848506431000968,0x69,joint_3,q_actual,0.46774823953448025,
1790848506437198464,1790848506437591106,0x68,joint_2,q_leader,-0.6304661038209985,
1790848506437198464,1790848506437591106,0x69,joint_3,q_leader,-0.2561747915769021,
1790848506445430077,1790848506445721574,0x68,joint_2,q_actual,0.21467549799530247,
1790848506450578868,1790848506450949332,0x69,joint_3,q_actual,0.46949356878647464,
1790848506465612934,1790848506465964643,0x68,joint_2,q_actual,0.21467549799530247,
1790848506470608522,1790848506470974804,0x69,joint_3,q_actual,0.46949356878647464,
1790848506485430581,1790848506485730533,0x68,joint_2,q_actual,0.21642082724729697,
1790848506486692365,1790848506486982417,0x68,joint_2,q_leader,-0.6366020269725411,
1790848506486692365,1790848506486982417,0x69,joint_3,q_leader,-0.2638446955163303,
1790848506490412711,1790848506490689006,0x69,joint_3,q_actual,0.47123889803846897,
1790848506505557196,1790848506505885461,0x68,joint_2,q_actual,0.21642082724729697,
1790848506510428101,1790848506510707232,0x69,joint_3,q_actual,0.47298422729046335,
1790848506525775035,1790848506526160076,0x68,joint_2,q_actual,0.2181661564992912,
1790848506530579887,1790848506530955190,0x69,joint_3,q_actual,0.47298422729046335,
1790848506537120271,1790848506537516681,0x68,joint_2,q_leader,-0.641203969336198,
1790848506537120271,1790848506537516681,0x69,joint_3,q_leader,-0.2715145994557585,
1790848506545704067,1790848506546079390,0x68,joint_2,q_actual,0.2181661564992912,
1790848506550594403,1790848506550964370,0x69,joint_3,q_actual,0.4747295565424577,
1790848506565608248,1790848506565971684,0x68,joint_2,q_actual,0.21991148575128566,
1790848506570595766,1790848506570961293,0x69,joint_3,q_actual,0.4747295565424577,
1790848506585588625,1790848506585957915,0x68,joint_2,q_actual,0.21991148575128566,
1790848506587221028,1790848506587588623,0x68,joint_2,q_leader,-0.6488738732756263,
1790848506587221028,1790848506587588623,0x69,joint_3,q_leader,-0.2791845033951867,
1790848506593671543,1790848506593941096,0x69,joint_3,q_actual,0.4764748857944519,
1790848506601106014,1790848506601339978,0x68,joint_2,q_des,0.6987452931128864,
1790848506601106014,1790848506601339978,0x69,joint_3,q_des,0.7423512536431819,
1790848506601106014,1790848506601464937,0x68,joint_2,q_filtered,0.6987452931128864,
1790848506601106014,1790848506601464937,0x69,joint_3,q_filtered,0.7423512536431819,
1790848506601106014,1790848506601586324,0x68,joint_2,q_cmd,0.23856131993760155,0.04363323129985824
1790848506601106014,1790848506601586324,0x69,joint_3,q_cmd,0.4949403097574753,0.04363323129985824
1790848506605260645,1790848506605438444,0x68,joint_2,q_actual,0.2216568150032799,
1790848506610358754,1790848506610610848,0x69,joint_3,q_actual,0.4764748857944519,
1790848506625714930,1790848506626132402,0x68,joint_2,q_actual,0.2216568150032799,
1790848506635579366,1790848506635930487,0x69,joint_3,q_actual,0.4764748857944519,
1790848506636904202,1790848506637216948,0x68,joint_2,q_leader,-0.6565437772150544,
1790848506636904202,1790848506637216948,0x69,joint_3,q_leader,-0.28532042654672923,
1790848506645537468,1790848506645851275,0x68,joint_2,q_actual,0.22340214425527413,
1790848506650552294,1790848506650879370,0x69,joint_3,q_actual,0.4782202150464463,
1790848506665574578,1790848506665895367,0x68,joint_2,q_actual,0.22340214425527413,
1790848506670547905,1790848506670870135,0x69,joint_3,q_actual,0.4782202150464463,
1790848506685420939,1790848506685779338,0x68,joint_2,q_actual,0.2251474735072686,
1790848506686792867,1790848506687124758,0x68,joint_2,q_leader,-0.6642136811544826,
1790848506686792867,1790848506687124758,0x69,joint_3,q_leader,-0.2883883881225005,
1790848506690452709,1790848506690736235,0x69,joint_3,q_actual,0.4799655442984406,
1790848506705388726,1790848506705662628,0x68,joint_2,q_actual,0.2251474735072686,
1790848506710380368,1790848506710650708,0x69,joint_3,q_actual,0.4799655442984406,
1790848506725566541,1790848506725899108,0x68,joint_2,q_actual,0.22689280275926285,
1790848506730561292,1790848506730910380,0x69,joint_3,q_actual,0.48171087355043496,
1790848506737069866,1790848506737394841,0x68,joint_2,q_leader,-0.6734175658817965,
1790848506737069866,1790848506737394841,0x69,joint_3,q_leader,-0.29145634969827183,
1790848506745565059,1790848506745915563,0x68,joint_2,q_actual,0.22689280275926285,
1790848506750557964,1790848506750917879,0x69,joint_3,q_actual,0.48171087355043496,
1790848506765568493,1790848506765916363,0x68,joint_2,q_actual,0.22863813201125732,
1790848506770564219,1790848506770909082,0x69,joint_3,q_actual,0.48345620280242935,
1790848506785569884,1790848506785931386,0x68,joint_2,q_actual,0.22863813201125732,
1790848506787139218,1790848506787499335,0x68,joint_2,q_leader,-0.6826214506091104,
1790848506787139218,1790848506787499335,0x69,joint_3,q_leader,-0.2945243112740431,
1790848506790387533,1790848506790651521,0x69,joint_3,q_actual,0.48520153205442357,
1790848506801330879,1790848506801590873,0x68,joint_2,q_des,0.7324928704463705,
1790848506801330879,1790848506801590873,0x69,joint_3,q_des,0.7576910615220384,
1790848506801330879,1790848506801642037,0x68,joint_2,q_filtered,0.7324928704463705,
1790848506801330879,1790848506801642037,0x69,joint_3,q_filtered,0.7576910615220384,
1790848506801330879,1790848506801820101,0x68,joint_2,q_cmd,0.2472877838106824,0.04363323129985824
1790848506801330879,1790848506801820101,0x69,joint_3,q_cmd,0.503666956017447,0.04362062951800264
1790848506805371968,1790848506805632332,0x68,joint_2,q_actual,0.23038346126325154,
1790848506810588969,1790848506810932067,0x69,joint_3,q_actual,0.48520153205442357,
1790848506825548322,1790848506825897586,0x68,joint_2,q_actual,0.23038346126325154,
1790848506830559310,1790848506830905693,0x69,joint_3,q_actual,0.48520153205442357,
1790848506836916544,1790848506837225597,0x68,joint_2,q_leader,-0.6887573737606529,
1790848506836916544,1790848506837225597,0x69,joint_3,q_leader,-0.2975922728498144,
1790848506845535333,1790848506845876775,0x68,joint_2,q_actual,0.23038346126325154,
1790848506850552499,1790848506850905652,0x69,joint_3,q_actual,0.4869468613064179,
1790848506865573974,1790848506865924732,0x68,joint_2,q_actual,0.2321287905152458,
1790848506870560639,1790848506870908809,0x69,joint_3,q_actual,0.4869468613064179,
1790848506885534282,1790848506885874951,0x68,joint_2,q_actual,0.2321287905152458,
1790848506887152858,1790848506887468566,0x68,joint_2,q_leader,-0.6964272777000811,
1790848506887152858,1790848506887468566,0x69,joint_3,q_leader,-0.30526217678924256,
1790848506890803707,1790848506891121970,0x69,joint_3,q_actual,0.4886921905584123,
1790848506905413669,1790848506905716042,0x68,joint_2,q_actual,0.23387411976724026,
1790848506910421478,1790848506910666313,0x69,joint_3,q_actual,0.4904375198104066,
1790848506925569464,1790848506925896255,0x68,joint_2,q_actual,0.23387411976724026,
1790848506930561244,1790848506930914069,0x69,joint_3,q_actual,0.4904375198104066,
1790848506937072217,1790848506937366725,0x68,joint_2,q_leader,-0.7025632008516237,
1790848506937072217,1790848506937366725,0x69,joint_3,q_leader,-0.31139809994078516,
1790848506945382078,1790848506945662941,0x68,joint_2,q_actual,0.23561944901923448,
1790848506950553196,1790848506950906863,0x69,joint_3,q_actual,0.492182849062401,
1790848506965559842,1790848506965909807,0x68,joint_2,q_actual,0.23561944901923448,
1790848506970557762,1790848506970902942,0x69,joint_3,q_actual,0.492182849062401,
1790848506985579605,1790848506985927716,0x68,joint_2,q_actual,0.23736477827122895,
1790848506986867522,1790848506987152114,0x68,joint_2,q_leader,-0.7086991240031663,
1790848506986867522,1790848506987152114,0x69,joint_3,q_leader,-0.3175340230923277,
1790848506990487501,1790848506990752535,0x69,joint_3,q_actual,0.4939281783143952,
1790848507001302260,1790848507001528373,0x68,joint_2,q_des,0.7585705438404261,
1790848507001302260,1790848507001528373,0x69,joint_3,q_des,0.780700773340323,
1790848507001302260,1790848507001633063,0x68,joint_2,q_filtered,0.7585705438404261,
1790848507001302260,1790848507001633063,0x69,joint_3,q_filtered,0.780700773340323,
1790848507001302260,1790848507001738961,0x68,joint_2,q_cmd,0.25600977597567326,0.04363323129985824
1790848507001302260,1790848507001738961,0x69,joint_3,q_cmd,0.5123916350732068,0.04363323129985824
1790848507005374910,1790848507005582536,0x68,joint_2,q_actual,0.23736477827122895,
1790848507015370570,1790848507015630875,0x69,joint_3,q_actual,0.4939281783143952,
1790848507025001118,1790848507025135693,0x68,joint_2,q_actual,0.2391101075232232,
1790848507035049620,1790848507035152473,0x69,joint_3,q_actual,0.49567350756638956,
1790848507035547518,1790848507035648210,0x68,joint_2,q_leader,-0.7163690279425945,
1790848507035547518,1790848507035648210,0x69,joint_3,q_leader,-0.3236699462438703,
1790848507044896586,1790848507044999397,0x68,joint_2,q_actual,0.2391101075232232,
1790848507054955508,1790848507055056644,0x69,joint_3,q_actual,0.49567350756638956,
1790848507065598464,1790848507065958969,0x68,joint_2,q_actual,0.24085543677521742,
1790848507070688231,1790848507071073025,0x69,joint_3,q_actual,0.49741883681838395,
1790848507085604949,1790848507085972613,0x68,joint_2,q_actual,0.24085543677521742,
1790848507087334872,1790848507087647294,0x68,joint_2,q_leader,-0.722504951094137,
1790848507087334872,1790848507087647294,0x69,joint_3,q_leader,-0.3313398501832985,
1790848507095573939,1790848507095929702,0x69,joint_3,q_actual,0.49741883681838395,
1790848507105527991,1790848507105849144,0x68,joint_2,q_actual,0.2426007660272119,
1790848507110488407,1790848507110766592,0x69,joint_3,q_actual,0.4991641660703783,
1790848507125596008,1790848507125949364,0x68,joint_2,q_actual,0.2426007660272119,
1790848507130612974,1790848507130982291,0x69,joint_3,q_actual,0.4991641660703783,
1790848507137181317,1790848507137525886,0x68,joint_2,q_leader,-0.7271068934577939,
1790848507137181317,1790848507137525886,0x69,joint_3,q_leader,-0.337475773334841,
1790848507145565843,1790848507145918692,0x68,joint_2,q_actual,0.24434609527920614,
1790848507150596889,1790848507150957484,0x69,joint_3,q_actual,0.5009094953223726,
1790848507165597250,1790848507165965347,0x68,joint_2,q_actual,0.24434609527920614,
1790848507170606917,1790848507170964072,0x69,joint_3,q_actual,0.5009094953223726,
1790848507185572689,1790848507185913324,0x68,joint_2,q_actual,0.24609142453120061,
1790848507187074253,1790848507187367429,0x68,joint_2,q_leader,-0.7332428166093365,
1790848507187074253,1790848507187367429,0x69,joint_3,q_leader,-0.342077715698498,
1790848507190415288,1790848507190694711,0x69,joint_3,q_actual,0.5026548245743668,
1790848507201432036,1790848507201669642,0x68,joint_2,q_des,0.7831142364465966,
1790848507201432036,1790848507201669642,0x69,joint_3,q_des,0.8052444659464932,
1790848507201432036,1790848507201846927,0x68,joint_2,q_filtered,0.7831142364465966,
1790848507201432036,1790848507201846927,0x69,joint_3,q_filtered,0.8052444659464932,
1790848507201432036,1790848507201863454,0x68,joint_2,q_cmd,0.26473558220866233,0.04363323129985824
1790848507201432036,1790848507201863454,0x69,joint_3,q_cmd,0.5211182813331785,0.04362247399790563
1790848507205422192,1790848507205699533,0x68,joint_2,q_actual,0.24609142453120061,
1790848507210401442,1790848507210678390,0x69,joint_3,q_actual,0.5026548245743668,
1790848507225600429,1790848507225957999,0x68,joint_2,q_actual,0.24783675378319484,
1790848507230511699,1790848507230823495,0x69,joint_3,q_actual,0.5026548245743668,
1790848507236843380,1790848507237164505,0x68,joint_2,q_leader,-0.7393787397608791,
1790848507236843380,1790848507237164505,0x69,joint_3,q_leader,-0.34821363885004053,
1790848507245444364,1790848507245707008,0x68,joint_2,q_actual,0.24783675378319484,
1790848507250592654,1790848507250948942,0x69,joint_3,q_actual,0.5044001538263612,
1790848507265612276,1790848507265963854,0x68,joint_2,q_actual,0.24958208303518908,
1790848507270645193,1790848507271002307,0x69,joint_3,q_actual,0.5044001538263612,
1790848507285601548,1790848507285956873,0x68,joint_2,q_actual,0.24958208303518908,
1790848507286925323,1790848507287232221,0x68,joint_2,q_leader,-0.7455146629124216,
1790848507286925323,1790848507287232221,0x69,joint_3,q_leader,-0.3543495620015831,
1790848507290418055,1790848507290695358,0x69,joint_3,q_actual,0.5061454830783556,
1790848507305482821,1790848507305892728,0x68,joint_2,q_actual,0.2513274122871835,
1790848507310715574,1790848507311029156,0x69,joint_3,q_actual,0.5061454830783556,
1790848507325437039,1790848507325739830,0x68,joint_2,q_actual,0.2513274122871835,
1790848507330404952,1790848507330673815,0x69,joint_3,q_actual,0.5078908123303499,
1790848507336838493,1790848507337153793,0x68,joint_2,q_leader,-0.7531845668518499,
1790848507336838493,1790848507337153793,0x69,joint_3,q_leader,-0.3604854851531257,
1790848507345428275,1790848507345713734,0x68,joint_2,q_actual,0.2530727415391778,
1790848507350581514,1790848507350953666,0x69,joint_3,q_actual,0.5078908123303499,
1790848507365607342,1790848507365960487,0x68,joint_2,q_actual,0.2530727415391778,
1790848507370588812,1790848507370953693,0x69,joint_3,q_actual,0.5096361415823443,
1790848507385578760,1790848507385932739,0x68,joint_2,q_actual,0.25481807079117225,
1790848507387210642,1790848507387545582,0x68,joint_2,q_leader,-0.7593204900033924,
1790848507387210642,1790848507387545582,0x69,joint_3,q_leader,-0.3666214083046682,
1790848507390362459,1790848507390642460,0x69,joint_3,q_actual,0.5096361415823443,
1790848507401439030,1790848507401731427,0x68,joint_2,q_des,0.8091919098406523,
1790848507401439030,1790848507401731427,0x69,joint_3,q_des,0.8297881585526635,
1790848507401439030,1790848507401765870,0x68,joint_2,q_filtered,0.8091919098406523,
1790848507401439030,1790848507401765870,0x69,joint_3,q_filtered,0.8297881585526635,
1790848507401439030,1790848507401965831,0x68,joint_2,q_cmd,0.2734578934634525,0.04363323129985824
1790848507401439030,1790848507401965831,0x69,joint_3,q_cmd,0.5298435833405614,0.04363323129985824
1790848507405421223,1790848507405701576,0x68,joint_2,q_actual,0.25481807079117225,
1790848507410592348,1790848507410962426,0x69,joint_3,q_actual,0.5113814708343385,
1790848507425593988,1790848507425957251,0x68,joint_2,q_actual,0.25656340004316647,
1790848507430617821,1790848507430976788,0x69,joint_3,q_actual,0.5113814708343385,
1790848507437172163,1790848507437509497,0x68,joint_2,q_leader,-0.7669903939428206,
1790848507437172163,1790848507437509497,0x69,joint_3,q_leader,-0.3727573314562108,
1790848507445585199,1790848507445956990,0x68,joint_2,q_actual,0.25656340004316647,
1790848507450580523,1790848507450950273,0x69,joint_3,q_actual,0.5131268000863328,
1790848507465449980,1790848507465796784,0x68,joint_2,q_actual,0.25830872929516074,
1790848507470690352,1790848507471051334,0x69,joint_3,q_actual,0.5131268000863328,
1790848507485583893,1790848507485958984,0x68,joint_2,q_actual,0.25830872929516074,
1790848507487318609,1790848507487625800,0x68,joint_2,q_leader,-0.7731263170943632,
1790848507487318609,1790848507487625800,0x69,joint_3,q_leader,-0.37889325460775336,
1790848507495569063,1790848507495935491,0x69,joint_3,q_actual,0.5148721293383273,
1790848507505463712,1790848507505756688,0x68,joint_2,q_actual,0.2600540585471552,
1790848507510436515,1790848507510714009,0x69,joint_3,q_actual,0.5148721293383273,
1790848507525476928,1790848507525839164,0x68,joint_2,q_actual,0.2600540585471552,
1790848507530420281,1790848507530679012,0x69,joint_3,q_actual,0.5166174585903216,
1790848507536705176,1790848507537013577,0x68,joint_2,q_leader,-0.7792622402459057,
1790848507536705176,1790848507537013577,0x69,joint_3,q_leader,-0.38196121618352463,
1790848507545407885,1790848507545691147,0x68,joint_2,q_actual,0.2617993877991494,
1790848507550584207,1790848507550944974,0x69,joint_3,q_actual,0.5166174585903216,
1790848507565445770,1790848507565769336,0x68,joint_2,q_actual,0.2617993877991494,
1790848507570576397,1790848507570943333,0x69,joint_3,q_actual,0.5183627878423159,
1790848507585599537,1790848507585939909,0x68,joint_2,q_actual,0.2635447170511439,
1790848507586945357,1790848507587266006,0x68,joint_2,q_leader,-0.7853981633974483,
1790848507586945357,1790848507587266006,0x69,joint_3,q_leader,-0.3880971393350672,
1790848507590421864,1790848507590701561,0x69,joint_3,q_actual,0.5183627878423159,
1790848507601424461,1790848507601720654,0x68,joint_2,q_des,0.8352695832347081,
1790848507601424461,1790848507601720654,0x69,joint_3,q_des,0.8512638895830623,
1790848507601424461,1790848507601745308,0x68,joint_2,q_filtered,0.8352695832347081,
1790848507601424461,1790848507601745308,0x69,joint_3,q_filtered,0.8512638895830623,
1790848507601424461,1790848507601942564,0x68,joint_2,q_cmd,0.28217965140527435,0.04363323129985824
1790848507601424461,1790848507601942564,0x69,joint_3,q_cmd,0.5385683330821625,0.04363323129985824
1790848507605426279,1790848507605707018,0x68,joint_2,q_actual,0.2635447170511439,
1790848507610597387,1790848507610969954,0x69,joint_3,q_actual,0.5201081170943102,
1790848507625596986,1790848507625965633,0x68,joint_2,q_actual,0.2652900463031381,
1790848507633839364,1790848507634189316,0x69,joint_3,q_actual,0.5218534463463045,
1790848507636705859,1790848507636996974,0x68,joint_2,q_leader,-0.7915340865489908,
1790848507636705859,1790848507636996974,0x69,joint_3,q_leader,-0.3957670432744954,
1790848507647236763,1790848507647614465,0x68,joint_2,q_actual,0.2652900463031381,
1790848507654851862,1790848507655129237,0x69,joint_3,q_actual,0.5218534463463045,
1790848507666558848,1790848507666833869,0x68,joint_2,q_actual,0.26703537555513235,
1790848507671549748,1790848507671824111,0x69,joint_3,q_actual,0.5235987755982988,
1790848507686586217,1790848507686830362,0x68,joint_2,q_actual,0.26703537555513235,
1790848507686802959,1790848507687041705,0x68,joint_2,q_leader,-0.7976700097005335,
1790848507686802959,1790848507687041705,0x69,joint_3,q_leader,-0.4049709280018092,
1790848507691323970,1790848507691503138,0x69,joint_3,q_actual,0.5235987755982988,
1790848507706911755,1790848507707227238,0x68,joint_2,q_actual,0.26878070480712685,
1790848507711397398,1790848507711622313,0x69,joint_3,q_actual,0.5253441048502933,
1790848507725406976,1790848507725758190,0x68,joint_2,q_actual,0.26878070480712685,
1790848507730335805,1790848507730541189,0x69,joint_3,q_actual,0.5253441048502933,
1790848507736197166,1790848507736461002,0x68,joint_2,q_leader,-0.8053399136399616,
1790848507736197166,1790848507736461002,0x69,joint_3,q_leader,-0.41570879351700873,
1790848507745420222,1790848507745700404,0x68,joint_2,q_actual,0.27052603405912107,
1790848507750408433,1790848507750701474,0x69,joint_3,q_actual,0.5270894341022876,
1790848507765280711,1790848507765547862,0x68,joint_2,q_actual,0.27052603405912107,
1790848507770329826,1790848507770604787,0x69,joint_3,q_actual,0.5270894341022876,
1790848507785440090,1790848507785770630,0x68,joint_2,q_actual,0.27227136331111557,
1790848507786501827,1790848507786740022,0x68,joint_2,q_leader,-0.8114758367915041,
1790848507786501827,1790848507786740022,0x69,joint_3,q_leader,-0.4249126782443226,
1790848507790416289,1790848507790701251,0x69,joint_3,q_actual,0.5288347633542818,
1790848507801034678,1790848507801271197,0x68,joint_2,q_des,0.861347256628764,
1790848507801034678,1790848507801271197,0x69,joint_3,q_des,0.8880794284923178,
1790848507801034678,1790848507801299770,0x68,joint_2,q_filtered,0.861347256628764,
1790848507801034678,1790848507801299770,0x69,joint_3,q_filtered,0.8880794284923178,
1790848507801034678,1790848507801447511,0x68,joint_2,q_cmd,0.29089463424071915,0.04363323129985824
1790848507801034678,1790848507801447511,0x69,joint_3,q_cmd,0.5472854905106084,0.04363323129985824
1790848507805410460,1790848507805694249,0x68,joint_2,q_actual,0.27227136331111557,
1790848507810416749,1790848507810700819,0x69,joint_3,q_actual,0.5288347633542818,
1790848507825409181,1790848507825682254,0x68,joint_2,q_actual,0.2740166925631098,
1790848507830304814,1790848507830564294,0x69,joint_3,q_actual,0.5305800926062761,
1790848507836227960,1790848507836491764,0x68,joint_2,q_leader,-0.8176117599430468,
1790848507836227960,1790848507836491764,0x69,joint_3,q_leader,-0.4341165629716364,
1790848507845422899,1790848507845714234,0x68,joint_2,q_actual,0.2740166925631098,
1790848507850407683,1790848507850693382,0x69,joint_3,q_actual,0.5305800926062761,
1790848507865421300,1790848507865699115,0x68,joint_2,q_actual,0.2740166925631098,
1790848507870381170,1790848507870664070,0x69,joint_3,q_actual,0.5323254218582705,
1790848507885426615,1790848507885699870,0x68,joint_2,q_actual,0.275762021815104,
1790848507886444107,1790848507886685155,0x68,joint_2,q_leader,-0.8222137023067037,
1790848507886444107,1790848507886685155,0x69,joint_3,q_leader,-0.44178646691106466,
1790848507890230498,1790848507890471382,0x69,joint_3,q_actual,0.5323254218582705,
1790848507905406381,1790848507905690517,0x68,joint_2,q_actual,0.275762021815104,
1790848507910277189,1790848507910508189,0x69,joint_3,q_actual,0.5340707511102649,
1790848507925287818,1790848507925542133,0x68,joint_2,q_actual,0.2775073510670985,
1790848507935192130,1790848507935442751,0x69,joint_3,q_actual,0.5340707511102649,
1790848507936075039,1790848507936283109,0x68,joint_2,q_leader,-0.8252816638824749,
1790848507936075039,1790848507936283109,0x69,joint_3,q_leader,-0.4479223900626072,
1790848507945422485,1790848507945716400,0x68,joint_2,q_actual,0.2775073510670985,
1790848507950401608,1790848507950680480,0x69,joint_3,q_actual,0.5358160803622593,
1790848507965285424,1790848507965562579,0x68,joint_2,q_actual,0.2792526803190927,
1790848507970447221,1790848507970730421,0x69,joint_3,q_actual,0.5358160803622593,
1790848507985426246,1790848507985711067,0x68,joint_2,q_actual,0.2792526803190927,
1790848507986403656,1790848507986652049,0x68,joint_2,q_leader,-0.8298836062461319,
1790848507986403656,1790848507986652049,0x69,joint_3,q_leader,-0.4509903516383785,
1790848507990413403,1790848507990697374,0x69,joint_3,q_actual,0.5375614096142535,
1790848508001023233,1790848508001232769,0x68,joint_2,q_des,0.8797550260833917,
1790848508001023233,1790848508001232769,0x69,joint_3,q_des,0.9141571018863738,
1790848508001023233,1790848508001276390,0x68,joint_2,q_filtered,0.8797550260833917,
1790848508001023233,1790848508001276390,0x69,joint_3,q_filtered,0.9141571018863738,
1790848508001023233,1790848508001427583,0x68,joint_2,q_cmd,0.2996176413583043,0.04363323129985824
1790848508001023233,1790848508001427583,0x69,joint_3,q_cmd,0.5560105980446526,0.04363323129985824
1790848508005234167,1790848508005462954,0x68,joint_2,q_actual,0.2809980095710872,
1790848508010385869,1790848508010660654,0x69,joint_3,q_actual,0.5375614096142535,
1790848508025416876,1790848508025706475,0x68,joint_2,q_actual,0.2809980095710872,
1790848508030417645,1790848508030699038,0x69,joint_3,q_actual,0.5393067388662478,
1790848508036531967,1790848508036784103,0x68,joint_2,q_leader,-0.8329515678219032,
1790848508036531967,1790848508036784103,0x69,joint_3,q_leader,-0.4525243324262641,
1790848508045277037,1790848508045547268,0x68,joint_2,q_actual,0.28274333882308145,
1790848508050408323,1790848508050687467,0x69,joint_3,q_actual,0.5393067388662478,
1790848508065270941,1790848508065517141,0x68,joint_2,q_actual,0.28274333882308145,
1790848508070225970,1790848508070451640,0x69,joint_3,q_actual,0.5410520681182421,
1790848508085415361,1790848508085709634,0x68,joint_2,q_actual,0.28448866807507567,
1790848508086774472,1790848508087012083,0x68,joint_2,q_leader,-0.8360195293976744,
1790848508086774472,1790848508087012083,0x69,joint_3,q_leader,-0.4540583132141498,
1790848508090225737,1790848508090465318,0x69,joint_3,q_actual,0.5410520681182421,
1790848508105409182,1790848508105694616,0x68,joint_2,q_actual,0.28623399732707017,
1790848508110402432,1790848508110681630,0x69,joint_3,q_actual,0.5427973973702365,
1790848508125426227,1790848508125716625,0x68,joint_2,q_actual,0.28623399732707017,
1790848508130281086,1790848508130513426,0x69,joint_3,q_actual,0.5427973973702365,
1790848508136412595,1790848508136679126,0x68,joint_2,q_leader,-0.842155452549217,
1790848508136412595,1790848508136679126,0x69,joint_3,q_leader,-0.45559229400203544,
1790848508145202431,1790848508145461419,0x68,joint_2,q_actual,0.2879793265790644,
1790848508150217944,1790848508150448368,0x69,joint_3,q_actual,0.5445427266222309,
1790848508165419656,1790848508165698788,0x68,joint_2,q_actual,0.2879793265790644,
1790848508170448331,1790848508170750699,0x69,joint_3,q_actual,0.5462880558742251,
1790848508185386509,1790848508185699019,0x68,joint_2,q_actual,0.28972465583105883,
1790848508186557778,1790848508186791655,0x68,joint_2,q_leader,-0.8482913757007596,
1790848508186557778,1790848508186791655,0x69,joint_3,q_leader,-0.4586602555778067,
1790848508190219744,1790848508190450005,0x69,joint_3,q_actual,0.5462880558742251,
1790848508201029732,1790848508201264697,0x68,joint_2,q_des,0.8981627955380195,
1790848508201029732,1790848508201264697,0x69,joint_3,q_des,0.9218270058258019,
1790848508201029732,1790848508201294303,0x68,joint_2,q_filtered,0.8981627955380195,
1790848508201029732,1790848508201294303,0x69,joint_3,q_filtered,0.9218270058258019,
1790848508201029732,1790848508201443810,0x68,joint_2,q_cmd,0.30834158078714463,0.04363323129985824
1790848508201029732,1790848508201443810,0x69,joint_3,q_cmd,0.5647366683459825,0.04363323129985824
1790848508205413587,1790848508205698121,0x68,joint_2,q_actual,0.28972465583105883,
1790848508210411230,1790848508210690275,0x69,joint_3,q_actual,0.5462880558742251,
1790848508225412373,1790848508225696156,0x68,joint_2,q_actual,0.2914699850830531,
1790848508230477645,1790848508230774154,0x69,joint_3,q_actual,0.5480333851262195,
1790848508236659540,1790848508236922025,0x68,joint_2,q_leader,-0.8559612796401878,
1790848508236659540,1790848508236922025,0x69,joint_3,q_leader,-0.4586602555778067,
1790848508245408552,1790848508245683629,0x68,joint_2,q_actual,0.2914699850830531,
1790848508250270968,1790848508250495201,0x69,joint_3,q_actual,0.5480333851262195,
1790848508265419436,1790848508265699696,0x68,joint_2,q_actual,0.29321531433504733,
1790848508270408590,1790848508270690150,0x69,joint_3,q_actual,0.5497787143782138,
1790848508285418042,1790848508285745709,0x68,joint_2,q_actual,0.29321531433504733,
1790848508286557040,1790848508286795007,0x68,joint_2,q_leader,-0.863631183579616,
1790848508286557040,1790848508286795007,0x69,joint_3,q_leader,-0.46019423636569234,
1790848508290428743,1790848508290707755,0x69,joint_3,q_actual,0.5497787143782138,
1790848508305418400,1790848508305700086,0x68,joint_2,q_actual,0.29496064358704177,
1790848508310414281,1790848508310696939,0x69,joint_3,q_actual,0.5515240436302081,
1790848508325392525,1790848508325668685,0x68,joint_2,q_actual,0.29496064358704177,
1790848508330490791,1790848508330775622,0x69,joint_3,q_actual,0.5515240436302081,
1790848508336219753,1790848508336475204,0x68,joint_2,q_leader,-0.8697671067311585,
1790848508336219753,1790848508336475204,0x69,joint_3,q_leader,-0.46019423636569234,
1790848508345271933,1790848508345540655,0x68,joint_2,q_actual,0.29670597283903605,
1790848508350304628,1790848508350542483,0x69,joint_3,q_actual,0.5532693728822026,
1790848508365422357,1790848508365703299,0x68,joint_2,q_actual,0.29670597283903605,
1790848508370402680,1790848508370686742,0x69,joint_3,q_actual,0.5532693728822026,
1790848508385432978,1790848508385732960,0x68,joint_2,q_actual,0.2984513020910305,
1790848508386377145,1790848508386615862,0x68,joint_2,q_leader,-0.8759030298827011,
1790848508386377145,1790848508386615862,0x69,joint_3,q_leader,-0.46019423636569234,
1790848508390401987,1790848508390686921,0x69,joint_3,q_actual,0.5550147021341968,
1790848508401045628,1790848508401302319,0x68,joint_2,q_des,0.9257744497199609,
1790848508401045628,1790848508401302319,0x69,joint_3,q_des,0.9233609866136876,
1790848508401045628,1790848508401341130,0x68,joint_2,q_filtered,0.9257744497199609,
1790848508401045628,1790848508401341130,0x69,joint_3,q_filtered,0.9233609866136876,
1790848508401045628,1790848508401436363,0x68,joint_2,q_cmd,0.3170648136630621,0.04363323129985824
1790848508401045628,1790848508401436363,0x69,joint_3,q_cmd,0.573462038159404,0.04363323129985824
1790848508405238122,1790848508405472484,0x68,joint_2,q_actual,0.2984513020910305,
1790848508410400570,1790848508410695519,0x69,joint_3,q_actual,0.5550147021341968,
1790848508425434306,1790848508425725319,0x68,joint_2,q_actual,0.3001966313430247,
1790848508435294100,1790848508435559526,0x69,joint_3,q_actual,0.5567600313861911,
1790848508436170276,1790848508436446581,0x68,joint_2,q_leader,-0.8820389530342437,
1790848508436170276,1790848508436446581,0x69,joint_3,q_leader,-0.46019423636569234,
1790848508445431720,1790848508445725151,0x68,joint_2,q_actual,0.3001966313430247,
1790848508450422305,1790848508450717550,0x69,joint_3,q_actual,0.5567600313861911,
1790848508465413742,1790848508465704153,0x68,joint_2,q_actual,0.301941960595019,
1790848508470464224,1790848508470752027,0x69,joint_3,q_actual,0.5585053606381855,
1790848508485409305,1790848508485699851,0x68,joint_2,q_actual,0.301941960595019,
1790848508486925935,1790848508487217671,0x68,joint_2,q_leader,-0.8881748761857863,
1790848508486925935,1790848508487217671,0x69,joint_3,q_leader,-0.461728217153578,
1790848508490221725,1790848508490467082,0x69,joint_3,q_actual,0.5585053606381855,
1790848508505411770,1790848508505709756,0x68,joint_2,q_actual,0.30368728984701343,
1790848508510415911,1790848508510707614,0x69,joint_3,q_actual,0.5602506898901798,
1790848508525420098,1790848508525709384,0x68,joint_2,q_actual,0.30368728984701343,
1790848508530492889,1790848508530790439,0x69,joint_3,q_actual,0.5602506898901798,
1790848508536642390,1790848508536865471,0x68,joint_2,q_leader,-0.8927768185494431,
1790848508536642390,1790848508536865471,0x69,joint_3,q_leader,-0.461728217153578,
1790848508545421890,1790848508545709869,0x68,joint_2,q_actual,0.30543261909900765,
1790848508550273990,1790848508550505316,0x69,joint_3,q_actual,0.5619960191421741,
1790848508565080581,1790848508565226966,0x68,joint_2,q_actual,0.30543261909900765,
1790848508575137449,1790848508575288126,0x69,joint_3,q_actual,0.5619960191421741,
1790848508585162207,1790848508585311137,0x68,joint_2,q_actual,0.30717794835100215,
1790848508585481276,1790848508585620574,0x68,joint_2,q_leader,-0.8973787609131001,
1790848508585481276,1790848508585620574,0x69,joint_3,q_leader,-0.46479617872934925,
1790848508590160284,1790848508590347237,0x69,joint_3,q_actual,0.5637413483941683,
1790848508600539300,1790848508600682321,0x68,joint_2,q_des,0.9472501807503599,
1790848508600539300,1790848508600682321,0x69,joint_3,q_des,0.9279629289773446,
1790848508600539300,1790848508600693539,0x68,joint_2,q_filtered,0.9472501807503599,
1790848508600539300,1790848508600693539,0x69,joint_3,q_filtered,0.9279629289773446,
1790848508600539300,1790848508600790488,0x68,joint_2,q_cmd,0.3257780891737789,0.04363323129985824
1790848508600539300,1790848508600790488,0x69,joint_3,q_cmd,0.5821765319535656,0.04363323129985824
1790848508606748642,1790848508606968393,0x68,joint_2,q_actual,0.30717794835100215,
1790848508610109366,1790848508610232277,0x69,joint_3,q_actual,0.5637413483941683,
1790848508625289062,1790848508625569558,0x68,joint_2,q_actual,0.30892327760299637,
1790848508630559260,1790848508630850617,0x69,joint_3,q_actual,0.5654866776461628,
1790848508636530691,1790848508636782961,0x68,joint_2,q_leader,-0.9004467224888714,
1790848508636530691,1790848508636782961,0x69,joint_3,q_leader,-0.4678641403051205,
1790848508647638696,1790848508647910086,0x68,joint_2,q_actual,0.30892327760299637,
1790848508650197417,1790848508650416159,0x69,joint_3,q_actual,0.5672320068981571,
1790848508665404581,1790848508665695217,0x68,joint_2,q_actual,0.3106686068549906,
1790848508670417551,1790848508670710269,0x69,joint_3,q_actual,0.5672320068981571,
1790848508685462988,1790848508685804427,0x68,joint_2,q_actual,0.3124139361069851,
1790848508686431698,1790848508686669994,0x68,joint_2,q_leader,-0.9035146840646426,
1790848508686431698,1790848508686669994,0x69,joint_3,q_leader,-0.4724660826687775,
1790848508690417795,1790848508690710616,0x69,joint_3,q_actual,0.5689773361501514,
1790848508705422466,1790848508705713170,0x68,joint_2,q_actual,0.3124139361069851,
1790848508710408026,1790848508710699403,0x69,joint_3,q_actual,0.5689773361501514,
1790848508725414125,1790848508725702652,0x68,joint_2,q_actual,0.3141592653589793,
1790848508730510631,1790848508730812026,0x69,joint_3,q_actual,0.5707226654021458,
1790848508736544269,1790848508736789917,0x68,joint_2,q_leader,-0.9065826456404139,
1790848508736544269,1790848508736789917,0x69,joint_3,q_leader,-0.47860200582032003,
1790848508745404127,1790848508745686300,0x68,joint_2,q_actual,0.3141592653589793,
1790848508750398401,1790848508750671893,0x69,joint_3,q_actual,0.5707226654021458,
1790848508765240173,1790848508765497177,0x68,joint_2,q_actual,0.3159045946109738,
1790848508770262112,1790848508770490236,0x69,joint_3,q_actual,0.57246799465414,
1790848508785465459,1790848508785798211,0x68,joint_2,q_actual,0.3159045946109738,
1790848508786426146,1790848508786661506,0x68,joint_2,q_leader,-0.9111845880040709,
1790848508786426146,1790848508786661506,0x69,joint_3,q_leader,-0.4847379289718626,
1790848508790388745,1790848508790603991,0x69,joint_3,q_actual,0.57246799465414,
1790848508801031501,1790848508801276822,0x68,joint_2,q_des,0.9610560078413307,
1790848508801031501,1790848508801276822,0x69,joint_3,q_des,0.9479046792198579,
1790848508801031501,1790848508801295849,0x68,joint_2,q_filtered,0.9610560078413307,
1790848508801031501,1790848508801295849,0x69,joint_3,q_filtered,0.9479046792198579,
1790848508801031501,1790848508801446207,0x68,joint_2,q_cmd,0.33450473543375053,0.043590409825007725
1790848508801031501,1790848508801446207,0x69,joint_3,q_cmd,0.5909031782135372,0.04358003054180272
1790848508807573631,1790848508807804216,0x68,joint_2,q_actual,0.31764992386296803,
1790848508810225457,1790848508810445791,0x69,joint_3,q_actual,0.5742133239061344,
1790848508825423776,1790848508825712221,0x68,joint_2,q_actual,0.31764992386296803,
1790848508830269401,1790848508830512246,0x69,joint_3,q_actual,0.5742133239061344,
1790848508836346032,1790848508836579359,0x68,joint_2,q_leader,-0.9142525495798421,
1790848508836346032,1790848508836579359,0x69,joint_3,q_leader,-0.4924078329112908,
1790848508845225310,1790848508845445661,0x68,joint_2,q_actual,0.31764992386296803,
1790848508850395917,1790848508850677012,0x69,joint_3,q_actual,0.5759586531581288,
1790848508865435838,1790848508865716310,0x68,joint_2,q_actual,0.31939525311496225,
1790848508870431704,1790848508870708581,0x69,joint_3,q_actual,0.5759586531581288,
1790848508885459813,1790848508885781488,0x68,joint_2,q_actual,0.31939525311496225,
1790848508886410743,1790848508886653009,0x68,joint_2,q_leader,-0.9203884727313847,
1790848508886410743,1790848508886653009,0x69,joint_3,q_leader,-0.4970097752749477,
1790848508890216240,1790848508890449893,0x69,joint_3,q_actual,0.5777039824101231,
1790848508905266700,1790848508905532456,0x68,joint_2,q_actual,0.32114058236695675,
1790848508910215777,1790848508910427620,0x69,joint_3,q_actual,0.5777039824101231,
1790848508925412934,1790848508925687531,0x68,joint_2,q_actual,0.32114058236695675,
1790848508930464527,1790848508930766142,0x69,joint_3,q_actual,0.5794493116621174,
1790848508936653735,1790848508936895959,0x68,joint_2,q_leader,-0.9265243958829272,
1790848508936653735,1790848508936895959,0x69,joint_3,q_leader,-0.504679679214376,
1790848508945402853,1790848508945687512,0x68,joint_2,q_actual,0.32288591161895097,
1790848508950414832,1790848508950696513,0x69,joint_3,q_actual,0.5794493116621174,
1790848508965277143,1790848508965542706,0x68,joint_2,q_actual,0.32288591161895097,
1790848508970234251,1790848508970472198,0x69,joint_3,q_actual,0.5811946409141117,
1790848508985239845,1790848508985525710,0x68,joint_2,q_actual,0.32463124087094547,
1790848508986230587,1790848508986441030,0x68,joint_2,q_leader,-0.9326603190344699,
1790848508986230587,1790848508986441030,0x69,joint_3,q_leader,-0.5108156023659185,
1790848508990270676,1790848508990485718,0x69,joint_3,q_actual,0.5811946409141117,
1790848509001023085,1790848509001236142,0x68,joint_2,q_des,0.9825317388717297,
1790848509001023085,1790848509001236142,0x69,joint_3,q_des,0.9739823526139137,
1790848509001023085,1790848509001283569,0x68,joint_2,q_filtered,0.9825317388717297,
1790848509001023085,1790848509001283569,0x69,joint_3,q_filtered,0.9739823526139137,
1790848509001023085,1790848509001435582,0x68,joint_2,q_cmd,0.3432282712988363,0.04363323129985824
1790848509001023085,1790848509001435582,0x69,joint_3,q_cmd,0.5996288333010241,0.04363323129985824
1790848509007588172,1790848509007851777,0x68,joint_2,q_actual,0.32463124087094547,
1790848509010227256,1790848509010452668,0x69,joint_3,q_actual,0.582939970166106,
1790848509025414995,1790848509025696886,0x68,joint_2,q_actual,0.3263765701229397,
1790848509030269869,1790848509030559229,0x69,joint_3,q_actual,0.582939970166106,
1790848509036508169,1790848509036773581,0x68,joint_2,q_leader,-0.9387962421860124,
1790848509036508169,1790848509036773581,0x69,joint_3,q_leader,-0.5138835639416898,
1790848509045088796,1790848509045285991,0x68,joint_2,q_actual,0.3263765701229397,
1790848509055087044,1790848509055204945,0x69,joint_3,q_actual,0.5846852994181004,
1790848509065028252,1790848509065114873,0x68,joint_2,q_actual,0.3281218993749339,
1790848509070014637,1790848509070102046,0x69,joint_3,q_actual,0.5846852994181004,
1790848509084993016,1790848509085097463,0x68,joint_2,q_actual,0.3281218993749339,
1790848509085576883,1790848509085713228,0x68,joint_2,q_leader,-0.944932165337555,
1790848509085576883,1790848509085713228,0x69,joint_3,q_leader,-0.5138835639416898,
1790848509095006692,1790848509095145752,0x69,joint_3,q_actual,0.5864306286700948,
1790848509105070412,1790848509105207934,0x68,joint_2,q_actual,0.3298672286269284,
1790848509110208662,1790848509110423772,0x69,joint_3,q_actual,0.5864306286700948,
1790848509125316853,1790848509125574000,0x68,joint_2,q_actual,0.3298672286269284,
1790848509130412816,1790848509130700718,0x69,joint_3,q_actual,0.5881759579220891,
1790848509136624135,1790848509136874084,0x68,joint_2,q_leader,-0.9510680884890975,
1790848509136624135,1790848509136874084,0x69,joint_3,q_leader,-0.5138835639416898,
1790848509145418829,1790848509145718394,0x68,joint_2,q_actual,0.33161255787892263,
1790848509150423710,1790848509150714787,0x69,joint_3,q_actual,0.5881759579220891,
1790848509165408370,1790848509165677276,0x68,joint_2,q_actual,0.33161255787892263,
1790848509170222152,1790848509170440698,0x69,joint_3,q_actual,0.5899212871740833,
1790848509185379440,1790848509185650716,0x68,joint_2,q_actual,0.3333578871309171,
1790848509186282995,1790848509186499122,0x68,joint_2,q_leader,-0.9572040116406401,
1790848509186282995,1790848509186499122,0x69,joint_3,q_leader,-0.516951525517461,
1790848509190455304,1790848509190783548,0x69,joint_3,q_actual,0.5899212871740833,
1790848509200899137,1790848509201121204,0x68,joint_2,q_des,1.0070754314779,
1790848509200899137,1790848509201121204,0x69,joint_3,q_des,0.9801182757654563,
1790848509200899137,1790848509201139391,0x68,joint_2,q_filtered,1.0070754314779,
1790848509200899137,1790848509201139391,0x69,joint_3,q_filtered,0.9801182757654563,
1790848509200899137,1790848509201267901,0x68,joint_2,q_cmd,0.3519479568803281,0.04363323129985824
1790848509200899137,1790848509201267901,0x69,joint_3,q_cmd,0.608350664590306,0.04363323129985824
1790848509207390683,1790848509207600186,0x68,joint_2,q_actual,0.3333578871309171,
1790848509210359257,1790848509210621560,0x69,joint_3,q_actual,0.5916666164260777,
1790848509225451264,1790848509225802478,0x68,joint_2,q_actual,0.3351032163829113,
1790848509230486284,1790848509230792193,0x69,joint_3,q_actual,0.5916666164260777,
1790848509236818426,1790848509237106520,0x68,joint_2,q_leader,-0.9602719732164114,
1790848509236818426,1790848509237106520,0x69,joint_3,q_leader,-0.516951525517461,
1790848509245608243,1790848509245977222,0x68,joint_2,q_actual,0.3351032163829113,
1790848509250613123,1790848509250980785,0x69,joint_3,q_actual,0.5916666164260777,
1790848509265588521,1790848509265954914,0x68,joint_2,q_actual,0.33684854563490557,
1790848509270626992,1790848509271004743,0x69,joint_3,q_actual,0.5934119456780721,
1790848509285567011,1790848509285938718,0x68,joint_2,q_actual,0.33684854563490557,
1790848509287323608,1790848509287611934,0x68,joint_2,q_leader,-0.9648739155800683,
1790848509287323608,1790848509287611934,0x69,joint_3,q_leader,-0.5200194870932324,
1790848509290356076,1790848509290625368,0x69,joint_3,q_actual,0.5934119456780721,
1790848509305571114,1790848509305930342,0x68,joint_2,q_actual,0.3385938748869,
1790848509310593070,1790848509310957801,0x69,joint_3,q_actual,0.5951572749300664,
1790848509325596214,1790848509325960895,0x68,joint_2,q_actual,0.3385938748869,
1790848509330694344,1790848509331086208,0x69,joint_3,q_actual,0.5951572749300664,
1790848509337479559,1790848509337778138,0x68,joint_2,q_leader,-0.9679418771558396,
1790848509337479559,1790848509337778138,0x69,joint_3,q_leader,-0.5246214294568893,
1790848509345594807,1790848509345962713,0x68,joint_2,q_actual,0.34033920413889424,
1790848509350603423,1790848509350967347,0x69,joint_3,q_actual,0.5969026041820608,
1790848509365587102,1790848509365951120,0x68,joint_2,q_actual,0.34033920413889424,
1790848509370701666,1790848509371106295,0x69,joint_3,q_actual,0.5969026041820608,
1790848509385426982,1790848509385740827,0x68,joint_2,q_actual,0.34208453339088873,
1790848509386963684,1790848509387309072,0x68,joint_2,q_leader,-0.9710098387316108,
1790848509386963684,1790848509387309072,0x69,joint_3,q_leader,-0.5322913333963175,
1790848509390339875,1790848509390609780,0x69,joint_3,q_actual,0.5969026041820608,
1790848509401241468,1790848509401530151,0x68,joint_2,q_des,1.0208812585688707,
1790848509401241468,1790848509401530151,0x69,joint_3,q_des,0.9954580836443128,
1790848509401241468,1790848509401624443,0x68,joint_2,q_filtered,1.0208812585688707,
1790848509401241468,1790848509401624443,0x69,joint_3,q_filtered,0.9954580836443128,
1790848509401241468,1790848509401825722,0x68,joint_2,q_cmd,0.36067460314029975,0.0436187324330417
1790848509401241468,1790848509401825722,0x69,joint_3,q_cmd,0.6170773108502776,0.04360413251789243
1790848509407031078,1790848509407300601,0x68,joint_2,q_actual,0.34208453339088873,
1790848509410425365,1790848509410693991,0x69,joint_3,q_actual,0.598647933434055,
1790848509425580805,1790848509425937997,0x68,joint_2,q_actual,0.34382986264288296,
1790848509430541329,1790848509430861325,0x69,joint_3,q_actual,0.598647933434055,
1790848509437126540,1790848509437470557,0x68,joint_2,q_leader,-0.9725438195194965,
1790848509437126540,1790848509437470557,0x69,joint_3,q_leader,-0.5414952181236313,
1790848509445592388,1790848509445961444,0x68,joint_2,q_actual,0.34382986264288296,
1790848509450608147,1790848509450977518,0x69,joint_3,q_actual,0.6003932626860493,
1790848509465587915,1790848509465955177,0x68,joint_2,q_actual,0.3455751918948772,
1790848509470669267,1790848509471028002,0x69,joint_3,q_actual,0.6003932626860493,
1790848509485590447,1790848509485949546,0x68,joint_2,q_actual,0.3455751918948772,
1790848509487356798,1790848509487660428,0x68,joint_2,q_leader,-0.9725438195194965,
1790848509487356798,1790848509487660428,0x69,joint_3,q_leader,-0.5583690067903734,
1790848509490423197,1790848509490699034,0x69,joint_3,q_actual,0.6021385919380436,
1790848509505633981,1790848509506026034,0x68,joint_2,q_actual,0.3473205211468717,
1790848509510594815,1790848509510958560,0x69,joint_3,q_actual,0.6038839211900381,
1790848509525593892,1790848509525962152,0x68,joint_2,q_actual,0.3473205211468717,
1790848509530743189,1790848509531109343,0x69,joint_3,q_actual,0.6038839211900381,
1790848509536969364,1790848509537305240,0x68,joint_2,q_leader,-0.9694758579437253,
1790848509536969364,1790848509537305240,0x69,joint_3,q_leader,-0.576776776245001,
1790848509545590937,1790848509545955957,0x68,joint_2,q_actual,0.3490658503988659,
1790848509550595088,1790848509550968343,0x69,joint_3,q_actual,0.6056292504420324,
1790848509565591646,1790848509565953188,0x68,joint_2,q_actual,0.3490658503988659,
1790848509575457235,1790848509575803301,0x69,joint_3,q_actual,0.6056292504420324,
1790848509586824718,1790848509587102821,0x68,joint_2,q_leader,-0.966407896367954,
1790848509586824718,1790848509587102821,0x69,joint_3,q_leader,-0.5951845456996288,
1790848509587202456,1790848509587475684,0x68,joint_2,q_actual,0.3508111796508604,
1790848509592083158,1790848509592357746,0x69,joint_3,q_actual,0.6073745796940266,
1790848509600779098,1790848509600931447,0x68,joint_2,q_des,1.0162793162052137,
1790848509600779098,1790848509600931447,0x69,joint_3,q_des,1.058351295947624,
1790848509600779098,1790848509601051508,0x68,joint_2,q_filtered,1.0162793162052137,
1790848509600779098,1790848509601051508,0x69,joint_3,q_filtered,1.058351295947624,
1790848509600779098,1790848509601061558,0x68,joint_2,q_cmd,0.3693900048111272,0.04363323129985824
1790848509600779098,1790848509601061558,0x69,joint_3,q_cmd,0.6257944062759028,0.04363323129985824
1790848509607339973,1790848509607688852,0x68,joint_2,q_actual,0.3508111796508604,
1790848509611985285,1790848509612265198,0x69,joint_3,q_actual,0.6073745796940266,
1790848509626566499,1790848509626840311,0x68,joint_2,q_actual,0.3525565089028546,
1790848509631341343,1790848509631557461,0x69,joint_3,q_actual,0.6073745796940266,
1790848509636284830,1790848509636532686,0x68,joint_2,q_leader,-0.9602719732164114,
1790848509636284830,1790848509636532686,0x69,joint_3,q_leader,-0.6120583343663708,
1790848509646612605,1790848509646886808,0x68,joint_2,q_actual,0.3525565089028546,
1790848509651542601,1790848509651831620,0x69,joint_3,q_actual,0.609119908946021,
1790848509665411042,1790848509665703467,0x68,joint_2,q_actual,0.35430183815484884,
1790848509670391666,1790848509670675621,0x69,joint_3,q_actual,0.609119908946021,
1790848509685413512,1790848509685709389,0x68,joint_2,q_actual,0.35430183815484884,
1790848509686561979,1790848509686802965,0x68,joint_2,q_leader,-0.9526020692769832,
1790848509686561979,1790848509686802965,0x69,joint_3,q_leader,-0.6304661038209985,
1790848509690421188,1790848509690713202,0x69,joint_3,q_actual,0.6108652381980153,
1790848509705399188,1790848509705682056,0x68,joint_2,q_actual,0.35604716740684333,
1790848509710407435,1790848509710696667,0x69,joint_3,q_actual,0.6108652381980153,
1790848509725418817,1790848509725708688,0x68,joint_2,q_actual,0.35604716740684333,
1790848509730407504,1790848509730692978,0x69,joint_3,q_actual,0.6126105674500097,
1790848509736511158,1790848509736763586,0x68,joint_2,q_leader,-0.944932165337555,
1790848509736511158,1790848509736763586,0x69,joint_3,q_leader,-0.6442719309119693,
1790848509745232729,1790848509745477261,0x68,joint_2,q_actual,0.35779249665883756,
1790848509750210212,1790848509750438797,0x69,joint_3,q_actual,0.6126105674500097,
1790848509765407733,1790848509765699493,0x68,joint_2,q_actual,0.35779249665883756,
1790848509770412208,1790848509770706321,0x69,joint_3,q_actual,0.6143558967020041,
1790848509785423068,1790848509785705300,0x68,joint_2,q_actual,0.35953782591083205,
1790848509786551243,1790848509786752906,0x68,joint_2,q_leader,-0.940330222973898,
1790848509786551243,1790848509786752906,0x69,joint_3,q_leader,-0.65807775800294,
1790848509790226045,1790848509790448664,0x69,joint_3,q_actual,0.6143558967020041,
1790848509801026747,1790848509801269270,0x68,joint_2,q_des,0.9902016428111579,
1790848509801026747,1790848509801269270,0x69,joint_3,q_des,1.1212445082509352,
1790848509801026747,1790848509801288273,0x68,joint_2,q_filtered,0.9902016428111579,
1790848509801026747,1790848509801288273,0x69,joint_3,q_filtered,1.1212445082509352,
1790848509801026747,1790848509801454288,0x68,joint_2,q_cmd,0.3781166510710989,0.043620498912431936
1790848509801026747,1790848509801454288,0x69,joint_3,q_cmd,0.6345210525358744,0.04360992833482316
1790848509805227339,1790848509805463435,0x68,joint_2,q_actual,0.35953782591083205,
1790848509810403937,1790848509810692046,0x69,joint_3,q_actual,0.6161012259539983,
1790848509825286105,1790848509825569347,0x68,joint_2,q_actual,0.3612831551628263,
1790848509830178343,1790848509830417865,0x69,joint_3,q_actual,0.6161012259539983,
1790848509836321112,1790848509836558820,0x68,joint_2,q_leader,-0.9357282806102412,
1790848509836321112,1790848509836558820,0x69,joint_3,q_leader,-0.6718835850939108,
1790848509845404115,1790848509845698943,0x68,joint_2,q_actual,0.3612831551628263,
1790848509850426089,1790848509850725111,0x69,joint_3,q_actual,0.6178465552059926,
1790848509865418430,1790848509865709266,0x68,joint_2,q_actual,0.3630284844148205,
1790848509870414843,1790848509870705642,0x69,joint_3,q_actual,0.6178465552059926,
1790848509885446557,1790848509885747919,0x68,joint_2,q_actual,0.3630284844148205,
1790848509886681948,1790848509886949108,0x68,joint_2,q_leader,-0.9295923574586986,
1790848509886681948,1790848509886949108,0x69,joint_3,q_leader,-0.6810874698212247,
1790848509890223931,1790848509890461750,0x69,joint_3,q_actual,0.619591884457987,
1790848509905425270,1790848509905716787,0x68,joint_2,q_actual,0.364773813666815,
1790848509910406010,1790848509910699259,0x69,joint_3,q_actual,0.619591884457987,
1790848509925420219,1790848509925717006,0x68,joint_2,q_actual,0.364773813666815,
1790848509930412208,1790848509930704741,0x69,joint_3,q_actual,0.6213372137099813,
1790848509936527740,1790848509936799519,0x68,joint_2,q_leader,-0.9219224535192704,
1790848509936527740,1790848509936799519,0x69,joint_3,q_leader,-0.6887573737606528,
1790848509947634861,1790848509947910453,0x68,joint_2,q_actual,0.3665191429188092,
1790848509950191278,1790848509950413930,0x69,joint_3,q_actual,0.6230825429619757,
1790848509965406092,1790848509965695458,0x68,joint_2,q_actual,0.3665191429188092,
1790848509970241152,1790848509970483820,0x69,joint_3,q_actual,0.6230825429619757,
1790848509985468105,1790848509985766848,0x68,joint_2,q_actual,0.36826447217080366,
1790848509986461466,1790848509986744191,0x68,joint_2,q_leader,-0.9188544919434991,
1790848509986461466,1790848509986744191,0x69,joint_3,q_leader,-0.6994952392758523,
1790848509990433789,1790848509990706046,0x69,joint_3,q_actual,0.62482787221397,
1790848510000284093,1790848510000450353,0x68,joint_2,q_des,0.968725911780759,
1790848510000284093,1790848510000450353,0x69,joint_3,q_des,1.1626619895238475,
1790848510000284093,1790848510000456837,0x68,joint_2,q_filtered,0.968725911780759,
1790848510000284093,1790848510000456837,0x69,joint_3,q_filtered,1.1626619895238475,
1790848510000284093,1790848510000459304,0x68,joint_2,q_cmd,0.38682551225147277,0.04363323129985824
1790848510000284093,1790848510000459304,0x69,joint_3,q_cmd,0.6432306243270386,0.04363323129985824
1790848510005045847,1790848510005162526,0x68,joint_2,q_actual,0.36826447217080366,
1790848510010038971,1790848510010133738,0x69,joint_3,q_actual,0.62482787221397,
1790848510025142458,1790848510025303006,0x68,joint_2,q_actual,0.37000980142279793,
1790848510030155815,1790848510030335190,0x69,joint_3,q_actual,0.62482787221397,
1790848510035704597,1790848510035850201,0x68,joint_2,q_leader,-0.9173205111556134,
1790848510035704597,1790848510035850201,0x69,joint_3,q_leader,-0.7133010663668231,
1790848510045092741,1790848510045277607,0x68,joint_2,q_actual,0.37000980142279793,
1790848510055298394,1790848510055541110,0x69,joint_3,q_actual,0.6265732014659643,
1790848510065514354,1790848510065851469,0x68,joint_2,q_actual,0.37175513067479216,
1790848510070564348,1790848510070916842,0x69,joint_3,q_actual,0.6283185307179586,
1790848510085656655,1790848510086031018,0x68,joint_2,q_actual,0.37175513067479216,
1790848510087464667,1790848510087800581,0x68,joint_2,q_leader,-0.9157865303677278,
1790848510087464667,1790848510087800581,0x69,joint_3,q_leader,-0.7347767973972221,
1790848510090410423,1790848510090683579,0x69,joint_3,q_actual,0.6283185307179586,
1790848510105603258,1790848510105983077,0x68,joint_2,q_actual,0.3735004599267866,
1790848510110434667,1790848510110719058,0x69,joint_3,q_actual,0.630063859969953,
1790848510125396543,1790848510125675699,0x68,joint_2,q_actual,0.3735004599267866,
1790848510130405730,1790848510130687492,0x69,joint_3,q_actual,0.630063859969953,
1790848510136672415,1790848510136976115,0x68,joint_2,q_leader,-0.9142525495798421,
1790848510136672415,1790848510136976115,0x69,joint_3,q_leader,-0.7516505860639642,
1790848510145405014,1790848510145685393,0x68,joint_2,q_actual,0.3752457891787809,
1790848510150600166,1790848510150975050,0x69,joint_3,q_actual,0.6318091892219474,
1790848510165602328,1790848510165973933,0x68,joint_2,q_actual,0.3752457891787809,
1790848510170610393,1790848510170976534,0x69,joint_3,q_actual,0.6318091892219474,
1790848510185580609,1790848510185950970,0x68,joint_2,q_actual,0.3769911184307753,
1790848510187307475,1790848510187613969,0x68,joint_2,q_leader,-0.9142525495798421,
1790848510187307475,1790848510187613969,0x69,joint_3,q_leader,-0.7669903939428205,
1790848510190485182,1790848510190767621,0x69,joint_3,q_actual,0.6335545184739416,
1790848510201156733,1790848510201484481,0x68,joint_2,q_des,0.964123969417102,
1790848510201156733,1790848510201484481,0x69,joint_3,q_des,1.2301571441908157,
1790848510201156733,1790848510201513933,0x68,joint_2,q_filtered,0.964123969417102,
1790848510201156733,1790848510201513933,0x69,joint_3,q_filtered,1.2301571441908157,
1790848510201156733,1790848510201723802,0x68,joint_2,q_cmd,0.39555215851144443,0.04355752070628911
1790848510201156733,1790848510201723802,0x69,joint_3,q_cmd,0.6519572705870103,0.043543404739281075
1790848510205428588,1790848510205708211,0x68,joint_2,q_actual,0.3769911184307753,
1790848510214887380,1790848510215155984,0x69,joint_3,q_actual,0.6335545184739416,
1790848510227175933,1790848510227548010,0x68,joint_2,q_actual,0.37873644768276954,
1790848510231948619,1790848510232204099,0x69,joint_3,q_actual,0.635299847725936,
1790848510236622403,1790848510236892037,0x68,joint_2,q_leader,-0.9127185687919566,
1790848510236622403,1790848510236892037,0x69,joint_3,q_leader,-0.7792622402459057,
1790848510246374757,1790848510246564406,0x68,joint_2,q_actual,0.37873644768276954,
1790848510251273018,1790848510251493855,0x69,joint_3,q_actual,0.635299847725936,
1790848510266569275,1790848510266842756,0x68,joint_2,q_actual,0.3804817769347638,
1790848510271552028,1790848510271825169,0x69,joint_3,q_actual,0.6370451769779303,
1790848510286341501,1790848510286590145,0x68,joint_2,q_leader,-0.9127185687919566,
1790848510286341501,1790848510286590145,0x69,joint_3,q_leader,-0.7900001057611052,
1790848510287627251,1790848510287855501,0x68,joint_2,q_actual,0.3804817769347638,
1790848510291451228,1790848510291652276,0x69,joint_3,q_actual,0.6370451769779303,
1790848510306558204,1790848510306806461,0x68,joint_2,q_actual,0.38222710618675826,
1790848510310412081,1790848510310704234,0x69,joint_3,q_actual,0.6387905062299246,
1790848510325420551,1790848510325705661,0x68,joint_2,q_actual,0.38222710618675826,
1790848510330409405,1790848510330696660,0x69,joint_3,q_actual,0.6387905062299246,
1790848510336288451,1790848510336541546,0x68,joint_2,q_leader,-0.9127185687919566,
1790848510336288451,1790848510336541546,0x69,joint_3,q_leader,-0.7992039904884191,
1790848510345446932,1790848510345729554,0x68,joint_2,q_actual,0.3839724354387525,
1790848510350410175,1790848510350702557,0x69,joint_3,q_actual,0.640535835481919,
1790848510365419382,1790848510365706023,0x68,joint_2,q_actual,0.3839724354387525,
1790848510370408388,1790848510370697721,0x69,joint_3,q_actual,0.640535835481919,
1790848510385417684,1790848510385705540,0x68,joint_2,q_actual,0.385717764690747,
1790848510386349580,1790848510386596068,0x68,joint_2,q_leader,-0.9111845880040709,
1790848510386349580,1790848510386596068,0x69,joint_3,q_leader,-0.8068738944278473,
1790848510390478929,1790848510390771571,0x69,joint_3,q_actual,0.6422811647339133,
1790848510401025978,1790848510401268692,0x68,joint_2,q_des,0.9610560078413307,
1790848510401025978,1790848510401268692,0x69,joint_3,q_des,1.2700406446758423,
1790848510401025978,1790848510401288547,0x68,joint_2,q_filtered,0.9610560078413307,
1790848510401025978,1790848510401288547,0x69,joint_3,q_filtered,1.2700406446758423,
1790848510401025978,1790848510401437756,0x68,joint_2,q_cmd,0.4042732081113403,0.04363323129985824
1790848510401025978,1790848510401437756,0x69,joint_3,q_cmd,0.6606805021102921,0.04363323129985824
1790848510405222171,1790848510405467102,0x68,joint_2,q_actual,0.385717764690747,
1790848510410235936,1790848510410483161,0x69,joint_3,q_actual,0.6422811647339133,
1790848510425411923,1790848510425699693,0x68,joint_2,q_actual,0.3874630939427412,
1790848510430386724,1790848510430668469,0x69,joint_3,q_actual,0.6440264939859076,
1790848510436431922,1790848510436680303,0x68,joint_2,q_leader,-0.9111845880040709,
1790848510436431922,1790848510436680303,0x69,joint_3,q_leader,-0.8145437983672754,
1790848510445400127,1790848510445687192,0x68,joint_2,q_actual,0.3874630939427412,
1790848510450444843,1790848510450732857,0x69,joint_3,q_actual,0.6440264939859076,
1790848510465279080,1790848510465547101,0x68,joint_2,q_actual,0.3892084231947354,
1790848510470282310,1790848510470511242,0x69,joint_3,q_actual,0.6457718232379019,
1790848510485417610,1790848510485692147,0x68,joint_2,q_actual,0.3892084231947354,
1790848510486297485,1790848510486545013,0x68,joint_2,q_leader,-0.9111845880040709,
1790848510486297485,1790848510486545013,0x69,joint_3,q_leader,-0.8191457407309324,
1790848510490431871,1790848510490726337,0x69,joint_3,q_actual,0.6457718232379019,
1790848510505423509,1790848510505712063,0x68,joint_2,q_actual,0.3909537524467299,
1790848510510415568,1790848510510704141,0x69,joint_3,q_actual,0.6475171524898963,
1790848510525440956,1790848510525724718,0x68,joint_2,q_actual,0.3909537524467299,
1790848510530405362,1790848510530693769,0x69,joint_3,q_actual,0.6475171524898963,
1790848510536166578,1790848510536420735,0x68,joint_2,q_leader,-0.9111845880040709,
1790848510536166578,1790848510536420735,0x69,joint_3,q_leader,-0.8222137023067037,
1790848510545434682,1790848510545723485,0x68,joint_2,q_actual,0.39269908169872414,
1790848510550408725,1790848510550698595,0x69,joint_3,q_actual,0.6492624817418906,
1790848510565395944,1790848510565688881,0x68,joint_2,q_actual,0.39269908169872414,
1790848510570446550,1790848510570755720,0x69,joint_3,q_actual,0.6492624817418906,
1790848510585419635,1790848510585706886,0x68,joint_2,q_actual,0.39444441095071864,
1790848510586419336,1790848510586678550,0x68,joint_2,q_leader,-0.9111845880040709,
1790848510586419336,1790848510586678550,0x69,joint_3,q_leader,-0.8237476830945893,
1790848510590411961,1790848510590698442,0x69,joint_3,q_actual,0.6510078109938848,
1790848510601035066,1790848510601274695,0x68,joint_2,q_des,0.9610560078413307,
1790848510601035066,1790848510601274695,0x69,joint_3,q_des,1.2869144333425844,
1790848510601035066,1790848510601292873,0x68,joint_2,q_filtered,0.9610560078413307,
1790848510601035066,1790848510601292873,0x69,joint_3,q_filtered,1.2869144333425844,
1790848510601035066,1790848510601452356,0x68,joint_2,q_cmd,0.41299693504636914,0.04363323129985824
1790848510601035066,1790848510601452356,0x69,joint_3,q_cmd,0.6694063918137024,0.04363323129985824
1790848510605237145,1790848510605473866,0x68,joint_2,q_actual,0.39444441095071864,
1790848510610437062,1790848510610729973,0x69,joint_3,q_actual,0.6510078109938848,
1790848510625238722,1790848510625510220,0x68,joint_2,q_actual,0.39618974020271286,
1790848510630399259,1790848510630690068,0x69,joint_3,q_actual,0.6527531402458793,
1790848510636507605,1790848510636791582,0x68,joint_2,q_leader,-0.9111845880040709,
1790848510636507605,1790848510636791582,0x69,joint_3,q_leader,-0.8237476830945893,
1790848510645414981,1790848510645693007,0x68,joint_2,q_actual,0.39618974020271286,
1790848510650264940,1790848510650490551,0x69,joint_3,q_actual,0.6527531402458793,
1790848510665402698,1790848510665692367,0x68,joint_2,q_actual,0.3979350694547071,
1790848510670445467,1790848510670757153,0x69,joint_3,q_actual,0.6544984694978736,
1790848510685288818,1790848510685558174,0x68,joint_2,q_actual,0.3979350694547071,
1790848510686168038,1790848510686382284,0x68,joint_2,q_leader,-0.9111845880040709,
1790848510686168038,1790848510686382284,0x69,joint_3,q_leader,-0.8237476830945893,
1790848510690421919,1790848510690703456,0x69,joint_3,q_actual,0.6562437987498679,
1790848510705402967,1790848510705680485,0x68,joint_2,q_actual,0.3996803987067016,
1790848510710412267,1790848510710705246,0x69,joint_3,q_actual,0.6562437987498679,
1790848510725426954,1790848510725714410,0x68,joint_2,q_actual,0.3996803987067016,
1790848510730410895,1790848510730693804,0x69,joint_3,q_actual,0.6579891280018623,
1790848510736438313,1790848510736673266,0x68,joint_2,q_leader,-0.9111845880040709,
1790848510736438313,1790848510736673266,0x69,joint_3,q_leader,-0.8237476830945893,
1790848510745404922,1790848510745697308,0x68,joint_2,q_actual,0.4014257279586958,
1790848510750429447,1790848510750713045,0x69,joint_3,q_actual,0.6579891280018623,
1790848510765410803,1790848510765700203,0x68,joint_2,q_actual,0.4014257279586958,
1790848510770415416,1790848510770701969,0x69,joint_3,q_actual,0.6597344572538565,
1790848510785418530,1790848510785704344,0x68,joint_2,q_actual,0.4031710572106903,
1790848510786281625,1790848510786504336,0x68,joint_2,q_leader,-0.9111845880040709,
1790848510786281625,1790848510786504336,0x69,joint_3,q_leader,-0.8237476830945893,
1790848510790425439,1790848510790711630,0x69,joint_3,q_actual,0.6597344572538565,
1790848510801094318,1790848510801319463,0x68,joint_2,q_des,0.9610560078413307,
1790848510801094318,1790848510801319463,0x69,joint_3,q_des,1.2869144333425844,
1790848510801094318,1790848510801384689,0x68,joint_2,q_filtered,0.9610560078413307,
1790848510801094318,1790848510801384689,0x69,joint_3,q_filtered,1.2869144333425844,
1790848510801094318,1790848510801522825,0x68,joint_2,q_cmd,0.42172090357856457,0.04363323129985824
1790848510801094318,1790848510801522825,0x69,joint_3,q_cmd,0.678132628270366,0.04363323129985824
1790848510805429062,1790848510805715237,0x68,joint_2,q_actual,0.4031710572106903,
1790848510810406751,1790848510810693562,0x69,joint_3,q_actual,0.6614797865058508,
1790848510825267050,1790848510825542939,0x68,joint_2,q_actual,0.4049163864626845,
1790848510830218265,1790848510830454027,0x69,joint_3,q_actual,0.6614797865058508,
1790848510836066632,1790848510836302333,0x68,joint_2,q_leader,-0.9127185687919566,
1790848510836066632,1790848510836302333,0x69,joint_3,q_leader,-0.8237476830945893,
1790848510845416059,1790848510845705167,0x68,joint_2,q_actual,0.4049163864626845,
1790848510850425937,1790848510850732577,0x69,joint_3,q_actual,0.6614797865058508,
1790848510865419663,1790848510865709510,0x68,joint_2,q_actual,0.40666171571467874,
1790848510870415708,1790848510870704035,0x69,joint_3,q_actual,0.6632251157578453,
1790848510885394359,1790848510885652072,0x68,joint_2,q_actual,0.40666171571467874,
1790848510886551842,1790848510886751237,0x68,joint_2,q_leader,-0.9127185687919566,
1790848510886551842,1790848510886751237,0x69,joint_3,q_leader,-0.8237476830945893,
1790848510889926313,1790848510890007290,0x69,joint_3,q_actual,0.6632251157578453,
1790848510905162391,1790848510905316838,0x68,joint_2,q_actual,0.40840704496667324,
1790848510910091355,1790848510910250449,0x69,joint_3,q_actual,0.6649704450098396,
1790848510925173528,1790848510925338885,0x68,joint_2,q_actual,0.40840704496667324,
1790848510930195559,1790848510930359222,0x69,joint_3,q_actual,0.6649704450098396,
1790848510935844661,1790848510936019884,0x68,joint_2,q_leader,-0.9127185687919566,
1790848510935844661,1790848510936019884,0x69,joint_3,q_leader,-0.8237476830945893,
1790848510945300118,1790848510945546793,0x68,joint_2,q_actual,0.41015237421866746,
1790848510950402072,1790848510950695270,0x69,joint_3,q_actual,0.6667157742618339,
1790848510965612243,1790848510965964213,0x68,joint_2,q_actual,0.41015237421866746,
1790848510970600417,1790848510970955221,0x69,joint_3,q_actual,0.6667157742618339,
1790848510985604265,1790848510985971910,0x68,joint_2,q_actual,0.4118977034706619,
1790848510986932048,1790848510987238961,0x68,joint_2,q_leader,-0.9142525495798421,
1790848510986932048,1790848510987238961,0x69,joint_3,q_leader,-0.820679721518818,
1790848510990473897,1790848510990758616,0x69,joint_3,q_actual,0.6684611035138281,
1790848511001418845,1790848511001713125,0x68,joint_2,q_des,0.964123969417102,
1790848511001418845,1790848511001713125,0x69,joint_3,q_des,1.2838464717668132,
1790848511001418845,1790848511001737245,0x68,joint_2,q_filtered,0.964123969417102,
1790848511001418845,1790848511001737245,0x69,joint_3,q_filtered,1.2838464717668132,
1790848511001418845,1790848511001947678,0x68,joint_2,q_cmd,0.4304475498385362,0.04361489189215225
1790848511001418845,1790848511001947678,0x69,joint_3,q_cmd,0.6868592745303377,0.04360064766387262
1790848511005418095,1790848511005701386,0x68,joint_2,q_actual,0.4118977034706619,
1790848511010597516,1790848511010966911,0x69,joint_3,q_actual,0.6684611035138281,
1790848511025448000,1790848511025783955,0x68,joint_2,q_actual,0.4136430327226562,
1790848511030422503,1790848511030673820,0x69,joint_3,q_actual,0.6702064327658225,
1790848511036989869,1790848511037347576,0x68,joint_2,q_leader,-0.9142525495798421,
1790848511036989869,1790848511037347576,0x69,joint_3,q_leader,-0.8191457407309324,
1790848511045387801,1790848511045668331,0x68,joint_2,q_actual,0.4136430327226562,
1790848511050584608,1790848511050947773,0x69,joint_3,q_actual,0.6702064327658225,
1790848511065442337,1790848511065749576,0x68,joint_2,q_actual,0.4153883619746504,
1790848511070398811,1790848511070684676,0x69,joint_3,q_actual,0.6719517620178169,
1790848511085433847,1790848511085755239,0x68,joint_2,q_actual,0.4153883619746504,
1790848511087005379,1790848511087341949,0x68,joint_2,q_leader,-0.9142525495798421,
1790848511087005379,1790848511087341949,0x69,joint_3,q_leader,-0.8191457407309324,
1790848511090432618,1790848511090682126,0x69,joint_3,q_actual,0.6719517620178169,
1790848511105367133,1790848511105649778,0x68,joint_2,q_actual,0.41713369122664484,
1790848511110305061,1790848511110577260,0x69,joint_3,q_actual,0.6736970912698113,
1790848511125223741,1790848511125462762,0x68,joint_2,q_actual,0.41713369122664484,
1790848511130218308,1790848511130454502,0x69,joint_3,q_actual,0.6736970912698113,
1790848511136350605,1790848511136618676,0x68,joint_2,q_leader,-0.9142525495798421,
1790848511136350605,1790848511136618676,0x69,joint_3,q_leader,-0.8191457407309324,
1790848511145300610,1790848511145515175,0x68,joint_2,q_actual,0.4188790204786391,
1790848511150211546,1790848511150401052,0x69,joint_3,q_actual,0.6754424205218056,
1790848511165463125,1790848511165748302,0x68,joint_2,q_actual,0.4188790204786391,
1790848511170418089,1790848511170703738,0x69,joint_3,q_actual,0.6754424205218056,
1790848511185461916,1790848511185751856,0x68,joint_2,q_actual,0.42062434973063356,
1790848511186621734,1790848511186887902,0x68,joint_2,q_leader,-0.9142525495798421,
1790848511186621734,1790848511186887902,0x69,joint_3,q_leader,-0.8237476830945893,
1790848511190422276,1790848511190713060,0x69,joint_3,q_actual,0.6771877497737998,
1790848511201016710,1790848511201274365,0x68,joint_2,q_des,0.964123969417102,
1790848511201016710,1790848511201274365,0x69,joint_3,q_des,1.2869144333425844,
1790848511201016710,1790848511201293777,0x68,joint_2,q_filtered,0.964123969417102,
1790848511201016710,1790848511201293777,0x69,joint_3,q_filtered,1.2869144333425844,
1790848511201016710,1790848511201440473,0x68,joint_2,q_cmd,0.43916217226349225,0.04363323129985824
1790848511201016710,1790848511201440473,0x69,joint_3,q_cmd,0.6955760801003972,0.04363323129985824
1790848511205420555,1790848511205707903,0x68,joint_2,q_actual,0.42062434973063356,
1790848511210511964,1790848511210821693,0x69,joint_3,q_actual,0.6771877497737998,
1790848511225414995,1790848511225707102,0x68,joint_2,q_actual,0.4223696789826278,
1790848511230265957,1790848511230492682,0x69,joint_3,q_actual,0.6789330790257941,
1790848511236173606,1790848511236423836,0x68,joint_2,q_leader,-0.9142525495798421,
1790848511236173606,1790848511236423836,0x69,joint_3,q_leader,-0.8237476830945893,
1790848511245293104,1790848511245525329,0x68,joint_2,q_actual,0.4223696789826278,
1790848511250219072,1790848511250408845,0x69,joint_3,q_actual,0.6789330790257941,
1790848511265470480,1790848511265755899,0x68,joint_2,q_actual,0.424115008234622,
1790848511270412891,1790848511270697300,0x69,joint_3,q_actual,0.6789330790257941,
1790848511285473634,1790848511285773597,0x68,joint_2,q_actual,0.424115008234622,
1790848511286473371,1790848511286754562,0x68,joint_2,q_leader,-0.9127185687919566,
1790848511286473371,1790848511286754562,0x69,joint_3,q_leader,-0.8237476830945893,
1790848511290418702,1790848511290703547,0x69,joint_3,q_actual,0.6806784082777885,
1790848511305416321,1790848511305703437,0x68,joint_2,q_actual,0.4258603374866165,
1790848511310535787,1790848511310850171,0x69,joint_3,q_actual,0.6806784082777885,
1790848511325326662,1790848511325606562,0x68,joint_2,q_actual,0.4258603374866165,
1790848511330417756,1790848511330708709,0x69,joint_3,q_actual,0.6824237375297829,
1790848511336360956,1790848511336627387,0x68,joint_2,q_leader,-0.9127185687919566,
1790848511336360956,1790848511336627387,0x69,joint_3,q_leader,-0.8237476830945893,
1790848511345447101,1790848511345727748,0x68,joint_2,q_actual,0.4276056667386107,
1790848511350407527,1790848511350703109,0x69,joint_3,q_actual,0.6824237375297829,
1790848511365471694,1790848511365761320,0x68,joint_2,q_actual,0.4276056667386107,
1790848511370421893,1790848511370708412,0x69,joint_3,q_actual,0.6841690667817772,
1790848511386589418,1790848511386877277,0x68,joint_2,q_leader,-0.9127185687919566,
1790848511386589418,1790848511386877277,0x69,joint_3,q_leader,-0.8237476830945893,
1790848511388207539,1790848511388517880,0x68,joint_2,q_actual,0.4293509959906052,
1790848511391629677,1790848511391873009,0x69,joint_3,q_actual,0.6841690667817772,
1790848511400856821,1790848511401085795,0x68,joint_2,q_des,0.9625899886292166,
1790848511400856821,1790848511401085795,0x69,joint_3,q_des,1.2869144333425844,
1790848511400856821,1790848511401114334,0x68,joint_2,q_filtered,0.9625899886292166,
1790848511400856821,1790848511401114334,0x69,joint_3,q_filtered,1.2869144333425844,
1790848511400856821,1790848511401189425,0x68,joint_2,q_cmd,0.4478803628395761,0.04363323129985824
1790848511400856821,1790848511401189425,0x69,joint_3,q_cmd,0.704296494618641,0.04363323129985824
1790848511405395203,1790848511405684720,0x68,joint_2,q_actual,0.4293509959906052,
1790848511410555439,1790848511410866656,0x69,joint_3,q_actual,0.6859143960337715,
1790848511425395899,1790848511425667731,0x68,joint_2,q_actual,0.43109632524259944,
1790848511430420682,1790848511430692003,0x69,joint_3,q_actual,0.6859143960337715,
1790848511436195222,1790848511436446641,0x68,joint_2,q_leader,-0.9127185687919566,
1790848511436195222,1790848511436446641,0x69,joint_3,q_leader,-0.8237476830945893,
1790848511445240103,1790848511445494326,0x68,joint_2,q_actual,0.43109632524259944,
1790848511450216287,1790848511450436011,0x69,joint_3,q_actual,0.6859143960337715,
1790848511465429871,1790848511465708498,0x68,joint_2,q_actual,0.43284165449459366,
1790848511470410566,1790848511470692930,0x69,joint_3,q_actual,0.6876597252857658,
1790848511485421572,1790848511485690028,0x68,joint_2,q_actual,0.43284165449459366,
1790848511486712197,1790848511486981118,0x68,joint_2,q_leader,-0.9142525495798421,
1790848511486712197,1790848511486981118,0x69,joint_3,q_leader,-0.8237476830945893,
1790848511490442919,1790848511490723217,0x69,joint_3,q_actual,0.6894050545377601,
1790848511505412449,1790848511505697403,0x68,joint_2,q_actual,0.43458698374658816,
1790848511510412102,1790848511510693091,0x69,joint_3,q_actual,0.6894050545377601,
1790848511525401948,1790848511525668426,0x68,joint_2,q_actual,0.43458698374658816,
1790848511530220541,1790848511530441043,0x69,joint_3,q_actual,0.6911503837897546,
1790848511536443442,1790848511536743921,0x68,joint_2,q_leader,-0.9142525495798421,
1790848511536443442,1790848511536743921,0x69,joint_3,q_leader,-0.8237476830945893,
1790848511545436876,1790848511545713082,0x68,joint_2,q_actual,0.4363323129985824,
1790848511550428490,1790848511550704555,0x69,joint_3,q_actual,0.6911503837897546,
1790848511565425138,1790848511565704480,0x68,joint_2,q_actual,0.4363323129985824,
1790848511570390423,1790848511570661249,0x69,joint_3,q_actual,0.6928957130417489,
1790848511585427548,1790848511585709852,0x68,joint_2,q_actual,0.4380776422505769,
1790848511586471392,1790848511586719491,0x68,joint_2,q_leader,-0.9142525495798421,
1790848511586471392,1790848511586719491,0x69,joint_3,q_leader,-0.8237476830945893,
1790848511590278800,1790848511590492820,0x69,joint_3,q_actual,0.6928957130417489,
1790848511601019720,1790848511601237870,0x68,joint_2,q_des,0.964123969417102,
1790848511601019720,1790848511601237870,0x69,joint_3,q_des,1.2869144333425844,
1790848511601019720,1790848511601281331,0x68,joint_2,q_filtered,0.964123969417102,
1790848511601019720,1790848511601281331,0x69,joint_3,q_filtered,1.2869144333425844,
1790848511601019720,1790848511601423577,0x68,joint_2,q_cmd,0.45660700909954777,0.04362274177525253
1790848511601019720,1790848511601423577,0x69,joint_3,q_cmd,0.7130231408786126,0.04361185778242186
1790848511605490563,1790848511605765518,0x68,joint_2,q_actual,0.4380776422505769,
1790848511610418195,1790848511610699878,0x69,joint_3,q_actual,0.6946410422937431,
1790848511625476817,1790848511625750812,0x68,joint_2,q_actual,0.4398229715025711,
1790848511630428676,1790848511630687309,0x69,joint_3,q_actual,0.6946410422937431,
1790848511636720608,1790848511636969148,0x68,joint_2,q_leader,-0.9142525495798421,
1790848511636720608,1790848511636969148,0x69,joint_3,q_leader,-0.8237476830945893,
1790848511645308951,1790848511645520058,0x68,joint_2,q_actual,0.4398229715025711,
1790848511650333830,1790848511650602601,0x69,joint_3,q_actual,0.6963863715457375,
1790848511665415245,1790848511665719982,0x68,joint_2,q_actual,0.4415683007545653,
1790848511670552671,1790848511670925683,0x69,joint_3,q_actual,0.6963863715457375,
1790848511685451328,1790848511685802436,0x68,joint_2,q_actual,0.4415683007545653,
1790848511686704810,1790848511687017172,0x68,joint_2,q_leader,-0.9142525495798421,
1790848511686704810,1790848511687017172,0x69,joint_3,q_leader,-0.8237476830945893,
1790848511690397491,1790848511690673837,0x69,joint_3,q_actual,0.6981317007977318,
1790848511705719819,1790848511706082440,0x68,joint_2,q_actual,0.4433136300065598,
1790848511710589027,1790848511710956767,0x69,joint_3,q_actual,0.6981317007977318,
1790848511725673255,1790848511726037046,0x68,joint_2,q_actual,0.4433136300065598,
1790848511730604914,1790848511730970682,0x69,joint_3,q_actual,0.6998770300497261,
1790848511737142614,1790848511737507470,0x68,joint_2,q_leader,-0.9142525495798421,
1790848511737142614,1790848511737507470,0x69,joint_3,q_leader,-0.8237476830945893,
1790848511744951764,1790848511745062478,0x68,joint_2,q_actual,0.44505895925855404,
1790848511750166982,1790848511750299052,0x69,joint_3,q_actual,0.6998770300497261,
1790848511765164738,1790848511765303965,0x68,joint_2,q_actual,0.44505895925855404,
1790848511770162108,1790848511770298646,0x69,joint_3,q_actual,0.7016223593017206,
1790848511785087977,1790848511785233492,0x68,joint_2,q_actual,0.4468042885105485,
1790848511785499535,1790848511785642628,0x68,joint_2,q_leader,-0.9142525495798421,
1790848511785499535,1790848511785642628,0x69,joint_3,q_leader,-0.8237476830945893,
1790848511790149114,1790848511790309915,0x69,joint_3,q_actual,0.7016223593017206,
1790848511800559695,1790848511800677858,0x68,joint_2,q_des,0.964123969417102,
1790848511800559695,1790848511800677858,0x69,joint_3,q_des,1.2869144333425844,
1790848511800559695,1790848511800719344,0x68,joint_2,q_filtered,0.964123969417102,
1790848511800559695,1790848511800719344,0x69,joint_3,q_filtered,1.2869144333425844,
1790848511800559695,1790848511800825425,0x68,joint_2,q_cmd,0.465321311431131,0.04363323129985824
1790848511800559695,1790848511800825425,0x69,joint_3,q_cmd,0.7217386359682123,0.04363323129985824
1790848511805263244,1790848511805461674,0x68,joint_2,q_actual,0.4468042885105485,
1790848511810264420,1790848511810486315,0x69,joint_3,q_actual,0.7033676885537148,
1790848511825553839,1790848511825901138,0x68,joint_2,q_actual,0.44854961776254276,
1790848511835187027,1790848511835555075,0x69,joint_3,q_actual,0.7033676885537148,
1790848511836576585,1790848511836876212,0x68,joint_2,q_leader,-0.9142525495798421,
1790848511836576585,1790848511836876212,0x69,joint_3,q_leader,-0.8237476830945893,
1790848511847019466,1790848511847338445,0x68,joint_2,q_actual,0.44854961776254276,
1790848511851842114,1790848511852090097,0x69,joint_3,q_actual,0.7051130178057091,
1790848511866787204,1790848511867045171,0x68,joint_2,q_actual,0.450294947014537,
1790848511872037730,1790848511872389985,0x69,joint_3,q_actual,0.7051130178057091,
1790848511886813903,1790848511887123250,0x68,joint_2,q_leader,-0.9142525495798421,
1790848511886813903,1790848511887123250,0x69,joint_3,q_leader,-0.8237476830945893,
1790848511886873854,1790848511887150828,0x68,joint_2,q_actual,0.450294947014537,
1790848511891787522,1790848511892050866,0x69,joint_3,q_actual,0.7068583470577035,
1790848511907033246,1790848511907367271,0x68,joint_2,q_actual,0.4520402762665314,
1790848511911777292,1790848511912029032,0x69,joint_3,q_actual,0.7068583470577035,
1790848511927010080,1790848511927343160,0x68,joint_2,q_actual,0.4520402762665314,
1790848511931755185,1790848511932011274,0x69,joint_3,q_actual,0.7086036763096978,
1790848511936571410,1790848511936879895,0x68,joint_2,q_leader,-0.9142525495798421,
1790848511936571410,1790848511936879895,0x69,joint_3,q_leader,-0.8237476830945893,
1790848511947002220,1790848511947334680,0x68,joint_2,q_actual,0.4537856055185257,
1790848511951758734,1790848511952009258,0x69,joint_3,q_actual,0.7103490055616922,
1790848511967071510,1790848511967398772,0x68,joint_2,q_actual,0.45553093477052015,
1790848511971747775,1790848511972002393,0x69,joint_3,q_actual,0.7103490055616922,
1790848511986496899,1790848511986734770,0x68,joint_2,q_leader,-0.9142525495798421,
1790848511986496899,1790848511986734770,0x69,joint_3,q_leader,-0.8237476830945893,
1790848511988314798,1790848511988526816,0x68,joint_2,q_actual,0.45553093477052015,
1790848511991089556,1790848511991284204,0x69,joint_3,q_actual,0.7120943348136864,
1790848512000948848,1790848512001174447,0x68,joint_2,q_des,0.964123969417102,
1790848512000948848,1790848512001174447,0x69,joint_3,q_des,1.2869144333425844,
1790848512000948848,1790848512001196487,0x68,joint_2,q_filtered,0.964123969417102,
1790848512000948848,1790848512001196487,0x69,joint_3,q_filtered,1.2869144333425844,
1790848512000948848,1790848512001263348,0x68,joint_2,q_cmd,0.47404795769110264,0.0436035168112561
1790848512000948848,1790848512001263348,0x69,joint_3,q_cmd,0.730465282228184,0.043593256937185194
1790848512006491449,1790848512006752432,0x68,joint_2,q_actual,0.45553093477052015,
1790848512011435415,1790848512011700988,0x69,joint_3,q_actual,0.7120943348136864,
1790848512026489735,1790848512026742335,0x68,joint_2,q_actual,0.45727626402251437,
1790848512031458979,1790848512031721989,0x69,joint_3,q_actual,0.7120943348136864,
1790848512036135751,1790848512036366850,0x68,joint_2,q_leader,-0.9142525495798421,
1790848512036135751,1790848512036366850,0x69,joint_3,q_leader,-0.8237476830945893,
1790848512046455634,1790848512046713780,0x68,joint_2,q_actual,0.45727626402251437,
1790848512051305002,1790848512051501967,0x69,joint_3,q_actual,0.7138396640656808,
1790848512066441181,1790848512066686896,0x68,joint_2,q_actual,0.45902159327450864,
1790848512071435167,1790848512071694888,0x69,joint_3,q_actual,0.7138396640656808,
1790848512085500722,1790848512085770518,0x68,joint_2,q_actual,0.45902159327450864,
1790848512086364115,1790848512086596165,0x68,joint_2,q_leader,-0.9142525495798421,
1790848512086364115,1790848512086596165,0x69,joint_3,q_leader,-0.8237476830945893,
1790848512090444782,1790848512090717806,0x69,joint_3,q_actual,0.7155849933176751,
1790848512105440128,1790848512105707607,0x68,joint_2,q_actual,0.4607669225265031,
1790848512110380721,1790848512110657715,0x69,joint_3,q_actual,0.7173303225696694,
1790848512125436912,1790848512125710279,0x68,joint_2,q_actual,0.4625122517784973,
1790848512130385847,1790848512130654820,0x69,joint_3,q_actual,0.7173303225696694,
1790848512136151209,1790848512136350050,0x68,joint_2,q_leader,-0.9142525495798421,
1790848512136151209,1790848512136350050,0x69,joint_3,q_leader,-0.8237476830945893,
1790848512145378949,1790848512145648043,0x68,joint_2,q_actual,0.4625122517784973,
1790848512150435004,1790848512150709343,0x69,joint_3,q_actual,0.7190756518216638,
1790848512165238120,1790848512165479202,0x68,joint_2,q_actual,0.4642575810304918,
1790848512170180889,1790848512170381655,0x69,joint_3,q_actual,0.7190756518216638,
1790848512185210145,1790848512185416566,0x68,joint_2,q_actual,0.4642575810304918,
1790848512186027643,1790848512186259566,0x68,joint_2,q_leader,-0.9142525495798421,
1790848512186027643,1790848512186259566,0x69,joint_3,q_leader,-0.8237476830945893,
1790848512190388636,1790848512190642987,0x69,joint_3,q_actual,0.7208209810736581,
1790848512200955168,1790848512201161330,0x68,joint_2,q_des,0.964123969417102,
1790848512200955168,1790848512201161330,0x69,joint_3,q_des,1.2869144333425844,
1790848512200955168,1790848512201185288,0x68,joint_2,q_filtered,0.964123969417102,
1790848512200955168,1790848512201185288,0x69,joint_3,q_filtered,1.2869144333425844,
1790848512200955168,1790848512201277902,0x68,joint_2,q_cmd,0.48277210472684456,0.04363323129985824
1790848512200955168,1790848512201277902,0x69,joint_3,q_cmd,0.7391914501806846,0.04363323129985824
1790848512205381724,1790848512205637668,0x68,joint_2,q_actual,0.4642575810304918,
1790848512210426991,1790848512210735624,0x69,joint_3,q_actual,0.7208209810736581,
1790848512225383577,1790848512225639770,0x68,joint_2,q_actual,0.466002910282486,
1790848512230214412,1790848512230421606,0x69,joint_3,q_actual,0.7225663103256524,
1790848512236241045,1790848512236502658,0x68,joint_2,q_leader,-0.9142525495798421,
1790848512236241045,1790848512236502658,0x69,joint_3,q_leader,-0.8237476830945893,
1790848512245454158,1790848512245709612,0x68,joint_2,q_actual,0.466002910282486,
1790848512250392129,1790848512250671506,0x69,joint_3,q_actual,0.7225663103256524,
1790848512265342207,1790848512265590695,0x68,joint_2,q_actual,0.46774823953448025,
1790848512270202093,1790848512270427759,0x69,joint_3,q_actual,0.7243116395776468,
1790848512285388135,1790848512285667256,0x68,joint_2,q_actual,0.46774823953448025,
1790848512286509026,1790848512286736782,0x68,joint_2,q_leader,-0.9127185687919566,
1790848512286509026,1790848512286736782,0x69,joint_3,q_leader,-0.8237476830945893,
1790848512290379429,1790848512290656240,0x69,joint_3,q_actual,0.7243116395776468,
1790848512305388606,1790848512305665918,0x68,joint_2,q_actual,0.46949356878647475,
1790848512310379772,1790848512310653311,0x69,joint_3,q_actual,0.7260569688296411,
1790848512325394968,1790848512325669517,0x68,joint_2,q_actual,0.47123889803846897,
1790848512330371166,1790848512330643663,0x69,joint_3,q_actual,0.7260569688296411,
1790848512336394501,1790848512336630777,0x68,joint_2,q_leader,-0.9127185687919566,
1790848512336394501,1790848512336630777,0x69,joint_3,q_leader,-0.8252816638824749,
1790848512345392246,1790848512345680208,0x68,joint_2,q_actual,0.47123889803846897,
1790848512350381264,1790848512350655602,0x69,joint_3,q_actual,0.7278022980816354,
1790848512365214720,1790848512365500313,0x68,joint_2,q_actual,0.47298422729046347,
1790848512370192499,1790848512370407529,0x69,joint_3,q_actual,0.7278022980816354,
1790848512385384173,1790848512385634116,0x68,joint_2,q_actual,0.47298422729046347,
1790848512386217914,1790848512386483955,0x68,joint_2,q_leader,-0.9127185687919566,
1790848512386217914,1790848512386483955,0x69,joint_3,q_leader,-0.8283496254582462,
1790848512390388317,1790848512390669760,0x69,joint_3,q_actual,0.7295476273336297,
1790848512400967336,1790848512401168241,0x68,joint_2,q_des,0.9625899886292166,
1790848512400967336,1790848512401168241,0x69,joint_3,q_des,1.2915163757062413,
1790848512400967336,1790848512401256199,0x68,joint_2,q_filtered,0.9625899886292166,
1790848512400967336,1790848512401256199,0x69,joint_3,q_filtered,1.2915163757062413,
1790848512400967336,1790848512401406741,0x68,joint_2,q_cmd,0.49149631018748047,0.04363323129985824
1790848512400967336,1790848512401406741,0x69,joint_3,q_cmd,0.7479177083667057,0.04363323129985824
1790848512405435344,1790848512405685569,0x68,joint_2,q_actual,0.47298422729046347,
1790848512410374392,1790848512410620910,0x69,joint_3,q_actual,0.7295476273336297,
1790848512425548916,1790848512425847086,0x68,joint_2,q_actual,0.4747295565424577,
1790848512430469815,1790848512430724002,0x69,joint_3,q_actual,0.7312929565856241,
1790848512436068607,1790848512436298685,0x68,joint_2,q_leader,-0.9111845880040709,
1790848512436068607,1790848512436298685,0x69,joint_3,q_leader,-0.8298836062461319,
1790848512445267416,1790848512445479579,0x68,joint_2,q_actual,0.4747295565424577,
1790848512450370825,1790848512450649384,0x69,joint_3,q_actual,0.7312929565856241,
1790848512465279615,1790848512465554228,0x68,joint_2,q_actual,0.4764748857944519,
1790848512470305220,1790848512470549025,0x69,joint_3,q_actual,0.7330382858376184,
1790848512485438182,1790848512485712284,0x68,joint_2,q_actual,0.4764748857944519,
1790848512486235519,1790848512486507978,0x68,joint_2,q_leader,-0.9111845880040709,
1790848512486235519,1790848512486507978,0x69,joint_3,q_leader,-0.8329515678219032,
1790848512490370048,1790848512490641121,0x69,joint_3,q_actual,0.7330382858376184,
1790848512505377451,1790848512505651850,0x68,joint_2,q_actual,0.4782202150464464,
1790848512510366021,1790848512510634816,0x69,joint_3,q_actual,0.7347836150896128,
1790848512525492811,1790848512525824897,0x68,joint_2,q_actual,0.4799655442984406,
1790848512530370200,1790848512530641796,0x69,joint_3,q_actual,0.7347836150896128,
1790848512536153640,1790848512536414248,0x68,joint_2,q_leader,-0.9111845880040709,
1790848512536153640,1790848512536414248,0x69,joint_3,q_leader,-0.8344855486097887,
1790848512545447412,1790848512545719516,0x68,joint_2,q_actual,0.4799655442984406,
1790848512550374420,1790848512550647242,0x69,joint_3,q_actual,0.7365289443416071,
1790848512565434244,1790848512565710167,0x68,joint_2,q_actual,0.4799655442984406,
1790848512570354312,1790848512570627023,0x69,joint_3,q_actual,0.7365289443416071,
1790848512585363428,1790848512585628378,0x68,joint_2,q_actual,0.4817108735504351,
1790848512586084381,1790848512586308647,0x68,joint_2,q_leader,-0.9111845880040709,
1790848512586084381,1790848512586308647,0x69,joint_3,q_leader,-0.83755351018556,
1790848512590195280,1790848512590434601,0x69,joint_3,q_actual,0.7382742735936013,
1790848512600960899,1790848512601195106,0x68,joint_2,q_des,0.9610560078413307,
1790848512600960899,1790848512601195106,0x69,joint_3,q_des,1.3007202604335553,
1790848512600960899,1790848512601212794,0x68,joint_2,q_filtered,0.9610560078413307,
1790848512600960899,1790848512601212794,0x69,joint_3,q_filtered,1.3007202604335553,
1790848512600960899,1790848512601368928,0x68,joint_2,q_cmd,0.5002198084407218,0.04363323129985824
1790848512600960899,1790848512601368928,0x69,joint_3,q_cmd,0.7566432117850972,0.04363323129985824
1790848512605374582,1790848512605646070,0x68,joint_2,q_actual,0.4817108735504351,
1790848512610205284,1790848512610430595,0x69,joint_3,q_actual,0.7382742735936013,
1790848512628394075,1790848512628653779,0x68,joint_2,q_actual,0.48345620280242935,
1790848512631230160,1790848512631430432,0x69,joint_3,q_actual,0.7400196028455958,
1790848512636521730,1790848512636784725,0x68,joint_2,q_leader,-0.9111845880040709,
1790848512636521730,1790848512636784725,0x69,joint_3,q_leader,-0.8406214717613314,
1790848512646527636,1790848512646791487,0x68,joint_2,q_actual,0.48345620280242935,
1790848512651176431,1790848512651380913,0x69,joint_3,q_actual,0.7417649320975901,
1790848512666508590,1790848512666757001,0x68,joint_2,q_actual,0.48520153205442357,
1790848512673486338,1790848512673686615,0x69,joint_3,q_actual,0.7417649320975901,
1790848512686227069,1790848512686461311,0x68,joint_2,q_leader,-0.9111845880040709,
1790848512686227069,1790848512686461311,0x69,joint_3,q_leader,-0.842155452549217,
1790848512686502077,1790848512686674033,0x68,joint_2,q_actual,0.48520153205442357,
1790848512691205939,1790848512691420865,0x69,joint_3,q_actual,0.7435102613495844,
1790848512706786058,1790848512707046065,0x68,joint_2,q_actual,0.48694686130641807,
1790848512711423477,1790848512711680145,0x69,joint_3,q_actual,0.7435102613495844,
1790848512726578027,1790848512726838965,0x68,joint_2,q_actual,0.48694686130641807,
1790848512731191940,1790848512731361658,0x69,joint_3,q_actual,0.7452555906015788,
1790848512736161096,1790848512736367433,0x68,joint_2,q_leader,-0.9111845880040709,
1790848512736161096,1790848512736367433,0x69,joint_3,q_leader,-0.8452234141249882,
1790848512746504893,1790848512746760894,0x68,joint_2,q_actual,0.4886921905584123,
1790848512751419506,1790848512751682737,0x69,joint_3,q_actual,0.7452555906015788,
1790848512766519294,1790848512766774600,0x68,joint_2,q_actual,0.4886921905584123,
1790848512771432587,1790848512771697903,0x69,joint_3,q_actual,0.747000919853573,
1790848512786494437,1790848512786689896,0x68,joint_2,q_actual,0.49043751981040673,
1790848512786519314,1790848512786728146,0x68,joint_2,q_leader,-0.9096506072161852,
1790848512786519314,1790848512786728146,0x69,joint_3,q_leader,-0.8482913757007595,
1790848512791214227,1790848512791426210,0x69,joint_3,q_actual,0.747000919853573,
1790848512800382295,1790848512800525684,0x68,joint_2,q_des,0.959522027053445,
1790848512800382295,1790848512800525684,0x69,joint_3,q_des,1.3114581259487548,
1790848512800382295,1790848512800531577,0x68,joint_2,q_filtered,0.959522027053445,
1790848512800382295,1790848512800531577,0x69,joint_3,q_filtered,1.3114581259487548,
1790848512800382295,1790848512800678091,0x68,joint_2,q_cmd,0.508931200653944,0.04363323129985824
1790848512800382295,1790848512800678091,0x69,joint_3,q_cmd,0.765355341007233,0.04363323129985824
1790848512805078691,1790848512805241947,0x68,joint_2,q_actual,0.49043751981040673,
1790848512811099657,1790848512811241401,0x69,joint_3,q_actual,0.7487462491055673,
1790848512825566664,1790848512825705863,0x68,joint_2,q_actual,0.492182849062401,
1790848512830055086,1790848512830224998,0x69,joint_3,q_actual,0.7487462491055673,
1790848512835416004,1790848512835501205,0x68,joint_2,q_leader,-0.9081166264282996,
1790848512835416004,1790848512835501205,0x69,joint_3,q_leader,-0.8482913757007595,
1790848512845622719,1790848512845771076,0x68,joint_2,q_actual,0.492182849062401,
1790848512850480881,1790848512850589766,0x69,joint_3,q_actual,0.7504915783575618,
1790848512866284043,1790848512866484499,0x68,joint_2,q_actual,0.4939281783143952,
1790848512871139209,1790848512871379120,0x69,joint_3,q_actual,0.7504915783575618,
1790848512886100256,1790848512886314000,0x68,joint_2,q_leader,-0.9081166264282996,
1790848512886100256,1790848512886314000,0x69,joint_3,q_leader,-0.8482913757007595,
1790848512886344611,1790848512886516117,0x68,joint_2,q_actual,0.4939281783143952,
1790848512891176883,1790848512891346015,0x69,joint_3,q_actual,0.7522369076095561,
1790848512905431052,1790848512905700309,0x68,joint_2,q_actual,0.49567350756638967,
1790848512910370748,1790848512910642518,0x69,joint_3,q_actual,0.7522369076095561,
1790848512925437671,1790848512925709105,0x68,joint_2,q_actual,0.49567350756638967,
1790848512930357788,1790848512930629147,0x69,joint_3,q_actual,0.7539822368615504,
1790848512936066080,1790848512936264910,0x68,joint_2,q_leader,-0.9081166264282996,
1790848512936066080,1790848512936264910,0x69,joint_3,q_leader,-0.8498253564886452,
1790848512945394329,1790848512945663982,0x68,joint_2,q_actual,0.49741883681838395,
1790848512950359339,1790848512950628365,0x69,joint_3,q_actual,0.7539822368615504,
1790848512965452814,1790848512965741082,0x68,joint_2,q_actual,0.49741883681838395,
1790848512970361643,1790848512970630892,0x69,joint_3,q_actual,0.7557275661135446,
1790848512985432581,1790848512985707436,0x68,joint_2,q_actual,0.4991641660703784,
1790848512986305351,1790848512986507382,0x68,joint_2,q_leader,-0.9065826456404139,
1790848512986305351,1790848512986507382,0x69,joint_3,q_leader,-0.8498253564886452,
1790848512990368958,1790848512990642927,0x69,joint_3,q_actual,0.7557275661135446,
1790848513000900542,1790848513001114768,0x68,joint_2,q_des,0.9564540654776738,
1790848513000900542,1790848513001114768,0x69,joint_3,q_des,1.3129921067366404,
1790848513000900542,1790848513001131826,0x68,joint_2,q_filtered,0.9564540654776738,
1790848513000900542,1790848513001131826,0x69,joint_3,q_filtered,1.3129921067366404,
1790848513000900542,1790848513001283360,0x68,joint_2,q_cmd,0.5176578469139157,0.04358502756695851
1790848513000900542,1790848513001283360,0x69,joint_3,q_cmd,0.7740819872672047,0.043574916949353566
1790848513005225739,1790848513005451021,0x68,joint_2,q_actual,0.4991641660703784,
1790848513010324504,1790848513010542526,0x69,joint_3,q_actual,0.757472895365539,
1790848513025430275,1790848513025696885,0x68,joint_2,q_actual,0.5009094953223726,
1790848513032746078,1790848513033004872,0x69,joint_3,q_actual,0.757472895365539,
1790848513036019119,1790848513036202047,0x68,joint_2,q_leader,-0.9065826456404139,
1790848513036019119,1790848513036202047,0x69,joint_3,q_leader,-0.8513593372765308,
1790848513045414251,1790848513045678849,0x68,joint_2,q_actual,0.5009094953223726,
1790848513050369472,1790848513050642323,0x69,joint_3,q_actual,0.7592182246175333,
1790848513065464230,1790848513065736071,0x68,joint_2,q_actual,0.5026548245743668,
1790848513070374207,1790848513070647554,0x69,joint_3,q_actual,0.7592182246175333,
1790848513085306659,1790848513085565861,0x68,joint_2,q_actual,0.5026548245743668,
1790848513086145806,1790848513086352114,0x68,joint_2,q_leader,-0.9065826456404139,
1790848513086145806,1790848513086352114,0x69,joint_3,q_leader,-0.8544272988523021,
1790848513090207542,1790848513090440198,0x69,joint_3,q_actual,0.7609635538695277,
1790848513105382458,1790848513105651297,0x68,joint_2,q_actual,0.5044001538263614,
1790848513110198357,1790848513110411809,0x69,joint_3,q_actual,0.7609635538695277,
1790848513125001082,1790848513125121081,0x68,joint_2,q_actual,0.5044001538263614,
1790848513130041219,1790848513130144230,0x69,joint_3,q_actual,0.7627088831215221,
1790848513135399758,1790848513135482913,0x68,joint_2,q_leader,-0.9065826456404139,
1790848513135399758,1790848513135482913,0x69,joint_3,q_leader,-0.8544272988523021,
1790848513144921500,1790848513145040892,0x68,joint_2,q_actual,0.5061454830783556,
1790848513150038952,1790848513150167568,0x69,joint_3,q_actual,0.7627088831215221,
1790848513165319801,1790848513165563729,0x68,joint_2,q_actual,0.5061454830783556,
1790848513170406247,1790848513170703369,0x69,joint_3,q_actual,0.7644542123735163,
1790848513185555704,1790848513185913563,0x68,joint_2,q_actual,0.50789081233035,
1790848513187075687,1790848513187383384,0x68,joint_2,q_leader,-0.9065826456404139,
1790848513187075687,1790848513187383384,0x69,joint_3,q_leader,-0.8544272988523021,
1790848513190418669,1790848513190671972,0x69,joint_3,q_actual,0.7644542123735163,
1790848513201111567,1790848513201411425,0x68,joint_2,q_des,0.9564540654776738,
1790848513201111567,1790848513201411425,0x69,joint_3,q_des,1.3175940491002973,
1790848513201111567,1790848513201486875,0x68,joint_2,q_filtered,0.9564540654776738,
1790848513201111567,1790848513201486875,0x69,joint_3,q_filtered,1.3175940491002973,
1790848513201111567,1790848513201666154,0x68,joint_2,q_cmd,0.5263844931738874,0.043630597756892424
1790848513201111567,1790848513201666154,0x69,joint_3,q_cmd,0.7828086335271763,0.04361659157005512
1790848513205432123,1790848513205683334,0x68,joint_2,q_actual,0.50789081233035,
1790848513210415732,1790848513210666500,0x69,joint_3,q_actual,0.7661995416255106,
1790848513225440469,1790848513225804105,0x68,joint_2,q_actual,0.5096361415823443,
1790848513230493992,1790848513230815891,0x69,joint_3,q_actual,0.7661995416255106,
1790848513236850568,1790848513237134662,0x68,joint_2,q_leader,-0.9065826456404139,
1790848513236850568,1790848513237134662,0x69,joint_3,q_leader,-0.8544272988523021,
1790848513245648059,1790848513246008336,0x68,joint_2,q_actual,0.5096361415823443,
1790848513250600910,1790848513250956871,0x69,joint_3,q_actual,0.7661995416255106,
1790848513265600080,1790848513265963925,0x68,joint_2,q_actual,0.5113814708343385,
1790848513270620122,1790848513270971339,0x69,joint_3,q_actual,0.767944870877505,
1790848513285540751,1790848513285949722,0x68,joint_2,q_actual,0.5113814708343385,
1790848513286774118,1790848513287159302,0x68,joint_2,q_leader,-0.9050486648525283,
1790848513286774118,1790848513287159302,0x69,joint_3,q_leader,-0.8559612796401878,
1790848513290339127,1790848513290622975,0x69,joint_3,q_actual,0.767944870877505,
1790848513305446867,1790848513305749620,0x68,joint_2,q_actual,0.5131268000863329,
1790848513310408947,1790848513310685604,0x69,joint_3,q_actual,0.7696902001294994,
1790848513325608420,1790848513325960841,0x68,joint_2,q_actual,0.5131268000863329,
1790848513330741675,1790848513331130840,0x69,joint_3,q_actual,0.7696902001294994,
1790848513336873555,1790848513337186547,0x68,joint_2,q_leader,-0.9035146840646426,
1790848513336873555,1790848513337186547,0x69,joint_3,q_leader,-0.8574952604280734,
1790848513345594138,1790848513345959740,0x68,joint_2,q_actual,0.5148721293383273,
1790848513350622164,1790848513350989749,0x69,joint_3,q_actual,0.7714355293814937,
1790848513365468893,1790848513365809311,0x68,joint_2,q_actual,0.5148721293383273,
1790848513370599129,1790848513370952990,0x69,joint_3,q_actual,0.7714355293814937,
1790848513385597799,1790848513385965817,0x68,joint_2,q_actual,0.5166174585903217,
1790848513387309493,1790848513387644009,0x68,joint_2,q_leader,-0.9035146840646426,
1790848513387309493,1790848513387644009,0x69,joint_3,q_leader,-0.8574952604280734,
1790848513390395674,1790848513390666116,0x69,joint_3,q_actual,0.7714355293814937,
1790848513401406347,1790848513401698498,0x68,joint_2,q_des,0.9533861039019025,
1790848513401406347,1790848513401698498,0x69,joint_3,q_des,1.3206620106760685,
1790848513401406347,1790848513401729426,0x68,joint_2,q_filtered,0.9533861039019025,
1790848513401406347,1790848513401729426,0x69,joint_3,q_filtered,1.3206620106760685,
1790848513401406347,1790848513401881522,0x68,joint_2,q_cmd,0.535111139433859,0.0436201251970289
1790848513401406347,1790848513401881522,0x69,joint_3,q_cmd,0.791535279787148,0.043605432618388736
1790848513405435444,1790848513405717622,0x68,joint_2,q_actual,0.5166174585903217,
1790848513410599488,1790848513410962142,0x69,joint_3,q_actual,0.773180858633488,
1790848513425433764,1790848513425749945,0x68,joint_2,q_actual,0.5183627878423159,
1790848513430512497,1790848513430841706,0x69,joint_3,q_actual,0.773180858633488,
1790848513437405434,1790848513437693185,0x68,joint_2,q_leader,-0.9035146840646426,
1790848513437405434,1790848513437693185,0x69,joint_3,q_leader,-0.8574952604280734,
1790848513445589785,1790848513445961436,0x68,joint_2,q_actual,0.5183627878423159,
1790848513457119234,1790848513457529588,0x69,joint_3,q_actual,0.7749261878854823,
1790848513466529416,1790848513466778500,0x68,joint_2,q_actual,0.5201081170943102,
1790848513471126176,1790848513471362351,0x69,joint_3,q_actual,0.7749261878854823,
1790848513485844655,1790848513486005775,0x68,joint_2,q_leader,-0.9035146840646426,
1790848513485844655,1790848513486005775,0x69,joint_3,q_leader,-0.8574952604280734,
1790848513486354252,1790848513486510983,0x68,joint_2,q_actual,0.5201081170943102,
1790848513491435599,1790848513491570369,0x69,joint_3,q_actual,0.7766715171374766,
1790848513505775618,1790848513505932349,0x68,joint_2,q_actual,0.5218534463463046,
1790848513510696880,1790848513510834485,0x69,joint_3,q_actual,0.7766715171374766,
1790848513525966372,1790848513526161098,0x68,joint_2,q_actual,0.5235987755982988,
1790848513530990476,1790848513531187765,0x69,joint_3,q_actual,0.778416846389471,
1790848513535784362,1790848513535909812,0x68,joint_2,q_leader,-0.9035146840646426,
1790848513535784362,1790848513535909812,0x69,joint_3,q_leader,-0.8574952604280734,
1790848513545268209,1790848513545480089,0x68,joint_2,q_actual,0.5235987755982988,
1790848513551503733,1790848513551700481,0x69,joint_3,q_actual,0.778416846389471,
1790848513565234703,1790848513565459647,0x68,joint_2,q_actual,0.5253441048502934,
1790848513570176927,1790848513570400207,0x69,joint_3,q_actual,0.7801621756414654,
1790848513585397317,1790848513585691118,0x68,joint_2,q_actual,0.5253441048502934,
1790848513586159511,1790848513586357993,0x68,joint_2,q_leader,-0.9035146840646426,
1790848513586159511,1790848513586357993,0x69,joint_3,q_leader,-0.8574952604280734,
1790848513590337745,1790848513590592544,0x69,joint_3,q_actual,0.7801621756414654,
1790848513600737415,1790848513600929214,0x68,joint_2,q_des,0.9533861039019025,
1790848513600737415,1790848513600929214,0x69,joint_3,q_des,1.3206620106760685,
1790848513600737415,1790848513600944541,0x68,joint_2,q_filtered,0.9533861039019025,
1790848513600737415,1790848513600944541,0x69,joint_3,q_filtered,1.3206620106760685,
1790848513600737415,1790848513601074837,0x68,joint_2,q_cmd,0.5438172693048676,0.04363323129985824
1790848513600737415,1790848513601074837,0x69,joint_3,q_cmd,0.800243225978655,0.04363323129985824
1790848513605194147,1790848513605392314,0x68,joint_2,q_actual,0.5253441048502934,
1790848513610323535,1790848513610586999,0x69,joint_3,q_actual,0.7819075048934596,
1790848513625216232,1790848513625486931,0x68,joint_2,q_actual,0.5270894341022876,
1790848513630185051,1790848513630448591,0x69,joint_3,q_actual,0.783652834145454,
1790848513636110226,1790848513636310890,0x68,joint_2,q_leader,-0.9035146840646426,
1790848513636110226,1790848513636310890,0x69,joint_3,q_leader,-0.8574952604280734,
1790848513645261498,1790848513645510799,0x68,joint_2,q_actual,0.5270894341022876,
1790848513650160409,1790848513650338161,0x69,joint_3,q_actual,0.783652834145454,
1790848513665358118,1790848513665617390,0x68,joint_2,q_actual,0.5288347633542818,
1790848513670321227,1790848513670581238,0x69,joint_3,q_actual,0.7853981633974483,
1790848513685204397,1790848513685493673,0x68,joint_2,q_actual,0.5288347633542818,
1790848513686188070,1790848513686380596,0x68,joint_2,q_leader,-0.9035146840646426,
1790848513686188070,1790848513686380596,0x69,joint_3,q_leader,-0.8574952604280734,
1790848513690119232,1790848513690325093,0x69,joint_3,q_actual,0.7853981633974483,
1790848513705135877,1790848513705288304,0x68,joint_2,q_actual,0.5305800926062763,
1790848513710052722,1790848513710210048,0x69,joint_3,q_actual,0.7871434926494426,
1790848513725200962,1790848513725401750,0x68,joint_2,q_actual,0.5305800926062763,
1790848513730196505,1790848513730437597,0x69,joint_3,q_actual,0.7871434926494426,
1790848513735907563,1790848513736076865,0x68,joint_2,q_leader,-0.9019807032767571,
1790848513735907563,1790848513736076865,0x69,joint_3,q_leader,-0.8574952604280734,
1790848513745412633,1790848513745691311,0x68,joint_2,q_actual,0.5323254218582705,
1790848513750548620,1790848513750893169,0x69,joint_3,q_actual,0.788888821901437,
1790848513765579560,1790848513765924426,0x68,joint_2,q_actual,0.5323254218582705,
1790848513770552798,1790848513770899181,0x69,joint_3,q_actual,0.788888821901437,
1790848513785574139,1790848513785906154,0x68,joint_2,q_actual,0.534070751110265,
1790848513787233960,1790848513787522590,0x68,joint_2,q_leader,-0.9019807032767571,
1790848513787233960,1790848513787522590,0x69,joint_3,q_leader,-0.8574952604280734,
1790848513793179462,1790848513793405641,0x69,joint_3,q_actual,0.7906341511534313,
1790848513801324158,1790848513801600607,0x68,joint_2,q_des,0.9518521231140169,
1790848513801324158,1790848513801600607,0x69,joint_3,q_des,1.3206620106760685,
1790848513801324158,1790848513801623069,0x68,joint_2,q_filtered,0.9518521231140169,
1790848513801324158,1790848513801623069,0x69,joint_3,q_filtered,1.3206620106760685,
1790848513801324158,1790848513801804352,0x68,joint_2,q_cmd,0.5525439155648393,0.04357892106936124
1790848513801324158,1790848513801804352,0x69,joint_3,q_cmd,0.8089698722386266,0.043565229244344
1790848513805570412,1790848513805913732,0x68,joint_2,q_actual,0.534070751110265,
1790848513810550321,1790848513810894418,0x69,joint_3,q_actual,0.7906341511534313,
1790848513825562192,1790848513825911125,0x68,joint_2,q_actual,0.5358160803622593,
1790848513830454959,1790848513830756918,0x69,joint_3,q_actual,0.7923794804054256,
1790848513835689748,1790848513835769636,0x68,joint_2,q_leader,-0.9019807032767571,
1790848513835689748,1790848513835769636,0x69,joint_3,q_leader,-0.8574952604280734,
1790848513845163045,1790848513845316065,0x68,joint_2,q_actual,0.5358160803622593,
1790848513850149874,1790848513850298324,0x69,joint_3,q_actual,0.7923794804054256,
1790848513865151501,1790848513865309529,0x68,joint_2,q_actual,0.5375614096142535,
1790848513870097315,1790848513870254909,0x69,joint_3,q_actual,0.7941248096574199,
1790848513885127454,1790848513885322798,0x68,joint_2,q_actual,0.5375614096142535,
1790848513885732668,1790848513885840465,0x68,joint_2,q_leader,-0.9004467224888714,
1790848513885732668,1790848513885840465,0x69,joint_3,q_leader,-0.8574952604280734,
1790848513890181519,1790848513890413304,0x69,joint_3,q_actual,0.7941248096574199,
1790848513905316659,1790848513905585524,0x68,joint_2,q_actual,0.5393067388662479,
1790848513910382643,1790848513910643251,0x69,joint_3,q_actual,0.7958701389094143,
1790848513925609992,1790848513925959664,0x68,joint_2,q_actual,0.5393067388662479,
1790848513930715123,1790848513931100103,0x69,joint_3,q_actual,0.7958701389094143,
1790848513937036091,1790848513937327489,0x68,joint_2,q_leader,-0.9004467224888714,
1790848513937036091,1790848513937327489,0x69,joint_3,q_leader,-0.8574952604280734,
1790848513945604962,1790848513945972021,0x68,joint_2,q_actual,0.5410520681182421,
1790848513950620379,1790848513950973966,0x69,joint_3,q_actual,0.7976154681614086,
1790848513965606399,1790848513965960682,0x68,joint_2,q_actual,0.5410520681182421,
1790848513970638779,1790848513971001724,0x69,joint_3,q_actual,0.7976154681614086,
1790848513985576354,1790848513985935001,0x68,joint_2,q_actual,0.5427973973702367,
1790848513987305739,1790848513987587926,0x68,joint_2,q_leader,-0.9004467224888714,
1790848513987305739,1790848513987587926,0x69,joint_3,q_leader,-0.8574952604280734,
1790848513990356637,1790848513990626478,0x69,joint_3,q_actual,0.7993607974134029,
1790848514001467604,1790848514001767151,0x68,joint_2,q_des,0.9503181423261312,
1790848514001467604,1790848514001767151,0x69,joint_3,q_des,1.3206620106760685,
1790848514001467604,1790848514001792267,0x68,joint_2,q_filtered,0.9503181423261312,
1790848514001467604,1790848514001792267,0x69,joint_3,q_filtered,1.3206620106760685,
1790848514001467604,1790848514001998133,0x68,joint_2,q_cmd,0.5612684088738938,0.04363323129985824
1790848514001467604,1790848514001998133,0x69,joint_3,q_cmd,0.8176965184985983,0.043629237697698615
1790848514005430739,1790848514005706455,0x68,joint_2,q_actual,0.5427973973702367,
1790848514010571292,1790848514010936296,0x69,joint_3,q_actual,0.7993607974134029,
1790848514025604592,1790848514025959994,0x68,joint_2,q_actual,0.5445427266222309,
1790848514030721787,1790848514031107070,0x69,joint_3,q_actual,0.8011061266653973,
1790848514036846192,1790848514037119968,0x68,joint_2,q_leader,-0.9004467224888714,
1790848514036846192,1790848514037119968,0x69,joint_3,q_leader,-0.8574952604280734,
1790848514045430868,1790848514045723522,0x68,joint_2,q_actual,0.5445427266222309,
1790848514050460128,1790848514050756561,0x69,joint_3,q_actual,0.8011061266653973,
1790848514065407433,1790848514065693617,0x68,joint_2,q_actual,0.5445427266222309,
1790848514070632611,1790848514070989666,0x69,joint_3,q_actual,0.8028514559173916,
1790848514085695493,1790848514086131247,0x68,joint_2,q_actual,0.5462880558742251,
1790848514086922256,1790848514087194556,0x68,joint_2,q_leader,-0.9004467224888714,
1790848514086922256,1790848514087194556,0x69,joint_3,q_leader,-0.8574952604280734,
1790848514090446596,1790848514090724665,0x69,joint_3,q_actual,0.8028514559173916,
1790848514105474472,1790848514105827896,0x68,joint_2,q_actual,0.5462880558742251,
1790848514110430585,1790848514110712656,0x69,joint_3,q_actual,0.8045967851693859,
1790848514125609864,1790848514125960728,0x68,joint_2,q_actual,0.5480333851262196,
1790848514130693825,1790848514131072590,0x69,joint_3,q_actual,0.8045967851693859,
1790848514137300419,1790848514137594355,0x68,joint_2,q_leader,-0.9004467224888714,
1790848514137300419,1790848514137594355,0x69,joint_3,q_leader,-0.8574952604280734,
1790848514145610346,1790848514145964498,0x68,joint_2,q_actual,0.5480333851262196,
1790848514150605903,1790848514150967239,0x69,joint_3,q_actual,0.8063421144213803,
1790848514165614959,1790848514165973971,0x68,joint_2,q_actual,0.5497787143782138,
1790848514170609617,1790848514170958168,0x69,joint_3,q_actual,0.8063421144213803,
1790848514185585923,1790848514185949927,0x68,joint_2,q_actual,0.5497787143782138,
1790848514187295113,1790848514187572874,0x68,joint_2,q_leader,-0.9004467224888714,
1790848514187295113,1790848514187572874,0x69,joint_3,q_leader,-0.8574952604280734,
1790848514190372734,1790848514190640671,0x69,joint_3,q_actual,0.8080874436733745,
1790848514201425810,1790848514201718853,0x68,joint_2,q_des,0.9503181423261312,
1790848514201425810,1790848514201718853,0x69,joint_3,q_des,1.3206620106760685,
1790848514201425810,1790848514201758130,0x68,joint_2,q_filtered,0.9503181423261312,
1790848514201425810,1790848514201758130,0x69,joint_3,q_filtered,1.3206620106760685,
1790848514201425810,1790848514201904344,0x68,joint_2,q_cmd,0.5699912470872609,0.04363323129985824
1790848514201425810,1790848514201904344,0x69,joint_3,q_cmd,0.8264222843708586,0.04363323129985824
1790848514205416695,1790848514205699290,0x68,joint_2,q_actual,0.5515240436302082,
1790848514210600911,1790848514210962905,0x69,joint_3,q_actual,0.8080874436733745,
1790848514225481714,1790848514225831826,0x68,joint_2,q_actual,0.5515240436302082,
1790848514230449024,1790848514230759893,0x69,joint_3,q_actual,0.8098327729253689,
1790848514237338702,1790848514237629660,0x68,joint_2,q_leader,-0.9004467224888714,
1790848514237338702,1790848514237629660,0x69,joint_3,q_leader,-0.8574952604280734,
1790848514248555421,1790848514248845469,0x68,joint_2,q_actual,0.5532693728822026,
1790848514251377421,1790848514251660711,0x69,joint_3,q_actual,0.8098327729253689,
1790848514265420574,1790848514265728800,0x68,joint_2,q_actual,0.5532693728822026,
1790848514270410466,1790848514270683594,0x69,joint_3,q_actual,0.8098327729253689,
1790848514285432370,1790848514285729843,0x68,joint_2,q_actual,0.5550147021341968,
1790848514286725565,1790848514286964714,0x68,joint_2,q_leader,-0.9004467224888714,
1790848514286725565,1790848514286964714,0x69,joint_3,q_leader,-0.8574952604280734,
1790848514290228091,1790848514290478013,0x69,joint_3,q_actual,0.8115781021773633,
1790848514305401395,1790848514305685831,0x68,joint_2,q_actual,0.5550147021341968,
1790848514310201377,1790848514310427238,0x69,joint_3,q_actual,0.8115781021773633,
1790848514325261833,1790848514325497485,0x68,joint_2,q_actual,0.5567600313861912,
1790848514330284390,1790848514330530493,0x69,joint_3,q_actual,0.8133234314293576,
1790848514336348810,1790848514336605191,0x68,joint_2,q_leader,-0.9004467224888714,
1790848514336348810,1790848514336605191,0x69,joint_3,q_leader,-0.8574952604280734,
1790848514345431110,1790848514345718338,0x68,joint_2,q_actual,0.5585053606381855,
1790848514350396905,1790848514350685574,0x69,joint_3,q_actual,0.8133234314293576,
1790848514365439515,1790848514365722348,0x68,joint_2,q_actual,0.5585053606381855,
1790848514370412042,1790848514370702335,0x69,joint_3,q_actual,0.8133234314293576,
1790848514385428222,1790848514385767100,0x68,joint_2,q_actual,0.5602506898901799,
1790848514386551246,1790848514386785363,0x68,joint_2,q_leader,-0.9004467224888714,
1790848514386551246,1790848514386785363,0x69,joint_3,q_leader,-0.8574952604280734,
1790848514390413875,1790848514390699769,0x69,joint_3,q_actual,0.8150687606813519,
1790848514401021039,1790848514401310453,0x68,joint_2,q_des,0.9503181423261312,
1790848514401021039,1790848514401310453,0x69,joint_3,q_des,1.3206620106760685,
1790848514401021039,1790848514401420931,0x68,joint_2,q_filtered,0.9503181423261312,
1790848514401021039,1790848514401420931,0x69,joint_3,q_filtered,1.3206620106760685,
1790848514401021039,1790848514401718023,0x68,joint_2,q_cmd,0.5787055960627712,0.04363323129985824
1790848514401021039,1790848514401718023,0x69,joint_3,q_cmd,0.8351388335956768,0.04363323129985824
1790848514405269718,1790848514405493876,0x68,joint_2,q_actual,0.5602506898901799,
1790848514410394162,1790848514410678037,0x69,joint_3,q_actual,0.8150687606813519,
1790848514425424409,1790848514425720734,0x68,joint_2,q_actual,0.5619960191421741,
1790848514430469376,1790848514430781796,0x69,joint_3,q_actual,0.8168140899333461,
1790848514436683642,1790848514436933175,0x68,joint_2,q_leader,-0.9004467224888714,
1790848514436683642,1790848514436933175,0x69,joint_3,q_leader,-0.8574952604280734,
1790848514445268385,1790848514445547735,0x68,joint_2,q_actual,0.5619960191421741,
1790848514450220153,1790848514450463166,0x69,joint_3,q_actual,0.8168140899333461,
1790848514465228075,1790848514465485334,0x68,joint_2,q_actual,0.5637413483941683,
1790848514470397764,1790848514470704356,0x69,joint_3,q_actual,0.8185594191853406,
1790848514485395527,1790848514485690508,0x68,joint_2,q_actual,0.5637413483941683,
1790848514486778977,1790848514487002263,0x68,joint_2,q_leader,-0.9004467224888714,
1790848514486778977,1790848514487002263,0x69,joint_3,q_leader,-0.8574952604280734,
1790848514490224898,1790848514490482294,0x69,joint_3,q_actual,0.8203047484373349,
1790848514505399770,1790848514505703108,0x68,joint_2,q_actual,0.5654866776461629,
1790848514510405430,1790848514510712734,0x69,joint_3,q_actual,0.8203047484373349,
1790848514525279350,1790848514525535733,0x68,joint_2,q_actual,0.5654866776461629,
1790848514530299956,1790848514530544367,0x69,joint_3,q_actual,0.8220500776893293,
1790848514536126990,1790848514536373971,0x68,joint_2,q_leader,-0.9004467224888714,
1790848514536126990,1790848514536373971,0x69,joint_3,q_leader,-0.8574952604280734,
1790848514545433433,1790848514545741004,0x68,joint_2,q_actual,0.5672320068981571,
1790848514550399188,1790848514550708679,0x69,joint_3,q_actual,0.8220500776893293,
1790848514565439974,1790848514565743446,0x68,joint_2,q_actual,0.5672320068981571,
1790848514570398078,1790848514570700997,0x69,joint_3,q_actual,0.8237954069413236,
1790848514585432150,1790848514585736987,0x68,joint_2,q_actual,0.5689773361501516,
1790848514586880240,1790848514587101654,0x68,joint_2,q_leader,-0.9004467224888714,
1790848514586880240,1790848514587101654,0x69,joint_3,q_leader,-0.8574952604280734,
1790848514590198700,1790848514590453327,0x69,joint_3,q_actual,0.8237954069413236,
1790848514601026155,1790848514601237017,0x68,joint_2,q_des,0.9503181423261312,
1790848514601026155,1790848514601237017,0x69,joint_3,q_des,1.3206620106760685,
1790848514601026155,1790848514601377409,0x68,joint_2,q_filtered,0.9503181423261312,
1790848514601026155,1790848514601377409,0x69,joint_3,q_filtered,1.3206620106760685,
1790848514601026155,1790848514601443626,0x68,joint_2,q_cmd,0.5874287935957482,0.04363323129985824
1790848514601026155,1790848514601443626,0x69,joint_3,q_cmd,0.843864223611289,0.04363323129985824
1790848514605425182,1790848514605733713,0x68,joint_2,q_actual,0.5689773361501516,
1790848514610406800,1790848514610709030,0x69,joint_3,q_actual,0.8255407361933178,
1790848514625420128,1790848514625720486,0x68,joint_2,q_actual,0.5707226654021458,
1790848514630488052,1790848514630793019,0x69,joint_3,q_actual,0.8255407361933178,
1790848514636209076,1790848514636455257,0x68,joint_2,q_leader,-0.9004467224888714,
1790848514636209076,1790848514636455257,0x69,joint_3,q_leader,-0.859029241215959,
1790848514645438381,1790848514645732304,0x68,joint_2,q_actual,0.5707226654021458,
1790848514650405378,1790848514650712229,0x69,joint_3,q_actual,0.8272860654453121,
1790848514665283368,1790848514665555343,0x68,joint_2,q_actual,0.57246799465414,
1790848514670288076,1790848514670521692,0x69,joint_3,q_actual,0.8272860654453121,
1790848514685530415,1790848514685874313,0x68,joint_2,q_actual,0.57246799465414,
1790848514686429659,1790848514686677736,0x68,joint_2,q_leader,-0.9004467224888714,
1790848514686429659,1790848514686677736,0x69,joint_3,q_leader,-0.859029241215959,
1790848514690223717,1790848514690469260,0x69,joint_3,q_actual,0.8272860654453121,
1790848514705303017,1790848514705580492,0x68,joint_2,q_actual,0.5742133239061346,
1790848514710407941,1790848514710697045,0x69,joint_3,q_actual,0.8290313946973066,
1790848514725301151,1790848514725574287,0x68,joint_2,q_actual,0.5742133239061346,
1790848514730287017,1790848514730522813,0x69,joint_3,q_actual,0.8307767239493009,
1790848514736295029,1790848514736556415,0x68,joint_2,q_leader,-0.9004467224888714,
1790848514736295029,1790848514736556415,0x69,joint_3,q_leader,-0.859029241215959,
1790848514745451916,1790848514745744579,0x68,joint_2,q_actual,0.5759586531581288,
1790848514750407302,1790848514750703026,0x69,joint_3,q_actual,0.8307767239493009,
1790848514765434413,1790848514765725278,0x68,joint_2,q_actual,0.5759586531581288,
1790848514770448988,1790848514770749249,0x69,joint_3,q_actual,0.8325220532012952,
1790848514786599649,1790848514786820998,0x68,joint_2,q_leader,-0.9004467224888714,
1790848514786599649,1790848514786820998,0x69,joint_3,q_leader,-0.859029241215959,
1790848514789176355,1790848514789411856,0x68,joint_2,q_actual,0.5777039824101232,
1790848514792156090,1790848514792374005,0x69,joint_3,q_actual,0.8325220532012952,
1790848514801042509,1790848514801335851,0x68,joint_2,q_des,0.9503181423261312,
1790848514801042509,1790848514801335851,0x69,joint_3,q_des,1.3221959914639543,
1790848514801042509,1790848514801353870,0x68,joint_2,q_filtered,0.9503181423261312,
1790848514801042509,1790848514801353870,0x69,joint_3,q_filtered,1.3221959914639543,
1790848514801042509,1790848514801392606,0x68,joint_2,q_cmd,0.5961525718870828,0.04363323129985824
1790848514801042509,1790848514801392606,0x69,joint_3,q_cmd,0.852590210878565,0.04363323129985824
1790848514806401519,1790848514806607722,0x68,joint_2,q_actual,0.5777039824101232,
1790848514811554505,1790848514811829334,0x69,joint_3,q_actual,0.8342673824532895,
1790848514826569754,1790848514826848467,0x68,joint_2,q_actual,0.5794493116621174,
1790848514831689349,1790848514831960524,0x69,joint_3,q_actual,0.8342673824532895,
1790848514836318503,1790848514836554259,0x68,joint_2,q_leader,-0.9004467224888714,
1790848514836318503,1790848514836554259,0x69,joint_3,q_leader,-0.859029241215959,
1790848514846421013,1790848514846677860,0x68,joint_2,q_actual,0.5794493116621174,
1790848514851535819,1790848514851812279,0x69,joint_3,q_actual,0.8360127117052838,
1790848514866559156,1790848514866833449,0x68,joint_2,q_actual,0.5811946409141117,
1790848514870455781,1790848514870763798,0x69,joint_3,q_actual,0.8360127117052838,
1790848514885101683,1790848514885229668,0x68,joint_2,q_actual,0.5811946409141117,
1790848514885508429,1790848514885626069,0x68,joint_2,q_leader,-0.9004467224888714,
1790848514885508429,1790848514885626069,0x69,joint_3,q_leader,-0.859029241215959,
1790848514890009694,1790848514890155112,0x69,joint_3,q_actual,0.8377580409572782,
1790848514905148896,1790848514905274988,0x68,joint_2,q_actual,0.5829399701661062,
1790848514910073355,1790848514910230370,0x69,joint_3,q_actual,0.8377580409572782,
1790848514925095179,1790848514925279856,0x68,joint_2,q_actual,0.5829399701661062,
1790848514930110771,1790848514930216824,0x69,joint_3,q_actual,0.8395033702092726,
1790848514935443065,1790848514935612972,0x68,joint_2,q_leader,-0.9004467224888714,
1790848514935443065,1790848514935612972,0x69,joint_3,q_leader,-0.859029241215959,
1790848514945437697,1790848514945728933,0x68,joint_2,q_actual,0.5846852994181004,
1790848514950554180,1790848514950909891,0x69,joint_3,q_actual,0.8395033702092726,
1790848514965596170,1790848514965953868,0x68,joint_2,q_actual,0.5846852994181004,
1790848514970597348,1790848514970963071,0x69,joint_3,q_actual,0.8412486994612669,
1790848514985584872,1790848514985948833,0x68,joint_2,q_actual,0.5864306286700949,
1790848514987163403,1790848514987491905,0x68,joint_2,q_leader,-0.9004467224888714,
1790848514987163403,1790848514987491905,0x69,joint_3,q_leader,-0.859029241215959,
1790848514990419476,1790848514990697380,0x69,joint_3,q_actual,0.8412486994612669,
1790848515001422176,1790848515001713076,0x68,joint_2,q_des,0.9503181423261312,
1790848515001422176,1790848515001713076,0x69,joint_3,q_des,1.3221959914639543,
1790848515001422176,1790848515001743703,0x68,joint_2,q_filtered,0.9503181423261312,
1790848515001422176,1790848515001743703,0x69,joint_3,q_filtered,1.3221959914639543,
1790848515001422176,1790848515001950746,0x68,joint_2,q_cmd,0.6048792181470545,0.04360896988555199
1790848515001422176,1790848515001950746,0x69,joint_3,q_cmd,0.8613168571385366,0.04359442223744475
1790848515005440405,1790848515005716819,0x68,joint_2,q_actual,0.5864306286700949,
1790848515010598530,1790848515010963395,0x69,joint_3,q_actual,0.8429940287132611,
1790848515025598559,1790848515025962705,0x68,joint_2,q_actual,0.5881759579220891,
1790848515030701289,1790848515031086960,0x69,joint_3,q_actual,0.8429940287132611,
1790848515037363769,1790848515037679205,0x68,joint_2,q_leader,-0.9004467224888714,
1790848515037363769,1790848515037679205,0x69,joint_3,q_leader,-0.859029241215959,
1790848515045606374,1790848515045972005,0x68,joint_2,q_actual,0.5881759579220891,
1790848515050413805,1790848515050694168,0x69,joint_3,q_actual,0.8447393579652555,
1790848515065597930,1790848515065954864,0x68,joint_2,q_actual,0.5899212871740833,
1790848515073650289,1790848515073997852,0x69,joint_3,q_actual,0.8447393579652555,
1790848515086831747,1790848515087137258,0x68,joint_2,q_leader,-0.9004467224888714,
1790848515086831747,1790848515087137258,0x69,joint_3,q_leader,-0.859029241215959,
1790848515087044158,1790848515087328356,0x68,joint_2,q_actual,0.5899212871740833,
1790848515092324377,1790848515092597579,0x69,joint_3,q_actual,0.8464846872172498,
1790848515106336159,1790848515106551833,0x68,joint_2,q_actual,0.5916666164260778,
1790848515111287717,1790848515111495008,0x69,joint_3,q_actual,0.8482300164692442,
1790848515126574579,1790848515126849847,0x68,joint_2,q_actual,0.5916666164260778,
1790848515131352538,1790848515131637358,0x69,joint_3,q_actual,0.8482300164692442,
1790848515135656410,1790848515135792707,0x68,joint_2,q_leader,-0.9004467224888714,
1790848515135656410,1790848515135792707,0x69,joint_3,q_leader,-0.8605632220038447,
1790848515145500028,1790848515145630927,0x68,joint_2,q_actual,0.5934119456780721,
1790848515150217103,1790848515150320959,0x69,joint_3,q_actual,0.8499753457212386,
1790848515165036778,1790848515165142017,0x68,joint_2,q_actual,0.5934119456780721,
1790848515169917623,1790848515170019834,0x69,joint_3,q_actual,0.8499753457212386,
1790848515185204028,1790848515185403721,0x68,joint_2,q_actual,0.5951572749300665,
1790848515186004602,1790848515186144742,0x68,joint_2,q_leader,-0.9004467224888714,
1790848515186004602,1790848515186144742,0x69,joint_3,q_leader,-0.8620972027917303,
1790848515190111115,1790848515190318873,0x69,joint_3,q_actual,0.8517206749732328,
1790848515200824670,1790848515201028910,0x68,joint_2,q_des,0.9503181423261312,
1790848515200824670,1790848515201028910,0x69,joint_3,q_des,1.3252639530397254,
1790848515200824670,1790848515201081368,0x68,joint_2,q_filtered,0.9503181423261312,
1790848515200824670,1790848515201081368,0x69,joint_3,q_filtered,1.3252639530397254,
1790848515200824670,1790848515201087114,0x68,joint_2,q_cmd,0.6135894602319327,0.04363323129985824
1790848515200824670,1790848515201087114,0x69,joint_3,q_cmd,0.8700289216089674,0.04363323129985824
1790848515205443322,1790848515205732779,0x68,joint_2,q_actual,0.5951572749300665,
1790848515210531877,1790848515210879242,0x69,joint_3,q_actual,0.8517206749732328,
1790848515225584085,1790848515225948664,0x68,joint_2,q_actual,0.5969026041820608,
1790848515230564711,1790848515230933362,0x69,joint_3,q_actual,0.8534660042252271,
1790848515237007416,1790848515237354025,0x68,joint_2,q_leader,-0.9004467224888714,
1790848515237007416,1790848515237354025,0x69,joint_3,q_leader,-0.8620972027917303,
1790848515245608475,1790848515245975695,0x68,joint_2,q_actual,0.5969026041820608,
1790848515250595510,1790848515250962328,0x69,joint_3,q_actual,0.8534660042252271,
1790848515265464390,1790848515265783837,0x68,joint_2,q_actual,0.598647933434055,
1790848515270417795,1790848515270690739,0x69,joint_3,q_actual,0.8552113334772214,
1790848515285467539,1790848515285755076,0x68,joint_2,q_actual,0.598647933434055,
1790848515286702496,1790848515286975418,0x68,joint_2,q_leader,-0.9004467224888714,
1790848515286702496,1790848515286975418,0x69,joint_3,q_leader,-0.863631183579616,
1790848515290396855,1790848515290674352,0x69,joint_3,q_actual,0.8552113334772214,
1790848515305425409,1790848515305733574,0x68,joint_2,q_actual,0.6003932626860494,
1790848515310595267,1790848515310981235,0x69,joint_3,q_actual,0.8569566627292158,
1790848515325595066,1790848515325976379,0x68,joint_2,q_actual,0.6021385919380436,
1790848515330596711,1790848515330984147,0x69,joint_3,q_actual,0.8569566627292158,
1790848515336805930,1790848515337089544,0x68,joint_2,q_leader,-0.9004467224888714,
1790848515336805930,1790848515337089544,0x69,joint_3,q_leader,-0.8651651643675016,
1790848515345422492,1790848515345738997,0x68,joint_2,q_actual,0.6021385919380436,
1790848515350429287,1790848515350745222,0x69,joint_3,q_actual,0.8587019919812102,
1790848515365612858,1790848515365980908,0x68,joint_2,q_actual,0.6038839211900382,
1790848515370593135,1790848515370960403,0x69,joint_3,q_actual,0.8587019919812102,
1790848515385587246,1790848515385951647,0x68,joint_2,q_actual,0.6038839211900382,
1790848515387220915,1790848515387567355,0x68,joint_2,q_leader,-0.9004467224888714,
1790848515387220915,1790848515387567355,0x69,joint_3,q_leader,-0.8651651643675016,
1790848515390357644,1790848515390645299,0x69,joint_3,q_actual,0.8604473212332044,
1790848515401583984,1790848515401998831,0x68,joint_2,q_des,0.9503181423261312,
1790848515401583984,1790848515401998831,0x69,joint_3,q_des,1.3283319146154968,
1790848515401583984,1790848515402197426,0x68,joint_2,q_filtered,0.9503181423261312,
1790848515401583984,1790848515402197426,0x69,joint_3,q_filtered,1.3283319146154968,
1790848515401583984,1790848515402352980,0x68,joint_2,q_cmd,0.6223161064919044,0.04357047304412082
1790848515401583984,1790848515402352980,0x69,joint_3,q_cmd,0.878755567868939,0.04355407351337171
1790848515405449085,1790848515405728674,0x68,joint_2,q_actual,0.6038839211900382,
1790848515410407743,1790848515410678394,0x69,joint_3,q_actual,0.8604473212332044,
1790848515425615436,1790848515425994467,0x68,joint_2,q_actual,0.6056292504420324,
1790848515432137828,1790848515432444064,0x69,joint_3,q_actual,0.8621926504851988,
1790848515436847196,1790848515437137051,0x68,joint_2,q_leader,-0.8989127417009858,
1790848515436847196,1790848515437137051,0x69,joint_3,q_leader,-0.8651651643675016,
1790848515447220727,1790848515447587715,0x68,joint_2,q_actual,0.6056292504420324,
1790848515450485688,1790848515450759029,0x69,joint_3,q_actual,0.8621926504851988,
1790848515467346733,1790848515467690010,0x68,joint_2,q_actual,0.6073745796940266,
1790848515473149632,1790848515473407140,0x69,joint_3,q_actual,0.8639379797371931,
1790848515485987327,1790848515486172074,0x68,joint_2,q_leader,-0.8989127417009858,
1790848515485987327,1790848515486172074,0x69,joint_3,q_leader,-0.8651651643675016,
1790848515486035777,1790848515486190258,0x68,joint_2,q_actual,0.6091199089460211,
1790848515491025725,1790848515491203639,0x69,joint_3,q_actual,0.8639379797371931,
1790848515506183326,1790848515506429975,0x68,joint_2,q_actual,0.6091199089460211,
1790848515510341460,1790848515510596907,0x69,joint_3,q_actual,0.8656833089891874,
1790848515526987302,1790848515527218970,0x68,joint_2,q_actual,0.6108652381980153,
1790848515530132861,1790848515530302440,0x69,joint_3,q_actual,0.8656833089891874,
1790848515535951629,1790848515536146035,0x68,joint_2,q_leader,-0.8989127417009858,
1790848515535951629,1790848515536146035,0x69,joint_3,q_leader,-0.8651651643675016,
1790848515546956103,1790848515547182485,0x68,joint_2,q_actual,0.6108652381980153,
1790848515550103651,1790848515550281629,0x69,joint_3,q_actual,0.8674286382411819,
1790848515565318905,1790848515565561066,0x68,joint_2,q_actual,0.6126105674500099,
1790848515570296300,1790848515570537765,0x69,joint_3,q_actual,0.8674286382411819,
1790848515585335519,1790848515585579715,0x68,joint_2,q_actual,0.6126105674500099,
1790848515586073961,1790848515586285608,0x68,joint_2,q_leader,-0.8989127417009858,
1790848515586073961,1790848515586285608,0x69,joint_3,q_leader,-0.8651651643675016,
1790848515590304573,1790848515590548081,0x69,joint_3,q_actual,0.8691739674931761,
1790848515600800898,1790848515600990773,0x68,joint_2,q_des,0.9487841615382456,
1790848515600800898,1790848515600990773,0x69,joint_3,q_des,1.3283319146154968,
1790848515600800898,1790848515601045504,0x68,joint_2,q_filtered,0.9487841615382456,
1790848515600800898,1790848515601045504,0x69,joint_3,q_filtered,1.3283319146154968,
1790848515600800898,1790848515601177990,0x68,joint_2,q_cmd,0.6310221178986531,0.04363323129985824
1790848515600800898,1790848515601177990,0x69,joint_3,q_cmd,0.8874632905273652,0.04363323129985824
1790848515608222572,1790848515608393199,0x68,joint_2,q_actual,0.6143558967020041,
1790848515610096672,1790848515610269294,0x69,joint_3,q_actual,0.8691739674931761,
1790848515625321659,1790848515625561417,0x68,joint_2,q_actual,0.6143558967020041,
1790848515630288208,1790848515630519221,0x69,joint_3,q_actual,0.8709192967451704,
1790848515636133579,1790848515636363543,0x68,joint_2,q_leader,-0.8989127417009858,
1790848515636133579,1790848515636363543,0x69,joint_3,q_leader,-0.8651651643675016,
1790848515646982835,1790848515647212573,0x68,joint_2,q_actual,0.6143558967020041,
1790848515650133484,1790848515650301290,0x69,joint_3,q_actual,0.8726646259971648,
1790848515665324040,1790848515665562978,0x68,joint_2,q_actual,0.6161012259539983,
1790848515670298549,1790848515670542973,0x69,joint_3,q_actual,0.8726646259971648,
1790848515686135854,1790848515686365954,0x68,joint_2,q_leader,-0.8989127417009858,
1790848515686135854,1790848515686365954,0x69,joint_3,q_leader,-0.8651651643675016,
1790848515687027234,1790848515687209414,0x68,joint_2,q_actual,0.6161012259539983,
1790848515690137590,1790848515690305545,0x69,joint_3,q_actual,0.8744099552491591,
1790848515705175984,1790848515705427641,0x68,joint_2,q_actual,0.6178465552059927,
1790848515710136942,1790848515710312674,0x69,joint_3,q_actual,0.8744099552491591,
1790848515725302780,1790848515725540561,0x68,joint_2,q_actual,0.6178465552059927,
1790848515730402144,1790848515730684969,0x69,joint_3,q_actual,0.8761552845011534,
1790848515736828395,1790848515737068278,0x68,joint_2,q_leader,-0.8989127417009858,
1790848515736828395,1790848515737068278,0x69,joint_3,q_leader,-0.8651651643675016,
1790848515745377547,1790848515745660188,0x68,joint_2,q_actual,0.619591884457987,
1790848515750352415,1790848515750638398,0x69,joint_3,q_actual,0.8761552845011534,
1790848515765238378,1790848515765485615,0x68,joint_2,q_actual,0.619591884457987,
1790848515770382313,1790848515770662742,0x69,joint_3,q_actual,0.8779006137531478,
1790848515785410088,1790848515785694555,0x68,joint_2,q_actual,0.6213372137099815,
1790848515786509622,1790848515786728760,0x68,joint_2,q_leader,-0.8989127417009858,
1790848515786509622,1790848515786728760,0x69,joint_3,q_leader,-0.8651651643675016,
1790848515790355922,1790848515790633334,0x69,joint_3,q_actual,0.8779006137531478,
1790848515801013534,1790848515801230890,0x68,joint_2,q_des,0.9487841615382456,
1790848515801013534,1790848515801230890,0x69,joint_3,q_des,1.3283319146154968,
1790848515801013534,1790848515801323037,0x68,joint_2,q_filtered,0.9487841615382456,
1790848515801013534,1790848515801323037,0x69,joint_3,q_filtered,1.3283319146154968,
1790848515801013534,1790848515801451369,0x68,joint_2,q_cmd,0.6397487641586248,0.043620503709236466
1790848515801013534,1790848515801451369,0x69,joint_3,q_cmd,0.8961899367873368,0.04361020336810866
1790848515807236033,1790848515807451173,0x68,joint_2,q_actual,0.6213372137099815,
1790848515810390182,1790848515810665684,0x69,joint_3,q_actual,0.8796459430051421,
1790848515825402142,1790848515825681894,0x68,joint_2,q_actual,0.6230825429619757,
1790848515830396167,1790848515830673734,0x69,joint_3,q_actual,0.8796459430051421,
1790848515836455173,1790848515836674956,0x68,joint_2,q_leader,-0.8989127417009858,
1790848515836455173,1790848515836674956,0x69,joint_3,q_leader,-0.8651651643675016,
1790848515845399681,1790848515845682484,0x68,joint_2,q_actual,0.6230825429619757,
1790848515850385442,1790848515850669490,0x69,joint_3,q_actual,0.8813912722571364,
1790848515865411464,1790848515865691539,0x68,joint_2,q_actual,0.62482787221397,
1790848515870357982,1790848515870641957,0x69,joint_3,q_actual,0.8813912722571364,
1790848515885416356,1790848515885697716,0x68,joint_2,q_actual,0.62482787221397,
1790848515886533977,1790848515886738791,0x68,joint_2,q_leader,-0.8989127417009858,
1790848515886533977,1790848515886738791,0x69,joint_3,q_leader,-0.8651651643675016,
1790848515893053019,1790848515893259429,0x69,joint_3,q_actual,0.8831366015091308,
1790848515906462678,1790848515906734608,0x68,joint_2,q_actual,0.6265732014659644,
1790848515911189691,1790848515911398000,0x69,joint_3,q_actual,0.8831366015091308,
1790848515925540675,1790848515925684369,0x68,joint_2,q_actual,0.6265732014659644,
1790848515930241150,1790848515930342338,0x69,joint_3,q_actual,0.8848819307611251,
1790848515935550443,1790848515935669744,0x68,joint_2,q_leader,-0.8989127417009858,
1790848515935550443,1790848515935669744,0x69,joint_3,q_leader,-0.8651651643675016,
1790848515945617800,1790848515945772190,0x68,joint_2,q_actual,0.6283185307179586,
1790848515950552412,1790848515950711984,0x69,joint_3,q_actual,0.8848819307611251,
1790848515966107373,1790848515966307837,0x68,joint_2,q_actual,0.6283185307179586,
1790848515970978411,1790848515971141405,0x69,joint_3,q_actual,0.8866272600131193,
1790848515985158413,1790848515985320180,0x68,joint_2,q_actual,0.6300638599699531,
1790848515985576553,1790848515985723164,0x68,joint_2,q_leader,-0.8989127417009858,
1790848515985576553,1790848515985723164,0x69,joint_3,q_leader,-0.8651651643675016,
1790848515990131213,1790848515990321451,0x69,joint_3,q_actual,0.8866272600131193,
1790848516000528952,1790848516000655167,0x68,joint_2,q_des,0.9487841615382456,
1790848516000528952,1790848516000655167,0x69,joint_3,q_des,1.3283319146154968,
1790848516000528952,1790848516000666716,0x68,joint_2,q_filtered,0.9487841615382456,
1790848516000528952,1790848516000666716,0x69,joint_3,q_filtered,1.3283319146154968,
1790848516000528952,1790848516000767745,0x68,joint_2,q_cmd,0.6484618476831303,0.04363323129985824
1790848516000528952,1790848516000767745,0x69,joint_3,q_cmd,0.9049042075720901,0.04363323129985824
1790848516007198821,1790848516007378903,0x68,joint_2,q_actual,0.6300638599699531,
1790848516010150000,1790848516010336415,0x69,joint_3,q_actual,0.8883725892651138,
1790848516025201259,1790848516025400967,0x68,joint_2,q_actual,0.6318091892219474,
1790848516030196412,1790848516030383278,0x69,joint_3,q_actual,0.8883725892651138,
1790848516036015403,1790848516036184202,0x68,joint_2,q_leader,-0.8989127417009858,
1790848516036015403,1790848516036184202,0x69,joint_3,q_leader,-0.8651651643675016,
1790848516045333373,1790848516045572850,0x68,joint_2,q_actual,0.6318091892219474,
1790848516050342095,1790848516050613384,0x69,joint_3,q_actual,0.8901179185171081,
1790848516065526452,1790848516065866089,0x68,joint_2,q_actual,0.6335545184739416,
1790848516070508031,1790848516070843899,0x69,joint_3,q_actual,0.8901179185171081,
1790848516085540847,1790848516085877512,0x68,joint_2,q_actual,0.6352998477259361,
1790848516086771915,1790848516087019698,0x68,joint_2,q_leader,-0.8989127417009858,
1790848516086771915,1790848516087019698,0x69,joint_3,q_leader,-0.8620972027917303,
1790848516090339035,1790848516090586396,0x69,joint_3,q_actual,0.8918632477691024,
1790848516105534499,1790848516105875853,0x68,joint_2,q_actual,0.6352998477259361,
1790848516110509104,1790848516110846050,0x69,joint_3,q_actual,0.8918632477691024,
1790848516125385359,1790848516125714807,0x68,joint_2,q_actual,0.6370451769779303,
1790848516130334826,1790848516130640215,0x69,joint_3,q_actual,0.8936085770210968,
1790848516136706037,1790848516136980152,0x68,joint_2,q_leader,-0.8989127417009858,
1790848516136706037,1790848516136980152,0x69,joint_3,q_leader,-0.8620972027917303,
1790848516145500026,1790848516145835561,0x68,joint_2,q_actual,0.6370451769779303,
1790848516150333471,1790848516150586326,0x69,joint_3,q_actual,0.8936085770210968,
1790848516165372138,1790848516165685926,0x68,joint_2,q_actual,0.6387905062299247,
1790848516170334688,1790848516170583038,0x69,joint_3,q_actual,0.895353906273091,
1790848516185535200,1790848516185869908,0x68,joint_2,q_actual,0.6387905062299247,
1790848516187072923,1790848516187342348,0x68,joint_2,q_leader,-0.8989127417009858,
1790848516187072923,1790848516187342348,0x69,joint_3,q_leader,-0.863631183579616,
1790848516190335019,1790848516190584996,0x69,joint_3,q_actual,0.895353906273091,
1790848516201219116,1790848516201573080,0x68,joint_2,q_des,0.9487841615382456,
1790848516201219116,1790848516201573080,0x69,joint_3,q_des,1.326797933827611,
1790848516201219116,1790848516201594951,0x68,joint_2,q_filtered,0.9487841615382456,
1790848516201219116,1790848516201594951,0x69,joint_3,q_filtered,1.326797933827611,
1790848516201219116,1790848516201639170,0x68,joint_2,q_cmd,0.657188493943102,0.04356883634187742
1790848516201219116,1790848516201639170,0x69,joint_3,q_cmd,0.9136308538320617,0.0435561497638892
1790848516207865020,1790848516208107552,0x68,joint_2,q_actual,0.640535835481919,
1790848516210308203,1790848516210554227,0x69,joint_3,q_actual,0.8970992355250854,
1790848516225520851,1790848516225855323,0x68,joint_2,q_actual,0.640535835481919,
1790848516230511655,1790848516230836604,0x69,joint_3,q_actual,0.8970992355250854,
1790848516237059139,1790848516237335341,0x68,joint_2,q_leader,-0.8989127417009858,
1790848516237059139,1790848516237335341,0x69,joint_3,q_leader,-0.8620972027917303,
1790848516245531080,1790848516245869518,0x68,joint_2,q_actual,0.6422811647339133,
1790848516250331163,1790848516250581189,0x69,joint_3,q_actual,0.8970992355250854,
1790848516265505592,1790848516265839942,0x68,joint_2,q_actual,0.6422811647339133,
1790848516270504692,1790848516270840428,0x69,joint_3,q_actual,0.8988445647770797,
1790848516285538703,1790848516285877430,0x68,joint_2,q_actual,0.6440264939859077,
1790848516287026128,1790848516287301279,0x68,joint_2,q_leader,-0.8989127417009858,
1790848516287026128,1790848516287301279,0x69,joint_3,q_leader,-0.8605632220038447,
1790848516290347152,1790848516290597516,0x69,joint_3,q_actual,0.8988445647770797,
1790848516305359500,1790848516305684704,0x68,joint_2,q_actual,0.6440264939859077,
1790848516310335196,1790848516310581003,0x69,joint_3,q_actual,0.8988445647770797,
1790848516325521903,1790848516325855497,0x68,joint_2,q_actual,0.6457718232379019,
1790848516330514829,1790848516330850606,0x69,joint_3,q_actual,0.9005898940290741,
1790848516336630320,1790848516336959850,0x68,joint_2,q_leader,-0.8989127417009858,
1790848516336630320,1790848516336959850,0x69,joint_3,q_leader,-0.8605632220038447,
1790848516345388045,1790848516345730767,0x68,joint_2,q_actual,0.6457718232379019,
1790848516350321725,1790848516350574273,0x69,joint_3,q_actual,0.9005898940290741,
1790848516365519346,1790848516365849682,0x68,joint_2,q_actual,0.6475171524898964,
1790848516370295070,1790848516370543604,0x69,joint_3,q_actual,0.9023352232810684,
1790848516385330527,1790848516385597837,0x68,joint_2,q_actual,0.6475171524898964,
1790848516386734573,1790848516387041611,0x68,joint_2,q_leader,-0.8989127417009858,
1790848516386734573,1790848516387041611,0x69,joint_3,q_leader,-0.8605632220038447,
1790848516390320878,1790848516390573062,0x69,joint_3,q_actual,0.9023352232810684,
1790848516401216118,1790848516401712825,0x68,joint_2,q_des,0.9487841615382456,
1790848516401216118,1790848516401712825,0x69,joint_3,q_des,1.3237299722518399,
1790848516401216118,1790848516401827778,0x68,joint_2,q_filtered,0.9487841615382456,
1790848516401216118,1790848516401827778,0x69,joint_3,q_filtered,1.3237299722518399,
1790848516401216118,1790848516401952921,0x68,joint_2,q_cmd,0.6659113202881969,0.04363323129985824
1790848516401216118,1790848516401952921,0x69,joint_3,q_cmd,0.922356153701419,0.04363323129985824
1790848516405358851,1790848516405623103,0x68,joint_2,q_actual,0.6475171524898964,
1790848516410496794,1790848516410848712,0x69,joint_3,q_actual,0.9040805525330626,
1790848516425525521,1790848516425875040,0x68,joint_2,q_actual,0.6492624817418906,
1790848516430529995,1790848516430917976,0x69,joint_3,q_actual,0.9040805525330626,
1790848516436984425,1790848516437307450,0x68,joint_2,q_leader,-0.8989127417009858,
1790848516436984425,1790848516437307450,0x69,joint_3,q_leader,-0.8605632220038447,
1790848516445523510,1790848516445856960,0x68,joint_2,q_actual,0.6492624817418906,
1790848516450505534,1790848516450845016,0x69,joint_3,q_actual,0.905825881785057,
1790848516465490519,1790848516465818499,0x68,joint_2,q_actual,0.6510078109938848,
1790848516470498549,1790848516470853662,0x69,joint_3,q_actual,0.905825881785057,
1790848516485515695,1790848516485873530,0x68,joint_2,q_actual,0.6510078109938848,
1790848516487139052,1790848516487382901,0x68,joint_2,q_leader,-0.8989127417009858,
1790848516487139052,1790848516487382901,0x69,joint_3,q_leader,-0.8605632220038447,
1790848516492891085,1790848516493133689,0x69,joint_3,q_actual,0.9075712110370514,
1790848516505533195,1790848516505882996,0x68,joint_2,q_actual,0.6527531402458794,
1790848516510506068,1790848516510859506,0x69,joint_3,q_actual,0.9075712110370514,
1790848516525529847,1790848516525862312,0x68,joint_2,q_actual,0.6544984694978736,
1790848516530526379,1790848516530884738,0x69,joint_3,q_actual,0.9093165402890457,
1790848516536603390,1790848516536863723,0x68,joint_2,q_leader,-0.8989127417009858,
1790848516536603390,1790848516536863723,0x69,joint_3,q_leader,-0.8620972027917303,
1790848516545528076,1790848516545861004,0x68,joint_2,q_actual,0.6544984694978736,
1790848516550321201,1790848516550587711,0x69,joint_3,q_actual,0.9093165402890457,
1790848516565054990,1790848516565162509,0x68,joint_2,q_actual,0.6544984694978736,
1790848516570021387,1790848516570105446,0x69,joint_3,q_actual,0.9110618695410401,
1790848516585010256,1790848516585133806,0x68,joint_2,q_actual,0.656243798749868,
1790848516585412891,1790848516585535229,0x68,joint_2,q_leader,-0.8973787609131001,
1790848516585412891,1790848516585535229,0x69,joint_3,q_leader,-0.8605632220038447,
1790848516590153998,1790848516590324948,0x69,joint_3,q_actual,0.9110618695410401,
1790848516600556539,1790848516600686141,0x68,joint_2,q_des,0.9472501807503599,
1790848516600556539,1790848516600686141,0x69,joint_3,q_des,1.3237299722518399,
1790848516600556539,1790848516600786548,0x68,joint_2,q_filtered,0.9472501807503599,
1790848516600556539,1790848516600786548,0x69,joint_3,q_filtered,1.3237299722518399,
1790848516600556539,1790848516600793589,0x68,joint_2,q_cmd,0.6746203344903019,0.04363323129985824
1790848516600556539,1790848516600793589,0x69,joint_3,q_cmd,0.9310663693881739,0.04363323129985824
1790848516605465818,1790848516605722570,0x68,joint_2,q_actual,0.656243798749868,
1790848516610583732,1790848516610955761,0x69,joint_3,q_actual,0.9128071987930343,
1790848516625578053,1790848516625939826,0x68,joint_2,q_actual,0.6579891280018623,
1790848516630631641,1790848516631020186,0x69,joint_3,q_actual,0.9145525280450286,
1790848516637211647,1790848516637552394,0x68,joint_2,q_leader,-0.8973787609131001,
1790848516637211647,1790848516637552394,0x69,joint_3,q_leader,-0.859029241215959,
1790848516645545490,1790848516645897724,0x68,joint_2,q_actual,0.6579891280018623,
1790848516650435314,1790848516650714786,0x69,joint_3,q_actual,0.9145525280450286,
1790848516665475559,1790848516665847625,0x68,joint_2,q_actual,0.6597344572538565,
1790848516670581772,1790848516670968671,0x69,joint_3,q_actual,0.9162978572970231,
1790848516685582221,1790848516685949780,0x68,joint_2,q_actual,0.6597344572538565,
1790848516687354654,1790848516687661544,0x68,joint_2,q_leader,-0.8973787609131001,
1790848516687354654,1790848516687661544,0x69,joint_3,q_leader,-0.859029241215959,
1790848516690316867,1790848516690602302,0x69,joint_3,q_actual,0.9162978572970231,
1790848516705607357,1790848516705993179,0x68,joint_2,q_actual,0.661479786505851,
1790848516710608665,1790848516710993712,0x69,joint_3,q_actual,0.9180431865490174,
1790848516725583296,1790848516725964824,0x68,joint_2,q_actual,0.661479786505851,
1790848516730600900,1790848516730982824,0x69,joint_3,q_actual,0.9180431865490174,
1790848516737191319,1790848516737537459,0x68,joint_2,q_leader,-0.8973787609131001,
1790848516737191319,1790848516737537459,0x69,joint_3,q_leader,-0.859029241215959,
1790848516745617021,1790848516746002793,0x68,joint_2,q_actual,0.6632251157578453,
1790848516750577878,1790848516750962888,0x69,joint_3,q_actual,0.9197885158010117,
1790848516765452432,1790848516765798959,0x68,joint_2,q_actual,0.6632251157578453,
1790848516770439030,1790848516770733523,0x69,joint_3,q_actual,0.9197885158010117,
1790848516785442648,1790848516785792247,0x68,joint_2,q_actual,0.6649704450098397,
1790848516786881850,1790848516787266976,0x68,joint_2,q_leader,-0.8958447801252145,
1790848516786881850,1790848516787266976,0x69,joint_3,q_leader,-0.859029241215959,
1790848516790308454,1790848516790594373,0x69,joint_3,q_actual,0.921533845053006,
1790848516801489913,1790848516801801896,0x68,joint_2,q_des,0.9457161999624746,
1790848516801489913,1790848516801801896,0x69,joint_3,q_des,1.3221959914639543,
1790848516801489913,1790848516801875308,0x68,joint_2,q_filtered,0.9457161999624746,
1790848516801489913,1790848516801875308,0x69,joint_3,q_filtered,1.3221959914639543,
1790848516801489913,1790848516802040715,0x68,joint_2,q_cmd,0.6833469807502736,0.043552894067168314
1790848516801489913,1790848516802040715,0x69,joint_3,q_cmd,0.9397930156481455,0.04353847090643428
1790848516805432658,1790848516805719120,0x68,joint_2,q_actual,0.6649704450098397,
1790848516810580478,1790848516810968565,0x69,joint_3,q_actual,0.921533845053006,
1790848516825500325,1790848516825874824,0x68,joint_2,q_actual,0.6667157742618339,
1790848516830587560,1790848516830973572,0x69,joint_3,q_actual,0.9232791743050003,
1790848516837155672,1790848516837541229,0x68,joint_2,q_leader,-0.8958447801252145,
1790848516837155672,1790848516837541229,0x69,joint_3,q_leader,-0.859029241215959,
1790848516845428881,1790848516845723028,0x68,joint_2,q_actual,0.6667157742618339,
1790848516850574822,1790848516850961548,0x69,joint_3,q_actual,0.9232791743050003,
1790848516865611565,1790848516865998664,0x68,joint_2,q_actual,0.6684611035138281,
1790848516870586304,1790848516870976378,0x69,joint_3,q_actual,0.9250245035569946,
1790848516885591926,1790848516885970377,0x68,joint_2,q_actual,0.6684611035138281,
1790848516887295729,1790848516887600686,0x68,joint_2,q_leader,-0.8958447801252145,
1790848516887295729,1790848516887600686,0x69,joint_3,q_leader,-0.859029241215959,
1790848516890329172,1790848516890633166,0x69,joint_3,q_actual,0.9250245035569946,
1790848516908787112,1790848516909140447,0x68,joint_2,q_actual,0.6702064327658226,
1790848516911657322,1790848516911948515,0x69,joint_3,q_actual,0.9267698328089891,
1790848516925665016,1790848516926051090,0x68,joint_2,q_actual,0.6702064327658226,
1790848516930596505,1790848516930988357,0x69,joint_3,q_actual,0.9267698328089891,
1790848516937189511,1790848516937536607,0x68,joint_2,q_leader,-0.8958447801252145,
1790848516937189511,1790848516937536607,0x69,joint_3,q_leader,-0.859029241215959,
1790848516945621976,1790848516946010862,0x68,joint_2,q_actual,0.6719517620178169,
1790848516950574984,1790848516950968741,0x69,joint_3,q_actual,0.9285151620609834,
1790848516965470774,1790848516965793707,0x68,joint_2,q_actual,0.6719517620178169,
1790848516970442365,1790848516970753586,0x69,joint_3,q_actual,0.9285151620609834,
1790848516985440484,1790848516985787869,0x68,joint_2,q_actual,0.6736970912698114,
1790848516986686276,1790848516986960034,0x68,joint_2,q_leader,-0.8958447801252145,
1790848516986686276,1790848516986960034,0x69,joint_3,q_leader,-0.859029241215959,
1790848516990419303,1790848516990697882,0x69,joint_3,q_actual,0.9302604913129776,
1790848517001182692,1790848517001524764,0x68,joint_2,q_des,0.9457161999624746,
1790848517001182692,1790848517001524764,0x69,joint_3,q_des,1.3221959914639543,
1790848517001182692,1790848517001589801,0x68,joint_2,q_filtered,0.9457161999624746,
1790848517001182692,1790848517001589801,0x69,joint_3,q_filtered,1.3221959914639543,
1790848517001182692,1790848517001799713,0x68,joint_2,q_cmd,0.6920632519877585,0.04363323129985824
1790848517001182692,1790848517001799713,0x69,joint_3,q_cmd,0.9485122179043065,0.04363323129985824
1790848517009906859,1790848517010195021,0x68,joint_2,q_actual,0.6736970912698114,
1790848517011282786,1790848517011570546,0x69,joint_3,q_actual,0.9302604913129776,
1790848517025589185,1790848517025949513,0x68,joint_2,q_actual,0.6754424205218056,
1790848517030597127,1790848517030982621,0x69,joint_3,q_actual,0.9320058205649719,
1790848517037112585,1790848517037451675,0x68,joint_2,q_leader,-0.8958447801252145,
1790848517037112585,1790848517037451675,0x69,joint_3,q_leader,-0.859029241215959,
1790848517045446851,1790848517045758070,0x68,joint_2,q_actual,0.6754424205218056,
1790848517050578818,1790848517050962872,0x69,joint_3,q_actual,0.9320058205649719,
1790848517065621305,1790848517066005534,0x68,joint_2,q_actual,0.6771877497737998,
1790848517070590178,1790848517070978827,0x69,joint_3,q_actual,0.9337511498169663,
1790848517085604226,1790848517085981558,0x68,joint_2,q_actual,0.6771877497737998,
1790848517087158301,1790848517087496457,0x68,joint_2,q_leader,-0.8943107993373288,
1790848517087158301,1790848517087496457,0x69,joint_3,q_leader,-0.859029241215959,
1790848517090418139,1790848517090716915,0x69,joint_3,q_actual,0.9337511498169663,
1790848517105618785,1790848517106004191,0x68,joint_2,q_actual,0.6789330790257943,
1790848517110371427,1790848517110672474,0x69,joint_3,q_actual,0.9354964790689606,
1790848517125610915,1790848517125993391,0x68,joint_2,q_actual,0.6789330790257943,
1790848517134993360,1790848517135367021,0x69,joint_3,q_actual,0.937241808320955,
1790848517136689663,1790848517136997576,0x68,joint_2,q_leader,-0.8943107993373288,
1790848517136689663,1790848517136997576,0x69,joint_3,q_leader,-0.859029241215959,
1790848517146962362,1790848517147234433,0x68,joint_2,q_actual,0.6806784082777885,
1790848517150420416,1790848517150708937,0x69,joint_3,q_actual,0.937241808320955,
1790848517165447426,1790848517165771616,0x68,joint_2,q_actual,0.6806784082777885,
1790848517170431555,1790848517170723491,0x69,joint_3,q_actual,0.9389871375729493,
1790848517185452732,1790848517185820323,0x68,joint_2,q_actual,0.682423737529783,
1790848517186775258,1790848517187137187,0x68,joint_2,q_leader,-0.8943107993373288,
1790848517186775258,1790848517187137187,0x69,joint_3,q_leader,-0.859029241215959,
1790848517190420774,1790848517190710997,0x69,joint_3,q_actual,0.9389871375729493,
1790848517200790165,1790848517201005969,0x68,joint_2,q_des,0.9441822191745887,
1790848517200790165,1790848517201005969,0x69,joint_3,q_des,1.3221959914639543,
1790848517200790165,1790848517201020094,0x68,joint_2,q_filtered,0.9441822191745887,
1790848517200790165,1790848517201020094,0x69,joint_3,q_filtered,1.3221959914639543,
1790848517200790165,1790848517201143216,0x68,joint_2,q_cmd,0.7007770145762243,0.04363323129985824
1790848517200790165,1790848517201143216,0x69,joint_3,q_cmd,0.9572289075844593,0.04363323129985824
1790848517206449944,1790848517206584686,0x68,joint_2,q_actual,0.682423737529783,
1790848517210074121,1790848517210216482,0x69,joint_3,q_actual,0.9407324668249436,
1790848517225204842,1790848517225434933,0x68,joint_2,q_actual,0.6841690667817772,
1790848517230052040,1790848517230185946,0x69,joint_3,q_actual,0.9407324668249436,
1790848517235669717,1790848517235794988,0x68,joint_2,q_leader,-0.8943107993373288,
1790848517235669717,1790848517235794988,0x69,joint_3,q_leader,-0.859029241215959,
1790848517245305885,1790848517245535024,0x68,joint_2,q_actual,0.6841690667817772,
1790848517250329171,1790848517250591074,0x69,joint_3,q_actual,0.9424777960769379,
1790848517265455065,1790848517265757620,0x68,joint_2,q_actual,0.6859143960337715,
1790848517270407384,1790848517270715374,0x69,joint_3,q_actual,0.9424777960769379,
1790848517285488884,1790848517285816599,0x68,joint_2,q_actual,0.6859143960337715,
1790848517286854436,1790848517287111507,0x68,joint_2,q_leader,-0.8927768185494431,
1790848517286854436,1790848517287111507,0x69,joint_3,q_leader,-0.859029241215959,
1790848517290299696,1790848517290531566,0x69,joint_3,q_actual,0.9442231253289323,
1790848517308884738,1790848517309181231,0x68,joint_2,q_actual,0.6876597252857659,
1790848517312308615,1790848517312531403,0x69,joint_3,q_actual,0.9442231253289323,
1790848517326742109,1790848517327021905,0x68,joint_2,q_actual,0.6876597252857659,
1790848517331530851,1790848517331758638,0x69,joint_3,q_actual,0.9459684545809267,
1790848517336471132,1790848517336721043,0x68,joint_2,q_leader,-0.8927768185494431,
1790848517336471132,1790848517336721043,0x69,joint_3,q_leader,-0.859029241215959,
1790848517346469678,1790848517346696232,0x68,joint_2,q_actual,0.6894050545377601,
1790848517351447096,1790848517351668306,0x69,joint_3,q_actual,0.9459684545809267,
1790848517366692206,1790848517366987970,0x68,joint_2,q_actual,0.6894050545377601,
1790848517371465436,1790848517371689532,0x69,joint_3,q_actual,0.9477137838329209,
1790848517386391446,1790848517386666995,0x68,joint_2,q_leader,-0.8927768185494431,
1790848517386391446,1790848517386666995,0x69,joint_3,q_leader,-0.859029241215959,
1790848517386786250,1790848517386980698,0x68,joint_2,q_actual,0.6911503837897547,
1790848517390304375,1790848517390535484,0x69,joint_3,q_actual,0.9477137838329209,
1790848517401216404,1790848517401575067,0x68,joint_2,q_des,0.942648238386703,
1790848517401216404,1790848517401575067,0x69,joint_3,q_des,1.3221959914639543,
1790848517401216404,1790848517401697723,0x68,joint_2,q_filtered,0.942648238386703,
1790848517401216404,1790848517401697723,0x69,joint_3,q_filtered,1.3221959914639543,
1790848517401216404,1790848517401911621,0x68,joint_2,q_cmd,0.709503660836196,0.043630603864942094
1790848517401216404,1790848517401911621,0x69,joint_3,q_cmd,0.965955553844431,0.04361922211431134
1790848517407612469,1790848517407802332,0x68,joint_2,q_actual,0.6911503837897547,
1790848517410257145,1790848517410453370,0x69,joint_3,q_actual,0.9494591130849153,
1790848517425477135,1790848517425761462,0x68,joint_2,q_actual,0.6928957130417489,
1790848517430273582,1790848517430481985,0x69,joint_3,q_actual,0.9494591130849153,
1790848517436652242,1790848517436927226,0x68,joint_2,q_leader,-0.8927768185494431,
1790848517436652242,1790848517436927226,0x69,joint_3,q_leader,-0.859029241215959,
1790848517445406557,1790848517445624512,0x68,joint_2,q_actual,0.6928957130417489,
1790848517450209587,1790848517450423658,0x69,joint_3,q_actual,0.9512044423369096,
1790848517465485327,1790848517465770069,0x68,joint_2,q_actual,0.6946410422937431,
1790848517470454976,1790848517470738614,0x69,joint_3,q_actual,0.9512044423369096,
1790848517485490793,1790848517485772920,0x68,joint_2,q_actual,0.6946410422937431,
1790848517486613656,1790848517486835877,0x68,joint_2,q_leader,-0.8927768185494431,
1790848517486613656,1790848517486835877,0x69,joint_3,q_leader,-0.859029241215959,
1790848517490460162,1790848517490733248,0x69,joint_3,q_actual,0.9512044423369096,
1790848517505483460,1790848517505768521,0x68,joint_2,q_actual,0.6963863715457376,
1790848517510451624,1790848517510733789,0x69,joint_3,q_actual,0.9529497715889039,
1790848517525468460,1790848517525745856,0x68,joint_2,q_actual,0.6963863715457376,
1790848517530291283,1790848517530494123,0x69,joint_3,q_actual,0.9546951008408983,
1790848517536568347,1790848517536838789,0x68,joint_2,q_leader,-0.8927768185494431,
1790848517536568347,1790848517536838789,0x69,joint_3,q_leader,-0.859029241215959,
1790848517545493093,1790848517545788700,0x68,joint_2,q_actual,0.6981317007977318,
1790848517550462684,1790848517550744866,0x69,joint_3,q_actual,0.9546951008408983,
1790848517565469902,1790848517565755594,0x68,joint_2,q_actual,0.6981317007977318,
1790848517570455310,1790848517570740933,0x69,joint_3,q_actual,0.9546951008408983,
1790848517586204994,1790848517586459140,0x68,joint_2,q_leader,-0.8927768185494431,
1790848517586204994,1790848517586459140,0x69,joint_3,q_leader,-0.859029241215959,
1790848517588018842,1790848517588231552,0x68,joint_2,q_actual,0.6998770300497263,
1790848517590309450,1790848517590509785,0x69,joint_3,q_actual,0.9564404300928926,
1790848517600963805,1790848517601164807,0x68,joint_2,q_des,0.942648238386703,
1790848517600963805,1790848517601164807,0x69,joint_3,q_des,1.3221959914639543,
1790848517600963805,1790848517601320563,0x68,joint_2,q_filtered,0.942648238386703,
1790848517600963805,1790848517601320563,0x69,joint_3,q_filtered,1.3221959914639543,
1790848517600963805,1790848517601458779,0x68,joint_2,q_cmd,0.7182253934270808,0.04363323129985824
1790848517600963805,1790848517601458779,0x69,joint_3,q_cmd,0.9746795686714913,0.04363323129985824
1790848517607768782,1790848517607963112,0x68,joint_2,q_actual,0.6998770300497263,
1790848517610188205,1790848517610398941,0x69,joint_3,q_actual,0.9564404300928926,
1790848517625548059,1790848517625874366,0x68,joint_2,q_actual,0.7016223593017206,
1790848517630575971,1790848517630916008,0x69,joint_3,q_actual,0.9581857593448869,
1790848517636849148,1790848517637161815,0x68,joint_2,q_leader,-0.8927768185494431,
1790848517636849148,1790848517637161815,0x69,joint_3,q_leader,-0.859029241215959,
1790848517645451549,1790848517645707596,0x68,joint_2,q_actual,0.7016223593017206,
1790848517650601633,1790848517650938132,0x69,joint_3,q_actual,0.9599310885968813,
1790848517665617769,1790848517665954033,0x68,joint_2,q_actual,0.7033676885537148,
1790848517670599585,1790848517670940147,0x69,joint_3,q_actual,0.9599310885968813,
1790848517685598763,1790848517685937302,0x68,joint_2,q_actual,0.7033676885537148,
1790848517687156415,1790848517687449024,0x68,joint_2,q_leader,-0.8927768185494431,
1790848517687156415,1790848517687449024,0x69,joint_3,q_leader,-0.859029241215959,
1790848517690424858,1790848517690667472,0x69,joint_3,q_actual,0.9616764178488756,
1790848517705615380,1790848517705965065,0x68,joint_2,q_actual,0.7051130178057092,
1790848517710701545,1790848517711037501,0x69,joint_3,q_actual,0.9616764178488756,
1790848517725608737,1790848517725948851,0x68,joint_2,q_actual,0.7051130178057092,
1790848517730598313,1790848517730938988,0x69,joint_3,q_actual,0.9634217471008699,
1790848517737180146,1790848517737528878,0x68,joint_2,q_leader,-0.8927768185494431,
1790848517737180146,1790848517737528878,0x69,joint_3,q_leader,-0.859029241215959,
1790848517745445054,1790848517745698160,0x68,joint_2,q_actual,0.7068583470577035,
1790848517750602016,1790848517750931295,0x69,joint_3,q_actual,0.9634217471008699,
1790848517765628398,1790848517765962244,0x68,joint_2,q_actual,0.7068583470577035,
1790848517770596011,1790848517770934994,0x69,joint_3,q_actual,0.9651670763528641,
1790848517785623721,1790848517785970758,0x68,joint_2,q_actual,0.7086036763096979,
1790848517787140361,1790848517787422692,0x68,joint_2,q_leader,-0.8927768185494431,
1790848517787140361,1790848517787422692,0x69,joint_3,q_leader,-0.859029241215959,
1790848517790457359,1790848517790699957,0x69,joint_3,q_actual,0.9651670763528641,
1790848517801397080,1790848517801663863,0x68,joint_2,q_des,0.942648238386703,
1790848517801397080,1790848517801663863,0x69,joint_3,q_des,1.3221959914639543,
1790848517801397080,1790848517801836151,0x68,joint_2,q_filtered,0.942648238386703,
1790848517801397080,1790848517801836151,0x69,joint_3,q_filtered,1.3221959914639543,
1790848517801397080,1790848517802009396,0x68,joint_2,q_cmd,0.7269520396870525,0.043622503871737064
1790848517801397080,1790848517802009396,0x69,joint_3,q_cmd,0.983406214931463,0.04360825706898368
1790848517805420470,1790848517805663710,0x68,joint_2,q_actual,0.7086036763096979,
1790848517810450010,1790848517810716517,0x69,joint_3,q_actual,0.9669124056048586,
1790848517825424642,1790848517825704828,0x68,joint_2,q_actual,0.7103490055616922,
1790848517830415838,1790848517830670171,0x69,joint_3,q_actual,0.9669124056048586,
1790848517837026100,1790848517837370665,0x68,joint_2,q_leader,-0.8927768185494431,
1790848517837026100,1790848517837370665,0x69,joint_3,q_leader,-0.859029241215959,
1790848517845425296,1790848517845686978,0x68,joint_2,q_actual,0.7103490055616922,
1790848517850619191,1790848517850957176,0x69,joint_3,q_actual,0.9686577348568529,
1790848517865620893,1790848517865961814,0x68,joint_2,q_actual,0.7120943348136864,
1790848517870587175,1790848517870931179,0x69,joint_3,q_actual,0.9686577348568529,
1790848517885595847,1790848517885934927,0x68,joint_2,q_actual,0.7120943348136864,
1790848517887338361,1790848517887637605,0x68,joint_2,q_leader,-0.8927768185494431,
1790848517887338361,1790848517887637605,0x69,joint_3,q_leader,-0.8605632220038447,
1790848517890318467,1790848517890561998,0x69,joint_3,q_actual,0.9704030641088472,
1790848517905572345,1790848517905926088,0x68,joint_2,q_actual,0.7138396640656809,
1790848517910551583,1790848517910915286,0x69,joint_3,q_actual,0.9704030641088472,
1790848517925605913,1790848517925964934,0x68,joint_2,q_actual,0.7138396640656809,
1790848517930600573,1790848517930990130,0x69,joint_3,q_actual,0.9721483933608416,
1790848517937321281,1790848517937628870,0x68,joint_2,q_leader,-0.8927768185494431,
1790848517937321281,1790848517937628870,0x69,joint_3,q_leader,-0.8620972027917303,
1790848517945559775,1790848517945906491,0x68,joint_2,q_actual,0.7155849933176751,
1790848517950574560,1790848517950944502,0x69,joint_3,q_actual,0.9721483933608416,
1790848517965612411,1790848517965972924,0x68,joint_2,q_actual,0.7155849933176751,
1790848517970556026,1790848517970914443,0x69,joint_3,q_actual,0.9738937226128358,
1790848517985608221,1790848517985983284,0x68,joint_2,q_actual,0.7173303225696696,
1790848517987186379,1790848517987504696,0x68,joint_2,q_leader,-0.8927768185494431,
1790848517987186379,1790848517987504696,0x69,joint_3,q_leader,-0.8620972027917303,
1790848517990384413,1790848517990660692,0x69,joint_3,q_actual,0.9738937226128358,
1790848518001381997,1790848518001649680,0x68,joint_2,q_des,0.942648238386703,
1790848518001381997,1790848518001649680,0x69,joint_3,q_des,1.3252639530397254,
1790848518001381997,1790848518001760758,0x68,joint_2,q_filtered,0.942648238386703,
1790848518001381997,1790848518001760758,0x69,joint_3,q_filtered,1.3252639530397254,
1790848518001381997,1790848518001872391,0x68,joint_2,q_cmd,0.7356760395042813,0.04363323129985824
1790848518001381997,1790848518001872391,0x69,joint_3,q_cmd,0.9921328611914345,0.04363201243952415
1790848518005648897,1790848518005988859,0x68,joint_2,q_actual,0.7173303225696696,
1790848518010403018,1790848518010718984,0x69,joint_3,q_actual,0.9756390518648302,
1790848518025291407,1790848518025567329,0x68,joint_2,q_actual,0.7190756518216638,
1790848518030102618,1790848518030280729,0x69,joint_3,q_actual,0.9756390518648302,
1790848518035710282,1790848518035907054,0x68,joint_2,q_leader,-0.8927768185494431,
1790848518035710282,1790848518035907054,0x69,joint_3,q_leader,-0.8620972027917303,
1790848518045216598,1790848518045476694,0x68,joint_2,q_actual,0.7190756518216638,
1790848518050063552,1790848518050230611,0x69,joint_3,q_actual,0.9773843811168246,
1790848518065313840,1790848518065553868,0x68,joint_2,q_actual,0.7208209810736581,
1790848518070228275,1790848518070477912,0x69,joint_3,q_actual,0.9773843811168246,
1790848518085341908,1790848518085582824,0x68,joint_2,q_actual,0.7208209810736581,
1790848518086173685,1790848518086382584,0x68,joint_2,q_leader,-0.8927768185494431,
1790848518086173685,1790848518086382584,0x69,joint_3,q_leader,-0.863631183579616,
1790848518090206483,1790848518090464686,0x69,joint_3,q_actual,0.9791297103688189,
1790848518105324220,1790848518105563798,0x68,joint_2,q_actual,0.7225663103256525,
1790848518110211443,1790848518110467569,0x69,joint_3,q_actual,0.9791297103688189,
1790848518125318165,1790848518125558039,0x68,joint_2,q_actual,0.7225663103256525,
1790848518130240405,1790848518130514642,0x69,joint_3,q_actual,0.9808750396208132,
1790848518136106114,1790848518136312782,0x68,joint_2,q_leader,-0.8927768185494431,
1790848518136106114,1790848518136312782,0x69,joint_3,q_leader,-0.863631183579616,
1790848518145328256,1790848518145567098,0x68,joint_2,q_actual,0.7243116395776468,
1790848518150210189,1790848518150423239,0x69,joint_3,q_actual,0.9808750396208132,
1790848518165392383,1790848518165666318,0x68,joint_2,q_actual,0.7243116395776468,
1790848518170307035,1790848518170579757,0x69,joint_3,q_actual,0.9826203688728075,
1790848518185423442,1790848518185699764,0x68,joint_2,q_actual,0.7260569688296412,
1790848518186341015,1790848518186574847,0x68,joint_2,q_leader,-0.8927768185494431,
1790848518186341015,1790848518186574847,0x69,joint_3,q_leader,-0.863631183579616,
1790848518190316682,1790848518190595813,0x69,joint_3,q_actual,0.9826203688728075,
1790848518200841677,1790848518201014015,0x68,joint_2,q_des,0.942648238386703,
1790848518200841677,1790848518201014015,0x69,joint_3,q_des,1.326797933827611,
1790848518200841677,1790848518201114731,0x68,joint_2,q_filtered,0.942648238386703,
1790848518200841677,1790848518201114731,0x69,joint_3,q_filtered,1.326797933827611,
1790848518200841677,1790848518201198552,0x68,joint_2,q_cmd,0.7443870963088498,0.04363323129985824
1790848518200841677,1790848518201198552,0x69,joint_3,q_cmd,1.000846837102794,0.04363323129985824
1790848518205204902,1790848518205437189,0x68,joint_2,q_actual,0.7260569688296412,
1790848518210147741,1790848518210334675,0x69,joint_3,q_actual,0.9843656981248018,
1790848518225494410,1790848518225825930,0x68,joint_2,q_actual,0.7278022980816354,
1790848518230235906,1790848518230467437,0x69,joint_3,q_actual,0.9843656981248018,
1790848518235948111,1790848518236167361,0x68,joint_2,q_leader,-0.8927768185494431,
1790848518235948111,1790848518236167361,0x69,joint_3,q_leader,-0.863631183579616,
1790848518245204925,1790848518245432006,0x68,joint_2,q_actual,0.7278022980816354,
1790848518250373798,1790848518250663369,0x69,joint_3,q_actual,0.9861110273767962,
1790848518265423068,1790848518265698759,0x68,joint_2,q_actual,0.7278022980816354,
1790848518270394299,1790848518270669069,0x69,joint_3,q_actual,0.9861110273767962,
1790848518285428184,1790848518285723527,0x68,joint_2,q_actual,0.7295476273336297,
1790848518286574006,1790848518286792818,0x68,joint_2,q_leader,-0.8927768185494431,
1790848518286574006,1790848518286792818,0x69,joint_3,q_leader,-0.863631183579616,
1790848518290402583,1790848518290670917,0x69,joint_3,q_actual,0.9878563566287906,
1790848518305420672,1790848518305705998,0x68,joint_2,q_actual,0.7295476273336297,
1790848518310230491,1790848518310450016,0x69,joint_3,q_actual,0.9878563566287906,
1790848518324911818,1790848518325002694,0x68,joint_2,q_actual,0.7312929565856242,
1790848518329908130,1790848518329969006,0x69,joint_3,q_actual,0.9896016858807849,
1790848518335180276,1790848518335324518,0x68,joint_2,q_leader,-0.8927768185494431,
1790848518335180276,1790848518335324518,0x69,joint_3,q_leader,-0.863631183579616,
1790848518344926190,1790848518345060344,0x68,joint_2,q_actual,0.7330382858376184,
1790848518349903555,1790848518349994283,0x69,joint_3,q_actual,0.9896016858807849,
1790848518364909107,1790848518365037787,0x68,joint_2,q_actual,0.7330382858376184,
1790848518369891576,1790848518369988249,0x69,joint_3,q_actual,0.9913470151327791,
1790848518384936488,1790848518385045949,0x68,joint_2,q_actual,0.7347836150896129,
1790848518385163543,1790848518385283637,0x68,joint_2,q_leader,-0.8927768185494431,
1790848518385163543,1790848518385283637,0x69,joint_3,q_leader,-0.863631183579616,
1790848518389891192,1790848518389990266,0x69,joint_3,q_actual,0.9913470151327791,
1790848518400085018,1790848518400177859,0x68,joint_2,q_des,0.942648238386703,
1790848518400085018,1790848518400177859,0x69,joint_3,q_des,1.326797933827611,
1790848518400085018,1790848518400183938,0x68,joint_2,q_filtered,0.942648238386703,
1790848518400085018,1790848518400183938,0x69,joint_3,q_filtered,1.326797933827611,
1790848518400085018,1790848518400186338,0x68,joint_2,q_cmd,0.7530963707395325,0.04363323129985824
1790848518400085018,1790848518400186338,0x69,joint_3,q_cmd,1.0095568042110201,0.04363323129985824
1790848518405870722,1790848518405964854,0x68,joint_2,q_actual,0.7347836150896129,
1790848518410252947,1790848518410344413,0x69,joint_3,q_actual,0.9930923443847735,
1790848518425370932,1790848518425497314,0x68,joint_2,q_actual,0.7347836150896129,
1790848518430343295,1790848518430449720,0x69,joint_3,q_actual,0.9930923443847735,
1790848518434983095,1790848518435100909,0x68,joint_2,q_leader,-0.8927768185494431,
1790848518434983095,1790848518435100909,0x69,joint_3,q_leader,-0.863631183579616,
1790848518445229517,1790848518445340657,0x68,joint_2,q_actual,0.7365289443416071,
1790848518450542885,1790848518450686339,0x69,joint_3,q_actual,0.9948376736367679,
1790848518465716804,1790848518465860563,0x68,joint_2,q_actual,0.7382742735936013,
1790848518470549535,1790848518470691906,0x69,joint_3,q_actual,0.9948376736367679,
1790848518485492291,1790848518485635945,0x68,joint_2,q_leader,-0.8927768185494431,
1790848518485492291,1790848518485635945,0x69,joint_3,q_leader,-0.863631183579616,
1790848518485648310,1790848518485769682,0x68,joint_2,q_actual,0.7382742735936013,
1790848518490463773,1790848518490613791,0x69,joint_3,q_actual,0.9965830028887622,
1790848518505776203,1790848518505949692,0x68,joint_2,q_actual,0.7400196028455959,
1790848518510228158,1790848518510434673,0x69,joint_3,q_actual,0.9965830028887622,
1790848518526377405,1790848518526621390,0x68,joint_2,q_actual,0.7400196028455959,
1790848518530595188,1790848518530901507,0x69,joint_3,q_actual,0.9983283321407566,
1790848518536477758,1790848518536743689,0x68,joint_2,q_leader,-0.8912428377615575,
1790848518536477758,1790848518536743689,0x69,joint_3,q_leader,-0.863631183579616,
1790848518546749948,1790848518547045539,0x68,joint_2,q_actual,0.7417649320975901,
1790848518551743753,1790848518552044136,0x69,joint_3,q_actual,0.9983283321407566,
1790848518566776268,1790848518567075376,0x68,joint_2,q_actual,0.7417649320975901,
1790848518571468866,1790848518571698533,0x69,joint_3,q_actual,1.0000736613927508,
1790848518585596480,1790848518585910732,0x68,joint_2,q_actual,0.7435102613495845,
1790848518586683592,1790848518586934950,0x68,joint_2,q_leader,-0.8912428377615575,
1790848518586683592,1790848518586934950,0x69,joint_3,q_leader,-0.863631183579616,
1790848518590298071,1790848518590534069,0x69,joint_3,q_actual,1.0000736613927508,
1790848518601158822,1790848518601453653,0x68,joint_2,q_des,0.9411142575988174,
1790848518601158822,1790848518601453653,0x69,joint_3,q_des,1.326797933827611,
1790848518601158822,1790848518601473231,0x68,joint_2,q_filtered,0.9411142575988174,
1790848518601158822,1790848518601473231,0x69,joint_3,q_filtered,1.326797933827611,
1790848518601158822,1790848518601645164,0x68,joint_2,q_cmd,0.7618230169995042,0.04352274098777541
1790848518601158822,1790848518601645164,0x69,joint_3,q_cmd,1.0182834504709917,0.04351109804084821
1790848518605303218,1790848518605532232,0x68,joint_2,q_actual,0.7435102613495845,
1790848518610467154,1790848518610778185,0x69,joint_3,q_actual,1.0018189906447452,
1790848518625110494,1790848518625256130,0x68,joint_2,q_actual,0.7452555906015788,
1790848518630057429,1790848518630123503,0x69,joint_3,q_actual,1.0018189906447452,
1790848518635197088,1790848518635357331,0x68,joint_2,q_leader,-0.8912428377615575,
1790848518635197088,1790848518635357331,0x69,joint_3,q_leader,-0.863631183579616,
1790848518645034274,1790848518645138094,0x68,joint_2,q_actual,0.7452555906015788,
1790848518650001992,1790848518650154327,0x69,joint_3,q_actual,1.0035643198967394,
1790848518666609492,1790848518666779183,0x68,joint_2,q_actual,0.747000919853573,
1790848518670605212,1790848518670727656,0x69,joint_3,q_actual,1.0035643198967394,
1790848518686051011,1790848518686280519,0x68,joint_2,q_leader,-0.8912428377615575,
1790848518686051011,1790848518686280519,0x69,joint_3,q_leader,-0.863631183579616,
1790848518686369342,1790848518686557550,0x68,joint_2,q_actual,0.747000919853573,
1790848518691277819,1790848518691535491,0x69,joint_3,q_actual,1.0053096491487339,
1790848518706279698,1790848518706519834,0x68,joint_2,q_actual,0.7487462491055675,
1790848518711282825,1790848518711514773,0x69,joint_3,q_actual,1.0053096491487339,
1790848518725362442,1790848518725613414,0x68,joint_2,q_actual,0.7487462491055675,
1790848518731315784,1790848518731553431,0x69,joint_3,q_actual,1.007054978400728,
1790848518735985876,1790848518736212470,0x68,joint_2,q_leader,-0.8912428377615575,
1790848518735985876,1790848518736212470,0x69,joint_3,q_leader,-0.863631183579616,
1790848518747839077,1790848518748075765,0x68,joint_2,q_actual,0.7504915783575618,
1790848518750088364,1790848518750275748,0x69,joint_3,q_actual,1.007054978400728,
1790848518765345601,1790848518765600431,0x68,joint_2,q_actual,0.7504915783575618,
1790848518770320326,1790848518770568173,0x69,joint_3,q_actual,1.0088003076527223,
1790848518785371110,1790848518785602563,0x68,joint_2,q_actual,0.7522369076095562,
1790848518786114761,1790848518786329053,0x68,joint_2,q_leader,-0.8912428377615575,
1790848518786114761,1790848518786329053,0x69,joint_3,q_leader,-0.863631183579616,
1790848518790343510,1790848518790596038,0x69,joint_3,q_actual,1.0088003076527223,
1790848518800907552,1790848518801122595,0x68,joint_2,q_des,0.9411142575988174,
1790848518800907552,1790848518801122595,0x69,joint_3,q_des,1.326797933827611,
1790848518800907552,1790848518801137346,0x68,joint_2,q_filtered,0.9411142575988174,
1790848518800907552,1790848518801137346,0x69,joint_3,q_filtered,1.326797933827611,
1790848518800907552,1790848518801220682,0x68,joint_2,q_cmd,0.7705415699059186,0.04363323129985824
1790848518800907552,1790848518801220682,0x69,joint_3,q_cmd,1.0270037941725159,0.04363323129985824
1790848518805303490,1790848518805558065,0x68,joint_2,q_actual,0.7522369076095562,
1790848518810330757,1790848518810579778,0x69,joint_3,q_actual,1.0105456369047168,
1790848518825322917,1790848518825586782,0x68,joint_2,q_actual,0.7539822368615504,
1790848518830186343,1790848518830388971,0x69,joint_3,q_actual,1.0105456369047168,
1790848518835556665,1790848518835775108,0x68,joint_2,q_leader,-0.8897088569736719,
1790848518835556665,1790848518835775108,0x69,joint_3,q_leader,-0.863631183579616,
1790848518845179626,1790848518845406473,0x68,joint_2,q_actual,0.7539822368615504,
1790848518850330399,1790848518850581308,0x69,joint_3,q_actual,1.0122909661567112,
1790848518865343940,1790848518865595261,0x68,joint_2,q_actual,0.7557275661135446,
1790848518870341668,1790848518870592009,0x69,joint_3,q_actual,1.0122909661567112,
1790848518886282034,1790848518886500276,0x68,joint_2,q_leader,-0.8897088569736719,
1790848518886282034,1790848518886500276,0x69,joint_3,q_leader,-0.863631183579616,
1790848518886513902,1790848518886714715,0x68,joint_2,q_actual,0.7557275661135446,
1790848518890166819,1790848518890328250,0x69,joint_3,q_actual,1.0140362954087054,
1790848518905159847,1790848518905390961,0x68,joint_2,q_actual,0.7574728953655391,
1790848518910128063,1790848518910277979,0x69,joint_3,q_actual,1.0140362954087054,
1790848518925362110,1790848518925614038,0x68,joint_2,q_actual,0.7574728953655391,
1790848518930358254,1790848518930610936,0x69,joint_3,q_actual,1.0157816246606999,
1790848518936109223,1790848518936319327,0x68,joint_2,q_leader,-0.8897088569736719,
1790848518936109223,1790848518936319327,0x69,joint_3,q_leader,-0.863631183579616,
1790848518945364737,1790848518945613702,0x68,joint_2,q_actual,0.7592182246175333,
1790848518950328898,1790848518950582690,0x69,joint_3,q_actual,1.0157816246606999,
1790848518965364738,1790848518965615489,0x68,joint_2,q_actual,0.7592182246175333,
1790848518970303567,1790848518970551797,0x69,joint_3,q_actual,1.017526953912694,
1790848518985383045,1790848518985635697,0x68,joint_2,q_actual,0.7609635538695279,
1790848518986142877,1790848518986349107,0x68,joint_2,q_leader,-0.8897088569736719,
1790848518986142877,1790848518986349107,0x69,joint_3,q_leader,-0.863631183579616,
1790848518990339452,1790848518990590806,0x69,joint_3,q_actual,1.017526953912694,
1790848519000892495,1790848519001102138,0x68,joint_2,q_des,0.9395802768109317,
1790848519000892495,1790848519001102138,0x69,joint_3,q_des,1.326797933827611,
1790848519000892495,1790848519001119850,0x68,joint_2,q_filtered,0.9395802768109317,
1790848519000892495,1790848519001119850,0x69,joint_3,q_filtered,1.326797933827611,
1790848519000892495,1790848519001279245,0x68,joint_2,q_cmd,0.7792653416522585,0.04363323129985824
1790848519000892495,1790848519001279245,0x69,joint_3,q_cmd,1.03572939022425,0.04363323129985824
1790848519005284887,1790848519005541140,0x68,joint_2,q_actual,0.7609635538695279,
1790848519010327163,1790848519010576756,0x69,joint_3,q_actual,1.0192722831646885,
1790848519025358724,1790848519025609495,0x68,joint_2,q_actual,0.7627088831215221,
1790848519030370256,1790848519030613910,0x69,joint_3,q_actual,1.0192722831646885,
1790848519036120187,1790848519036343851,0x68,joint_2,q_leader,-0.8897088569736719,
1790848519036120187,1790848519036343851,0x69,joint_3,q_leader,-0.863631183579616,
1790848519045173198,1790848519045426919,0x68,joint_2,q_actual,0.7627088831215221,
1790848519050185404,1790848519050408703,0x69,joint_3,q_actual,1.0210176124166828,
1790848519065321783,1790848519065570901,0x68,joint_2,q_actual,0.7644542123735163,
1790848519070224042,1790848519070491568,0x69,joint_3,q_actual,1.0210176124166828,
1790848519085344110,1790848519085622490,0x68,joint_2,q_actual,0.7644542123735163,
1790848519086388487,1790848519086588075,0x68,joint_2,q_leader,-0.8897088569736719,
1790848519086388487,1790848519086588075,0x69,joint_3,q_leader,-0.863631183579616,
1790848519090331870,1790848519090580842,0x69,joint_3,q_actual,1.0227629416686772,
1790848519105363945,1790848519105613128,0x68,joint_2,q_actual,0.7661995416255107,
1790848519110330219,1790848519110581284,0x69,joint_3,q_actual,1.0227629416686772,
1790848519125358896,1790848519125608246,0x68,joint_2,q_actual,0.7661995416255107,
1790848519130352277,1790848519130609665,0x69,joint_3,q_actual,1.0245082709206714,
1790848519136144747,1790848519136373698,0x68,joint_2,q_leader,-0.8897088569736719,
1790848519136144747,1790848519136373698,0x69,joint_3,q_leader,-0.863631183579616,
1790848519145363282,1790848519145618279,0x68,joint_2,q_actual,0.767944870877505,
1790848519150239543,1790848519150511541,0x69,joint_3,q_actual,1.0245082709206714,
1790848519165356696,1790848519165605343,0x68,joint_2,q_actual,0.767944870877505,
1790848519170371207,1790848519170626328,0x69,joint_3,q_actual,1.0262536001726656,
1790848519185475173,1790848519185838776,0x68,joint_2,q_actual,0.7696902001294995,
1790848519186814698,1790848519187109761,0x68,joint_2,q_leader,-0.8897088569736719,
1790848519186814698,1790848519187109761,0x69,joint_3,q_leader,-0.863631183579616,
1790848519190404709,1790848519190696247,0x69,joint_3,q_actual,1.0262536001726656,
1790848519201510763,1790848519201829566,0x68,joint_2,q_des,0.9395802768109317,
1790848519201510763,1790848519201829566,0x69,joint_3,q_des,1.326797933827611,
1790848519201510763,1790848519201858368,0x68,joint_2,q_filtered,0.9395802768109317,
1790848519201510763,1790848519201858368,0x69,joint_3,q_filtered,1.326797933827611,
1790848519201510763,1790848519202086271,0x68,joint_2,q_cmd,0.78799198791223,0.04358664632807577
1790848519201510763,1790848519202086271,0x69,joint_3,q_cmd,1.0444560364842217,0.04357183618612889
1790848519208590641,1790848519208864540,0x68,joint_2,q_actual,0.7696902001294995,
1790848519209873333,1790848519209993359,0x69,joint_3,q_actual,1.02799892942466,
1790848519225108386,1790848519225246641,0x68,joint_2,q_actual,0.7714355293814937,
1790848519230052442,1790848519230151916,0x69,joint_3,q_actual,1.02799892942466,
1790848519235401702,1790848519235518273,0x68,joint_2,q_leader,-0.8897088569736719,
1790848519235401702,1790848519235518273,0x69,joint_3,q_leader,-0.863631183579616,
1790848519244904161,1790848519245021512,0x68,joint_2,q_actual,0.7714355293814937,
1790848519249944270,1790848519250058299,0x69,joint_3,q_actual,1.0297442586766545,
1790848519265197510,1790848519265409012,0x68,joint_2,q_actual,0.773180858633488,
1790848519270232858,1790848519270465169,0x69,joint_3,q_actual,1.0297442586766545,
1790848519285529691,1790848519285835541,0x68,joint_2,q_actual,0.773180858633488,
1790848519286489436,1790848519286753954,0x68,joint_2,q_leader,-0.8897088569736719,
1790848519286489436,1790848519286753954,0x69,joint_3,q_leader,-0.863631183579616,
1790848519290433266,1790848519290712142,0x69,joint_3,q_actual,1.0297442586766545,
1790848519305613877,1790848519305986616,0x68,joint_2,q_actual,0.7749261878854824,
1790848519312241986,1790848519312619737,0x69,joint_3,q_actual,1.0314895879286488,
1790848519325594650,1790848519325958127,0x68,joint_2,q_actual,0.7749261878854824,
1790848519330687930,1790848519331055915,0x69,joint_3,q_actual,1.0314895879286488,
1790848519337117760,1790848519337459911,0x68,joint_2,q_leader,-0.8897088569736719,
1790848519337117760,1790848519337459911,0x69,joint_3,q_leader,-0.863631183579616,
1790848519345636254,1790848519346003811,0x68,joint_2,q_actual,0.7766715171374766,
1790848519350606418,1790848519350978633,0x69,joint_3,q_actual,1.0332349171806432,
1790848519365635534,1790848519366002460,0x68,joint_2,q_actual,0.7766715171374766,
1790848519370590161,1790848519370942535,0x69,joint_3,q_actual,1.0332349171806432,
1790848519385447286,1790848519385713595,0x68,joint_2,q_actual,0.7784168463894712,
1790848519386977839,1790848519387334371,0x68,joint_2,q_leader,-0.8897088569736719,
1790848519386977839,1790848519387334371,0x69,joint_3,q_leader,-0.863631183579616,
1790848519390456370,1790848519390700681,0x69,joint_3,q_actual,1.0349802464326374,
1790848519401215547,1790848519401566895,0x68,joint_2,q_des,0.9395802768109317,
1790848519401215547,1790848519401566895,0x69,joint_3,q_des,1.326797933827611,
1790848519401215547,1790848519401590386,0x68,joint_2,q_filtered,0.9395802768109317,
1790848519401215547,1790848519401590386,0x69,joint_3,q_filtered,1.326797933827611,
1790848519401215547,1790848519401798298,0x68,joint_2,q_cmd,0.7967079309842202,0.04363323129985824
1790848519401215547,1790848519401798298,0x69,joint_3,q_cmd,1.053174845430468,0.04363323129985824
1790848519405428580,1790848519405701167,0x68,joint_2,q_actual,0.7784168463894712,
1790848519410622160,1790848519410984714,0x69,joint_3,q_actual,1.0349802464326374,
1790848519425599785,1790848519425964757,0x68,joint_2,q_actual,0.7801621756414654,
1790848519430682945,1790848519431055919,0x69,joint_3,q_actual,1.0367255756846316,
1790848519437186629,1790848519437529231,0x68,joint_2,q_leader,-0.8897088569736719,
1790848519437186629,1790848519437529231,0x69,joint_3,q_leader,-0.863631183579616,
1790848519445406656,1790848519445691594,0x68,joint_2,q_actual,0.7801621756414654,
1790848519450446833,1790848519450728410,0x69,joint_3,q_actual,1.0367255756846316,
1790848519470201198,1790848519470537494,0x68,joint_2,q_actual,0.7819075048934596,
1790848519473117208,1790848519473440451,0x69,joint_3,q_actual,1.038470904936626,
1790848519485604375,1790848519486000491,0x68,joint_2,q_actual,0.7819075048934596,
1790848519487189285,1790848519487540218,0x68,joint_2,q_leader,-0.8897088569736719,
1790848519487189285,1790848519487540218,0x69,joint_3,q_leader,-0.863631183579616,
1790848519490348601,1790848519490593799,0x69,joint_3,q_actual,1.038470904936626,
1790848519505412502,1790848519505710851,0x68,joint_2,q_actual,0.7836528341454541,
1790848519510395334,1790848519510685474,0x69,joint_3,q_actual,1.0402162341886205,
1790848519525475594,1790848519525767828,0x68,joint_2,q_actual,0.7836528341454541,
1790848519530463215,1790848519530753745,0x69,joint_3,q_actual,1.0419615634406147,
1790848519536265650,1790848519536521266,0x68,joint_2,q_leader,-0.8897088569736719,
1790848519536265650,1790848519536521266,0x69,joint_3,q_leader,-0.863631183579616,
1790848519545442368,1790848519545737637,0x68,joint_2,q_actual,0.7853981633974483,
1790848519550427174,1790848519550721097,0x69,joint_3,q_actual,1.0419615634406147,
1790848519565299928,1790848519565558032,0x68,joint_2,q_actual,0.7853981633974483,
1790848519570423874,1790848519570716313,0x69,joint_3,q_actual,1.0419615634406147,
1790848519586711306,1790848519586958637,0x68,joint_2,q_leader,-0.8897088569736719,
1790848519586711306,1790848519586958637,0x69,joint_3,q_leader,-0.863631183579616,
1790848519588818913,1790848519589009717,0x68,joint_2,q_actual,0.7871434926494427,
1790848519591983479,1790848519592209551,0x69,joint_3,q_actual,1.043706892692609,
1790848519601086789,1790848519601343178,0x68,joint_2,q_des,0.9395802768109317,
1790848519601086789,1790848519601343178,0x69,joint_3,q_des,1.326797933827611,
1790848519601086789,1790848519601393900,0x68,joint_2,q_filtered,0.9395802768109317,
1790848519601086789,1790848519601393900,0x69,joint_3,q_filtered,1.326797933827611,
1790848519601086789,1790848519601530841,0x68,joint_2,q_cmd,0.8054282799217164,0.04363323129985824
1790848519601086789,1790848519601530841,0x69,joint_3,q_cmd,1.0618973816582005,0.04363323129985824
1790848519606617517,1790848519606887000,0x68,joint_2,q_actual,0.7871434926494427,
1790848519611611173,1790848519611886639,0x69,joint_3,q_actual,1.043706892692609,
1790848519626768741,1790848519627046808,0x68,joint_2,q_actual,0.788888821901437,
1790848519631662792,1790848519631937177,0x69,joint_3,q_actual,1.0454522219446034,
1790848519636325391,1790848519636582723,0x68,joint_2,q_leader,-0.8897088569736719,
1790848519636325391,1790848519636582723,0x69,joint_3,q_leader,-0.863631183579616,
1790848519645462047,1790848519645739499,0x68,joint_2,q_actual,0.788888821901437,
1790848519651356296,1790848519651557784,0x69,joint_3,q_actual,1.0471975511965976,
1790848519667152897,1790848519667482772,0x68,joint_2,q_actual,0.7906341511534313,
1790848519670233297,1790848519670470342,0x69,joint_3,q_actual,1.0471975511965976,
1790848519685462036,1790848519685731049,0x68,joint_2,q_actual,0.7906341511534313,
1790848519686316556,1790848519686560518,0x68,joint_2,q_leader,-0.8897088569736719,
1790848519686316556,1790848519686560518,0x69,joint_3,q_leader,-0.863631183579616,
1790848519690240900,1790848519690492005,0x69,joint_3,q_actual,1.048942880448592,
1790848519705413979,1790848519705702922,0x68,joint_2,q_actual,0.7923794804054257,
1790848519710420259,1790848519710702593,0x69,joint_3,q_actual,1.048942880448592,
1790848519725312255,1790848519725592245,0x68,joint_2,q_actual,0.7941248096574199,
1790848519730465760,1790848519730756612,0x69,joint_3,q_actual,1.0506882097005865,
1790848519736598206,1790848519736850298,0x68,joint_2,q_leader,-0.8897088569736719,
1790848519736598206,1790848519736850298,0x69,joint_3,q_leader,-0.863631183579616,
1790848519745432157,1790848519745723721,0x68,joint_2,q_actual,0.7941248096574199,
1790848519750419468,1790848519750712379,0x69,joint_3,q_actual,1.0506882097005865,
1790848519765441052,1790848519765733559,0x68,joint_2,q_actual,0.7941248096574199,
1790848519770421816,1790848519770712116,0x69,joint_3,q_actual,1.0524335389525807,
1790848519785475123,1790848519785753791,0x68,joint_2,q_actual,0.7958701389094144,
1790848519786423487,1790848519786669800,0x68,joint_2,q_leader,-0.8897088569736719,
1790848519786423487,1790848519786669800,0x69,joint_3,q_leader,-0.863631183579616,
1790848519790426774,1790848519790719833,0x69,joint_3,q_actual,1.0524335389525807,
1790848519801100802,1790848519801364261,0x68,joint_2,q_des,0.9395802768109317,
1790848519801100802,1790848519801364261,0x69,joint_3,q_des,1.326797933827611,
1790848519801100802,1790848519801392791,0x68,joint_2,q_filtered,0.9395802768109317,
1790848519801100802,1790848519801392791,0x69,joint_3,q_filtered,1.326797933827611,
1790848519801100802,1790848519801496536,0x68,joint_2,q_cmd,0.8141522179106555,0.04363323129985824
1790848519801100802,1790848519801496536,0x69,joint_3,q_cmd,1.070623498734336,0.04363323129985824
1790848519805442390,1790848519805733159,0x68,joint_2,q_actual,0.7958701389094144,
1790848519810425565,1790848519810707228,0x69,joint_3,q_actual,1.054178868204575,
1790848519825419505,1790848519825705907,0x68,joint_2,q_actual,0.7976154681614086,
1790848519830460126,1790848519830761395,0x69,joint_3,q_actual,1.054178868204575,
1790848519836577571,1790848519836825107,0x68,joint_2,q_leader,-0.8897088569736719,
1790848519836577571,1790848519836825107,0x69,joint_3,q_leader,-0.863631183579616,
1790848519845425933,1790848519845712444,0x68,joint_2,q_actual,0.7976154681614086,
1790848519850423869,1790848519850716441,0x69,joint_3,q_actual,1.0559241974565694,
1790848519865300565,1790848519865564163,0x68,joint_2,q_actual,0.7993607974134029,
1790848519870231930,1790848519870461909,0x69,joint_3,q_actual,1.0559241974565694,
1790848519885329955,1790848519885617707,0x68,joint_2,q_actual,0.7993607974134029,
1790848519886168988,1790848519886433244,0x68,joint_2,q_leader,-0.8881748761857863,
1790848519886168988,1790848519886433244,0x69,joint_3,q_leader,-0.863631183579616,
1790848519890193482,1790848519890478381,0x69,joint_3,q_actual,1.0576695267085636,
1790848519905415499,1790848519905702635,0x68,joint_2,q_actual,0.8011061266653974,
1790848519910227296,1790848519910481269,0x69,joint_3,q_actual,1.0576695267085636,
1790848519925216120,1790848519925473199,0x68,joint_2,q_actual,0.8011061266653974,
1790848519930228970,1790848519930484760,0x69,joint_3,q_actual,1.059414855960558,
1790848519936120707,1790848519936351435,0x68,joint_2,q_leader,-0.8881748761857863,
1790848519936120707,1790848519936351435,0x69,joint_3,q_leader,-0.863631183579616,
1790848519945034962,1790848519945179966,0x68,joint_2,q_actual,0.8028514559173916,
1790848519949979176,1790848519950109546,0x69,joint_3,q_actual,1.059414855960558,
1790848519965695402,1790848519965807806,0x68,joint_2,q_actual,0.8028514559173916,
1790848519970220654,1790848519970337911,0x69,joint_3,q_actual,1.0611601852125523,
1790848519985548847,1790848519985679703,0x68,joint_2,q_leader,-0.8881748761857863,
1790848519985548847,1790848519985679703,0x69,joint_3,q_leader,-0.863631183579616,
1790848519985631958,1790848519985707495,0x68,joint_2,q_actual,0.804596785169386,
1790848519990368887,1790848519990509821,0x69,joint_3,q_actual,1.0611601852125523,
1790848520000427664,1790848520000588639,0x68,joint_2,q_des,0.9380462960230461,
1790848520000427664,1790848520000588639,0x69,joint_3,q_des,1.326797933827611,
1790848520000427664,1790848520000684779,0x68,joint_2,q_filtered,0.9380462960230461,
1790848520000427664,1790848520000684779,0x69,joint_3,q_filtered,1.326797933827611,
1790848520000427664,1790848520000691685,0x68,joint_2,q_cmd,0.8228647821124576,0.04363323129985824
1790848520000427664,1790848520000691685,0x69,joint_3,q_cmd,1.0793368469816538,0.04363323129985824
1790848520005581064,1790848520005720130,0x68,joint_2,q_actual,0.804596785169386,
1790848520010369841,1790848520010510241,0x69,joint_3,q_actual,1.0611601852125523,
1790848520025640171,1790848520025792291,0x68,joint_2,q_actual,0.8063421144213803,
1790848520030698719,1790848520030853332,0x69,joint_3,q_actual,1.0629055144645467,
1790848520035602466,1790848520035737139,0x68,joint_2,q_leader,-0.8881748761857863,
1790848520035602466,1790848520035737139,0x69,joint_3,q_leader,-0.863631183579616,
1790848520045932909,1790848520046124738,0x68,joint_2,q_actual,0.8063421144213803,
1790848520050255068,1790848520050480452,0x69,joint_3,q_actual,1.0629055144645467,
1790848520065421470,1790848520065747211,0x68,joint_2,q_actual,0.8080874436733745,
1790848520070408044,1790848520070696494,0x69,joint_3,q_actual,1.064650843716541,
1790848520085596752,1790848520086011031,0x68,joint_2,q_actual,0.8080874436733745,
1790848520087157813,1790848520087464603,0x68,joint_2,q_leader,-0.8881748761857863,
1790848520087157813,1790848520087464603,0x69,joint_3,q_leader,-0.863631183579616,
1790848520090379146,1790848520090660913,0x69,joint_3,q_actual,1.0663961729685354,
1790848520105176090,1790848520105336663,0x68,joint_2,q_actual,0.809832772925369,
1790848520109984726,1790848520110130811,0x69,joint_3,q_actual,1.0663961729685354,
1790848520125145870,1790848520125303356,0x68,joint_2,q_actual,0.809832772925369,
1790848520130159072,1790848520130341405,0x69,joint_3,q_actual,1.0681415022205298,
1790848520135628616,1790848520135745077,0x68,joint_2,q_leader,-0.8866408953979006,
1790848520135628616,1790848520135745077,0x69,joint_3,q_leader,-0.863631183579616,
1790848520145182118,1790848520145379167,0x68,joint_2,q_actual,0.8115781021773633,
1790848520150211153,1790848520150426009,0x69,joint_3,q_actual,1.0681415022205298,
1790848520165421535,1790848520165709927,0x68,joint_2,q_actual,0.8115781021773633,
1790848520170553732,1790848520170904147,0x69,joint_3,q_actual,1.069886831472524,
1790848520185559765,1790848520185953604,0x68,joint_2,q_actual,0.8133234314293577,
1790848520187129899,1790848520187399544,0x68,joint_2,q_leader,-0.885106914610015,
1790848520187129899,1790848520187399544,0x69,joint_3,q_leader,-0.863631183579616,
1790848520190372352,1790848520190640522,0x69,joint_3,q_actual,1.069886831472524,
1790848520201512544,1790848520201796093,0x68,joint_2,q_des,0.9349783344472749,
1790848520201512544,1790848520201796093,0x69,joint_3,q_des,1.326797933827611,
1790848520201512544,1790848520201821408,0x68,joint_2,q_filtered,0.9349783344472749,
1790848520201512544,1790848520201821408,0x69,joint_3,q_filtered,1.326797933827611,
1790848520201512544,1790848520202007232,0x68,joint_2,q_cmd,0.8315914283724293,0.043552766257759216
1790848520201512544,1790848520202007232,0x69,joint_3,q_cmd,1.0880634932416255,0.04353908651544187
1790848520205395117,1790848520205656509,0x68,joint_2,q_actual,0.8133234314293577,
1790848520210552271,1790848520210892432,0x69,joint_3,q_actual,1.0716321607245183,
1790848520225564200,1790848520225900882,0x68,joint_2,q_actual,0.8150687606813519,
1790848520230582694,1790848520230927504,0x69,joint_3,q_actual,1.0716321607245183,
1790848520237239285,1790848520237526989,0x68,joint_2,q_leader,-0.8835729338221293,
1790848520237239285,1790848520237526989,0x69,joint_3,q_leader,-0.863631183579616,
1790848520245579384,1790848520245930411,0x68,joint_2,q_actual,0.8150687606813519,
1790848520250561952,1790848520250916063,0x69,joint_3,q_actual,1.0733774899765127,
1790848520265588474,1790848520265932481,0x68,joint_2,q_actual,0.8168140899333461,
1790848520270377987,1790848520270607811,0x69,joint_3,q_actual,1.0733774899765127,
1790848520285646089,1790848520285992788,0x68,joint_2,q_actual,0.8168140899333461,
1790848520286779019,1790848520287029628,0x68,joint_2,q_leader,-0.8835729338221293,
1790848520286779019,1790848520287029628,0x69,joint_3,q_leader,-0.863631183579616,
1790848520290390206,1790848520290653133,0x69,joint_3,q_actual,1.075122819228507,
1790848520305401235,1790848520305754933,0x68,joint_2,q_actual,0.8185594191853407,
1790848520310384423,1790848520310668616,0x69,joint_3,q_actual,1.075122819228507,
1790848520325560144,1790848520325908951,0x68,joint_2,q_actual,0.8185594191853407,
1790848520330586503,1790848520330939083,0x69,joint_3,q_actual,1.0768681484805014,
1790848520336704814,1790848520336999249,0x68,joint_2,q_leader,-0.8835729338221293,
1790848520336704814,1790848520336999249,0x69,joint_3,q_leader,-0.863631183579616,
1790848520345566055,1790848520345912861,0x68,joint_2,q_actual,0.8203047484373349,
1790848520350544269,1790848520350895203,0x69,joint_3,q_actual,1.0768681484805014,
1790848520365420129,1790848520365758277,0x68,joint_2,q_actual,0.8203047484373349,
1790848520370574118,1790848520370921862,0x69,joint_3,q_actual,1.0786134777324956,
1790848520385558620,1790848520385956824,0x68,joint_2,q_actual,0.8220500776893294,
1790848520387036512,1790848520387317979,0x68,joint_2,q_leader,-0.8835729338221293,
1790848520387036512,1790848520387317979,0x69,joint_3,q_leader,-0.863631183579616,
1790848520390349782,1790848520390612252,0x69,joint_3,q_actual,1.0786134777324956,
1790848520401445806,1790848520401750587,0x68,joint_2,q_des,0.9334443536593892,
1790848520401445806,1790848520401750587,0x69,joint_3,q_des,1.326797933827611,
1790848520401445806,1790848520401784280,0x68,joint_2,q_filtered,0.9334443536593892,
1790848520401445806,1790848520401784280,0x69,joint_3,q_filtered,1.326797933827611,
1790848520401445806,1790848520401991033,0x68,joint_2,q_cmd,0.8403093343289592,0.04363323129985824
1790848520401445806,1790848520401991033,0x69,joint_3,q_cmd,1.0967843597565141,0.04363323129985824
1790848520405432326,1790848520405720044,0x68,joint_2,q_actual,0.8220500776893294,
1790848520410426605,1790848520410703566,0x69,joint_3,q_actual,1.08035880698449,
1790848520425423135,1790848520425701709,0x68,joint_2,q_actual,0.8237954069413236,
1790848520430467661,1790848520430749010,0x69,joint_3,q_actual,1.08035880698449,
1790848520436781749,1790848520437072202,0x68,joint_2,q_leader,-0.8835729338221293,
1790848520436781749,1790848520437072202,0x69,joint_3,q_leader,-0.863631183579616,
1790848520445577851,1790848520445909545,0x68,joint_2,q_actual,0.8237954069413236,
1790848520450460753,1790848520450711047,0x69,joint_3,q_actual,1.0821041362364843,
1790848520465580341,1790848520465932873,0x68,joint_2,q_actual,0.8255407361933178,
1790848520470678268,1790848520471029507,0x69,joint_3,q_actual,1.0821041362364843,
1790848520485510279,1790848520485834152,0x68,joint_2,q_actual,0.8255407361933178,
1790848520486749608,1790848520487017510,0x68,joint_2,q_leader,-0.8835729338221293,
1790848520486749608,1790848520487017510,0x69,joint_3,q_leader,-0.8651651643675016,
1790848520490459208,1790848520490727276,0x69,joint_3,q_actual,1.0838494654884787,
1790848520505422864,1790848520505730442,0x68,joint_2,q_actual,0.8272860654453124,
1790848520510439130,1790848520510735809,0x69,joint_3,q_actual,1.0838494654884787,
1790848520525427788,1790848520525736724,0x68,joint_2,q_actual,0.8272860654453124,
1790848520530510271,1790848520530756484,0x69,joint_3,q_actual,1.085594794740473,
1790848520536651544,1790848520536938666,0x68,joint_2,q_leader,-0.8835729338221293,
1790848520536651544,1790848520536938666,0x69,joint_3,q_leader,-0.8651651643675016,
1790848520545574440,1790848520545940416,0x68,joint_2,q_actual,0.8290313946973066,
1790848520550592594,1790848520550963904,0x69,joint_3,q_actual,1.085594794740473,
1790848520565476817,1790848520565797433,0x68,joint_2,q_actual,0.8290313946973066,
1790848520570659859,1790848520571000378,0x69,joint_3,q_actual,1.0873401239924672,
1790848520585668215,1790848520586022727,0x68,joint_2,q_actual,0.830776723949301,
1790848520586874409,1790848520587138193,0x68,joint_2,q_leader,-0.8835729338221293,
1790848520586874409,1790848520587138193,0x69,joint_3,q_leader,-0.8666991451553873,
1790848520590422542,1790848520590696174,0x69,joint_3,q_actual,1.0873401239924672,
1790848520601604356,1790848520601902569,0x68,joint_2,q_des,0.9334443536593892,
1790848520601604356,1790848520601902569,0x69,joint_3,q_des,1.3298658954033824,
1790848520601604356,1790848520601926388,0x68,joint_2,q_filtered,0.9334443536593892,
1790848520601604356,1790848520601926388,0x69,joint_3,q_filtered,1.3298658954033824,
1790848520601604356,1790848520602127282,0x68,joint_2,q_cmd,0.8490359805889308,0.04362335737104952
1790848520601604356,1790848520602127282,0x69,joint_3,q_cmd,1.1055110060164859,0.043608181452200266
1790848520605429468,1790848520605712037,0x68,joint_2,q_actual,0.830776723949301,
1790848520610577689,1790848520610948114,0x69,joint_3,q_actual,1.0890854532444616,
1790848520625611007,1790848520625975488,0x68,joint_2,q_actual,0.8325220532012952,
1790848520630678775,1790848520631044259,0x69,joint_3,q_actual,1.0890854532444616,
1790848520636834858,1790848520637146420,0x68,joint_2,q_leader,-0.8835729338221293,
1790848520636834858,1790848520637146420,0x69,joint_3,q_leader,-0.8713010875190442,
1790848520645619430,1790848520645984875,0x68,joint_2,q_actual,0.8325220532012952,
1790848520650599501,1790848520650958263,0x69,joint_3,q_actual,1.090830782496456,
1790848520665643671,1790848520665991323,0x68,joint_2,q_actual,0.8342673824532895,
1790848520670600884,1790848520670968738,0x69,joint_3,q_actual,1.090830782496456,
1790848520685451218,1790848520685815755,0x68,joint_2,q_actual,0.8342673824532895,
1790848520686988795,1790848520687293714,0x68,joint_2,q_leader,-0.8835729338221293,
1790848520686988795,1790848520687293714,0x69,joint_3,q_leader,-0.8728350683069298,
1790848520693975399,1790848520694270128,0x69,joint_3,q_actual,1.0925761117484503,
1790848520706350643,1790848520706570475,0x68,joint_2,q_actual,0.8360127117052839,
1790848520710318748,1790848520710525476,0x69,joint_3,q_actual,1.0925761117484503,
1790848520726589461,1790848520726865614,0x68,joint_2,q_actual,0.8360127117052839,
1790848520731623983,1790848520731909016,0x69,joint_3,q_actual,1.0943214410004447,
1790848520736505389,1790848520736721191,0x68,joint_2,q_leader,-0.8820389530342437,
1790848520736505389,1790848520736721191,0x69,joint_3,q_leader,-0.8743690490948155,
1790848520746465465,1790848520746719352,0x68,joint_2,q_actual,0.8377580409572782,
1790848520751545411,1790848520751827505,0x69,joint_3,q_actual,1.0943214410004447,
1790848520766602020,1790848520766870372,0x68,joint_2,q_actual,0.8377580409572782,
1790848520771326823,1790848520771538014,0x69,joint_3,q_actual,1.096066770252439,
1790848520785456712,1790848520785744734,0x68,joint_2,q_actual,0.8395033702092727,
1790848520786292931,1790848520786495811,0x68,joint_2,q_leader,-0.8820389530342437,
1790848520786292931,1790848520786495811,0x69,joint_3,q_leader,-0.8759030298827011,
1790848520790425543,1790848520790717916,0x69,joint_3,q_actual,1.096066770252439,
1790848520801159278,1790848520801450827,0x68,joint_2,q_des,0.9319103728715036,
1790848520801159278,1790848520801450827,0x69,joint_3,q_des,1.3390697801306963,
1790848520801159278,1790848520801468448,0x68,joint_2,q_filtered,0.9319103728715036,
1790848520801159278,1790848520801468448,0x69,joint_3,q_filtered,1.3390697801306963,
1790848520801159278,1790848520801620206,0x68,joint_2,q_cmd,0.8577517613889236,0.04363323129985824
1790848520801159278,1790848520801620206,0x69,joint_3,q_cmd,1.114229079175536,0.04363323129985824
1790848520805431412,1790848520805719229,0x68,joint_2,q_actual,0.8395033702092727,
1790848520810404651,1790848520810697113,0x69,joint_3,q_actual,1.0978120995044334,
1790848520825445707,1790848520825737432,0x68,joint_2,q_actual,0.8412486994612669,
1790848520830291996,1790848520830544654,0x69,joint_3,q_actual,1.0978120995044334,
1790848520836311072,1790848520836533915,0x68,joint_2,q_leader,-0.8820389530342437,
1790848520836311072,1790848520836533915,0x69,joint_3,q_leader,-0.8774370106705868,
1790848520845424405,1790848520845684027,0x68,joint_2,q_actual,0.8412486994612669,
1790848520850414243,1790848520850704339,0x69,joint_3,q_actual,1.0995574287564276,
1790848520865434408,1790848520865729458,0x68,joint_2,q_actual,0.8429940287132611,
1790848520870414859,1790848520870704025,0x69,joint_3,q_actual,1.0995574287564276,
1790848520885463049,1790848520885739597,0x68,joint_2,q_actual,0.8429940287132611,
1790848520886294232,1790848520886496904,0x68,joint_2,q_leader,-0.8820389530342437,
1790848520886294232,1790848520886496904,0x69,joint_3,q_leader,-0.8789709914584724,
1790848520890223920,1790848520890466597,0x69,joint_3,q_actual,1.101302758008422,
1790848520905264352,1790848520905501369,0x68,joint_2,q_actual,0.8447393579652556,
1790848520910218481,1790848520910403726,0x69,joint_3,q_actual,1.101302758008422,
1790848520925351048,1790848520925602299,0x68,joint_2,q_actual,0.8447393579652556,
1790848520930275713,1790848520930524819,0x69,joint_3,q_actual,1.1030480872604163,
1790848520936329204,1790848520936552098,0x68,joint_2,q_leader,-0.8820389530342437,
1790848520936329204,1790848520936552098,0x69,joint_3,q_leader,-0.8789709914584724,
1790848520945422356,1790848520945705706,0x68,joint_2,q_actual,0.8464846872172498,
1790848520950419213,1790848520950712332,0x69,joint_3,q_actual,1.1030480872604163,
1790848520965435299,1790848520965722443,0x68,joint_2,q_actual,0.8464846872172498,
1790848520970457375,1790848520970718188,0x69,joint_3,q_actual,1.1047934165124105,
1790848520985294429,1790848520985532760,0x68,joint_2,q_actual,0.8482300164692443,
1790848520986156254,1790848520986369040,0x68,joint_2,q_leader,-0.8820389530342437,
1790848520986156254,1790848520986369040,0x69,joint_3,q_leader,-0.8789709914584724,
1790848520990215702,1790848520990454736,0x69,joint_3,q_actual,1.1047934165124105,
1790848521001148654,1790848521001437913,0x68,joint_2,q_des,0.9319103728715036,
1790848521001148654,1790848521001437913,0x69,joint_3,q_des,1.3421377417064675,
1790848521001148654,1790848521001455608,0x68,joint_2,q_filtered,0.9319103728715036,
1790848521001148654,1790848521001455608,0x69,joint_3,q_filtered,1.3421377417064675,
1790848521001148654,1790848521001613936,0x68,joint_2,q_cmd,0.8664742165897493,0.04363323129985824
1790848521001148654,1790848521001613936,0x69,joint_3,q_cmd,1.1229536858001041,0.04363323129985824
1790848521005407501,1790848521005691778,0x68,joint_2,q_actual,0.8482300164692443,
1790848521010232130,1790848521010459002,0x69,joint_3,q_actual,1.106538745764405,
1790848521025399452,1790848521025689048,0x68,joint_2,q_actual,0.8499753457212386,
1790848521030476742,1790848521030765775,0x69,joint_3,q_actual,1.106538745764405,
1790848521036308043,1790848521036523580,0x68,joint_2,q_leader,-0.880504972246358,
1790848521036308043,1790848521036523580,0x69,joint_3,q_leader,-0.8789709914584724,
1790848521045420371,1790848521045714260,0x68,joint_2,q_actual,0.8499753457212386,
1790848521050471650,1790848521050775340,0x69,joint_3,q_actual,1.1082840750163994,
1790848521065405669,1790848521065698299,0x68,joint_2,q_actual,0.8499753457212386,
1790848521070420289,1790848521070711929,0x69,joint_3,q_actual,1.1082840750163994,
1790848521085403807,1790848521085734594,0x68,joint_2,q_actual,0.8517206749732328,
1790848521086683285,1790848521086880420,0x68,joint_2,q_leader,-0.880504972246358,
1790848521086683285,1790848521086880420,0x69,joint_3,q_leader,-0.8789709914584724,
1790848521090225286,1790848521090469974,0x69,joint_3,q_actual,1.1100294042683936,
1790848521105271942,1790848521105502682,0x68,joint_2,q_actual,0.8517206749732328,
1790848521110231638,1790848521110473693,0x69,joint_3,q_actual,1.1100294042683936,
1790848521125452189,1790848521125745330,0x68,joint_2,q_actual,0.8534660042252272,
1790848521130317874,1790848521130577647,0x69,joint_3,q_actual,1.111774733520388,
1790848521136309952,1790848521136518977,0x68,joint_2,q_leader,-0.8789709914584725,
1790848521136309952,1790848521136518977,0x69,joint_3,q_leader,-0.880504972246358,
1790848521145277247,1790848521145509543,0x68,joint_2,q_actual,0.8552113334772214,
1790848521153407730,1790848521153657455,0x69,joint_3,q_actual,1.111774733520388,
1790848521166554318,1790848521166827128,0x68,joint_2,q_actual,0.8552113334772214,
1790848521171715295,1790848521171993015,0x69,joint_3,q_actual,1.1135200627723822,
1790848521186625948,1790848521186838402,0x68,joint_2,q_leader,-0.8789709914584725,
1790848521186625948,1790848521186838402,0x69,joint_3,q_leader,-0.8820389530342436,
1790848521188638468,1790848521188863730,0x68,joint_2,q_actual,0.8552113334772214,
1790848521190815839,1790848521191026073,0x69,joint_3,q_actual,1.1135200627723822,
1790848521201185460,1790848521201446825,0x68,joint_2,q_des,0.9288424112957325,
1790848521201185460,1790848521201446825,0x69,joint_3,q_des,1.3452057032822389,
1790848521201185460,1790848521201464763,0x68,joint_2,q_filtered,0.9288424112957325,
1790848521201185460,1790848521201464763,0x69,joint_3,q_filtered,1.3452057032822389,
1790848521201185460,1790848521201620209,0x68,joint_2,q_cmd,0.8751973449204787,0.04363323129985824
1790848521201185460,1790848521201620209,0x69,joint_3,q_cmd,1.1316790058716522,0.04363323129985824
1790848521206513738,1790848521206719946,0x68,joint_2,q_actual,0.856956662729216,
1790848521211582296,1790848521211860806,0x69,joint_3,q_actual,1.1152653920243765,
1790848521226586209,1790848521226858672,0x68,joint_2,q_actual,0.856956662729216,
1790848521231512535,1790848521231718934,0x69,joint_3,q_actual,1.1152653920243765,
1790848521236240651,1790848521236465616,0x68,joint_2,q_leader,-0.8789709914584725,
1790848521236240651,1790848521236465616,0x69,joint_3,q_leader,-0.8820389530342436,
1790848521245421613,1790848521245531757,0x68,joint_2,q_actual,0.8587019919812102,
1790848521250238531,1790848521250406401,0x69,joint_3,q_actual,1.1152653920243765,
1790848521265470140,1790848521265565317,0x68,joint_2,q_actual,0.8587019919812102,
1790848521270368650,1790848521270461550,0x69,joint_3,q_actual,1.117010721276371,
1790848521285471393,1790848521285560280,0x68,joint_2,q_leader,-0.8789709914584725,
1790848521285471393,1790848521285560280,0x69,joint_3,q_leader,-0.8835729338221293,
1790848521285511132,1790848521285569974,0x68,joint_2,q_actual,0.8604473212332044,
1790848521290522383,1790848521290637871,0x69,joint_3,q_actual,1.117010721276371,
1790848521305932059,1790848521306155945,0x68,joint_2,q_actual,0.8604473212332044,
1790848521311025570,1790848521311205054,0x69,joint_3,q_actual,1.1187560505283651,
1790848521327060422,1790848521327376298,0x68,joint_2,q_actual,0.8621926504851989,
1790848521330461242,1790848521330769804,0x69,joint_3,q_actual,1.1187560505283651,
1790848521336777499,1790848521337078660,0x68,joint_2,q_leader,-0.8789709914584725,
1790848521336777499,1790848521337078660,0x69,joint_3,q_leader,-0.8835729338221293,
1790848521345425075,1790848521345709709,0x68,joint_2,q_actual,0.8621926504851989,
1790848521350417191,1790848521350702296,0x69,joint_3,q_actual,1.1205013797803596,
1790848521365600610,1790848521365970113,0x68,joint_2,q_actual,0.8639379797371931,
1790848521370624481,1790848521370981862,0x69,joint_3,q_actual,1.1205013797803596,
1790848521385579491,1790848521385996762,0x68,joint_2,q_actual,0.8639379797371931,
1790848521387103309,1790848521387443773,0x68,joint_2,q_leader,-0.8789709914584725,
1790848521387103309,1790848521387443773,0x69,joint_3,q_leader,-0.8851069146100149,
1790848521390342929,1790848521390626789,0x69,joint_3,q_actual,1.1205013797803596,
1790848521401619791,1790848521401920687,0x68,joint_2,q_des,0.9288424112957325,
1790848521401619791,1790848521401920687,0x69,joint_3,q_des,1.34827366485801,
1790848521401619791,1790848521401944696,0x68,joint_2,q_filtered,0.9288424112957325,
1790848521401619791,1790848521401944696,0x69,joint_3,q_filtered,1.34827366485801,
1790848521401619791,1790848521402158151,0x68,joint_2,q_cmd,0.8839239911804504,0.0436106002331278
1790848521401619791,1790848521402158151,0x69,joint_3,q_cmd,1.1404056521316237,0.043595775117799294
1790848521405497998,1790848521405779936,0x68,joint_2,q_actual,0.8656833089891875,
1790848521410422872,1790848521410700556,0x69,joint_3,q_actual,1.1222467090323538,
1790848521425587748,1790848521425945424,0x68,joint_2,q_actual,0.8656833089891875,
1790848521430739188,1790848521431082937,0x69,joint_3,q_actual,1.1222467090323538,
1790848521437185050,1790848521437484412,0x68,joint_2,q_leader,-0.8789709914584725,
1790848521437185050,1790848521437484412,0x69,joint_3,q_leader,-0.8866408953979006,
1790848521445440141,1790848521445713667,0x68,joint_2,q_actual,0.8674286382411819,
1790848521450428841,1790848521450702119,0x69,joint_3,q_actual,1.1239920382843482,
1790848521465417317,1790848521465694554,0x68,joint_2,q_actual,0.8691739674931761,
1790848521475149103,1790848521475514502,0x69,joint_3,q_actual,1.1239920382843482,
1790848521486819330,1790848521487136433,0x68,joint_2,q_leader,-0.8789709914584725,
1790848521486819330,1790848521487136433,0x69,joint_3,q_leader,-0.8866408953979006,
1790848521487284903,1790848521487573623,0x68,joint_2,q_actual,0.8691739674931761,
1790848521492312905,1790848521492513778,0x69,joint_3,q_actual,1.1257373675363425,
1790848521506085622,1790848521506307510,0x68,joint_2,q_actual,0.8709192967451705,
1790848521510989783,1790848521511170412,0x69,joint_3,q_actual,1.1257373675363425,
1790848521526114866,1790848521526351247,0x68,joint_2,q_actual,0.8709192967451705,
1790848521531313671,1790848521531538436,0x69,joint_3,q_actual,1.1274826967883367,
1790848521535922178,1790848521536132356,0x68,joint_2,q_leader,-0.8789709914584725,
1790848521535922178,1790848521536132356,0x69,joint_3,q_leader,-0.8866408953979006,
1790848521546073055,1790848521546294644,0x68,joint_2,q_actual,0.8726646259971648,
1790848521551061346,1790848521551272874,0x69,joint_3,q_actual,1.1292280260403313,
1790848521565230322,1790848521565484433,0x68,joint_2,q_actual,0.8726646259971648,
1790848521570309543,1790848521570550394,0x69,joint_3,q_actual,1.1292280260403313,
1790848521585356735,1790848521585610746,0x68,joint_2,q_actual,0.8744099552491592,
1790848521586130395,1790848521586345748,0x68,joint_2,q_leader,-0.8789709914584725,
1790848521586130395,1790848521586345748,0x69,joint_3,q_leader,-0.8866408953979006,
1790848521590308948,1790848521590550913,0x69,joint_3,q_actual,1.1292280260403313,
1790848521600823778,1790848521600995851,0x68,joint_2,q_des,0.9288424112957325,
1790848521600823778,1790848521600995851,0x69,joint_3,q_des,1.3498076456458956,
1790848521600823778,1790848521601049944,0x68,joint_2,q_filtered,0.9288424112957325,
1790848521600823778,1790848521601049944,0x69,joint_3,q_filtered,1.3498076456458956,
1790848521600823778,1790848521601127558,0x68,joint_2,q_cmd,0.8926313265503635,0.04363323129985824
1790848521600823778,1790848521601127558,0x69,joint_3,q_cmd,1.1491154641673587,0.04363323129985824
1790848521605313910,1790848521605552404,0x68,joint_2,q_actual,0.8744099552491592,
1790848521610319979,1790848521610557223,0x69,joint_3,q_actual,1.1309733552923256,
1790848521625261783,1790848521625502870,0x68,joint_2,q_actual,0.8761552845011534,
1790848521630349317,1790848521630588708,0x69,joint_3,q_actual,1.13271868454432,
1790848521636078775,1790848521636290371,0x68,joint_2,q_leader,-0.8774370106705868,
1790848521636078775,1790848521636290371,0x69,joint_3,q_leader,-0.8866408953979006,
1790848521645319687,1790848521645562249,0x68,joint_2,q_actual,0.8761552845011534,
1790848521650311317,1790848521650555846,0x69,joint_3,q_actual,1.13271868454432,
1790848521665326152,1790848521665563432,0x68,joint_2,q_actual,0.8779006137531478,
1790848521670317887,1790848521670557026,0x69,joint_3,q_actual,1.1344640137963142,
1790848521685302038,1790848521685545986,0x68,joint_2,q_actual,0.8779006137531478,
1790848521685988850,1790848521686171412,0x68,joint_2,q_leader,-0.8774370106705868,
1790848521685988850,1790848521686171412,0x69,joint_3,q_leader,-0.8866408953979006,
1790848521690284060,1790848521690570256,0x69,joint_3,q_actual,1.1344640137963142,
1790848521705313370,1790848521705553421,0x68,joint_2,q_actual,0.8796459430051422,
1790848521710146058,1790848521710359313,0x69,joint_3,q_actual,1.1362093430483085,
1790848521725220939,1790848521725466614,0x68,joint_2,q_actual,0.8796459430051422,
1790848521730585054,1790848521730919746,0x69,joint_3,q_actual,1.1362093430483085,
1790848521736707883,1790848521736989992,0x68,joint_2,q_leader,-0.8774370106705868,
1790848521736707883,1790848521736989992,0x69,joint_3,q_leader,-0.8866408953979006,
1790848521745532697,1790848521745858596,0x68,joint_2,q_actual,0.8813912722571364,
1790848521750522372,1790848521750861562,0x69,joint_3,q_actual,1.137954672300303,
1790848521765467703,1790848521765828842,0x68,joint_2,q_actual,0.8813912722571364,
1790848521770336082,1790848521770581908,0x69,joint_3,q_actual,1.137954672300303,
1790848521785680519,1790848521786022697,0x68,joint_2,q_actual,0.8831366015091309,
1790848521786769201,1790848521787032930,0x68,joint_2,q_leader,-0.8774370106705868,
1790848521786769201,1790848521787032930,0x69,joint_3,q_leader,-0.8866408953979006,
1790848521790338889,1790848521790581512,0x69,joint_3,q_actual,1.1397000015522971,
1790848521801229672,1790848521801522913,0x68,joint_2,q_des,0.9273084305078466,
1790848521801229672,1790848521801522913,0x69,joint_3,q_des,1.3498076456458956,
1790848521801229672,1790848521801543876,0x68,joint_2,q_filtered,0.9273084305078466,
1790848521801229672,1790848521801543876,0x69,joint_3,q_filtered,1.3498076456458956,
1790848521801229672,1790848521801727652,0x68,joint_2,q_cmd,0.9013579728103351,0.043622928872830924
1790848521801229672,1790848521801727652,0x69,joint_3,q_cmd,1.1578421104273302,0.04361039231946853
1790848521805517387,1790848521805849124,0x68,joint_2,q_actual,0.8831366015091309,
1790848521810517680,1790848521810856873,0x69,joint_3,q_actual,1.1397000015522971,
1790848521825575676,1790848521825908205,0x68,joint_2,q_actual,0.8848819307611251,
1790848521830513581,1790848521830834874,0x69,joint_3,q_actual,1.1414453308042916,
1790848521837056861,1790848521837340512,0x68,joint_2,q_leader,-0.8774370106705868,
1790848521837056861,1790848521837340512,0x69,joint_3,q_leader,-0.8866408953979006,
1790848521845609721,1790848521845976777,0x68,joint_2,q_actual,0.8848819307611251,
1790848521850658488,1790848521851081841,0x69,joint_3,q_actual,1.1414453308042916,
1790848521865543082,1790848521865912137,0x68,joint_2,q_actual,0.8866272600131193,
1790848521870629654,1790848521870995613,0x69,joint_3,q_actual,1.1431906600562858,
1790848521885465789,1790848521885818656,0x68,joint_2,q_actual,0.8866272600131193,
1790848521886862718,1790848521887154809,0x68,joint_2,q_leader,-0.8774370106705868,
1790848521886862718,1790848521887154809,0x69,joint_3,q_leader,-0.8866408953979006,
1790848521890396581,1790848521890671737,0x69,joint_3,q_actual,1.1431906600562858,
1790848521905611619,1790848521905976933,0x68,joint_2,q_actual,0.8883725892651139,
1790848521910626939,1790848521910983103,0x69,joint_3,q_actual,1.14493598930828,
1790848521925421309,1790848521925736828,0x68,joint_2,q_actual,0.8883725892651139,
1790848521930406802,1790848521930674292,0x69,joint_3,q_actual,1.14493598930828,
1790848521936643772,1790848521936947889,0x68,joint_2,q_leader,-0.8774370106705868,
1790848521936643772,1790848521936947889,0x69,joint_3,q_leader,-0.8866408953979006,
1790848521945595063,1790848521945961260,0x68,joint_2,q_actual,0.8901179185171081,
1790848521950682569,1790848521951079142,0x69,joint_3,q_actual,1.1466813185602747,
1790848521965611062,1790848521965979717,0x68,joint_2,q_actual,0.8918632477691025,
1790848521970438559,1790848521970718703,0x69,joint_3,q_actual,1.1466813185602747,
1790848521985445487,1790848521985762726,0x68,joint_2,q_actual,0.8918632477691025,
1790848521986744904,1790848521987035896,0x68,joint_2,q_leader,-0.8774370106705868,
1790848521986744904,1790848521987035896,0x69,joint_3,q_leader,-0.8866408953979006,
1790848521990409923,1790848521990684895,0x69,joint_3,q_actual,1.1484266478122689,
1790848522001600582,1790848522001888668,0x68,joint_2,q_des,0.9273084305078466,
1790848522001600582,1790848522001888668,0x69,joint_3,q_des,1.3498076456458956,
1790848522001600582,1790848522001912533,0x68,joint_2,q_filtered,0.9273084305078466,
1790848522001600582,1790848522001912533,0x69,joint_3,q_filtered,1.3498076456458956,
1790848522001600582,1790848522002114912,0x68,joint_2,q_cmd,0.9100846190703068,0.043576491874910445
1790848522001600582,1790848522002114912,0x69,joint_3,q_cmd,1.166568756687302,0.04355975774962637
1790848522005441970,1790848522005719105,0x68,joint_2,q_actual,0.8918632477691025,
1790848522010592218,1790848522010960096,0x69,joint_3,q_actual,1.1484266478122689,
1790848522025610049,1790848522025977646,0x68,joint_2,q_actual,0.8936085770210968,
1790848522030622404,1790848522030988260,0x69,joint_3,q_actual,1.1501719770642633,
1790848522036768731,1790848522037063994,0x68,joint_2,q_leader,-0.8774370106705868,
1790848522036768731,1790848522037063994,0x69,joint_3,q_leader,-0.8866408953979006,
1790848522048851240,1790848522049177318,0x68,joint_2,q_actual,0.8936085770210968,
1790848522053126482,1790848522053417454,0x69,joint_3,q_actual,1.1501719770642633,
1790848522066689360,1790848522066959641,0x68,joint_2,q_actual,0.895353906273091,
1790848522071302060,1790848522071513565,0x69,joint_3,q_actual,1.1519173063162575,
1790848522086670570,1790848522086903348,0x68,joint_2,q_leader,-0.8774370106705868,
1790848522086670570,1790848522086903348,0x69,joint_3,q_leader,-0.8866408953979006,
1790848522086714286,1790848522086925366,0x68,joint_2,q_actual,0.8970992355250855,
1790848522091338652,1790848522091547781,0x69,joint_3,q_actual,1.1519173063162575,
1790848522106541785,1790848522106818973,0x68,joint_2,q_actual,0.8970992355250855,
1790848522111533562,1790848522111807382,0x69,joint_3,q_actual,1.1536626355682518,
1790848522126411512,1790848522126674864,0x68,joint_2,q_actual,0.8988445647770797,
1790848522130219074,1790848522130456550,0x69,joint_3,q_actual,1.1536626355682518,
1790848522136111300,1790848522136375967,0x68,joint_2,q_leader,-0.8774370106705868,
1790848522136111300,1790848522136375967,0x69,joint_3,q_leader,-0.8866408953979006,
1790848522145415836,1790848522145710646,0x68,joint_2,q_actual,0.8988445647770797,
1790848522150394718,1790848522150685929,0x69,joint_3,q_actual,1.1554079648202462,
1790848522166602277,1790848522166874652,0x68,joint_2,q_actual,0.9005898940290742,
1790848522170215983,1790848522170438914,0x69,joint_3,q_actual,1.1554079648202462,
1790848522186221525,1790848522186478165,0x68,joint_2,q_leader,-0.8774370106705868,
1790848522186221525,1790848522186478165,0x69,joint_3,q_leader,-0.8866408953979006,
1790848522187517909,1790848522187736222,0x68,joint_2,q_actual,0.9005898940290742,
1790848522190238303,1790848522190470196,0x69,joint_3,q_actual,1.1571532940722404,
1790848522201035146,1790848522201216287,0x68,joint_2,q_des,0.9273084305078466,
1790848522201035146,1790848522201216287,0x69,joint_3,q_des,1.3498076456458956,
1790848522201035146,1790848522201369694,0x68,joint_2,q_filtered,0.9273084305078466,
1790848522201035146,1790848522201369694,0x69,joint_3,q_filtered,1.3498076456458956,
1790848522201035146,1790848522201399667,0x68,joint_2,q_cmd,0.9187934058123816,0.04363323129985824
1790848522201035146,1790848522201399667,0x69,joint_3,q_cmd,1.1752797478238572,0.04363323129985824
1790848522205401135,1790848522205687583,0x68,joint_2,q_actual,0.9005898940290742,
1790848522210410419,1790848522210700997,0x69,joint_3,q_actual,1.1571532940722404,
1790848522225419285,1790848522225711934,0x68,joint_2,q_actual,0.9023352232810684,
1790848522230451303,1790848522230731551,0x69,joint_3,q_actual,1.1588986233242349,
1790848522236437149,1790848522236672831,0x68,joint_2,q_leader,-0.8759030298827011,
1790848522236437149,1790848522236672831,0x69,joint_3,q_leader,-0.8866408953979006,
1790848522245417848,1790848522245702767,0x68,joint_2,q_actual,0.9023352232810684,
1790848522250396979,1790848522250680047,0x69,joint_3,q_actual,1.1588986233242349,
1790848522265418272,1790848522265738949,0x68,joint_2,q_actual,0.9040805525330626,
1790848522270408830,1790848522270697557,0x69,joint_3,q_actual,1.160643952576229,
1790848522285416467,1790848522285697889,0x68,joint_2,q_actual,0.9040805525330626,
1790848522286310833,1790848522286537000,0x68,joint_2,q_leader,-0.8759030298827011,
1790848522286310833,1790848522286537000,0x69,joint_3,q_leader,-0.8866408953979006,
1790848522290424225,1790848522290711469,0x69,joint_3,q_actual,1.160643952576229,
1790848522305405584,1790848522305695361,0x68,joint_2,q_actual,0.9058258817850572,
1790848522310406335,1790848522310696695,0x69,joint_3,q_actual,1.1623892818282233,
1790848522325368349,1790848522325637345,0x68,joint_2,q_actual,0.9058258817850572,
1790848522330217165,1790848522330444864,0x69,joint_3,q_actual,1.1623892818282233,
1790848522336130670,1790848522336350390,0x68,joint_2,q_leader,-0.8759030298827011,
1790848522336130670,1790848522336350390,0x69,joint_3,q_leader,-0.8866408953979006,
1790848522345433278,1790848522345722037,0x68,joint_2,q_actual,0.9075712110370514,
1790848522350394335,1790848522350682052,0x69,joint_3,q_actual,1.1641346110802178,
1790848522365418081,1790848522365681878,0x68,joint_2,q_actual,0.9075712110370514,
1790848522370412508,1790848522370703027,0x69,joint_3,q_actual,1.1641346110802178,
1790848522385270481,1790848522385546355,0x68,joint_2,q_actual,0.9093165402890458,
1790848522386044935,1790848522386241479,0x68,joint_2,q_leader,-0.8759030298827011,
1790848522386044935,1790848522386241479,0x69,joint_3,q_leader,-0.8866408953979006,
1790848522390379276,1790848522390639576,0x69,joint_3,q_actual,1.165879940332212,
1790848522400817143,1790848522401051649,0x68,joint_2,q_des,0.9257744497199609,
1790848522400817143,1790848522401051649,0x69,joint_3,q_des,1.3498076456458956,
1790848522400817143,1790848522401093781,0x68,joint_2,q_filtered,0.9257744497199609,
1790848522400817143,1790848522401093781,0x69,joint_3,q_filtered,1.3498076456458956,
1790848522400817143,1790848522401284834,0x68,joint_2,q_cmd,0.9257744497199609,0.03494599574887203
1790848522400817143,1790848522401284834,0x69,joint_3,q_cmd,1.183998855483181,0.04363323129985824
1790848522405225422,1790848522405489144,0x68,joint_2,q_actual,0.9093165402890458,
1790848522410405281,1790848522410710613,0x69,joint_3,q_actual,1.165879940332212,
1790848522425397132,1790848522425697636,0x68,joint_2,q_actual,0.9110618695410401,
1790848522430438718,1790848522430735033,0x69,joint_3,q_actual,1.165879940332212,
1790848522436347242,1790848522436547845,0x68,joint_2,q_leader,-0.8759030298827011,
1790848522436347242,1790848522436547845,0x69,joint_3,q_leader,-0.8866408953979006,
1790848522445408108,1790848522445708939,0x68,joint_2,q_actual,0.9110618695410401,
1790848522453664568,1790848522453954353,0x69,joint_3,q_actual,1.1676252695842066,
1790848522466915995,1790848522467263461,0x68,joint_2,q_actual,0.9128071987930343,
1790848522470204532,1790848522470517444,0x69,joint_3,q_actual,1.1676252695842066,
1790848522485352994,1790848522485552114,0x68,joint_2,q_actual,0.9128071987930343,
1790848522486188029,1790848522486407055,0x68,joint_2,q_leader,-0.8759030298827011,
1790848522486188029,1790848522486407055,0x69,joint_3,q_leader,-0.8851069146100149,
1790848522490223909,1790848522490484962,0x69,joint_3,q_actual,1.1693705988362009,
1790848522505401710,1790848522505691862,0x68,joint_2,q_actual,0.9145525280450287,
1790848522510409901,1790848522510698007,0x69,joint_3,q_actual,1.1693705988362009,
1790848522525406225,1790848522525682184,0x68,joint_2,q_actual,0.9145525280450287,
1790848522530379983,1790848522530647679,0x69,joint_3,q_actual,1.1693705988362009,
1790848522536351353,1790848522536559418,0x68,joint_2,q_leader,-0.8759030298827011,
1790848522536351353,1790848522536559418,0x69,joint_3,q_leader,-0.8851069146100149,
1790848522545237361,1790848522545496327,0x68,joint_2,q_actual,0.9162978572970231,
1790848522550225782,1790848522550470951,0x69,joint_3,q_actual,1.1693705988362009,
1790848522565461813,1790848522565787778,0x68,joint_2,q_actual,0.9162978572970231,
1790848522570600055,1790848522570965577,0x69,joint_3,q_actual,1.171115928088195,
1790848522585592667,1790848522585951302,0x68,joint_2,q_actual,0.9180431865490175,
1790848522587165740,1790848522587460687,0x68,joint_2,q_leader,-0.8759030298827011,
1790848522587165740,1790848522587460687,0x69,joint_3,q_leader,-0.8866408953979006,
1790848522590369838,1790848522590652377,0x69,joint_3,q_actual,1.171115928088195,
1790848522601267338,1790848522601564589,0x68,joint_2,q_des,0.9257744497199609,
1790848522601267338,1790848522601564589,0x69,joint_3,q_des,1.3498076456458956,
1790848522601267338,1790848522601594976,0x68,joint_2,q_filtered,0.9257744497199609,
1790848522601267338,1790848522601594976,0x69,joint_3,q_filtered,1.3498076456458956,
1790848522601267338,1790848522601748453,0x68,joint_2,q_cmd,0.9257744497199609,0.0
1790848522601267338,1790848522601748453,0x69,joint_3,q_cmd,1.1927255017431528,0.04359304483361716
1790848522605414898,1790848522605705884,0x68,joint_2,q_actual,0.9180431865490175,
1790848522610458235,1790848522610787777,0x69,joint_3,q_actual,1.1728612573401895,
1790848522625598716,1790848522625953962,0x68,joint_2,q_actual,0.9180431865490175,
1790848522630671020,1790848522631149820,0x69,joint_3,q_actual,1.1746065865921838,
1790848522636644668,1790848522636950611,0x68,joint_2,q_leader,-0.8759030298827011,
1790848522636644668,1790848522636950611,0x69,joint_3,q_leader,-0.8866408953979006,
1790848522645609403,1790848522645941299,0x68,joint_2,q_actual,0.9197885158010117,
1790848522650411029,1790848522650682162,0x69,joint_3,q_actual,1.1746065865921838,
1790848522665598130,1790848522665951345,0x68,joint_2,q_actual,0.9197885158010117,
1790848522670595742,1790848522670949125,0x69,joint_3,q_actual,1.1763519158441782,
1790848522685466364,1790848522685803005,0x68,joint_2,q_actual,0.921533845053006,
1790848522686955695,1790848522687239682,0x68,joint_2,q_leader,-0.8759030298827011,
1790848522686955695,1790848522687239682,0x69,joint_3,q_leader,-0.8866408953979006,
1790848522690411539,1790848522690680874,0x69,joint_3,q_actual,1.1763519158441782,
1790848522705580581,1790848522705943483,0x68,joint_2,q_actual,0.921533845053006,
1790848522710600596,1790848522710951386,0x69,joint_3,q_actual,1.1780972450961724,
1790848522725469076,1790848522725825418,0x68,joint_2,q_actual,0.921533845053006,
1790848522730598866,1790848522730956329,0x69,joint_3,q_actual,1.1780972450961724,
1790848522736880434,1790848522737188487,0x68,joint_2,q_leader,-0.8759030298827011,
1790848522736880434,1790848522737188487,0x69,joint_3,q_leader,-0.8851069146100149,
1790848522745444105,1790848522745740908,0x68,joint_2,q_actual,0.921533845053006,
1790848522750413445,1790848522750691582,0x69,joint_3,q_actual,1.1798425743481666,
1790848522765649669,1790848522766041039,0x68,joint_2,q_actual,0.9232791743050004,
1790848522770601103,1790848522770954230,0x69,joint_3,q_actual,1.1798425743481666,
1790848522785586284,1790848522785943950,0x68,joint_2,q_actual,0.9232791743050004,
1790848522787044095,1790848522787334208,0x68,joint_2,q_leader,-0.8759030298827011,
1790848522787044095,1790848522787334208,0x69,joint_3,q_leader,-0.8835729338221293,
1790848522790433573,1790848522790708099,0x69,joint_3,q_actual,1.181587903600161,
1790848522801422978,1790848522801708528,0x68,joint_2,q_des,0.9257744497199609,
1790848522801422978,1790848522801708528,0x69,joint_3,q_des,1.3467396840701245,
1790848522801422978,1790848522801763191,0x68,joint_2,q_filtered,0.9257744497199609,
1790848522801422978,1790848522801763191,0x69,joint_3,q_filtered,1.3467396840701245,
1790848522801422978,1790848522801969227,0x68,joint_2,q_cmd,0.9257744497199609,0.0
1790848522801422978,1790848522801969227,0x69,joint_3,q_cmd,1.2014521480031244,0.043613947393106485
1790848522805421506,1790848522805687763,0x68,joint_2,q_actual,0.9232791743050004,
1790848522810578391,1790848522810922832,0x69,joint_3,q_actual,1.181587903600161,
1790848522825599601,1790848522825953185,0x68,joint_2,q_actual,0.9250245035569946,
1790848522830700674,1790848522831093083,0x69,joint_3,q_actual,1.1833332328521553,
1790848522836664246,1790848522836964272,0x68,joint_2,q_leader,-0.8759030298827011,
1790848522836664246,1790848522836964272,0x69,joint_3,q_leader,-0.8835729338221293,
1790848522845585746,1790848522845938969,0x68,joint_2,q_actual,0.9250245035569946,
1790848522850418713,1790848522850701250,0x69,joint_3,q_actual,1.1833332328521553,
1790848522865624046,1790848522865963332,0x68,joint_2,q_actual,0.9250245035569946,
1790848522870603398,1790848522870969299,0x69,joint_3,q_actual,1.18507856210415,
1790848522885563958,1790848522885907286,0x68,joint_2,q_actual,0.9250245035569946,
1790848522887148064,1790848522887484006,0x68,joint_2,q_leader,-0.8759030298827011,
1790848522887148064,1790848522887484006,0x69,joint_3,q_leader,-0.8835729338221293,
1790848522890449549,1790848522890748428,0x69,joint_3,q_actual,1.18507856210415,
1790848522905583509,1790848522905971183,0x68,joint_2,q_actual,0.9250245035569946,
1790848522910595731,1790848522910979611,0x69,joint_3,q_actual,1.1868238913561442,
1790848522925570275,1790848522925944835,0x68,joint_2,q_actual,0.9250245035569946,
1790848522930610164,1790848522930994501,0x69,joint_3,q_actual,1.1885692206081384,
1790848522936750643,1790848522937029418,0x68,joint_2,q_leader,-0.8759030298827011,
1790848522936750643,1790848522937029418,0x69,joint_3,q_leader,-0.8851069146100149,
1790848522945811646,1790848522946269517,0x68,joint_2,q_actual,0.9267698328089892,
1790848522950623572,1790848522950889682,0x69,joint_3,q_actual,1.1885692206081384,
1790848522965474730,1790848522965771811,0x68,joint_2,q_actual,0.9267698328089892,
1790848522970454550,1790848522970759208,0x69,joint_3,q_actual,1.1903145498601329,
1790848522985479833,1790848522985838291,0x68,joint_2,q_actual,0.9267698328089892,
1790848522986835898,1790848522987106433,0x68,joint_2,q_leader,-0.8759030298827011,
1790848522986835898,1790848522987106433,0x69,joint_3,q_leader,-0.8835729338221293,
1790848522990433363,1790848522990731966,0x69,joint_3,q_actual,1.1903145498601329,
1790848523001589420,1790848523001876965,0x68,joint_2,q_des,0.9257744497199609,
1790848523001589420,1790848523001876965,0x69,joint_3,q_des,1.3467396840701245,
1790848523001589420,1790848523002048899,0x68,joint_2,q_filtered,0.9257744497199609,
1790848523001589420,1790848523002048899,0x69,joint_3,q_filtered,1.3467396840701245,
1790848523001589420,1790848523002132561,0x68,joint_2,q_cmd,0.9257744497199609,0.0
1790848523001589420,1790848523002132561,0x69,joint_3,q_cmd,1.210178794263096,0.04362058918074004
1790848523005459539,1790848523005736278,0x68,joint_2,q_actual,0.9267698328089892,
1790848523010672959,1790848523011005925,0x69,joint_3,q_actual,1.1903145498601329,
1790848523025414891,1790848523025711808,0x68,joint_2,q_actual,0.9267698328089892,
1790848523030410168,1790848523030684952,0x69,joint_3,q_actual,1.192059879112127,
1790848523036596207,1790848523036870584,0x68,joint_2,q_leader,-0.8759030298827011,
1790848523036596207,1790848523036870584,0x69,joint_3,q_leader,-0.8835729338221293,
1790848523045611550,1790848523045963609,0x68,joint_2,q_actual,0.9267698328089892,
1790848523050645411,1790848523050998382,0x69,joint_3,q_actual,1.192059879112127,
1790848523068661902,1790848523068989889,0x68,joint_2,q_actual,0.9267698328089892,
1790848523072385773,1790848523072650806,0x69,joint_3,q_actual,1.1938052083641215,
1790848523087025169,1790848523087332220,0x68,joint_2,q_leader,-0.8759030298827011,
1790848523087025169,1790848523087332220,0x69,joint_3,q_leader,-0.8820389530342436,
1790848523087388935,1790848523087687594,0x68,joint_2,q_actual,0.9267698328089892,
1790848523092213409,1790848523092497907,0x69,joint_3,q_actual,1.1955505376161157,
1790848523107051773,1790848523107394084,0x68,joint_2,q_actual,0.9267698328089892,
1790848523111925520,1790848523112191420,0x69,joint_3,q_actual,1.1955505376161157,
1790848523127219660,1790848523127573162,0x68,joint_2,q_actual,0.9267698328089892,
1790848523131942500,1790848523132206280,0x69,joint_3,q_actual,1.19729586686811,
1790848523136593313,1790848523136864500,0x68,joint_2,q_leader,-0.8759030298827011,
1790848523136593313,1790848523136864500,0x69,joint_3,q_leader,-0.8820389530342436,
1790848523146564117,1790848523146838020,0x68,joint_2,q_actual,0.9267698328089892,
1790848523150401487,1790848523150693242,0x69,joint_3,q_actual,1.19729586686811,
1790848523165236116,1790848523165491925,0x68,joint_2,q_actual,0.9267698328089892,
1790848523170414444,1790848523170700614,0x69,joint_3,q_actual,1.1990411961201044,
1790848523185432360,1790848523185711911,0x68,joint_2,q_actual,0.9267698328089892,
1790848523186527605,1790848523186739117,0x68,joint_2,q_leader,-0.8743690490948155,
1790848523186527605,1790848523186739117,0x69,joint_3,q_leader,-0.8820389530342436,
1790848523190413577,1790848523190700973,0x69,joint_3,q_actual,1.1990411961201044,
1790848523201028734,1790848523201268754,0x68,joint_2,q_des,0.9242404689320753,
1790848523201028734,1790848523201268754,0x69,joint_3,q_des,1.3452057032822389,
1790848523201028734,1790848523201287687,0x68,joint_2,q_filtered,0.9242404689320753,
1790848523201028734,1790848523201287687,0x69,joint_3,q_filtered,1.3452057032822389,
1790848523201028734,1790848523201451756,0x68,joint_2,q_cmd,0.9242404689320753,-0.007683886769224023
1790848523201028734,1790848523201451756,0x69,joint_3,q_cmd,1.2188916152028146,0.04363323129985824
1790848523205221231,1790848523205453955,0x68,joint_2,q_actual,0.9267698328089892,
1790848523210390382,1790848523210644056,0x69,joint_3,q_actual,1.2007865253720986,
1790848523225238067,1790848523225502393,0x68,joint_2,q_actual,0.9267698328089892,
1790848523230365630,1790848523230640759,0x69,joint_3,q_actual,1.2007865253720986,
1790848523236390793,1790848523236594789,0x68,joint_2,q_leader,-0.8743690490948155,
1790848523236390793,1790848523236594789,0x69,joint_3,q_leader,-0.8820389530342436,
1790848523245407356,1790848523245693774,0x68,joint_2,q_actual,0.9267698328089892,
1790848523250222178,1790848523250445905,0x69,joint_3,q_actual,1.202531854624093,
1790848523264994246,1790848523265117228,0x68,joint_2,q_actual,0.9267698328089892,
1790848523269975366,1790848523270120356,0x69,joint_3,q_actual,1.202531854624093,
1790848523284976222,1790848523285099889,0x68,joint_2,q_actual,0.9267698328089892,
1790848523285298102,1790848523285407337,0x68,joint_2,q_leader,-0.8743690490948155,
1790848523285298102,1790848523285407337,0x69,joint_3,q_leader,-0.8820389530342436,
1790848523290839604,1790848523290938846,0x69,joint_3,q_actual,1.2042771838760873,
1790848523305533708,1790848523305652933,0x68,joint_2,q_actual,0.9267698328089892,
1790848523310907752,1790848523311097923,0x69,joint_3,q_actual,1.2042771838760873,
1790848523326544221,1790848523326816812,0x68,joint_2,q_actual,0.9267698328089892,
1790848523332035685,1790848523332388130,0x69,joint_3,q_actual,1.2060225131280815,
1790848523336696385,1790848523336984575,0x68,joint_2,q_leader,-0.8743690490948155,
1790848523336696385,1790848523336984575,0x69,joint_3,q_leader,-0.8820389530342436,
1790848523347029275,1790848523347363064,0x68,joint_2,q_actual,0.9250245035569946,
1790848523351766610,1790848523352018707,0x69,joint_3,q_actual,1.2060225131280815,
1790848523365515373,1790848523365836041,0x68,joint_2,q_actual,0.9250245035569946,
1790848523371861938,1790848523372147718,0x69,joint_3,q_actual,1.2077678423800762,
1790848523385516255,1790848523385881571,0x68,joint_2,q_actual,0.9250245035569946,
1790848523387157199,1790848523387433415,0x68,joint_2,q_leader,-0.8743690490948155,
1790848523387157199,1790848523387433415,0x69,joint_3,q_leader,-0.8820389530342436,
1790848523390384151,1790848523390663050,0x69,joint_3,q_actual,1.2077678423800762,
1790848523401511433,1790848523401837024,0x68,joint_2,q_des,0.9242404689320753,
1790848523401511433,1790848523401837024,0x69,joint_3,q_des,1.3452057032822389,
1790848523401511433,1790848523401902605,0x68,joint_2,q_filtered,0.9242404689320753,
1790848523401511433,1790848523401902605,0x69,joint_3,q_filtered,1.3452057032822389,
1790848523401511433,1790848523402117586,0x68,joint_2,q_cmd,0.9242404689320753,0.0
1790848523401511433,1790848523402117586,0x69,joint_3,q_cmd,1.2276182614627862,0.04358591443111668
1790848523405402339,1790848523405670788,0x68,joint_2,q_actual,0.9250245035569946,
1790848523410595962,1790848523410936236,0x69,joint_3,q_actual,1.2095131716320704,
1790848523425427628,1790848523425756610,0x68,joint_2,q_actual,0.9250245035569946,
1790848523430414104,1790848523430719770,0x69,joint_3,q_actual,1.2095131716320704,
1790848523436582237,1790848523436861751,0x68,joint_2,q_leader,-0.8743690490948155,
1790848523436582237,1790848523436861751,0x69,joint_3,q_leader,-0.8820389530342436,
1790848523445556702,1790848523445924201,0x68,joint_2,q_actual,0.9250245035569946,
1790848523450598980,1790848523450999148,0x69,joint_3,q_actual,1.2112585008840648,
1790848523465686428,1790848523466057094,0x68,joint_2,q_actual,0.9250245035569946,
1790848523470401587,1790848523470679951,0x69,joint_3,q_actual,1.2112585008840648,
1790848523485420795,1790848523485755173,0x68,joint_2,q_actual,0.9250245035569946,
1790848523486992100,1790848523487294914,0x68,joint_2,q_leader,-0.8743690490948155,
1790848523486992100,1790848523487294914,0x69,joint_3,q_leader,-0.8820389530342436,
1790848523490393360,1790848523490680727,0x69,joint_3,q_actual,1.213003830136059,
1790848523505393889,1790848523505719767,0x68,joint_2,q_actual,0.9250245035569946,
1790848523510407175,1790848523510758405,0x69,joint_3,q_actual,1.213003830136059,
1790848523525545061,1790848523525903232,0x68,joint_2,q_actual,0.9250245035569946,
1790848523530595314,1790848523530957785,0x69,joint_3,q_actual,1.2147491593880533,
1790848523536879273,1790848523537157024,0x68,joint_2,q_leader,-0.8743690490948155,
1790848523536879273,1790848523537157024,0x69,joint_3,q_leader,-0.8820389530342436,
1790848523545549210,1790848523545914938,0x68,joint_2,q_actual,0.9250245035569946,
1790848523550599262,1790848523551024276,0x69,joint_3,q_actual,1.2147491593880533,
1790848523565588802,1790848523565947211,0x68,joint_2,q_actual,0.9250245035569946,
1790848523574753551,1790848523575057608,0x69,joint_3,q_actual,1.2164944886400477,
1790848523585186244,1790848523585411864,0x68,joint_2,q_actual,0.9250245035569946,
1790848523586136345,1790848523586361313,0x68,joint_2,q_leader,-0.8743690490948155,
1790848523586136345,1790848523586361313,0x69,joint_3,q_leader,-0.8820389530342436,
1790848523590398816,1790848523590670517,0x69,joint_3,q_actual,1.2164944886400477,
1790848523601097573,1790848523601342272,0x68,joint_2,q_des,0.9242404689320753,
1790848523601097573,1790848523601342272,0x69,joint_3,q_des,1.3452057032822389,
1790848523601097573,1790848523601393988,0x68,joint_2,q_filtered,0.9242404689320753,
1790848523601097573,1790848523601393988,0x69,joint_3,q_filtered,1.3452057032822389,
1790848523601097573,1790848523601527326,0x68,joint_2,q_cmd,0.9242404689320753,0.0
1790848523601097573,1790848523601527326,0x69,joint_3,q_cmd,1.2363327825277266,0.04363323129985824
1790848523605370399,1790848523605638585,0x68,joint_2,q_actual,0.9250245035569946,
1790848523610382437,1790848523610658516,0x69,joint_3,q_actual,1.218239817892042,
1790848523625238811,1790848523625548760,0x68,joint_2,q_actual,0.9250245035569946,
1790848523630234677,1790848523630513180,0x69,joint_3,q_actual,1.218239817892042,
1790848523636097147,1790848523636320375,0x68,joint_2,q_leader,-0.8743690490948155,
1790848523636097147,1790848523636320375,0x69,joint_3,q_leader,-0.8820389530342436,
1790848523645395151,1790848523645677266,0x68,joint_2,q_actual,0.9250245035569946,
1790848523650419371,1790848523650737297,0x69,joint_3,q_actual,1.2199851471440364,
1790848523665367357,1790848523665637149,0x68,joint_2,q_actual,0.9250245035569946,
1790848523670377803,1790848523670647333,0x69,joint_3,q_actual,1.2199851471440364,
1790848523685380065,1790848523685655717,0x68,joint_2,q_actual,0.9250245035569946,
1790848523686215430,1790848523686445919,0x68,joint_2,q_leader,-0.8743690490948155,
1790848523686215430,1790848523686445919,0x69,joint_3,q_leader,-0.8820389530342436,
1790848523690388936,1790848523690668190,0x69,joint_3,q_actual,1.2217304763960306,
1790848523705354186,1790848523705630855,0x68,joint_2,q_actual,0.9250245035569946,
1790848523710391691,1790848523710668999,0x69,joint_3,q_actual,1.2217304763960306,
1790848523725381316,1790848523725656424,0x68,joint_2,q_actual,0.9250245035569946,
1790848523730443971,1790848523730729331,0x69,joint_3,q_actual,1.2234758056480248,
1790848523736129266,1790848523736361851,0x68,joint_2,q_leader,-0.8743690490948155,
1790848523736129266,1790848523736361851,0x69,joint_3,q_leader,-0.8820389530342436,
1790848523745396274,1790848523745671398,0x68,joint_2,q_actual,0.9250245035569946,
1790848523750382993,1790848523750662170,0x69,joint_3,q_actual,1.2234758056480248,
1790848523765358312,1790848523765631636,0x68,joint_2,q_actual,0.9250245035569946,
1790848523770386571,1790848523770656457,0x69,joint_3,q_actual,1.2252211349000195,
1790848523785210529,1790848523785491793,0x68,joint_2,q_actual,0.9250245035569946,
1790848523786213496,1790848523786460296,0x68,joint_2,q_leader,-0.8743690490948155,
1790848523786213496,1790848523786460296,0x69,joint_3,q_leader,-0.8820389530342436,
1790848523790205035,1790848523790439155,0x69,joint_3,q_actual,1.2252211349000195,
1790848523800969045,1790848523801171189,0x68,joint_2,q_des,0.9242404689320753,
1790848523800969045,1790848523801171189,0x69,joint_3,q_des,1.3452057032822389,
1790848523800969045,1790848523801265738,0x68,joint_2,q_filtered,0.9242404689320753,
1790848523800969045,1790848523801265738,0x69,joint_3,q_filtered,1.3452057032822389,
1790848523800969045,1790848523801384087,0x68,joint_2,q_cmd,0.9242404689320753,0.0
1790848523800969045,1790848523801384087,0x69,joint_3,q_cmd,1.2450563513795039,0.04363323129985824
1790848523805357317,1790848523805630624,0x68,joint_2,q_actual,0.9250245035569946,
1790848523810379711,1790848523810651072,0x69,joint_3,q_actual,1.2269664641520137,
1790848523825396429,1790848523825666535,0x68,joint_2,q_actual,0.9250245035569946,
1790848523830388769,1790848523830698556,0x69,joint_3,q_actual,1.2269664641520137,
1790848523836219753,1790848523836436827,0x68,joint_2,q_leader,-0.8743690490948155,
1790848523836219753,1790848523836436827,0x69,joint_3,q_leader,-0.880504972246358,
1790848523844955281,1790848523845071318,0x68,joint_2,q_actual,0.9250245035569946,
1790848523850025787,1790848523850125270,0x69,joint_3,q_actual,1.2287117934040082,
1790848523865060662,1790848523865221769,0x68,joint_2,q_actual,0.9250245035569946,
1790848523870164432,1790848523870347820,0x69,joint_3,q_actual,1.2287117934040082,
1790848523885240316,1790848523885473133,0x68,joint_2,q_actual,0.9250245035569946,
1790848523886044689,1790848523886229385,0x68,joint_2,q_leader,-0.8743690490948155,
1790848523886044689,1790848523886229385,0x69,joint_3,q_leader,-0.880504972246358,
1790848523890137278,1790848523890283759,0x69,joint_3,q_actual,1.2304571226560024,
1790848523905599700,1790848523905967203,0x68,joint_2,q_actual,0.9250245035569946,
1790848523910444371,1790848523910690945,0x69,joint_3,q_actual,1.2304571226560024,
1790848523925584809,1790848523925946010,0x68,joint_2,q_actual,0.9250245035569946,
1790848523930592058,1790848523930960020,0x69,joint_3,q_actual,1.2322024519079966,
1790848523937147182,1790848523937462501,0x68,joint_2,q_leader,-0.8743690490948155,
1790848523937147182,1790848523937462501,0x69,joint_3,q_leader,-0.880504972246358,
1790848523948705749,1790848523949055118,0x68,joint_2,q_actual,0.9250245035569946,
1790848523951486775,1790848523951760004,0x69,joint_3,q_actual,1.2322024519079966,
1790848523965469596,1790848523965800036,0x68,joint_2,q_actual,0.9250245035569946,
1790848523970588433,1790848523970954685,0x69,joint_3,q_actual,1.233947781159991,
1790848523985436036,1790848523985779875,0x68,joint_2,q_actual,0.9250245035569946,
1790848523986738378,1790848523987042667,0x68,joint_2,q_leader,-0.8743690490948155,
1790848523986738378,1790848523987042667,0x69,joint_3,q_leader,-0.880504972246358,
1790848523990414283,1790848523990712671,0x69,joint_3,q_actual,1.233947781159991,
1790848524001129107,1790848524001415389,0x68,joint_2,q_des,0.9242404689320753,
1790848524001129107,1790848524001415389,0x69,joint_3,q_des,1.343671722494353,
1790848524001129107,1790848524001518627,0x68,joint_2,q_filtered,0.9242404689320753,
1790848524001129107,1790848524001518627,0x69,joint_3,q_filtered,1.343671722494353,
1790848524001129107,1790848524001631386,0x68,joint_2,q_cmd,0.9242404689320753,0.0
1790848524001129107,1790848524001631386,0x69,joint_3,q_cmd,1.2537829976394756,0.04362554796830578
1790848524005593115,1790848524005945929,0x68,joint_2,q_actual,0.9250245035569946,
1790848524010612985,1790848524010972221,0x69,joint_3,q_actual,1.2356931104119853,
1790848524025450065,1790848524025786166,0x68,joint_2,q_actual,0.9250245035569946,
1790848524030589902,1790848524030947286,0x69,joint_3,q_actual,1.2356931104119853,
1790848524037346841,1790848524037661474,0x68,joint_2,q_leader,-0.8743690490948155,
1790848524037346841,1790848524037661474,0x69,joint_3,q_leader,-0.880504972246358,
1790848524045421573,1790848524045721012,0x68,joint_2,q_actual,0.9250245035569946,
1790848524050645699,1790848524050984423,0x69,joint_3,q_actual,1.2356931104119853,
1790848524065418500,1790848524065713812,0x68,joint_2,q_actual,0.9250245035569946,
1790848524070583188,1790848524070939674,0x69,joint_3,q_actual,1.2374384396639797,
1790848524085608634,1790848524085949474,0x68,joint_2,q_actual,0.9250245035569946,
1790848524087222590,1790848524087541536,0x68,joint_2,q_leader,-0.8743690490948155,
1790848524087222590,1790848524087541536,0x69,joint_3,q_leader,-0.880504972246358,
1790848524090409458,1790848524090712149,0x69,joint_3,q_actual,1.2374384396639797,
1790848524105596587,1790848524105966473,0x68,joint_2,q_actual,0.9250245035569946,
1790848524110473730,1790848524110760710,0x69,joint_3,q_actual,1.239183768915974,
1790848524125595820,1790848524125935518,0x68,joint_2,q_actual,0.9250245035569946,
1790848524130625239,1790848524130983417,0x69,joint_3,q_actual,1.239183768915974,
1790848524136906243,1790848524137203540,0x68,joint_2,q_leader,-0.8743690490948155,
1790848524136906243,1790848524137203540,0x69,joint_3,q_leader,-0.880504972246358,
1790848524145611557,1790848524145976751,0x68,joint_2,q_actual,0.9250245035569946,
1790848524150611076,1790848524150981082,0x69,joint_3,q_actual,1.2409290981679681,
1790848524165598100,1790848524165970548,0x68,joint_2,q_actual,0.9250245035569946,
1790848524170652245,1790848524171020366,0x69,joint_3,q_actual,1.2409290981679681,
1790848524185628046,1790848524185990902,0x68,joint_2,q_actual,0.9250245035569946,
1790848524187215307,1790848524187534703,0x68,joint_2,q_leader,-0.8743690490948155,
1790848524187215307,1790848524187534703,0x69,joint_3,q_leader,-0.880504972246358,
1790848524191472494,1790848524191804866,0x69,joint_3,q_actual,1.2426744274199626,
1790848524201394922,1790848524201698211,0x68,joint_2,q_des,0.9242404689320753,
1790848524201394922,1790848524201698211,0x69,joint_3,q_des,1.343671722494353,
1790848524201394922,1790848524201727579,0x68,joint_2,q_filtered,0.9242404689320753,
1790848524201394922,1790848524201727579,0x69,joint_3,q_filtered,1.343671722494353,
1790848524201394922,1790848524201882844,0x68,joint_2,q_cmd,0.9242404689320753,0.0
1790848524201394922,1790848524201882844,0x69,joint_3,q_cmd,1.2625096438994472,0.04362385762353146
1790848524205436052,1790848524205712442,0x68,joint_2,q_actual,0.9250245035569946,
1790848524210439784,1790848524210727083,0x69,joint_3,q_actual,1.2426744274199626,
1790848524225598816,1790848524225971998,0x68,joint_2,q_actual,0.9250245035569946,
1790848524230629663,1790848524230991112,0x69,joint_3,q_actual,1.2444197566719568,
1790848524237134992,1790848524237482933,0x68,joint_2,q_leader,-0.8743690490948155,
1790848524237134992,1790848524237482933,0x69,joint_3,q_leader,-0.880504972246358,
1790848524245488216,1790848524245788106,0x68,joint_2,q_actual,0.9250245035569946,
1790848524250426763,1790848524250702344,0x69,joint_3,q_actual,1.2444197566719568,
1790848524265401213,1790848524265687395,0x68,joint_2,q_actual,0.9250245035569946,
1790848524270410014,1790848524270699414,0x69,joint_3,q_actual,1.2444197566719568,
1790848524285380109,1790848524285662573,0x68,joint_2,q_actual,0.9250245035569946,
1790848524286211503,1790848524286453910,0x68,joint_2,q_leader,-0.8743690490948155,
1790848524286211503,1790848524286453910,0x69,joint_3,q_leader,-0.880504972246358,
1790848524290453954,1790848524290745030,0x69,joint_3,q_actual,1.2461650859239515,
1790848524305421594,1790848524305714798,0x68,joint_2,q_actual,0.9250245035569946,
1790848524310404336,1790848524310694036,0x69,joint_3,q_actual,1.2461650859239515,
1790848524325293680,1790848524325576411,0x68,joint_2,q_actual,0.9250245035569946,
1790848524330210323,1790848524330418969,0x69,joint_3,q_actual,1.2461650859239515,
1790848524336232227,1790848524336480823,0x68,joint_2,q_leader,-0.8743690490948155,
1790848524336232227,1790848524336480823,0x69,joint_3,q_leader,-0.880504972246358,
1790848524345202138,1790848524345440648,0x68,joint_2,q_actual,0.9250245035569946,
1790848524350214163,1790848524350449782,0x69,joint_3,q_actual,1.2479104151759457,
1790848524365399778,1790848524365687863,0x68,joint_2,q_actual,0.9250245035569946,
1790848524370408173,1790848524370700678,0x69,joint_3,q_actual,1.2479104151759457,
1790848524385388431,1790848524385671921,0x68,joint_2,q_actual,0.9250245035569946,
1790848524386571802,1790848524386787458,0x68,joint_2,q_leader,-0.8743690490948155,
1790848524386571802,1790848524386787458,0x69,joint_3,q_leader,-0.880504972246358,
1790848524390420594,1790848524390710714,0x69,joint_3,q_actual,1.24965574442794,
1790848524401108451,1790848524401307977,0x68,joint_2,q_des,0.9242404689320753,
1790848524401108451,1790848524401307977,0x69,joint_3,q_des,1.343671722494353,
1790848524401108451,1790848524401417735,0x68,joint_2,q_filtered,0.9242404689320753,
1790848524401108451,1790848524401417735,0x69,joint_3,q_filtered,1.343671722494353,
1790848524401108451,1790848524401506609,0x68,joint_2,q_cmd,0.9242404689320753,0.0
1790848524401108451,1790848524401506609,0x69,joint_3,q_cmd,1.2712303517638783,0.04363323129985824
1790848524405226208,1790848524405473050,0x68,joint_2,q_actual,0.9250245035569946,
1790848524410225260,1790848524410479552,0x69,joint_3,q_actual,1.24965574442794,
1790848524425424946,1790848524425724402,0x68,joint_2,q_actual,0.9250245035569946,
1790848524430419969,1790848524430721810,0x69,joint_3,q_actual,1.2514010736799344,
1790848524436073986,1790848524436302573,0x68,joint_2,q_leader,-0.8743690490948155,
1790848524436073986,1790848524436302573,0x69,joint_3,q_leader,-0.880504972246358,
1790848524445225732,1790848524445475042,0x68,joint_2,q_actual,0.9250245035569946,
1790848524450408255,1790848524450691016,0x69,joint_3,q_actual,1.2514010736799344,
1790848524465265757,1790848524465558496,0x68,joint_2,q_actual,0.9250245035569946,
1790848524470256470,1790848524470489060,0x69,joint_3,q_actual,1.2531464029319286,
1790848524485412405,1790848524485692954,0x68,joint_2,q_actual,0.9250245035569946,
1790848524486292203,1790848524486517259,0x68,joint_2,q_leader,-0.8743690490948155,
1790848524486292203,1790848524486517259,0x69,joint_3,q_leader,-0.880504972246358,
1790848524490232066,1790848524490472634,0x69,joint_3,q_actual,1.2531464029319286,
1790848524505400798,1790848524505689106,0x68,joint_2,q_actual,0.9250245035569946,
1790848524510420113,1790848524510711640,0x69,joint_3,q_actual,1.254891732183923,
1790848524525299386,1790848524525585791,0x68,joint_2,q_actual,0.9250245035569946,
1790848524530215402,1790848524530441087,0x69,joint_3,q_actual,1.254891732183923,
1790848524536058394,1790848524536294923,0x68,joint_2,q_leader,-0.8743690490948155,
1790848524536058394,1790848524536294923,0x69,joint_3,q_leader,-0.880504972246358,
1790848524545200861,1790848524545448112,0x68,joint_2,q_actual,0.9250245035569946,
1790848524550411604,1790848524550704341,0x69,joint_3,q_actual,1.2566370614359172,
1790848524565405525,1790848524565703050,0x68,joint_2,q_actual,0.9250245035569946,
1790848524570409725,1790848524570699954,0x69,joint_3,q_actual,1.2566370614359172,
1790848524585394989,1790848524585682677,0x68,joint_2,q_actual,0.9250245035569946,
1790848524586580883,1790848524586806758,0x68,joint_2,q_leader,-0.8743690490948155,
1790848524586580883,1790848524586806758,0x69,joint_3,q_leader,-0.880504972246358,
1790848524590210593,1790848524590450460,0x69,joint_3,q_actual,1.2583823906879115,
1790848524601030702,1790848524601209198,0x68,joint_2,q_des,0.9242404689320753,
1790848524601030702,1790848524601209198,0x69,joint_3,q_des,1.343671722494353,
1790848524601030702,1790848524601383031,0x68,joint_2,q_filtered,0.9242404689320753,
1790848524601030702,1790848524601383031,0x69,joint_3,q_filtered,1.343671722494353,
1790848524601030702,1790848524601403383,0x68,joint_2,q_cmd,0.9242404689320753,0.0
1790848524601030702,1790848524601403383,0x69,joint_3,q_cmd,1.2799545802628547,0.04363323129985824
1790848524605415223,1790848524605709523,0x68,joint_2,q_actual,0.9250245035569946,
1790848524610264735,1790848524610482936,0x69,joint_3,q_actual,1.2583823906879115,
1790848524625223965,1790848524625478856,0x68,joint_2,q_actual,0.9250245035569946,
1790848524630410381,1790848524630696398,0x69,joint_3,q_actual,1.260127719939906,
1790848524636615143,1790848524636853052,0x68,joint_2,q_leader,-0.8743690490948155,
1790848524636615143,1790848524636853052,0x69,joint_3,q_leader,-0.8820389530342436,
1790848524645389060,1790848524645683008,0x68,joint_2,q_actual,0.9250245035569946,
1790848524650410876,1790848524650703410,0x69,joint_3,q_actual,1.2618730491919001,
1790848524665405642,1790848524665703309,0x68,joint_2,q_actual,0.9250245035569946,
1790848524670407126,1790848524670698960,0x69,joint_3,q_actual,1.2618730491919001,
1790848524685515096,1790848524685785933,0x68,joint_2,q_actual,0.9250245035569946,
1790848524686387974,1790848524686614810,0x68,joint_2,q_leader,-0.8743690490948155,
1790848524686387974,1790848524686614810,0x69,joint_3,q_leader,-0.880504972246358,
1790848524690163903,1790848524690359581,0x69,joint_3,q_actual,1.2636183784438948,
1790848524705399626,1790848524705689334,0x68,joint_2,q_actual,0.9250245035569946,
1790848524710263905,1790848524710493548,0x69,joint_3,q_actual,1.2636183784438948,
1790848524725404503,1790848524725693177,0x68,joint_2,q_actual,0.9250245035569946,
1790848524730417047,1790848524730706065,0x69,joint_3,q_actual,1.265363707695889,
1790848524736330844,1790848524736587294,0x68,joint_2,q_leader,-0.8743690490948155,
1790848524736330844,1790848524736587294,0x69,joint_3,q_leader,-0.880504972246358,
1790848524745219747,1790848524745476933,0x68,joint_2,q_actual,0.9250245035569946,
1790848524749901835,1790848524749997215,0x69,joint_3,q_actual,1.265363707695889,
1790848524765042923,1790848524765140555,0x68,joint_2,q_actual,0.9250245035569946,
1790848524770167663,1790848524770293909,0x69,joint_3,q_actual,1.2671090369478832,
1790848524785143377,1790848524785291142,0x68,joint_2,q_actual,0.9250245035569946,
1790848524785468843,1790848524785596695,0x68,joint_2,q_leader,-0.8743690490948155,
1790848524785468843,1790848524785596695,0x69,joint_3,q_leader,-0.880504972246358,
1790848524790156597,1790848524790319821,0x69,joint_3,q_actual,1.2671090369478832,
1790848524800501548,1790848524800607680,0x68,joint_2,q_des,0.9242404689320753,
1790848524800501548,1790848524800607680,0x69,joint_3,q_des,1.343671722494353,
1790848524800501548,1790848524800643919,0x68,joint_2,q_filtered,0.9242404689320753,
1790848524800501548,1790848524800643919,0x69,joint_3,q_filtered,1.343671722494353,
1790848524800501548,1790848524800755495,0x68,joint_2,q_cmd,0.9242404689320753,0.0
1790848524800501548,1790848524800755495,0x69,joint_3,q_cmd,1.288668693531642,0.04363323129985824
1790848524805118033,1790848524805305719,0x68,joint_2,q_actual,0.9250245035569946,
1790848524810223522,1790848524810442368,0x69,joint_3,q_actual,1.2688543661998777,
1790848524825234057,1790848524825515523,0x68,joint_2,q_actual,0.9250245035569946,
1790848524830550050,1790848524830903137,0x69,joint_3,q_actual,1.2688543661998777,
1790848524837338633,1790848524837665268,0x68,joint_2,q_leader,-0.8743690490948155,
1790848524837338633,1790848524837665268,0x69,joint_3,q_leader,-0.880504972246358,
1790848524845442586,1790848524845730205,0x68,joint_2,q_actual,0.9250245035569946,
1790848524850591558,1790848524850952116,0x69,joint_3,q_actual,1.270599695451872,
1790848524865611079,1790848524865977568,0x68,joint_2,q_actual,0.9250245035569946,
1790848524870619987,1790848524870997440,0x69,joint_3,q_actual,1.270599695451872,
1790848524885595557,1790848524885934647,0x68,joint_2,q_actual,0.9250245035569946,
1790848524887288332,1790848524887598880,0x68,joint_2,q_leader,-0.8743690490948155,
1790848524887288332,1790848524887598880,0x69,joint_3,q_leader,-0.880504972246358,
1790848524890390129,1790848524890680464,0x69,joint_3,q_actual,1.2723450247038663,
1790848524905468397,1790848524905781629,0x68,joint_2,q_actual,0.9250245035569946,
1790848524910585712,1790848524910956559,0x69,joint_3,q_actual,1.2723450247038663,
1790848524925597113,1790848524925958924,0x68,joint_2,q_actual,0.9250245035569946,
1790848524930616757,1790848524930979672,0x69,joint_3,q_actual,1.2740903539558606,
1790848524936905107,1790848524937225623,0x68,joint_2,q_leader,-0.8743690490948155,
1790848524936905107,1790848524937225623,0x69,joint_3,q_leader,-0.880504972246358,
1790848524945596311,1790848524945962396,0x68,joint_2,q_actual,0.9250245035569946,
1790848524950611759,1790848524950982287,0x69,joint_3,q_actual,1.2758356832078548,
1790848524965591770,1790848524965960766,0x68,joint_2,q_actual,0.9250245035569946,
1790848524970591593,1790848524970959062,0x69,joint_3,q_actual,1.2758356832078548,
1790848524985602879,1790848524985939593,0x68,joint_2,q_actual,0.9250245035569946,
1790848524987293436,1790848524987592795,0x68,joint_2,q_leader,-0.8743690490948155,
1790848524987293436,1790848524987592795,0x69,joint_3,q_leader,-0.880504972246358,
1790848524990355372,1790848524990633757,0x69,joint_3,q_actual,1.2775810124598492,
1790848525001440919,1790848525001731541,0x68,joint_2,q_des,0.9242404689320753,
1790848525001440919,1790848525001731541,0x69,joint_3,q_des,1.343671722494353,
1790848525001440919,1790848525001756489,0x68,joint_2,q_filtered,0.9242404689320753,
1790848525001440919,1790848525001756489,0x69,joint_3,q_filtered,1.343671722494353,
1790848525001440919,1790848525001976230,0x68,joint_2,q_cmd,0.9242404689320753,0.0
1790848525001440919,1790848525001976230,0x69,joint_3,q_cmd,1.2973953397916138,0.04353416256511866
1790848525005441144,1790848525005722249,0x68,joint_2,q_actual,0.9250245035569946,
1790848525010588295,1790848525010953989,0x69,joint_3,q_actual,1.2775810124598492,
1790848525025445265,1790848525025795553,0x68,joint_2,q_actual,0.9250245035569946,
1790848525030410955,1790848525030686584,0x69,joint_3,q_actual,1.2775810124598492,
1790848525036619352,1790848525036921063,0x68,joint_2,q_leader,-0.8743690490948155,
1790848525036619352,1790848525036921063,0x69,joint_3,q_leader,-0.880504972246358,
1790848525045433838,1790848525045710010,0x68,joint_2,q_actual,0.9250245035569946,
1790848525050588737,1790848525050960238,0x69,joint_3,q_actual,1.2793263417118435,
1790848525065585084,1790848525065956831,0x68,joint_2,q_actual,0.9250245035569946,
1790848525070589987,1790848525070964455,0x69,joint_3,q_actual,1.281071670963838,
1790848525085565707,1790848525085923222,0x68,joint_2,q_actual,0.9250245035569946,
1790848525087056040,1790848525087375453,0x68,joint_2,q_leader,-0.8743690490948155,
1790848525087056040,1790848525087375453,0x69,joint_3,q_leader,-0.880504972246358,
1790848525090435660,1790848525090724111,0x69,joint_3,q_actual,1.281071670963838,
1790848525105432283,1790848525105754123,0x68,joint_2,q_actual,0.9250245035569946,
1790848525110411822,1790848525110692136,0x69,joint_3,q_actual,1.2828170002158321,
1790848525125599612,1790848525125967953,0x68,joint_2,q_actual,0.9250245035569946,
1790848525130621663,1790848525130991235,0x69,joint_3,q_actual,1.2828170002158321,
1790848525136788322,1790848525137089205,0x68,joint_2,q_leader,-0.8743690490948155,
1790848525136788322,1790848525137089205,0x69,joint_3,q_leader,-0.880504972246358,
1790848525145576812,1790848525145947311,0x68,joint_2,q_actual,0.9250245035569946,
1790848525150583705,1790848525150954738,0x69,joint_3,q_actual,1.2845623294678266,
1790848525165601034,1790848525165953669,0x68,joint_2,q_actual,0.9250245035569946,
1790848525170587281,1790848525170955342,0x69,joint_3,q_actual,1.2845623294678266,
1790848525185602442,1790848525185955511,0x68,joint_2,q_actual,0.9250245035569946,
1790848525187164684,1790848525187485074,0x68,joint_2,q_leader,-0.8743690490948155,
1790848525187164684,1790848525187485074,0x69,joint_3,q_leader,-0.880504972246358,
1790848525190429064,1790848525190709852,0x69,joint_3,q_actual,1.286307658719821,
1790848525201436428,1790848525201728799,0x68,joint_2,q_des,0.9242404689320753,
1790848525201436428,1790848525201728799,0x69,joint_3,q_des,1.343671722494353,
1790848525201436428,1790848525201753135,0x68,joint_2,q_filtered,0.9242404689320753,
1790848525201436428,1790848525201753135,0x69,joint_3,q_filtered,1.343671722494353,
1790848525201436428,1790848525201969516,0x68,joint_2,q_cmd,0.9242404689320753,0.0
1790848525201436428,1790848525201969516,0x69,joint_3,q_cmd,1.3061208323453464,0.04363323129985824
1790848525205413963,1790848525205699058,0x68,joint_2,q_actual,0.9250245035569946,
1790848525210580593,1790848525210947588,0x69,joint_3,q_actual,1.286307658719821,
1790848525225506238,1790848525225861009,0x68,joint_2,q_actual,0.9250245035569946,
1790848525230427981,1790848525230731210,0x69,joint_3,q_actual,1.2880529879718152,
1790848525236813148,1790848525237084809,0x68,joint_2,q_leader,-0.8743690490948155,
1790848525236813148,1790848525237084809,0x69,joint_3,q_leader,-0.880504972246358,
1790848525245571221,1790848525245923770,0x68,joint_2,q_actual,0.9250245035569946,
1790848525250593476,1790848525250950141,0x69,joint_3,q_actual,1.2880529879718152,
1790848525265586541,1790848525265940845,0x68,joint_2,q_actual,0.9250245035569946,
1790848525275177027,1790848525275526172,0x69,joint_3,q_actual,1.2897983172238097,
1790848525285564769,1790848525285922679,0x68,joint_2,q_actual,0.9250245035569946,
1790848525286907526,1790848525287175824,0x68,joint_2,q_leader,-0.8743690490948155,
1790848525286907526,1790848525287175824,0x69,joint_3,q_leader,-0.880504972246358,
1790848525292146623,1790848525292374115,0x69,joint_3,q_actual,1.2897983172238097,
1790848525306001760,1790848525306226476,0x68,joint_2,q_actual,0.9250245035569946,
1790848525310933364,1790848525311106049,0x69,joint_3,q_actual,1.2915436464758039,
1790848525325998311,1790848525326197951,0x68,joint_2,q_actual,0.9250245035569946,
1790848525330953734,1790848525331122726,0x69,joint_3,q_actual,1.2915436464758039,
1790848525335613306,1790848525335793385,0x68,joint_2,q_leader,-0.8743690490948155,
1790848525335613306,1790848525335793385,0x69,joint_3,q_leader,-0.880504972246358,
1790848525346161799,1790848525346368113,0x68,joint_2,q_actual,0.9250245035569946,
1790848525351232093,1790848525351482298,0x69,joint_3,q_actual,1.293288975727798,
1790848525365309933,1790848525365543645,0x68,joint_2,q_actual,0.9250245035569946,
1790848525370266859,1790848525370501137,0x69,joint_3,q_actual,1.293288975727798,
1790848525385315688,1790848525385559061,0x68,joint_2,q_actual,0.9250245035569946,
1790848525386004656,1790848525386189118,0x68,joint_2,q_leader,-0.8743690490948155,
1790848525386004656,1790848525386189118,0x69,joint_3,q_leader,-0.880504972246358,
1790848525390306175,1790848525390546736,0x69,joint_3,q_actual,1.2950343049797925,
1790848525400791947,1790848525401000397,0x68,joint_2,q_des,0.9242404689320753,
1790848525400791947,1790848525401000397,0x69,joint_3,q_des,1.343671722494353,
1790848525400791947,1790848525401015677,0x68,joint_2,q_filtered,0.9242404689320753,
1790848525400791947,1790848525401015677,0x69,joint_3,q_filtered,1.343671722494353,
1790848525400791947,1790848525401148768,0x68,joint_2,q_cmd,0.9242404689320753,0.0
1790848525400791947,1790848525401148768,0x69,joint_3,q_cmd,1.3148318494872708,0.04363323129985824
1790848525405298557,1790848525405535377,0x68,joint_2,q_actual,0.9250245035569946,
1790848525410318772,1790848525410553014,0x69,joint_3,q_actual,1.2950343049797925,
1790848525425302745,1790848525425516260,0x68,joint_2,q_actual,0.9250245035569946,
1790848525430255816,1790848525430469161,0x69,joint_3,q_actual,1.2967796342317868,
1790848525435828977,1790848525436018309,0x68,joint_2,q_leader,-0.8743690490948155,
1790848525435828977,1790848525436018309,0x69,joint_3,q_leader,-0.8789709914584724,
1790848525445137539,1790848525445313482,0x68,joint_2,q_actual,0.9250245035569946,
1790848525450305389,1790848525450547679,0x69,joint_3,q_actual,1.2967796342317868,
1790848525465516283,1790848525465847442,0x68,joint_2,q_actual,0.9250245035569946,
1790848525470525740,1790848525470856326,0x69,joint_3,q_actual,1.2985249634837812,
1790848525485490788,1790848525485803999,0x68,joint_2,q_actual,0.9250245035569946,
1790848525486722551,1790848525486957932,0x68,joint_2,q_leader,-0.8743690490948155,
1790848525486722551,1790848525486957932,0x69,joint_3,q_leader,-0.8789709914584724,
1790848525490341701,1790848525490583619,0x69,joint_3,q_actual,1.2985249634837812,
1790848525505721642,1790848525506099914,0x68,joint_2,q_actual,0.9250245035569946,
1790848525510477055,1790848525510767267,0x69,joint_3,q_actual,1.3002702927357754,
1790848525525535192,1790848525525857412,0x68,joint_2,q_actual,0.9250245035569946,
1790848525530521814,1790848525530836815,0x69,joint_3,q_actual,1.3002702927357754,
1790848525537102249,1790848525537365616,0x68,joint_2,q_leader,-0.8743690490948155,
1790848525537102249,1790848525537365616,0x69,joint_3,q_leader,-0.8789709914584724,
1790848525545431624,1790848525545717459,0x68,joint_2,q_actual,0.9250245035569946,
1790848525550592237,1790848525550919146,0x69,joint_3,q_actual,1.3020156219877697,
1790848525565413268,1790848525565660679,0x68,joint_2,q_actual,0.9250245035569946,
1790848525570417252,1790848525570664985,0x69,joint_3,q_actual,1.3020156219877697,
1790848525585572347,1790848525585943540,0x68,joint_2,q_actual,0.9250245035569946,
1790848525587120014,1790848525587414784,0x68,joint_2,q_leader,-0.8743690490948155,
1790848525587120014,1790848525587414784,0x69,joint_3,q_leader,-0.8774370106705868,
1790848525590431982,1790848525590713602,0x69,joint_3,q_actual,1.3037609512397643,
1790848525601431394,1790848525601733780,0x68,joint_2,q_des,0.9242404689320753,
1790848525601431394,1790848525601733780,0x69,joint_3,q_des,1.340603760918582,
1790848525601431394,1790848525601758611,0x68,joint_2,q_filtered,0.9242404689320753,
1790848525601431394,1790848525601758611,0x69,joint_3,q_filtered,1.340603760918582,
1790848525601431394,1790848525601964170,0x68,joint_2,q_cmd,0.9242404689320753,0.0
1790848525601431394,1790848525601964170,0x69,joint_3,q_cmd,1.3235584957472424,0.04356959898979645
1790848525605424856,1790848525605705997,0x68,joint_2,q_actual,0.9250245035569946,
1790848525610587857,1790848525610950025,0x69,joint_3,q_actual,1.3037609512397643,
1790848525625582171,1790848525625954343,0x68,joint_2,q_actual,0.9250245035569946,
1790848525630602673,1790848525630964694,0x69,joint_3,q_actual,1.3037609512397643,
1790848525636830860,1790848525637114949,0x68,joint_2,q_leader,-0.8743690490948155,
1790848525636830860,1790848525637114949,0x69,joint_3,q_leader,-0.8759030298827011,
1790848525645477204,1790848525645790110,0x68,joint_2,q_actual,0.9250245035569946,
1790848525650409745,1790848525650689093,0x69,joint_3,q_actual,1.3055062804917585,
1790848525665600557,1790848525665965886,0x68,joint_2,q_actual,0.9250245035569946,
1790848525670621440,1790848525671003797,0x69,joint_3,q_actual,1.3055062804917585,
1790848525685576761,1790848525685956334,0x68,joint_2,q_actual,0.9250245035569946,
1790848525687079133,1790848525687375924,0x68,joint_2,q_leader,-0.8743690490948155,
1790848525687079133,1790848525687375924,0x69,joint_3,q_leader,-0.8759030298827011,
1790848525690422121,1790848525690701020,0x69,joint_3,q_actual,1.307251609743753,
1790848525705599595,1790848525705952855,0x68,joint_2,q_actual,0.9250245035569946,
1790848525710216732,1790848525710339120,0x69,joint_3,q_actual,1.307251609743753,
1790848525725050304,1790848525725165472,0x68,joint_2,q_actual,0.9250245035569946,
1790848525730173930,1790848525730380353,0x69,joint_3,q_actual,1.3089969389957472,
1790848525735461503,1790848525735562107,0x68,joint_2,q_leader,-0.8743690490948155,
1790848525735461503,1790848525735562107,0x69,joint_3,q_leader,-0.8743690490948155,
1790848525745134154,1790848525745289439,0x68,joint_2,q_actual,0.9250245035569946,
1790848525750163808,1790848525750335032,0x69,joint_3,q_actual,1.3089969389957472,
1790848525765169455,1790848525765374396,0x68,joint_2,q_actual,0.9250245035569946,
1790848525770214218,1790848525770429820,0x69,joint_3,q_actual,1.3107422682477414,
1790848525785404689,1790848525785696839,0x68,joint_2,q_actual,0.9250245035569946,
1790848525786477339,1790848525786680235,0x68,joint_2,q_leader,-0.8743690490948155,
1790848525786477339,1790848525786680235,0x69,joint_3,q_leader,-0.8713010875190442,
1790848525790570107,1790848525790918582,0x69,joint_3,q_actual,1.3107422682477414,
1790848525801314066,1790848525801580979,0x68,joint_2,q_des,0.9242404689320753,
1790848525801314066,1790848525801580979,0x69,joint_3,q_des,1.3344678377670394,
1790848525801314066,1790848525801610058,0x68,joint_2,q_filtered,0.9242404689320753,
1790848525801314066,1790848525801610058,0x69,joint_3,q_filtered,1.3344678377670394,
1790848525801314066,1790848525801795428,0x68,joint_2,q_cmd,0.9242404689320753,0.0
1790848525801314066,1790848525801795428,0x69,joint_3,q_cmd,1.3322817489562688,0.04363323129985824
1790848525805547565,1790848525805898250,0x68,joint_2,q_actual,0.9250245035569946,
1790848525810556064,1790848525810904841,0x69,joint_3,q_actual,1.3124875974997359,
1790848525825528556,1790848525825866969,0x68,joint_2,q_actual,0.9250245035569946,
1790848525830563625,1790848525830915893,0x69,joint_3,q_actual,1.3124875974997359,
1790848525837000151,1790848525837298500,0x68,joint_2,q_leader,-0.8743690490948155,
1790848525837000151,1790848525837298500,0x69,joint_3,q_leader,-0.8713010875190442,
1790848525845549313,1790848525845954566,0x68,joint_2,q_actual,0.9250245035569946,
1790848525850389679,1790848525850656913,0x69,joint_3,q_actual,1.31423292675173,
1790848525865476315,1790848525865741030,0x68,joint_2,q_actual,0.9250245035569946,
1790848525870552263,1790848525870904242,0x69,joint_3,q_actual,1.31423292675173,
1790848525885539529,1790848525885869974,0x68,joint_2,q_actual,0.9250245035569946,
1790848525887091175,1790848525887360549,0x68,joint_2,q_leader,-0.8743690490948155,
1790848525887091175,1790848525887360549,0x69,joint_3,q_leader,-0.8697671067311585,
1790848525893105653,1790848525893391384,0x69,joint_3,q_actual,1.3159782560037245,
1790848525905569464,1790848525905938454,0x68,joint_2,q_actual,0.9250245035569946,
1790848525910604043,1790848525910970674,0x69,joint_3,q_actual,1.3159782560037245,
1790848525925599449,1790848525925951643,0x68,joint_2,q_actual,0.9250245035569946,
1790848525930353728,1790848525930593973,0x69,joint_3,q_actual,1.3177235852557188,
1790848525935994977,1790848525936153270,0x68,joint_2,q_leader,-0.8743690490948155,
1790848525935994977,1790848525936153270,0x69,joint_3,q_leader,-0.8697671067311585,
1790848525945311935,1790848525945547178,0x68,joint_2,q_actual,0.9250245035569946,
1790848525950305446,1790848525950544606,0x69,joint_3,q_actual,1.3177235852557188,
1790848525965347314,1790848525965590247,0x68,joint_2,q_actual,0.9250245035569946,
1790848525970304376,1790848525970548508,0x69,joint_3,q_actual,1.319468914507713,
1790848525985279440,1790848525985514235,0x68,joint_2,q_actual,0.9250245035569946,
1790848525986058849,1790848525986210863,0x68,joint_2,q_leader,-0.8743690490948155,
1790848525986058849,1790848525986210863,0x69,joint_3,q_leader,-0.8697671067311585,
1790848525990301867,1790848525990538363,0x69,joint_3,q_actual,1.319468914507713,
1790848526000898117,1790848526001050826,0x68,joint_2,q_des,0.9242404689320753,
1790848526000898117,1790848526001050826,0x69,joint_3,q_des,1.3329338569791536,
1790848526000898117,1790848526001127981,0x68,joint_2,q_filtered,0.9242404689320753,
1790848526000898117,1790848526001127981,0x69,joint_3,q_filtered,1.3329338569791536,
1790848526000898117,1790848526001155836,0x68,joint_2,q_cmd,0.9242404689320753,0.0
1790848526000898117,1790848526001155836,0x69,joint_3,q_cmd,1.3329338569791536,0.0032651951235306374
1790848526005295912,1790848526005531516,0x68,joint_2,q_actual,0.9250245035569946,
1790848526010303864,1790848526010532162,0x69,joint_3,q_actual,1.3212142437597074,
1790848526025266436,1790848526025505054,0x68,joint_2,q_actual,0.9250245035569946,
1790848526030309362,1790848526030546512,0x69,joint_3,q_actual,1.3212142437597074,
1790848526035910100,1790848526036114765,0x68,joint_2,q_leader,-0.8743690490948155,
1790848526035910100,1790848526036114765,0x69,joint_3,q_leader,-0.8697671067311585,
1790848526045304259,1790848526045543505,0x68,joint_2,q_actual,0.9250245035569946,
1790848526050341409,1790848526050629570,0x69,joint_3,q_actual,1.3229595730117016,
1790848526065306669,1790848526065546189,0x68,joint_2,q_actual,0.9250245035569946,
1790848526070316066,1790848526070553260,0x69,joint_3,q_actual,1.3229595730117016,
1790848526085479739,1790848526085808470,0x68,joint_2,q_actual,0.9250245035569946,
1790848526086906450,1790848526087172663,0x68,joint_2,q_leader,-0.8743690490948155,
1790848526086906450,1790848526087172663,0x69,joint_3,q_leader,-0.8682331259432728,
1790848526090326448,1790848526090572494,0x69,joint_3,q_actual,1.3247049022636963,
1790848526105496893,1790848526105830977,0x68,joint_2,q_actual,0.9250245035569946,
1790848526110516036,1790848526110845805,0x69,joint_3,q_actual,1.3247049022636963,
1790848526125563227,1790848526125949292,0x68,joint_2,q_actual,0.9250245035569946,
1790848526130318544,1790848526130588045,0x69,joint_3,q_actual,1.3264502315156905,
1790848526136496989,1790848526136767459,0x68,joint_2,q_leader,-0.8743690490948155,
1790848526136496989,1790848526136767459,0x69,joint_3,q_leader,-0.8651651643675016,
1790848526145528284,1790848526145858816,0x68,joint_2,q_actual,0.9250245035569946,
1790848526150527306,1790848526150874080,0x69,joint_3,q_actual,1.3264502315156905,
1790848526165505564,1790848526165825624,0x68,joint_2,q_actual,0.9250245035569946,
1790848526170319574,1790848526170567310,0x69,joint_3,q_actual,1.3264502315156905,
1790848526185378003,1790848526185686409,0x68,joint_2,q_actual,0.9250245035569946,
1790848526186598294,1790848526186851138,0x68,joint_2,q_leader,-0.8743690490948155,
1790848526186598294,1790848526186851138,0x69,joint_3,q_leader,-0.8605632220038447,
1790848526190508857,1790848526190845286,0x69,joint_3,q_actual,1.3281955607676847,
1790848526201309719,1790848526201537304,0x68,joint_2,q_des,0.9242404689320753,
1790848526201309719,1790848526201537304,0x69,joint_3,q_des,1.3237299722518399,
1790848526201309719,1790848526201618299,0x68,joint_2,q_filtered,0.9242404689320753,
1790848526201309719,1790848526201618299,0x69,joint_3,q_filtered,1.3237299722518399,
1790848526201309719,1790848526201785406,0x68,joint_2,q_cmd,0.9242404689320753,0.0
1790848526201309719,1790848526201785406,0x69,joint_3,q_cmd,1.324840460308012,-0.04041940143430947
1790848526205498704,1790848526205826102,0x68,joint_2,q_actual,0.9250245035569946,
1790848526210508862,1790848526210841233,0x69,joint_3,q_actual,1.3281955607676847,
1790848526228078417,1790848526228368606,0x68,joint_2,q_actual,0.9250245035569946,
1790848526230431279,1790848526230668636,0x69,joint_3,q_actual,1.3281955607676847,
1790848526236526473,1790848526236797128,0x68,joint_2,q_leader,-0.8743690490948155,
1790848526236526473,1790848526236797128,0x69,joint_3,q_leader,-0.8559612796401878,
1790848526245506007,1790848526245842208,0x68,joint_2,q_actual,0.9250245035569946,
1790848526250554230,1790848526250897085,0x69,joint_3,q_actual,1.3299408900196792,
1790848526265380649,1790848526265678834,0x68,joint_2,q_actual,0.9250245035569946,
1790848526270327619,1790848526270576273,0x69,joint_3,q_actual,1.3299408900196792,
1790848526285482645,1790848526285798513,0x68,joint_2,q_actual,0.9250245035569946,
1790848526286820991,1790848526287086711,0x68,joint_2,q_leader,-0.8743690490948155,
1790848526286820991,1790848526287086711,0x69,joint_3,q_leader,-0.8498253564886452,
1790848526290324926,1790848526290572082,0x69,joint_3,q_actual,1.3316862192716734,
1790848526305501781,1790848526305838838,0x68,joint_2,q_actual,0.9250245035569946,
1790848526310517268,1790848526310846953,0x69,joint_3,q_actual,1.3316862192716734,
1790848526325554701,1790848526325931340,0x68,joint_2,q_actual,0.9250245035569946,
1790848526330343219,1790848526330606890,0x69,joint_3,q_actual,1.3316862192716734,
1790848526336429042,1790848526336692973,0x68,joint_2,q_leader,-0.8743690490948155,
1790848526336429042,1790848526336692973,0x69,joint_3,q_leader,-0.842155452549217,
1790848526345512010,1790848526345846811,0x68,joint_2,q_actual,0.9250245035569946,
1790848526350626808,1790848526350965548,0x69,joint_3,q_actual,1.3334315485236679,
1790848526365499402,1790848526365821202,0x68,joint_2,q_actual,0.9250245035569946,
1790848526370509679,1790848526370839695,0x69,joint_3,q_actual,1.3334315485236679,
1790848526385384735,1790848526385694312,0x68,joint_2,q_actual,0.9250245035569946,
1790848526386708109,1790848526386976843,0x68,joint_2,q_leader,-0.8743690490948155,
1790848526386708109,1790848526386976843,0x69,joint_3,q_leader,-0.8344855486097887,
1790848526390328900,1790848526390573303,0x69,joint_3,q_actual,1.3334315485236679,
1790848526401330306,1790848526401599393,0x68,joint_2,q_des,0.9242404689320753,
1790848526401330306,1790848526401599393,0x69,joint_3,q_des,1.2976522988577839,
1790848526401330306,1790848526401636737,0x68,joint_2,q_filtered,0.9242404689320753,
1790848526401330306,1790848526401636737,0x69,joint_3,q_filtered,1.2976522988577839,
1790848526401330306,1790848526401814678,0x68,joint_2,q_cmd,0.9242404689320753,0.0
1790848526401330306,1790848526401814678,0x69,joint_3,q_cmd,1.3161138140480402,-0.043629856530471814
1790848526408049418,1790848526408309589,0x68,joint_2,q_actual,0.9250245035569946,
1790848526410332343,1790848526410570155,0x69,joint_3,q_actual,1.3334315485236679,
1790848526425500824,1790848526425827388,0x68,joint_2,q_actual,0.9250245035569946,
1790848526430515119,1790848526430834595,0x69,joint_3,q_actual,1.335176877775662,
1790848526436614291,1790848526436881794,0x68,joint_2,q_leader,-0.8774370106705868,
1790848526436614291,1790848526436881794,0x69,joint_3,q_leader,-0.8237476830945893,
1790848526445439924,1790848526445765845,0x68,joint_2,q_actual,0.9250245035569946,
1790848526450518450,1790848526450849347,0x69,joint_3,q_actual,1.335176877775662,
1790848526465383646,1790848526465685085,0x68,joint_2,q_actual,0.9250245035569946,
1790848526470357149,1790848526470619639,0x69,joint_3,q_actual,1.335176877775662,
1790848526485324839,1790848526485564273,0x68,joint_2,q_actual,0.9250245035569946,
1790848526486431670,1790848526486689220,0x68,joint_2,q_leader,-0.8774370106705868,
1790848526486431670,1790848526486689220,0x69,joint_3,q_leader,-0.8130098175793898,
1790848526490530257,1790848526490862656,0x69,joint_3,q_actual,1.335176877775662,
1790848526505503491,1790848526505832548,0x68,joint_2,q_actual,0.9250245035569946,
1790848526510512847,1790848526510844569,0x69,joint_3,q_actual,1.3369222070276563,
1790848526525488314,1790848526525806785,0x68,joint_2,q_actual,0.9250245035569946,
1790848526531941795,1790848526532262616,0x69,joint_3,q_actual,1.3369222070276563,
1790848526536393780,1790848526536657222,0x68,joint_2,q_leader,-0.8774370106705868,
1790848526536393780,1790848526536657222,0x69,joint_3,q_leader,-0.8022719520641903,
1790848526545516835,1790848526545828704,0x68,joint_2,q_actual,0.9250245035569946,
1790848526552012205,1790848526552200898,0x69,joint_3,q_actual,1.3369222070276563,
1790848526565254630,1790848526565479361,0x68,joint_2,q_actual,0.9250245035569946,
1790848526570272123,1790848526570496266,0x69,joint_3,q_actual,1.3369222070276563,
1790848526585164255,1790848526585394319,0x68,joint_2,q_actual,0.9250245035569946,
1790848526585806839,1790848526586000336,0x68,joint_2,q_leader,-0.8789709914584725,
1790848526585806839,1790848526586000336,0x69,joint_3,q_leader,-0.7900001057611052,
1790848526590056333,1790848526590187405,0x69,joint_3,q_actual,1.3369222070276563,
1790848526600428509,1790848526600581841,0x68,joint_2,q_des,0.9288424112957325,
1790848526600428509,1790848526600581841,0x69,joint_3,q_des,1.2531668560091003,
1790848526600428509,1790848526600604581,0x68,joint_2,q_filtered,0.9288424112957325,
1790848526600428509,1790848526600604581,0x69,joint_3,q_filtered,1.2531668560091003,
1790848526600428509,1790848526600664405,0x68,joint_2,q_cmd,0.9288424112957325,0.023078920423311874
1790848526600428509,1790848526600664405,0x69,joint_3,q_cmd,1.3074119876790278,-0.04363323129985824
1790848526605093560,1790848526605256642,0x68,joint_2,q_actual,0.9250245035569946,
1790848526610274959,1790848526610497306,0x69,joint_3,q_actual,1.3369222070276563,
1790848526625319336,1790848526625564797,0x68,joint_2,q_actual,0.9250245035569946,
1790848526630411282,1790848526630707811,0x69,joint_3,q_actual,1.3369222070276563,
1790848526636620235,1790848526636867361,0x68,joint_2,q_leader,-0.8789709914584725,
1790848526636620235,1790848526636867361,0x69,joint_3,q_leader,-0.77772825945802,
1790848526645425477,1790848526645716507,0x68,joint_2,q_actual,0.9250245035569946,
1790848526650411894,1790848526650703048,0x69,joint_3,q_actual,1.3369222070276563,
1790848526665408583,1790848526665696479,0x68,joint_2,q_actual,0.9250245035569946,
1790848526670262453,1790848526670491598,0x69,joint_3,q_actual,1.3369222070276563,
1790848526685292816,1790848526685513805,0x68,joint_2,q_actual,0.9250245035569946,
1790848526686150697,1790848526686364230,0x68,joint_2,q_leader,-0.8789709914584725,
1790848526686150697,1790848526686364230,0x69,joint_3,q_leader,-0.765456413154935,
1790848526690417658,1790848526690703253,0x69,joint_3,q_actual,1.3369222070276563,
1790848526705410457,1790848526705693448,0x68,joint_2,q_actual,0.9250245035569946,
1790848526710378686,1790848526710666925,0x69,joint_3,q_actual,1.3369222070276563,
1790848526725403339,1790848526725694770,0x68,joint_2,q_actual,0.9250245035569946,
1790848526735777382,1790848526736048146,0x69,joint_3,q_actual,1.3369222070276563,
1790848526736459822,1790848526736672525,0x68,joint_2,q_leader,-0.8789709914584725,
1790848526736459822,1790848526736672525,0x69,joint_3,q_leader,-0.7516505860639642,
1790848526746599310,1790848526746824353,0x68,joint_2,q_actual,0.9250245035569946,
1790848526751363290,1790848526751576087,0x69,joint_3,q_actual,1.3369222070276563,
1790848526766541594,1790848526766905134,0x68,joint_2,q_actual,0.9267698328089892,
1790848526771305979,1790848526771511079,0x69,joint_3,q_actual,1.3369222070276563,
1790848526786333192,1790848526786591223,0x68,joint_2,q_leader,-0.8789709914584725,
1790848526786333192,1790848526786591223,0x69,joint_3,q_leader,-0.7378447589729934,
1790848526786603843,1790848526786817194,0x68,joint_2,q_actual,0.9267698328089892,
1790848526791317748,1790848526791523634,0x69,joint_3,q_actual,1.3369222070276563,
1790848526800991506,1790848526801267455,0x68,joint_2,q_des,0.9288424112957325,
1790848526800991506,1790848526801267455,0x69,joint_3,q_des,1.2010115092209885,
1790848526800991506,1790848526801299220,0x68,joint_2,q_filtered,0.9288424112957325,
1790848526800991506,1790848526801299220,0x69,joint_3,q_filtered,1.2010115092209885,
1790848526800991506,1790848526801361187,0x68,joint_2,q_cmd,0.9288424112957325,0.0
1790848526800991506,1790848526801361187,0x69,joint_3,q_cmd,1.2986853414190562,-0.043565244903421764
1790848526806553515,1790848526806829493,0x68,joint_2,q_actual,0.9267698328089892,
1790848526810467458,1790848526810758329,0x69,joint_3,q_actual,1.3369222070276563,
1790848526826533634,1790848526826812406,0x68,joint_2,q_actual,0.9267698328089892,
1790848526830472621,1790848526830759835,0x69,joint_3,q_actual,1.3369222070276563,
1790848526836306260,1790848526836555850,0x68,joint_2,q_leader,-0.8789709914584725,
1790848526836306260,1790848526836555850,0x69,joint_3,q_leader,-0.7240389318820226,
1790848526846563196,1790848526846838857,0x68,joint_2,q_actual,0.9267698328089892,
1790848526851596019,1790848526851859763,0x69,joint_3,q_actual,1.3369222070276563,
1790848526866546792,1790848526866824599,0x68,joint_2,q_actual,0.9285151620609834,
1790848526871318873,1790848526871522456,0x69,joint_3,q_actual,1.3369222070276563,
1790848526885291549,1790848526885538627,0x68,joint_2,q_actual,0.9285151620609834,
1790848526886259753,1790848526886495217,0x68,joint_2,q_leader,-0.8789709914584725,
1790848526886259753,1790848526886495217,0x69,joint_3,q_leader,-0.7133010663668231,
1790848526890297009,1790848526890515246,0x69,joint_3,q_actual,1.3369222070276563,
1790848526906556738,1790848526906830850,0x68,joint_2,q_actual,0.9285151620609834,
1790848526910408995,1790848526910697533,0x69,joint_3,q_actual,1.3369222070276563,
1790848526925412036,1790848526925707162,0x68,joint_2,q_actual,0.9285151620609834,
1790848526930421709,1790848526930701487,0x69,joint_3,q_actual,1.335176877775662,
1790848526936573520,1790848526936821027,0x68,joint_2,q_leader,-0.8789709914584725,
1790848526936573520,1790848526936821027,0x69,joint_3,q_leader,-0.7025632008516236,
1790848526945239160,1790848526945518538,0x68,joint_2,q_actual,0.9285151620609834,
1790848526950238821,1790848526950472204,0x69,joint_3,q_actual,1.335176877775662,
1790848526965418233,1790848526965709736,0x68,joint_2,q_actual,0.9285151620609834,
1790848526973511997,1790848526973783797,0x69,joint_3,q_actual,1.335176877775662,
1790848526986559143,1790848526986812741,0x68,joint_2,q_leader,-0.8789709914584725,
1790848526986559143,1790848526986812741,0x69,joint_3,q_leader,-0.6933593161243098,
1790848526987705838,1790848526987935337,0x68,joint_2,q_actual,0.9285151620609834,
1790848526991545929,1790848526991748745,0x69,joint_3,q_actual,1.335176877775662,
1790848527000875942,1790848527001153991,0x68,joint_2,q_des,0.9288424112957325,
1790848527000875942,1790848527001153991,0x69,joint_3,q_des,1.156526066372305,
1790848527000875942,1790848527001172093,0x68,joint_2,q_filtered,0.9288424112957325,
1790848527000875942,1790848527001172093,0x69,joint_3,q_filtered,1.156526066372305,
1790848527000875942,1790848527001206530,0x68,joint_2,q_cmd,0.9288424112957325,0.0
1790848527000875942,1790848527001206530,0x69,joint_3,q_cmd,1.289964176234703,-0.04363323129985824
1790848527006382001,1790848527006590463,0x68,joint_2,q_actual,0.9302604913129776,
1790848527011631659,1790848527011905534,0x69,joint_3,q_actual,1.3334315485236679,
1790848527026529733,1790848527026808137,0x68,joint_2,q_actual,0.9302604913129776,
1790848527031557017,1790848527031806527,0x69,joint_3,q_actual,1.3334315485236679,
1790848527036198464,1790848527036450491,0x68,joint_2,q_leader,-0.8789709914584725,
1790848527036198464,1790848527036450491,0x69,joint_3,q_leader,-0.684155431396996,
1790848527045485987,1790848527045774638,0x68,joint_2,q_actual,0.9302604913129776,
1790848527051321935,1790848527051536514,0x69,joint_3,q_actual,1.3334315485236679,
1790848527067634582,1790848527067912219,0x68,joint_2,q_actual,0.9302604913129776,
1790848527070231558,1790848527070452760,0x69,joint_3,q_actual,1.3316862192716734,
1790848527086189236,1790848527086460351,0x68,joint_2,q_leader,-0.8789709914584725,
1790848527086189236,1790848527086460351,0x69,joint_3,q_leader,-0.6749515466696822,
1790848527087635304,1790848527087864377,0x68,joint_2,q_actual,0.9302604913129776,
1790848527090445552,1790848527090658391,0x69,joint_3,q_actual,1.3316862192716734,
1790848527105558111,1790848527105914241,0x68,joint_2,q_actual,0.9302604913129776,
1790848527115004324,1790848527115334791,0x69,joint_3,q_actual,1.3299408900196792,
1790848527127145875,1790848527127535580,0x68,joint_2,q_actual,0.9302604913129776,
1790848527131965836,1790848527132261690,0x69,joint_3,q_actual,1.3299408900196792,
1790848527136714342,1790848527137018191,0x68,joint_2,q_leader,-0.8789709914584725,
1790848527136714342,1790848527137018191,0x69,joint_3,q_leader,-0.662679700366597,
1790848527148723982,1790848527149175245,0x68,joint_2,q_actual,0.9302604913129776,
1790848527151792462,1790848527152055425,0x69,joint_3,q_actual,1.3281955607676847,
1790848527166001382,1790848527166192592,0x68,joint_2,q_actual,0.9302604913129776,
1790848527170974691,1790848527171138172,0x69,joint_3,q_actual,1.3281955607676847,
1790848527186201426,1790848527186426380,0x68,joint_2,q_actual,0.9302604913129776,
1790848527186384880,1790848527186585204,0x68,joint_2,q_leader,-0.8789709914584725,
1790848527186384880,1790848527186585204,0x69,joint_3,q_leader,-0.6504078540635119,
1790848527191231130,1790848527191475577,0x69,joint_3,q_actual,1.3264502315156905,
1790848527200788968,1790848527200986209,0x68,joint_2,q_des,0.9288424112957325,
1790848527200788968,1790848527200986209,0x69,joint_3,q_des,1.1135746043115071,
1790848527200788968,1790848527201033102,0x68,joint_2,q_filtered,0.9288424112957325,
1790848527200788968,1790848527201033102,0x69,joint_3,q_filtered,1.1135746043115071,
1790848527200788968,1790848527201098506,0x68,joint_2,q_cmd,0.9288424112957325,0.0
1790848527200788968,1790848527201098506,0x69,joint_3,q_cmd,1.2812387159259642,-0.04363323129985824
1790848527206183243,1790848527206427529,0x68,joint_2,q_actual,0.9302604913129776,
1790848527211196419,1790848527211454582,0x69,joint_3,q_actual,1.3264502315156905,
1790848527225351043,1790848527225589511,0x68,joint_2,q_actual,0.9302604913129776,
1790848527230929041,1790848527231107164,0x69,joint_3,q_actual,1.3247049022636963,
1790848527236300511,1790848527236512048,0x68,joint_2,q_leader,-0.8789709914584725,
1790848527236300511,1790848527236512048,0x69,joint_3,q_leader,-0.6366020269725411,
1790848527246150719,1790848527246393237,0x68,joint_2,q_actual,0.9302604913129776,
1790848527251954303,1790848527252179269,0x69,joint_3,q_actual,1.3229595730117016,
1790848527266177135,1790848527266417042,0x68,joint_2,q_actual,0.9302604913129776,
1790848527271166153,1790848527271412989,0x69,joint_3,q_actual,1.3229595730117016,
1790848527286052500,1790848527286264627,0x68,joint_2,q_leader,-0.8789709914584725,
1790848527286052500,1790848527286264627,0x69,joint_3,q_leader,-0.6243301806694559,
1790848527286428124,1790848527286643989,0x68,joint_2,q_actual,0.9302604913129776,
1790848527291022209,1790848527291257278,0x69,joint_3,q_actual,1.3212142437597074,
1790848527305317979,1790848527305556111,0x68,joint_2,q_actual,0.9302604913129776,
1790848527310314176,1790848527310555383,0x69,joint_3,q_actual,1.3212142437597074,
1790848527325224789,1790848527325505627,0x68,joint_2,q_actual,0.9302604913129776,
1790848527330116544,1790848527330272070,0x69,joint_3,q_actual,1.319468914507713,
1790848527335669403,1790848527335867242,0x68,joint_2,q_leader,-0.8789709914584725,
1790848527335669403,1790848527335867242,0x69,joint_3,q_leader,-0.6089903727905995,
1790848527347547549,1790848527347755416,0x68,joint_2,q_actual,0.9302604913129776,
1790848527350929825,1790848527351108322,0x69,joint_3,q_actual,1.3177235852557188,
1790848527365957075,1790848527366137114,0x68,joint_2,q_actual,0.9302604913129776,
1790848527371092757,1790848527371292553,0x69,joint_3,q_actual,1.3177235852557188,
1790848527385492622,1790848527385676793,0x68,joint_2,q_leader,-0.8789709914584725,
1790848527385492622,1790848527385676793,0x69,joint_3,q_leader,-0.5936505649117432,
1790848527385941239,1790848527386108063,0x68,joint_2,q_actual,0.9302604913129776,
1790848527390939535,1790848527391100823,0x69,joint_3,q_actual,1.3159782560037245,
1790848527400797344,1790848527400995661,0x68,joint_2,q_des,0.9288424112957325,
1790848527400797344,1790848527400995661,0x69,joint_3,q_des,1.0568173151597384,
1790848527400797344,1790848527401010735,0x68,joint_2,q_filtered,0.9288424112957325,
1790848527400797344,1790848527401010735,0x69,joint_3,q_filtered,1.0568173151597384,
1790848527400797344,1790848527401109075,0x68,joint_2,q_cmd,0.9288424112957325,0.0
1790848527400797344,1790848527401109075,0x69,joint_3,q_cmd,1.2725124236623728,-0.04363323129985824
1790848527406152105,1790848527406401401,0x68,joint_2,q_actual,0.9302604913129776,
1790848527411156666,1790848527411414777,0x69,joint_3,q_actual,1.31423292675173,
1790848527426051467,1790848527426280039,0x68,joint_2,q_actual,0.9302604913129776,
1790848527430126547,1790848527430261663,0x69,joint_3,q_actual,1.3124875974997359,
1790848527435547866,1790848527435732725,0x68,joint_2,q_leader,-0.8789709914584725,
1790848527435547866,1790848527435732725,0x69,joint_3,q_leader,-0.576776776245001,
1790848527445308104,1790848527445549396,0x68,joint_2,q_actual,0.9302604913129776,
1790848527450315226,1790848527450556358,0x69,joint_3,q_actual,1.3124875974997359,
1790848527465297486,1790848527465541409,0x68,joint_2,q_actual,0.9302604913129776,
1790848527470311604,1790848527470551046,0x69,joint_3,q_actual,1.3107422682477414,
1790848527485518134,1790848527485847335,0x68,joint_2,q_actual,0.9302604913129776,
1790848527486573421,1790848527486830623,0x68,joint_2,q_leader,-0.8789709914584725,
1790848527486573421,1790848527486830623,0x69,joint_3,q_leader,-0.559902987578259,
1790848527490323550,1790848527490585549,0x69,joint_3,q_actual,1.3089969389957472,
1790848527505333681,1790848527505594225,0x68,joint_2,q_actual,0.9302604913129776,
1790848527510520981,1790848527510854448,0x69,joint_3,q_actual,1.307251609743753,
1790848527525493492,1790848527525819579,0x68,joint_2,q_actual,0.9302604913129776,
1790848527530519319,1790848527530844633,0x69,joint_3,q_actual,1.3055062804917585,
1790848527536949970,1790848527537235835,0x68,joint_2,q_leader,-0.880504972246358,
1790848527536949970,1790848527537235835,0x69,joint_3,q_leader,-0.5414952181236313,
1790848527545506081,1790848527545838360,0x68,joint_2,q_actual,0.9302604913129776,
1790848527550515906,1790848527550854166,0x69,joint_3,q_actual,1.3055062804917585,
1790848527565504243,1790848527565841640,0x68,joint_2,q_actual,0.9302604913129776,
1790848527570512345,1790848527570849715,0x69,joint_3,q_actual,1.3037609512397643,
1790848527585417345,1790848527585803470,0x68,joint_2,q_actual,0.9302604913129776,
1790848527586682527,1790848527586953115,0x68,joint_2,q_leader,-0.880504972246358,
1790848527586682527,1790848527586953115,0x69,joint_3,q_leader,-0.526155410244775,
1790848527590760365,1790848527591011168,0x69,joint_3,q_actual,1.3020156219877697,
1790848527601210529,1790848527601473074,0x68,joint_2,q_des,0.9303763920836179,
1790848527601210529,1790848527601473074,0x69,joint_3,q_des,0.9893221604927701,
1790848527601210529,1790848527601627987,0x68,joint_2,q_filtered,0.9303763920836179,
1790848527601210529,1790848527601627987,0x69,joint_3,q_filtered,0.9893221604927701,
1790848527601210529,1790848527601648837,0x68,joint_2,q_cmd,0.9303763920836179,0.007664824115566755
1790848527601210529,1790848527601648837,0x69,joint_3,q_cmd,1.263785777402401,-0.043591974765074516
1790848527605513164,1790848527605948869,0x68,joint_2,q_actual,0.9302604913129776,
1790848527610315755,1790848527610543709,0x69,joint_3,q_actual,1.3002702927357754,
1790848527625262642,1790848527625515022,0x68,joint_2,q_actual,0.9302604913129776,
1790848527630286796,1790848527630535390,0x69,joint_3,q_actual,1.2985249634837812,
1790848527636469566,1790848527636736907,0x68,joint_2,q_leader,-0.880504972246358,
1790848527636469566,1790848527636736907,0x69,joint_3,q_leader,-0.5108156023659185,
1790848527645451014,1790848527645778655,0x68,joint_2,q_actual,0.9302604913129776,
1790848527650499259,1790848527650837865,0x69,joint_3,q_actual,1.2985249634837812,
1790848527665456025,1790848527665787928,0x68,joint_2,q_actual,0.9302604913129776,
1790848527670508769,1790848527670837955,0x69,joint_3,q_actual,1.2967796342317868,
1790848527685497851,1790848527685822992,0x68,joint_2,q_actual,0.9302604913129776,
1790848527686637559,1790848527686875197,0x68,joint_2,q_leader,-0.880504972246358,
1790848527686637559,1790848527686875197,0x69,joint_3,q_leader,-0.4954757944870621,
1790848527690448641,1790848527690723213,0x69,joint_3,q_actual,1.2950343049797925,
1790848527708376317,1790848527708649328,0x68,joint_2,q_actual,0.9302604913129776,
1790848527712035675,1790848527712293024,0x69,joint_3,q_actual,1.293288975727798,
1790848527726852816,1790848527727161248,0x68,joint_2,q_actual,0.9302604913129776,
1790848527731886831,1790848527732210183,0x69,joint_3,q_actual,1.2915436464758039,
1790848527736785348,1790848527737058859,0x68,joint_2,q_leader,-0.880504972246358,
1790848527736785348,1790848527737058859,0x69,joint_3,q_leader,-0.4847379289718626,
1790848527746821913,1790848527747140817,0x68,joint_2,q_actual,0.9302604913129776,
1790848527751878562,1790848527752199732,0x69,joint_3,q_actual,1.2915436464758039,
1790848527766814735,1790848527767129944,0x68,joint_2,q_actual,0.9302604913129776,
1790848527771874121,1790848527772189092,0x69,joint_3,q_actual,1.2897983172238097,
1790848527786601787,1790848527786841769,0x68,joint_2,q_leader,-0.8820389530342437,
1790848527786601787,1790848527786841769,0x69,joint_3,q_leader,-0.4770680250324344,
1790848527787599110,1790848527787911652,0x68,joint_2,q_actual,0.9302604913129776,
1790848527790799508,1790848527791079086,0x69,joint_3,q_actual,1.2880529879718152,
1790848527800896280,1790848527801067736,0x68,joint_2,q_des,0.9319103728715036,
1790848527800896280,1790848527801067736,0x69,joint_3,q_des,0.9402347752804296,
1790848527800896280,1790848527801115597,0x68,joint_2,q_filtered,0.9319103728715036,
1790848527800896280,1790848527801115597,0x69,joint_3,q_filtered,0.9402347752804296,
1790848527800896280,1790848527801193509,0x68,joint_2,q_cmd,0.9319103728715036,0.007678587615760897
1790848527800896280,1790848527801193509,0x69,joint_3,q_cmd,1.255067233789826,-0.04363323129985824
1790848527805359693,1790848527805621733,0x68,joint_2,q_actual,0.9302604913129776,
1790848527810364853,1790848527810620979,0x69,joint_3,q_actual,1.286307658719821,
1790848527825272211,1790848527825527157,0x68,joint_2,q_actual,0.932005820564972,
1790848527830353674,1790848527830589554,0x69,joint_3,q_actual,1.286307658719821,
1790848527836123123,1790848527836333569,0x68,joint_2,q_leader,-0.8820389530342437,
1790848527836123123,1790848527836333569,0x69,joint_3,q_leader,-0.4724660826687775,
1790848527845269055,1790848527845531924,0x68,joint_2,q_actual,0.932005820564972,
1790848527850339183,1790848527850599732,0x69,joint_3,q_actual,1.2845623294678266,
1790848527867137835,1790848527867393743,0x68,joint_2,q_actual,0.932005820564972,
1790848527870157270,1790848527870352364,0x69,joint_3,q_actual,1.2828170002158321,
1790848527885352719,1790848527885615228,0x68,joint_2,q_actual,0.932005820564972,
1790848527886156293,1790848527886357796,0x68,joint_2,q_leader,-0.8820389530342437,
1790848527886156293,1790848527886357796,0x69,joint_3,q_leader,-0.4678641403051205,
1790848527890235331,1790848527890457096,0x69,joint_3,q_actual,1.281071670963838,
1790848527905222341,1790848527905462306,0x68,joint_2,q_actual,0.932005820564972,
1790848527910182264,1790848527910410709,0x69,joint_3,q_actual,1.281071670963838,
1790848527925344913,1790848527925599183,0x68,joint_2,q_actual,0.932005820564972,
1790848527930362651,1790848527930625545,0x69,joint_3,q_actual,1.2793263417118435,
1790848527936467103,1790848527936671727,0x68,joint_2,q_leader,-0.8820389530342437,
1790848527936467103,1790848527936671727,0x69,joint_3,q_leader,-0.46479617872934925,
1790848527945354669,1790848527945613694,0x68,joint_2,q_actual,0.932005820564972,
1790848527950343507,1790848527950602763,0x69,joint_3,q_actual,1.2775810124598492,
1790848527965221191,1790848527965490621,0x68,joint_2,q_actual,0.932005820564972,
1790848527970348251,1790848527970606119,0x69,joint_3,q_actual,1.2775810124598492,
1790848527985292142,1790848527985567078,0x68,joint_2,q_actual,0.932005820564972,
1790848527986130228,1790848527986323636,0x68,joint_2,q_leader,-0.8820389530342437,
1790848527986130228,1790848527986323636,0x69,joint_3,q_leader,-0.46019423636569234,
1790848527990183042,1790848527990399345,0x69,joint_3,q_actual,1.2758356832078548,
1790848528001517634,1790848528001833103,0x68,joint_2,q_des,0.9319103728715036,
1790848528001517634,1790848528001833103,0x69,joint_3,q_des,0.9233609866136876,
1790848528001517634,1790848528001858124,0x68,joint_2,q_filtered,0.9319103728715036,
1790848528001517634,1790848528001858124,0x69,joint_3,q_filtered,0.9233609866136876,
1790848528001517634,1790848528002069137,0x68,joint_2,q_cmd,0.9319103728715036,0.0
1790848528001517634,1790848528002069137,0x69,joint_3,q_cmd,1.2463405875298545,-0.04357929190281397
1790848528005421971,1790848528005704022,0x68,joint_2,q_actual,0.932005820564972,
1790848528010600014,1790848528010956038,0x69,joint_3,q_actual,1.2740903539558606,
1790848528025534493,1790848528025889062,0x68,joint_2,q_actual,0.932005820564972,
1790848528030679182,1790848528031034704,0x69,joint_3,q_actual,1.2740903539558606,
1790848528036671723,1790848528036980826,0x68,joint_2,q_leader,-0.8820389530342437,
1790848528036671723,1790848528036980826,0x69,joint_3,q_leader,-0.45559229400203544,
1790848528048789488,1790848528049221587,0x68,joint_2,q_actual,0.932005820564972,
1790848528051693553,1790848528051965057,0x69,joint_3,q_actual,1.2723450247038663,
1790848528065597521,1790848528065956305,0x68,joint_2,q_actual,0.932005820564972,
1790848528070697160,1790848528071076471,0x69,joint_3,q_actual,1.270599695451872,
1790848528085614464,1790848528085962371,0x68,joint_2,q_actual,0.932005820564972,
1790848528086923861,1790848528087225239,0x68,joint_2,q_leader,-0.8820389530342437,
1790848528086923861,1790848528087225239,0x69,joint_3,q_leader,-0.44945637085049284,
1790848528090427170,1790848528090709420,0x69,joint_3,q_actual,1.270599695451872,
1790848528105578161,1790848528105941876,0x68,joint_2,q_actual,0.932005820564972,
1790848528110423674,1790848528110703841,0x69,joint_3,q_actual,1.2688543661998777,
1790848528125582640,1790848528125947353,0x68,joint_2,q_actual,0.932005820564972,
1790848528130629828,1790848528131037900,0x69,joint_3,q_actual,1.2671090369478832,
1790848528137026575,1790848528137316773,0x68,joint_2,q_leader,-0.8820389530342437,
1790848528137026575,1790848528137316773,0x69,joint_3,q_leader,-0.4433204476989503,
1790848528148828971,1790848528149235526,0x68,joint_2,q_actual,0.932005820564972,
1790848528151733076,1790848528151998684,0x69,joint_3,q_actual,1.265363707695889,
1790848528165608052,1790848528165964015,0x68,joint_2,q_actual,0.932005820564972,
1790848528170696023,1790848528171068346,0x69,joint_3,q_actual,1.265363707695889,
1790848528185567022,1790848528185931878,0x68,joint_2,q_actual,0.932005820564972,
1790848528187195081,1790848528187528917,0x68,joint_2,q_leader,-0.8820389530342437,
1790848528187195081,1790848528187528917,0x69,joint_3,q_leader,-0.4341165629716364,
1790848528190368936,1790848528190640663,0x69,joint_3,q_actual,1.2636183784438948,
1790848528201173102,1790848528201501511,0x68,joint_2,q_des,0.9319103728715036,
1790848528201173102,1790848528201501511,0x69,joint_3,q_des,0.8972833132196317,
1790848528201173102,1790848528201591669,0x68,joint_2,q_filtered,0.9319103728715036,
1790848528201173102,1790848528201591669,0x69,joint_3,q_filtered,0.8972833132196317,
1790848528201173102,1790848528201771495,0x68,joint_2,q_cmd,0.9319103728715036,0.0
1790848528201173102,1790848528201771495,0x69,joint_3,q_cmd,1.2376231307338197,-0.04363323129985824
1790848528205435350,1790848528205723860,0x68,joint_2,q_actual,0.932005820564972,
1790848528210579702,1790848528210947863,0x69,joint_3,q_actual,1.2636183784438948,
1790848528225587431,1790848528225955606,0x68,joint_2,q_actual,0.932005820564972,
1790848528230419920,1790848528230697716,0x69,joint_3,q_actual,1.2618730491919001,
1790848528236761469,1790848528237070600,0x68,joint_2,q_leader,-0.8820389530342437,
1790848528236761469,1790848528237070600,0x69,joint_3,q_leader,-0.42337869745643697,
1790848528245599295,1790848528245963531,0x68,joint_2,q_actual,0.932005820564972,
1790848528250582739,1790848528250953403,0x69,joint_3,q_actual,1.260127719939906,
1790848528265577175,1790848528265941999,0x68,joint_2,q_actual,0.932005820564972,
1790848528270608320,1790848528270975346,0x69,joint_3,q_actual,1.260127719939906,
1790848528285601303,1790848528285933883,0x68,joint_2,q_actual,0.932005820564972,
1790848528287037347,1790848528287336516,0x68,joint_2,q_leader,-0.880504972246358,
1790848528287037347,1790848528287336516,0x69,joint_3,q_leader,-0.41264083194123746,
1790848528290417616,1790848528290697657,0x69,joint_3,q_actual,1.2583823906879115,
1790848528305578622,1790848528305940896,0x68,joint_2,q_actual,0.932005820564972,
1790848528310609633,1790848528310972270,0x69,joint_3,q_actual,1.2566370614359172,
1790848528325425710,1790848528325737468,0x68,joint_2,q_actual,0.932005820564972,
1790848528330726042,1790848528331108966,0x69,joint_3,q_actual,1.2566370614359172,
1790848528337154530,1790848528337465082,0x68,joint_2,q_leader,-0.8774370106705868,
1790848528337154530,1790848528337465082,0x69,joint_3,q_leader,-0.4003689856381523,
1790848528345575228,1790848528345943579,0x68,joint_2,q_actual,0.932005820564972,
1790848528350437586,1790848528350722460,0x69,joint_3,q_actual,1.254891732183923,
1790848528365577312,1790848528365942672,0x68,joint_2,q_actual,0.932005820564972,
1790848528370585268,1790848528370945807,0x69,joint_3,q_actual,1.2531464029319286,
1790848528385592789,1790848528385963461,0x68,joint_2,q_actual,0.932005820564972,
1790848528387081061,1790848528387367620,0x68,joint_2,q_leader,-0.8728350683069298,
1790848528387081061,1790848528387367620,0x69,joint_3,q_leader,-0.3911651009108385,
1790848528390414865,1790848528390696628,0x69,joint_3,q_actual,1.2531464029319286,
1790848528401139331,1790848528401472481,0x68,joint_2,q_des,0.9227064881441897,
1790848528401139331,1790848528401472481,0x69,joint_3,q_des,0.8543318511588337,
1790848528401139331,1790848528401568889,0x68,joint_2,q_filtered,0.9227064881441897,
1790848528401139331,1790848528401568889,0x69,joint_3,q_filtered,0.8543318511588337,
1790848528401139331,1790848528401744312,0x68,joint_2,q_cmd,0.9231904774606671,-0.043616350911762
1790848528401139331,1790848528401744312,0x69,joint_3,q_cmd,1.2288970200281084,-0.04363323129985824
1790848528405425824,1790848528405711826,0x68,joint_2,q_actual,0.932005820564972,
1790848528410449385,1790848528410770877,0x69,joint_3,q_actual,1.2514010736799344,
1790848528425593986,1790848528425951056,0x68,joint_2,q_actual,0.932005820564972,
1790848528430453296,1790848528430747107,0x69,joint_3,q_actual,1.2514010736799344,
1790848528437192736,1790848528437521722,0x68,joint_2,q_leader,-0.868233125943273,
1790848528437192736,1790848528437521722,0x69,joint_3,q_leader,-0.38963112012295287,
1790848528445593357,1790848528445949054,0x68,joint_2,q_actual,0.932005820564972,
1790848528450587206,1790848528450945341,0x69,joint_3,q_actual,1.24965574442794,
1790848528465457885,1790848528465759163,0x68,joint_2,q_actual,0.932005820564972,
1790848528470597186,1790848528470950394,0x69,joint_3,q_actual,1.2479104151759457,
1790848528485456028,1790848528485780700,0x68,joint_2,q_actual,0.932005820564972,
1790848528486869940,1790848528487163249,0x68,joint_2,q_leader,-0.8651651643675017,
1790848528486869940,1790848528487163249,0x69,joint_3,q_leader,-0.3850291777592959,
1790848528490417521,1790848528490690297,0x69,joint_3,q_actual,1.2479104151759457,
1790848528505594397,1790848528505935336,0x68,joint_2,q_actual,0.932005820564972,
1790848528510587866,1790848528510919954,0x69,joint_3,q_actual,1.2461650859239515,
1790848528525446927,1790848528525770555,0x68,joint_2,q_actual,0.932005820564972,
1790848528530413228,1790848528530677728,0x69,joint_3,q_actual,1.2444197566719568,
1790848528536776428,1790848528537072451,0x68,joint_2,q_leader,-0.8651651643675017,
1790848528536776428,1790848528537072451,0x69,joint_3,q_leader,-0.38349519697141027,
1790848528545601130,1790848528545957440,0x68,joint_2,q_actual,0.932005820564972,
1790848528550419457,1790848528550689619,0x69,joint_3,q_actual,1.2444197566719568,
1790848528565621776,1790848528565982807,0x68,joint_2,q_actual,0.932005820564972,
1790848528570595667,1790848528570951871,0x69,joint_3,q_actual,1.2426744274199626,
1790848528585605855,1790848528585946032,0x68,joint_2,q_actual,0.932005820564972,
1790848528587027422,1790848528587319017,0x68,joint_2,q_leader,-0.863631183579616,
1790848528587027422,1790848528587319017,0x69,joint_3,q_leader,-0.380427235395639,
1790848528590428795,1790848528590704601,0x69,joint_3,q_actual,1.2426744274199626,
1790848528601423094,1790848528601721392,0x68,joint_2,q_des,0.9135026034168758,
1790848528601423094,1790848528601721392,0x69,joint_3,q_des,0.8435939856436342,
1790848528601423094,1790848528601825526,0x68,joint_2,q_filtered,0.9135026034168758,
1790848528601423094,1790848528601825526,0x69,joint_3,q_filtered,0.8435939856436342,
1790848528601423094,1790848528601990364,0x68,joint_2,q_cmd,0.9144638312006955,-0.043622748971298815
1790848528601423094,1790848528601990364,0x69,joint_3,q_cmd,1.2201703737681366,-0.04360778724611615
1790848528605419439,1790848528605685912,0x68,joint_2,q_actual,0.932005820564972,
1790848528610485537,1790848528610747969,0x69,joint_3,q_actual,1.2409290981679681,
1790848528625432791,1790848528625702504,0x68,joint_2,q_actual,0.9302604913129776,
1790848528633974831,1790848528634322175,0x69,joint_3,q_actual,1.2409290981679681,
1790848528637199519,1790848528637497619,0x68,joint_2,q_leader,-0.8620972027917304,
1790848528637199519,1790848528637497619,0x69,joint_3,q_leader,-0.3758252930319821,
1790848528645562771,1790848528645809095,0x68,joint_2,q_actual,0.9302604913129776,
1790848528651986617,1790848528652227376,0x69,joint_3,q_actual,1.239183768915974,
1790848528667139429,1790848528667472307,0x68,joint_2,q_actual,0.9302604913129776,
1790848528671959599,1790848528672199011,0x69,joint_3,q_actual,1.239183768915974,
1790848528687265997,1790848528687552587,0x68,joint_2,q_actual,0.9302604913129776,
1790848528687402797,1790848528687650034,0x68,joint_2,q_leader,-0.8574952604280734,
1790848528687402797,1790848528687650034,0x69,joint_3,q_leader,-0.3696893698804395,
1790848528690761184,1790848528691000242,0x69,joint_3,q_actual,1.2374384396639797,
1790848528706608144,1790848528706849704,0x68,joint_2,q_actual,0.9302604913129776,
1790848528711566273,1790848528711817237,0x69,joint_3,q_actual,1.2356931104119853,
1790848528725417882,1790848528725683985,0x68,joint_2,q_actual,0.9285151620609834,
1790848528730265227,1790848528730486483,0x69,joint_3,q_actual,1.2356931104119853,
1790848528736213268,1790848528736487478,0x68,joint_2,q_leader,-0.8528933180644165,
1790848528736213268,1790848528736487478,0x69,joint_3,q_leader,-0.3620194659410113,
1790848528745225436,1790848528745454486,0x68,joint_2,q_actual,0.9285151620609834,
1790848528750523991,1790848528750848999,0x69,joint_3,q_actual,1.233947781159991,
1790848528765600590,1790848528765950942,0x68,joint_2,q_actual,0.9285151620609834,
1790848528770594692,1790848528770945036,0x69,joint_3,q_actual,1.233947781159991,
1790848528785565515,1790848528785894849,0x68,joint_2,q_actual,0.9285151620609834,
1790848528787020000,1790848528787339690,0x68,joint_2,q_leader,-0.8513593372765309,
1790848528787020000,1790848528787339690,0x69,joint_3,q_leader,-0.35281558121369744,
1790848528790428243,1790848528790700917,0x69,joint_3,q_actual,1.2322024519079966,
1790848528801611065,1790848528801931638,0x68,joint_2,q_des,0.9012307571137907,
1790848528801611065,1790848528801931638,0x69,joint_3,q_des,0.8159823314616926,
1790848528801611065,1790848528802007073,0x68,joint_2,q_filtered,0.9012307571137907,
1790848528801611065,1790848528802007073,0x69,joint_3,q_filtered,0.8159823314616926,
1790848528801611065,1790848528802183218,0x68,joint_2,q_cmd,0.9057371849407239,-0.043627523292841086
1790848528801611065,1790848528802183218,0x69,joint_3,q_cmd,1.211443727508165,-0.04361069678059018
1790848528805441075,1790848528805698038,0x68,joint_2,q_actual,0.9267698328089892,
1790848528810649910,1790848528810966901,0x69,joint_3,q_actual,1.2322024519079966,
1790848528825574972,1790848528825927799,0x68,joint_2,q_actual,0.9267698328089892,
1790848528830608848,1790848528830959051,0x69,joint_3,q_actual,1.2304571226560024,
1790848528837168604,1790848528837530615,0x68,joint_2,q_leader,-0.8482913757007596,
1790848528837168604,1790848528837530615,0x69,joint_3,q_leader,-0.3436116964863836,
1790848528845563121,1790848528845916671,0x68,joint_2,q_actual,0.9250245035569946,
1790848528850674051,1790848528851030904,0x69,joint_3,q_actual,1.2304571226560024,
1790848528865597486,1790848528865944574,0x68,joint_2,q_actual,0.9250245035569946,
1790848528870438991,1790848528870718456,0x69,joint_3,q_actual,1.2287117934040082,
1790848528885452997,1790848528885815835,0x68,joint_2,q_actual,0.9250245035569946,
1790848528886686193,1790848528886953799,0x68,joint_2,q_leader,-0.8467573949128739,
1790848528886686193,1790848528886953799,0x69,joint_3,q_leader,-0.33440781175906975,
1790848528890422007,1790848528890697511,0x69,joint_3,q_actual,1.2287117934040082,
1790848528905429067,1790848528905728590,0x68,joint_2,q_actual,0.9232791743050004,
1790848528910445163,1790848528910743435,0x69,joint_3,q_actual,1.2269664641520137,
1790848528925437149,1790848528925749748,0x68,joint_2,q_actual,0.9232791743050004,
1790848528930436844,1790848528930707948,0x69,joint_3,q_actual,1.2252211349000195,
1790848528936668907,1790848528936954125,0x68,joint_2,q_leader,-0.8467573949128739,
1790848528936668907,1790848528936954125,0x69,joint_3,q_leader,-0.32520392703175593,
1790848528945456679,1790848528945767153,0x68,joint_2,q_actual,0.921533845053006,
1790848528950493406,1790848528950800957,0x69,joint_3,q_actual,1.2252211349000195,
1790848528965467374,1790848528965772551,0x68,joint_2,q_actual,0.921533845053006,
1790848528970443439,1790848528970719942,0x69,joint_3,q_actual,1.2234758056480248,
1790848528985476071,1790848528985799576,0x68,joint_2,q_actual,0.921533845053006,
1790848528987115621,1790848528987431655,0x68,joint_2,q_leader,-0.8436894333371027,
1790848528987115621,1790848528987431655,0x69,joint_3,q_leader,-0.31906800388021334,
1790848528990425614,1790848528990704057,0x69,joint_3,q_actual,1.2234758056480248,
1790848529001478356,1790848529001758292,0x68,joint_2,q_des,0.8935608531743625,
1790848529001478356,1790848529001758292,0x69,joint_3,q_des,0.7822347541282086,
1790848529001478356,1790848529001848653,0x68,joint_2,q_filtered,0.8935608531743625,
1790848529001478356,1790848529001848653,0x69,joint_3,q_filtered,0.7822347541282086,
1790848529001478356,1790848529002008855,0x68,joint_2,q_cmd,0.8970206585797151,-0.04363323129985824
1790848529001478356,1790848529002008855,0x69,joint_3,q_cmd,1.2027242135798155,-0.04363323129985824
1790848529005390111,1790848529005649267,0x68,joint_2,q_actual,0.9197885158010117,
1790848529010429640,1790848529010703533,0x69,joint_3,q_actual,1.2217304763960306,
1790848529025408734,1790848529025713612,0x68,joint_2,q_actual,0.9197885158010117,
1790848529030403904,1790848529030639457,0x69,joint_3,q_actual,1.2217304763960306,
1790848529036705958,1790848529037005614,0x68,joint_2,q_leader,-0.8406214717613314,
1790848529036705958,1790848529037005614,0x69,joint_3,q_leader,-0.3098641191528995,
1790848529045620033,1790848529045968020,0x68,joint_2,q_actual,0.9180431865490175,
1790848529050630075,1790848529050973109,0x69,joint_3,q_actual,1.2199851471440364,
1790848529065592523,1790848529065944926,0x68,joint_2,q_actual,0.9162978572970231,
1790848529070627261,1790848529070964363,0x69,joint_3,q_actual,1.2199851471440364,
1790848529085572355,1790848529085905625,0x68,joint_2,q_actual,0.9162978572970231,
1790848529087039385,1790848529087330360,0x68,joint_2,q_leader,-0.8375535101855601,
1790848529087039385,1790848529087330360,0x69,joint_3,q_leader,-0.3037281960013569,
1790848529090340156,1790848529090615635,0x69,joint_3,q_actual,1.218239817892042,
1790848529105475711,1790848529105816771,0x68,joint_2,q_actual,0.9145525280450287,
1790848529110588883,1790848529110940679,0x69,joint_3,q_actual,1.2164944886400477,
1790848529125546471,1790848529125894124,0x68,joint_2,q_actual,0.9145525280450287,
1790848529130625373,1790848529130969966,0x69,joint_3,q_actual,1.2164944886400477,
1790848529136756644,1790848529137068769,0x68,joint_2,q_leader,-0.8360195293976744,
1790848529136756644,1790848529137068769,0x69,joint_3,q_leader,-0.30066023442558565,
1790848529145566661,1790848529145921112,0x68,joint_2,q_actual,0.9128071987930343,
1790848529150618156,1790848529150957210,0x69,joint_3,q_actual,1.2147491593880533,
1790848529165434176,1790848529165724822,0x68,joint_2,q_actual,0.9128071987930343,
1790848529170491434,1790848529170747318,0x69,joint_3,q_actual,1.2147491593880533,
1790848529185602400,1790848529185953776,0x68,joint_2,q_actual,0.9110618695410401,
1790848529186951515,1790848529187239800,0x68,joint_2,q_leader,-0.8329515678219032,
1790848529186951515,1790848529187239800,0x69,joint_3,q_leader,-0.2975922728498144,
1790848529190427742,1790848529190695654,0x69,joint_3,q_actual,1.213003830136059,
1790848529201438195,1790848529201741620,0x68,joint_2,q_des,0.882822987659163,
1790848529201438195,1790848529201741620,0x69,joint_3,q_des,0.7607590230978096,
1790848529201438195,1790848529201766473,0x68,joint_2,q_filtered,0.882822987659163,
1790848529201438195,1790848529201766473,0x69,joint_3,q_filtered,0.7607590230978096,
1790848529201438195,1790848529201992599,0x68,joint_2,q_cmd,0.8882983498120127,-0.04363323129985824
1790848529201438195,1790848529201992599,0x69,joint_3,q_cmd,1.1939989169829754,-0.04363323129985824
1790848529205415641,1790848529205688385,0x68,joint_2,q_actual,0.9110618695410401,
1790848529210415159,1790848529210683977,0x69,joint_3,q_actual,1.213003830136059,
1790848529225583718,1790848529225935248,0x68,joint_2,q_actual,0.9093165402890458,
1790848529230620579,1790848529230979050,0x69,joint_3,q_actual,1.2112585008840648,
1790848529236791496,1790848529237068239,0x68,joint_2,q_leader,-0.8298836062461319,
1790848529236791496,1790848529237068239,0x69,joint_3,q_leader,-0.2945243112740431,
1790848529245585456,1790848529245940810,0x68,joint_2,q_actual,0.9093165402890458,
1790848529250608153,1790848529250983541,0x69,joint_3,q_actual,1.2112585008840648,
1790848529265584107,1790848529265933655,0x68,joint_2,q_actual,0.9075712110370514,
1790848529270597099,1790848529270956056,0x69,joint_3,q_actual,1.2095131716320704,
1790848529285602292,1790848529285973702,0x68,joint_2,q_actual,0.9075712110370514,
1790848529287050560,1790848529287366019,0x68,joint_2,q_leader,-0.8283496254582463,
1790848529287050560,1790848529287366019,0x69,joint_3,q_leader,-0.29299033048615747,
1790848529290427905,1790848529290706798,0x69,joint_3,q_actual,1.2095131716320704,
1790848529305644859,1790848529306001873,0x68,joint_2,q_actual,0.9058258817850572,
1790848529310591743,1790848529310946966,0x69,joint_3,q_actual,1.2077678423800762,
1790848529325580427,1790848529325936117,0x68,joint_2,q_actual,0.9058258817850572,
1790848529330612225,1790848529330971482,0x69,joint_3,q_actual,1.2077678423800762,
1790848529337121771,1790848529337446321,0x68,joint_2,q_leader,-0.8237476830945893,
1790848529337121771,1790848529337446321,0x69,joint_3,q_leader,-0.28992236891038614,
1790848529348805379,1790848529349149080,0x68,joint_2,q_actual,0.9040805525330626,
1790848529353138745,1790848529353425501,0x69,joint_3,q_actual,1.2060225131280815,
1790848529366376406,1790848529366632001,0x68,joint_2,q_actual,0.9023352232810684,
1790848529370847959,1790848529370965576,0x69,joint_3,q_actual,1.2060225131280815,
1790848529385439461,1790848529385574237,0x68,joint_2,q_leader,-0.8206797215188181,
1790848529385439461,1790848529385574237,0x69,joint_3,q_leader,-0.2883883881225005,
1790848529385480285,1790848529385595935,0x68,joint_2,q_actual,0.9023352232810684,
1790848529390046510,1790848529390145073,0x69,joint_3,q_actual,1.2042771838760873,
1790848529400207591,1790848529400293288,0x68,joint_2,q_des,0.8705511413560779,
1790848529400207591,1790848529400293288,0x69,joint_3,q_des,0.7515551383704957,
1790848529400207591,1790848529400376763,0x68,joint_2,q_filtered,0.8705511413560779,
1790848529400207591,1790848529400376763,0x69,joint_3,q_filtered,0.7515551383704957,
1790848529400207591,1790848529400383703,0x68,joint_2,q_cmd,0.8795997017311824,-0.04363323129985824
1790848529400207591,1790848529400383703,0x69,joint_3,q_cmd,1.1852995478193709,-0.04363323129985824
1790848529406951633,1790848529407222597,0x68,joint_2,q_actual,0.9005898940290742,
1790848529411957296,1790848529412229637,0x69,joint_3,q_actual,1.2042771838760873,
1790848529426998543,1790848529427316213,0x68,joint_2,q_actual,0.9005898940290742,
1790848529430407080,1790848529430679266,0x69,joint_3,q_actual,1.202531854624093,
1790848529437012124,1790848529437326182,0x68,joint_2,q_leader,-0.8191457407309324,
1790848529437012124,1790848529437326182,0x69,joint_3,q_leader,-0.2883883881225005,
1790848529445586633,1790848529445951425,0x68,joint_2,q_actual,0.8988445647770797,
1790848529450619062,1790848529450989396,0x69,joint_3,q_actual,1.202531854624093,
1790848529465585942,1790848529465953679,0x68,joint_2,q_actual,0.8988445647770797,
1790848529470629541,1790848529471010136,0x69,joint_3,q_actual,1.2007865253720986,
1790848529485580083,1790848529485924041,0x68,joint_2,q_actual,0.8970992355250855,
1790848529486942440,1790848529487227858,0x68,joint_2,q_leader,-0.8176117599430468,
1790848529486942440,1790848529487227858,0x69,joint_3,q_leader,-0.2883883881225005,
1790848529490430729,1790848529490700213,0x69,joint_3,q_actual,1.2007865253720986,
1790848529505596772,1790848529505937052,0x68,joint_2,q_actual,0.8970992355250855,
1790848529510581951,1790848529510939486,0x69,joint_3,q_actual,1.1990411961201044,
1790848529525450775,1790848529525791614,0x68,joint_2,q_actual,0.895353906273091,
1790848529530604395,1790848529530965297,0x69,joint_3,q_actual,1.1990411961201044,
1790848529536942297,1790848529537238007,0x68,joint_2,q_leader,-0.8145437983672755,
1790848529536942297,1790848529537238007,0x69,joint_3,q_leader,-0.28685440733461487,
1790848529545588686,1790848529545943265,0x68,joint_2,q_actual,0.895353906273091,
1790848529550590547,1790848529550962899,0x69,joint_3,q_actual,1.19729586686811,
1790848529565585779,1790848529565940197,0x68,joint_2,q_actual,0.8936085770210968,
1790848529570590047,1790848529570946959,0x69,joint_3,q_actual,1.19729586686811,
1790848529585050417,1790848529585166447,0x68,joint_2,q_actual,0.8936085770210968,
1790848529585510626,1790848529585604488,0x68,joint_2,q_leader,-0.8114758367915041,
1790848529585510626,1790848529585604488,0x69,joint_3,q_leader,-0.28685440733461487,
1790848529590036988,1790848529590133641,0x69,joint_3,q_actual,1.1955505376161157,
1790848529600415862,1790848529600525018,0x68,joint_2,q_des,0.861347256628764,
1790848529600415862,1790848529600525018,0x69,joint_3,q_des,0.7500211575826101,
1790848529600415862,1790848529600532324,0x68,joint_2,q_filtered,0.861347256628764,
1790848529600415862,1790848529600532324,0x69,joint_3,q_filtered,0.7500211575826101,
1790848529600415862,1790848529600539165,0x68,joint_2,q_cmd,0.8708730554712107,-0.043612461301233085
1790848529600415862,1790848529600539165,0x69,joint_3,q_cmd,1.1765729015593993,-0.04360843794048612
1790848529605156264,1790848529605311072,0x68,joint_2,q_actual,0.8918632477691025,
1790848529609989965,1790848529610143791,0x69,joint_3,q_actual,1.1955505376161157,
1790848529625160693,1790848529625352310,0x68,joint_2,q_actual,0.8918632477691025,
1790848529630173325,1790848529630376933,0x69,joint_3,q_actual,1.1938052083641215,
1790848529635860385,1790848529636034722,0x68,joint_2,q_leader,-0.8084078752157329,
1790848529635860385,1790848529636034722,0x69,joint_3,q_leader,-0.28532042654672923,
1790848529645339619,1790848529645586822,0x68,joint_2,q_actual,0.8901179185171081,
1790848529650404281,1790848529650695663,0x69,joint_3,q_actual,1.1938052083641215,
1790848529665351495,1790848529665678308,0x68,joint_2,q_actual,0.8883725892651139,
1790848529670345185,1790848529670592280,0x69,joint_3,q_actual,1.192059879112127,
1790848529685370448,1790848529685598218,0x68,joint_2,q_actual,0.8883725892651139,
1790848529686671889,1790848529686981900,0x68,joint_2,q_leader,-0.8053399136399616,
1790848529686671889,1790848529686981900,0x69,joint_3,q_leader,-0.28532042654672923,
1790848529690368890,1790848529690620927,0x69,joint_3,q_actual,1.192059879112127,
1790848529705538998,1790848529705880335,0x68,joint_2,q_actual,0.8866272600131193,
1790848529710562584,1790848529710901651,0x69,joint_3,q_actual,1.1903145498601329,
1790848529725559352,1790848529725910290,0x68,joint_2,q_actual,0.8866272600131193,
1790848529730589138,1790848529730933805,0x69,joint_3,q_actual,1.1903145498601329,
1790848529737112076,1790848529737479180,0x68,joint_2,q_leader,-0.7992039904884191,
1790848529737112076,1790848529737479180,0x69,joint_3,q_leader,-0.28225246497095796,
1790848529747102722,1790848529747436670,0x68,joint_2,q_actual,0.8848819307611251,
1790848529753203981,1790848529753474196,0x69,joint_3,q_actual,1.1885692206081384,
1790848529765393998,1790848529765708163,0x68,joint_2,q_actual,0.8848819307611251,
1790848529770547284,1790848529770895048,0x69,joint_3,q_actual,1.1885692206081384,
1790848529786742928,1790848529787047375,0x68,joint_2,q_leader,-0.7976700097005335,
1790848529786742928,1790848529787047375,0x69,joint_3,q_leader,-0.28225246497095796,
1790848529788216405,1790848529788521552,0x68,joint_2,q_actual,0.8831366015091309,
1790848529793233560,1790848529793503361,0x69,joint_3,q_actual,1.1868238913561442,
1790848529801348847,1790848529801625836,0x68,joint_2,q_des,0.8475414295377935,
1790848529801348847,1790848529801625836,0x69,joint_3,q_des,0.7454192152189532,
1790848529801348847,1790848529801648498,0x68,joint_2,q_filtered,0.8475414295377935,
1790848529801348847,1790848529801648498,0x69,joint_3,q_filtered,0.7454192152189532,
1790848529801348847,1790848529801844583,0x68,joint_2,q_cmd,0.8621464092112391,-0.04355481521057878
1790848529801348847,1790848529801844583,0x69,joint_3,q_cmd,1.1678462552994275,-0.0435411474334741
1790848529806848150,1790848529807100370,0x68,joint_2,q_actual,0.8831366015091309,
1790848529812011952,1790848529812284171,0x69,joint_3,q_actual,1.1868238913561442,
1790848529826298740,1790848529826528394,0x68,joint_2,q_actual,0.8813912722571364,
1790848529830227016,1790848529830442597,0x69,joint_3,q_actual,1.18507856210415,
1790848529836322990,1790848529836558768,0x68,joint_2,q_leader,-0.7961360289126478,
1790848529836322990,1790848529836558768,0x69,joint_3,q_leader,-0.28225246497095796,
1790848529846300437,1790848529846526621,0x68,joint_2,q_actual,0.8813912722571364,
1790848529851448733,1790848529851712484,0x69,joint_3,q_actual,1.18507856210415,
1790848529866445000,1790848529866701792,0x68,joint_2,q_actual,0.8796459430051422,
1790848529871451249,1790848529871712458,0x69,joint_3,q_actual,1.1833332328521553,
1790848529885373534,1790848529885625291,0x68,joint_2,q_actual,0.8796459430051422,
1790848529886100652,1790848529886940006,0x68,joint_2,q_leader,-0.7915340865489908,
1790848529886100652,1790848529886940006,0x69,joint_3,q_leader,-0.2807184841830723,
1790848529890213908,1790848529890447485,0x69,joint_3,q_actual,1.1833332328521553,
1790848529905394905,1790848529905670043,0x68,joint_2,q_actual,0.8779006137531478,
1790848529912344262,1790848529912598514,0x69,joint_3,q_actual,1.181587903600161,
1790848529925391011,1790848529925686544,0x68,joint_2,q_actual,0.8779006137531478,
1790848529930391693,1790848529930658121,0x69,joint_3,q_actual,1.1798425743481666,
1790848529936377233,1790848529936614645,0x68,joint_2,q_leader,-0.7900001057611052,
1790848529936377233,1790848529936614645,0x69,joint_3,q_leader,-0.2791845033951867,
1790848529948234937,1790848529948509976,0x68,joint_2,q_actual,0.8761552845011534,
1790848529951099889,1790848529951293543,0x69,joint_3,q_actual,1.1798425743481666,
1790848529966443270,1790848529966700117,0x68,joint_2,q_actual,0.8761552845011534,
1790848529971441806,1790848529971701140,0x69,joint_3,q_actual,1.1780972450961724,
1790848529985403716,1790848529985679242,0x68,joint_2,q_actual,0.8744099552491592,
1790848529986355452,1790848529986573035,0x68,joint_2,q_leader,-0.786932144185334,
1790848529986355452,1790848529986573035,0x69,joint_3,q_leader,-0.2791845033951867,
1790848529991178042,1790848529991416285,0x69,joint_3,q_actual,1.1780972450961724,
1790848530000710267,1790848530000965418,0x68,joint_2,q_des,0.8368035640225938,
1790848530000710267,1790848530000965418,0x69,joint_3,q_des,0.7423512536431819,
1790848530000710267,1790848530000984507,0x68,joint_2,q_filtered,0.8368035640225938,
1790848530000710267,1790848530000984507,0x69,joint_3,q_filtered,0.7423512536431819,
1790848530000710267,1790848530001109510,0x68,joint_2,q_cmd,0.8534383842617292,-0.04363323129985824
1790848530000710267,1790848530001109510,0x69,joint_3,q_cmd,1.1591355921974886,-0.04363323129985824
1790848530006494495,1790848530006752449,0x68,joint_2,q_actual,0.8744099552491592,
1790848530011190422,1790848530011398688,0x69,joint_3,q_actual,1.1780972450961724,
1790848530026480083,1790848530026737999,0x68,joint_2,q_actual,0.8726646259971648,
1790848530031064580,1790848530031169396,0x69,joint_3,q_actual,1.1763519158441782,
1790848530035633350,1790848530035733741,0x68,joint_2,q_leader,-0.7838641826095627,
1790848530035633350,1790848530035733741,0x69,joint_3,q_leader,-0.2791845033951867,
1790848530045154816,1790848530045338897,0x68,joint_2,q_actual,0.8726646259971648,
1790848530050178997,1790848530050359369,0x69,joint_3,q_actual,1.1746065865921838,
1790848530065150078,1790848530065317238,0x68,joint_2,q_actual,0.8709192967451705,
1790848530070158876,1790848530070328166,0x69,joint_3,q_actual,1.1746065865921838,
1790848530085437196,1790848530085791951,0x68,joint_2,q_actual,0.8709192967451705,
1790848530086530449,1790848530086795874,0x68,joint_2,q_leader,-0.7807962210337914,
1790848530086530449,1790848530086795874,0x69,joint_3,q_leader,-0.2791845033951867,
1790848530090417773,1790848530090695450,0x69,joint_3,q_actual,1.1728612573401895,
1790848530105602859,1790848530105962008,0x68,joint_2,q_actual,0.8691739674931761,
1790848530110584359,1790848530110946170,0x69,joint_3,q_actual,1.1728612573401895,
1790848530125589436,1790848530125945773,0x68,joint_2,q_actual,0.8691739674931761,
1790848530130606805,1790848530130962291,0x69,joint_3,q_actual,1.171115928088195,
1790848530136913971,1790848530137200948,0x68,joint_2,q_leader,-0.77772825945802,
1790848530136913971,1790848530137200948,0x69,joint_3,q_leader,-0.2791845033951867,
1790848530145587107,1790848530145938851,0x68,joint_2,q_actual,0.8674286382411819,
1790848530153888913,1790848530154225511,0x69,joint_3,q_actual,1.171115928088195,
1790848530165626089,1790848530165982419,0x68,joint_2,q_actual,0.8674286382411819,
1790848530170590908,1790848530170941227,0x69,joint_3,q_actual,1.1693705988362009,
1790848530185627859,1790848530186052240,0x68,joint_2,q_actual,0.8656833089891875,
1790848530187089375,1790848530187381614,0x68,joint_2,q_leader,-0.7746602978822488,
1790848530187089375,1790848530187381614,0x69,joint_3,q_leader,-0.2791845033951867,
1790848530190439946,1790848530190721327,0x69,joint_3,q_actual,1.1693705988362009,
1790848530201162180,1790848530201527226,0x68,joint_2,q_des,0.8245317177195086,
1790848530201162180,1790848530201527226,0x69,joint_3,q_des,0.7423512536431819,
1790848530201162180,1790848530201588456,0x68,joint_2,q_filtered,0.8245317177195086,
1790848530201162180,1790848530201588456,0x69,joint_3,q_filtered,0.7423512536431819,
1790848530201162180,1790848530201766752,0x68,joint_2,q_cmd,0.8447117380017576,-0.04360302443267651
1790848530201162180,1790848530201766752,0x69,joint_3,q_cmd,1.1504089459375169,-0.04358908797659326
1790848530205432734,1790848530205713196,0x68,joint_2,q_actual,0.8656833089891875,
1790848530210406204,1790848530210682975,0x69,joint_3,q_actual,1.1693705988362009,
1790848530225580864,1790848530225938647,0x68,joint_2,q_actual,0.8639379797371931,
1790848530230604509,1790848530230964701,0x69,joint_3,q_actual,1.1693705988362009,
1790848530236822083,1790848530237118565,0x68,joint_2,q_leader,-0.7700583555185919,
1790848530236822083,1790848530237118565,0x69,joint_3,q_leader,-0.2791845033951867,
1790848530245649886,1790848530246002802,0x68,joint_2,q_actual,0.8639379797371931,
1790848530250633192,1790848530250903035,0x69,joint_3,q_actual,1.1693705988362009,
1790848530265624220,1790848530265980116,0x68,joint_2,q_actual,0.8621926504851989,
1790848530270702864,1790848530271053462,0x69,joint_3,q_actual,1.1676252695842066,
1790848530285584466,1790848530285967219,0x68,joint_2,q_actual,0.8621926504851989,
1790848530287017588,1790848530287315160,0x68,joint_2,q_leader,-0.7669903939428206,
1790848530287017588,1790848530287315160,0x69,joint_3,q_leader,-0.2791845033951867,
1790848530290433959,1790848530290712637,0x69,joint_3,q_actual,1.1676252695842066,
1790848530305422256,1790848530305765068,0x68,joint_2,q_actual,0.8604473212332044,
1790848530310590185,1790848530310950727,0x69,joint_3,q_actual,1.165879940332212,
1790848530325591751,1790848530325949700,0x68,joint_2,q_actual,0.8587019919812102,
1790848530330606881,1790848530330976941,0x69,joint_3,q_actual,1.165879940332212,
1790848530336927568,1790848530337226633,0x68,joint_2,q_leader,-0.7639224323670494,
1790848530336927568,1790848530337226633,0x69,joint_3,q_leader,-0.2791845033951867,
1790848530345579288,1790848530345932578,0x68,joint_2,q_actual,0.8587019919812102,
1790848530350581006,1790848530350939783,0x69,joint_3,q_actual,1.1641346110802178,
1790848530365476476,1790848530365823022,0x68,joint_2,q_actual,0.856956662729216,
1790848530370599625,1790848530370958644,0x69,joint_3,q_actual,1.1641346110802178,
1790848530385603539,1790848530385970512,0x68,joint_2,q_actual,0.856956662729216,
1790848530386890857,1790848530387187378,0x68,joint_2,q_leader,-0.760854470791278,
1790848530386890857,1790848530387187378,0x69,joint_3,q_leader,-0.2791845033951867,
1790848530390429583,1790848530390705158,0x69,joint_3,q_actual,1.1623892818282233,
1790848530401292627,1790848530401609218,0x68,joint_2,q_des,0.8107258906285378,
1790848530401292627,1790848530401609218,0x69,joint_3,q_des,0.7423512536431819,
1790848530401292627,1790848530401639968,0x68,joint_2,q_filtered,0.8107258906285378,
1790848530401292627,1790848530401639968,0x69,joint_3,q_filtered,0.7423512536431819,
1790848530401292627,1790848530401777012,0x68,joint_2,q_cmd,0.8359874691420524,-0.04363323129985824
1790848530401292627,1790848530401777012,0x69,joint_3,q_cmd,1.1416822996775453,-0.043630519008697265
1790848530405443989,1790848530405700414,0x68,joint_2,q_actual,0.8552113334772214,
1790848530410439074,1790848530410714146,0x69,joint_3,q_actual,1.1623892818282233,
1790848530425602888,1790848530425960416,0x68,joint_2,q_actual,0.8552113334772214,
1790848530430630943,1790848530430975871,0x69,joint_3,q_actual,1.160643952576229,
1790848530436744981,1790848530437031580,0x68,joint_2,q_leader,-0.7547185476397354,
1790848530436744981,1790848530437031580,0x69,joint_3,q_leader,-0.2791845033951867,
1790848530445444162,1790848530445733727,0x68,joint_2,q_actual,0.8552113334772214,
1790848530450457030,1790848530450749720,0x69,joint_3,q_actual,1.160643952576229,
1790848530465616885,1790848530465971643,0x68,joint_2,q_actual,0.8534660042252272,
1790848530470606275,1790848530470960071,0x69,joint_3,q_actual,1.1588986233242349,
1790848530485472124,1790848530485837313,0x68,joint_2,q_actual,0.8517206749732328,
1790848530486559989,1790848530486870166,0x68,joint_2,q_leader,-0.7516505860639642,
1790848530486559989,1790848530486870166,0x69,joint_3,q_leader,-0.2791845033951867,
1790848530490418230,1790848530490685676,0x69,joint_3,q_actual,1.1588986233242349,
1790848530505403462,1790848530505719406,0x68,joint_2,q_actual,0.8517206749732328,
1790848530510414072,1790848530510678032,0x69,joint_3,q_actual,1.1571532940722404,
1790848530525128272,1790848530525300888,0x68,joint_2,q_actual,0.8499753457212386,
1790848530530305515,1790848530530542779,0x69,joint_3,q_actual,1.1571532940722404,
1790848530536062175,1790848530536278255,0x68,joint_2,q_leader,-0.7501166052760786,
1790848530536062175,1790848530536278255,0x69,joint_3,q_leader,-0.2791845033951867,
1790848530545299597,1790848530545539213,0x68,joint_2,q_actual,0.8499753457212386,
1790848530550319793,1790848530550560180,0x69,joint_3,q_actual,1.1554079648202462,
1790848530565297006,1790848530565531730,0x68,joint_2,q_actual,0.8482300164692443,
1790848530570429414,1790848530570704742,0x69,joint_3,q_actual,1.1554079648202462,
1790848530585303956,1790848530585525074,0x68,joint_2,q_actual,0.8482300164692443,
1790848530586000646,1790848530586199264,0x68,joint_2,q_leader,-0.7470486437003073,
1790848530586000646,1790848530586199264,0x69,joint_3,q_leader,-0.2791845033951867,
1790848530590299718,1790848530590533975,0x69,joint_3,q_actual,1.1536626355682518,
1790848530600785208,1790848530600942944,0x68,joint_2,q_des,0.7969200635375674,
1790848530600785208,1790848530600942944,0x69,joint_3,q_des,0.7423512536431819,
1790848530600785208,1790848530601065140,0x68,joint_2,q_filtered,0.7969200635375674,
1790848530600785208,1790848530601065140,0x69,joint_3,q_filtered,0.7423512536431819,
1790848530600785208,1790848530601078762,0x68,joint_2,q_cmd,0.8272730371325279,-0.04363323129985824
1790848530600785208,1790848530601078762,0x69,joint_3,q_cmd,1.13296620825259,-0.04363323129985824
1790848530605273745,1790848530605530401,0x68,joint_2,q_actual,0.8464846872172498,
1790848530610173981,1790848530610343888,0x69,joint_3,q_actual,1.1536626355682518,
1790848530625295178,1790848530625536490,0x68,joint_2,q_actual,0.8464846872172498,
1790848530630324313,1790848530630561389,0x69,joint_3,q_actual,1.1519173063162575,
1790848530635964169,1790848530636153183,0x68,joint_2,q_leader,-0.7439806821245359,
1790848530635964169,1790848530636153183,0x69,joint_3,q_leader,-0.2791845033951867,
1790848530645234447,1790848530645488292,0x68,joint_2,q_actual,0.8447393579652556,
1790848530650159342,1790848530650365603,0x69,joint_3,q_actual,1.1519173063162575,
1790848530665370824,1790848530665610567,0x68,joint_2,q_actual,0.8447393579652556,
1790848530670307668,1790848530670546035,0x69,joint_3,q_actual,1.1501719770642633,
1790848530685367944,1790848530685648187,0x68,joint_2,q_actual,0.8429940287132611,
1790848530686215919,1790848530686464928,0x68,joint_2,q_leader,-0.7424467013366504,
1790848530686215919,1790848530686464928,0x69,joint_3,q_leader,-0.2791845033951867,
1790848530690394154,1790848530690664695,0x69,joint_3,q_actual,1.1501719770642633,
1790848530705205064,1790848530705475180,0x68,joint_2,q_actual,0.8429940287132611,
1790848530710176426,1790848530710355046,0x69,joint_3,q_actual,1.1484266478122689,
1790848530725192815,1790848530725406473,0x68,joint_2,q_actual,0.8412486994612669,
1790848530730190489,1790848530730402729,0x69,joint_3,q_actual,1.1484266478122689,
1790848530736168322,1790848530736421100,0x68,joint_2,q_leader,-0.7409127205487647,
1790848530736168322,1790848530736421100,0x69,joint_3,q_leader,-0.2791845033951867,
1790848530745400381,1790848530745672733,0x68,joint_2,q_actual,0.8412486994612669,
1790848530750407028,1790848530750682434,0x69,joint_3,q_actual,1.1466813185602747,
1790848530765385780,1790848530765660928,0x68,joint_2,q_actual,0.8395033702092727,
1790848530770379097,1790848530770654080,0x69,joint_3,q_actual,1.1466813185602747,
1790848530785371910,1790848530785646051,0x68,joint_2,q_actual,0.8395033702092727,
1790848530786302016,1790848530786528381,0x68,joint_2,q_leader,-0.7363107781851078,
1790848530786302016,1790848530786528381,0x69,joint_3,q_leader,-0.2791845033951867,
1790848530790389836,1790848530790663460,0x69,joint_3,q_actual,1.14493598930828,
1790848530800999905,1790848530801156083,0x68,joint_2,q_des,0.7861821980223677,
1790848530800999905,1790848530801156083,0x69,joint_3,q_des,0.7423512536431819,
1790848530800999905,1790848530801232407,0x68,joint_2,q_filtered,0.7861821980223677,
1790848530800999905,1790848530801232407,0x69,joint_3,q_filtered,0.7423512536431819,
1790848530800999905,1790848530801335614,0x68,joint_2,q_cmd,0.8185463908725562,-0.043618371829215824
1790848530800999905,1790848530801335614,0x69,joint_3,q_cmd,1.1242395619926182,-0.043607784413392116
1790848530805206248,1790848530805421939,0x68,joint_2,q_actual,0.8377580409572782,
1790848530810320622,1790848530810596961,0x69,joint_3,q_actual,1.14493598930828,
1790848530825373961,1790848530825647800,0x68,joint_2,q_actual,0.8377580409572782,
1790848530830386783,1790848530830662439,0x69,joint_3,q_actual,1.1431906600562858,
1790848530836138240,1790848530836343181,0x68,joint_2,q_leader,-0.7332428166093365,
1790848530836138240,1790848530836343181,0x69,joint_3,q_leader,-0.2791845033951867,
1790848530845360443,1790848530845619941,0x68,joint_2,q_actual,0.8360127117052839,
1790848530850413627,1790848530850701186,0x69,joint_3,q_actual,1.1431906600562858,
1790848530865232524,1790848530865448014,0x68,joint_2,q_actual,0.8360127117052839,
1790848530870384542,1790848530870657142,0x69,joint_3,q_actual,1.1414453308042916,
1790848530885355821,1790848530885633337,0x68,joint_2,q_actual,0.8342673824532895,
1790848530886293096,1790848530886520298,0x68,joint_2,q_leader,-0.7332428166093365,
1790848530886293096,1790848530886520298,0x69,joint_3,q_leader,-0.2791845033951867,
1790848530890219653,1790848530890449678,0x69,joint_3,q_actual,1.1414453308042916,
1790848530904950779,1790848530905091489,0x68,joint_2,q_actual,0.8342673824532895,
1790848530909879106,1790848530909986779,0x69,joint_3,q_actual,1.1397000015522971,
1790848530925147568,1790848530925305183,0x68,joint_2,q_actual,0.8325220532012952,
1790848530930155337,1790848530930334186,0x69,joint_3,q_actual,1.1397000015522971,
1790848530935595008,1790848530935739033,0x68,joint_2,q_leader,-0.7286408742456796,
1790848530935595008,1790848530935739033,0x69,joint_3,q_leader,-0.2791845033951867,
1790848530946384548,1790848530946565193,0x68,joint_2,q_actual,0.8325220532012952,
1790848530950209427,1790848530950427789,0x69,joint_3,q_actual,1.137954672300303,
1790848530965400775,1790848530965691969,0x68,joint_2,q_actual,0.830776723949301,
1790848530970548434,1790848530970895805,0x69,joint_3,q_actual,1.137954672300303,
1790848530985550636,1790848530985905986,0x68,joint_2,q_actual,0.830776723949301,
1790848530986838272,1790848530987117869,0x68,joint_2,q_leader,-0.7255729126699083,
1790848530986838272,1790848530987117869,0x69,joint_3,q_leader,-0.2791845033951867,
1790848530990395261,1790848530990657844,0x69,joint_3,q_actual,1.1362093430483085,
1790848531001347999,1790848531001612904,0x68,joint_2,q_des,0.7754443325071682,
1790848531001347999,1790848531001612904,0x69,joint_3,q_des,0.7423512536431819,
1790848531001347999,1790848531001641330,0x68,joint_2,q_filtered,0.7754443325071682,
1790848531001347999,1790848531001641330,0x69,joint_3,q_filtered,0.7423512536431819,
1790848531001347999,1790848531001767447,0x68,joint_2,q_cmd,0.8098197446125845,-0.043618279825771385
1790848531001347999,1790848531001767447,0x69,joint_3,q_cmd,1.1155129157326467,-0.04360446042283136
1790848531005377370,1790848531005638157,0x68,joint_2,q_actual,0.8290313946973066,
1790848531010539616,1790848531010890345,0x69,joint_3,q_actual,1.1362093430483085,
1790848531025374768,1790848531025682295,0x68,joint_2,q_actual,0.8290313946973066,
1790848531030373735,1790848531030639413,0x69,joint_3,q_actual,1.1344640137963142,
1790848531036635904,1790848531036917167,0x68,joint_2,q_leader,-0.7240389318820226,
1790848531036635904,1790848531036917167,0x69,joint_3,q_leader,-0.2791845033951867,
1790848531045529298,1790848531045899889,0x68,joint_2,q_actual,0.8272860654453124,
1790848531050558001,1790848531050910836,0x69,joint_3,q_actual,1.1344640137963142,
1790848531065416361,1790848531065755352,0x68,joint_2,q_actual,0.8272860654453124,
1790848531070384535,1790848531070638427,0x69,joint_3,q_actual,1.13271868454432,
1790848531085397564,1790848531085703871,0x68,joint_2,q_actual,0.8255407361933178,
1790848531086721317,1790848531087003830,0x68,joint_2,q_leader,-0.722504951094137,
1790848531086721317,1790848531087003830,0x69,joint_3,q_leader,-0.2791845033951867,
1790848531090365547,1790848531090625974,0x69,joint_3,q_actual,1.13271868454432,
1790848531105520982,1790848531105869373,0x68,joint_2,q_actual,0.8255407361933178,
1790848531110554733,1790848531110903733,0x69,joint_3,q_actual,1.1309733552923256,
1790848531125562476,1790848531125913417,0x68,joint_2,q_actual,0.8237954069413236,
1790848531130510083,1790848531130811301,0x69,joint_3,q_actual,1.1309733552923256,
1790848531136764968,1790848531137060050,0x68,joint_2,q_leader,-0.7194369895183658,
1790848531136764968,1790848531137060050,0x69,joint_3,q_leader,-0.2791845033951867,
1790848531145539145,1790848531145889830,0x68,joint_2,q_actual,0.8237954069413236,
1790848531150700908,1790848531151052766,0x69,joint_3,q_actual,1.1292280260403313,
1790848531165406404,1790848531165735895,0x68,joint_2,q_actual,0.8220500776893294,
1790848531170401863,1790848531170661894,0x69,joint_3,q_actual,1.1292280260403313,
1790848531185379575,1790848531185668095,0x68,joint_2,q_actual,0.8220500776893294,
1790848531186536487,1790848531186813598,0x68,joint_2,q_leader,-0.7179030087304801,
1790848531186536487,1790848531186813598,0x69,joint_3,q_leader,-0.2791845033951867,
1790848531190370385,1790848531190635467,0x69,joint_3,q_actual,1.1274826967883367,
1790848531201325234,1790848531201562436,0x68,joint_2,q_des,0.7677744285677399,
1790848531201325234,1790848531201562436,0x69,joint_3,q_des,0.7423512536431819,
1790848531201325234,1790848531201754574,0x68,joint_2,q_filtered,0.7677744285677399,
1790848531201325234,1790848531201754574,0x69,joint_3,q_filtered,0.7423512536431819,
1790848531201325234,1790848531201777565,0x68,joint_2,q_cmd,0.8010980165595474,-0.04363323129985824
1790848531201325234,1790848531201777565,0x69,joint_3,q_cmd,1.1067884559338768,-0.04363323129985824
1790848531205376796,1790848531205636330,0x68,joint_2,q_actual,0.8203047484373349,
1790848531210542307,1790848531210890502,0x69,joint_3,q_actual,1.1274826967883367,
1790848531225409452,1790848531225731611,0x68,joint_2,q_actual,0.8203047484373349,
1790848531230379525,1790848531230648022,0x69,joint_3,q_actual,1.1274826967883367,
1790848531236574291,1790848531236864228,0x68,joint_2,q_leader,-0.7179030087304801,
1790848531236574291,1790848531236864228,0x69,joint_3,q_leader,-0.2791845033951867,
1790848531245541241,1790848531245875279,0x68,joint_2,q_actual,0.8185594191853407,
1790848531250562099,1790848531250895445,0x69,joint_3,q_actual,1.1257373675363425,
1790848531265537872,1790848531265853904,0x68,joint_2,q_actual,0.8185594191853407,
1790848531270364271,1790848531270607942,0x69,joint_3,q_actual,1.1257373675363425,
1790848531285530283,1790848531285858048,0x68,joint_2,q_actual,0.8168140899333461,
1790848531286593622,1790848531286877615,0x68,joint_2,q_leader,-0.7133010663668231,
1790848531286593622,1790848531286877615,0x69,joint_3,q_leader,-0.2791845033951867,
1790848531290396671,1790848531290657391,0x69,joint_3,q_actual,1.1239920382843482,
1790848531305543161,1790848531305880772,0x68,joint_2,q_actual,0.8168140899333461,
1790848531310558153,1790848531310895172,0x69,joint_3,q_actual,1.1239920382843482,
1790848531325557239,1790848531325894660,0x68,joint_2,q_actual,0.8150687606813519,
1790848531330378257,1790848531330652686,0x69,joint_3,q_actual,1.1222467090323538,
1790848531336479558,1790848531336752905,0x68,joint_2,q_leader,-0.7102331047910518,
1790848531336479558,1790848531336752905,0x69,joint_3,q_leader,-0.2791845033951867,
1790848531345558867,1790848531345908009,0x68,joint_2,q_actual,0.8150687606813519,
1790848531350552695,1790848531350904420,0x69,joint_3,q_actual,1.1222467090323538,
1790848531369726330,1790848531369992636,0x68,joint_2,q_actual,0.8133234314293577,
1790848531373659046,1790848531373925552,0x69,joint_3,q_actual,1.1222467090323538,
1790848531386656180,1790848531386941580,0x68,joint_2,q_leader,-0.7086991240031663,
1790848531386656180,1790848531386941580,0x69,joint_3,q_leader,-0.2791845033951867,
1790848531386868134,1790848531387142382,0x68,joint_2,q_actual,0.8133234314293577,
1790848531391797695,1790848531392057570,0x69,joint_3,q_actual,1.1205013797803596,
1790848531401061240,1790848531401344031,0x68,joint_2,q_des,0.7585705438404261,
1790848531401061240,1790848531401344031,0x69,joint_3,q_des,0.7423512536431819,
1790848531401061240,1790848531401402323,0x68,joint_2,q_filtered,0.7585705438404261,
1790848531401061240,1790848531401402323,0x69,joint_3,q_filtered,0.7423512536431819,
1790848531401061240,1790848531401575539,0x68,joint_2,q_cmd,0.7923814279775739,-0.04363323129985824
1790848531401061240,1790848531401575539,0x69,joint_3,q_cmd,1.0980692313374996,-0.04363323129985824
1790848531410579543,1790848531410838859,0x68,joint_2,q_actual,0.8115781021773633,
1790848531412835346,1790848531413022533,0x69,joint_3,q_actual,1.1187560505283651,
1790848531425972338,1790848531426164849,0x68,joint_2,q_actual,0.8115781021773633,
1790848531430888740,1790848531431069945,0x69,joint_3,q_actual,1.1187560505283651,
1790848531435661182,1790848531435858279,0x68,joint_2,q_leader,-0.7071651432152806,
1790848531435661182,1790848531435858279,0x69,joint_3,q_leader,-0.2791845033951867,
1790848531445930772,1790848531446092132,0x68,joint_2,q_actual,0.809832772925369,
1790848531450110722,1790848531450279044,0x69,joint_3,q_actual,1.117010721276371,
1790848531465224968,1790848531465470972,0x68,joint_2,q_actual,0.809832772925369,
1790848531470105721,1790848531470280824,0x69,joint_3,q_actual,1.117010721276371,
1790848531485277855,1790848531485499026,0x68,joint_2,q_actual,0.809832772925369,
1790848531485818866,1790848531486013659,0x68,joint_2,q_leader,-0.7040971816395093,
1790848531485818866,1790848531486013659,0x69,joint_3,q_leader,-0.2791845033951867,
1790848531490370018,1790848531490604165,0x69,joint_3,q_actual,1.1152653920243765,
1790848531505282257,1790848531505533224,0x68,joint_2,q_actual,0.8080874436733745,
1790848531510282135,1790848531510514464,0x69,joint_3,q_actual,1.1152653920243765,
1790848531525309978,1790848531525577435,0x68,joint_2,q_actual,0.8080874436733745,
1790848531530361668,1790848531530622593,0x69,joint_3,q_actual,1.1135200627723822,
1790848531536411682,1790848531536630452,0x68,joint_2,q_leader,-0.7040971816395093,
1790848531536411682,1790848531536630452,0x69,joint_3,q_leader,-0.2791845033951867,
1790848531545350610,1790848531545614408,0x68,joint_2,q_actual,0.8063421144213803,
1790848531550352842,1790848531550622268,0x69,joint_3,q_actual,1.1135200627723822,
1790848531565219022,1790848531565493321,0x68,joint_2,q_actual,0.8063421144213803,
1790848531570353415,1790848531570616441,0x69,joint_3,q_actual,1.111774733520388,
1790848531585333779,1790848531585598106,0x68,joint_2,q_actual,0.804596785169386,
1790848531586545416,1790848531586752836,0x68,joint_2,q_leader,-0.701029220063738,
1790848531586545416,1790848531586752836,0x69,joint_3,q_leader,-0.2791845033951867,
1790848531590349441,1790848531590613112,0x69,joint_3,q_actual,1.111774733520388,
1790848531600924245,1790848531601142155,0x68,joint_2,q_des,0.7509006399009979,
1790848531600924245,1790848531601142155,0x69,joint_3,q_des,0.7423512536431819,
1790848531600924245,1790848531601180880,0x68,joint_2,q_filtered,0.7509006399009979,
1790848531600924245,1790848531601180880,0x69,joint_3,q_filtered,0.7423512536431819,
1790848531600924245,1790848531601345620,0x68,joint_2,q_cmd,0.7836605624226062,-0.04363323129985824
1790848531600924245,1790848531601345620,0x69,joint_3,q_cmd,1.0893464767254324,-0.04363323129985824
1790848531607173434,1790848531607437884,0x68,joint_2,q_actual,0.804596785169386,
1790848531610348010,1790848531610613483,0x69,joint_3,q_actual,1.1100294042683936,
1790848531625334362,1790848531625599959,0x68,joint_2,q_actual,0.8028514559173916,
1790848531630358070,1790848531630620429,0x69,joint_3,q_actual,1.1100294042683936,
1790848531636225284,1790848531636479049,0x68,joint_2,q_leader,-0.6964272777000811,
1790848531636225284,1790848531636479049,0x69,joint_3,q_leader,-0.2791845033951867,
1790848531645305100,1790848531645509856,0x68,joint_2,q_actual,0.8028514559173916,
1790848531652068458,1790848531652270535,0x69,joint_3,q_actual,1.1082840750163994,
1790848531665341860,1790848531665608733,0x68,joint_2,q_actual,0.8011061266653974,
1790848531670346074,1790848531670612966,0x69,joint_3,q_actual,1.1082840750163994,
1790848531685437007,1790848531685677983,0x68,joint_2,q_actual,0.8011061266653974,
1790848531685733909,1790848531685912001,0x68,joint_2,q_leader,-0.6918253353364242,
1790848531685733909,1790848531685912001,0x69,joint_3,q_leader,-0.2791845033951867,
1790848531690353898,1790848531690605526,0x69,joint_3,q_actual,1.106538745764405,
1790848531705360379,1790848531705628678,0x68,joint_2,q_actual,0.7993607974134029,
1790848531710360462,1790848531710624229,0x69,joint_3,q_actual,1.106538745764405,
1790848531725182210,1790848531725424120,0x68,joint_2,q_actual,0.7993607974134029,
1790848531730142474,1790848531730329322,0x69,joint_3,q_actual,1.1047934165124105,
1790848531735922237,1790848531736130970,0x68,joint_2,q_leader,-0.6887573737606529,
1790848531735922237,1790848531736130970,0x69,joint_3,q_leader,-0.2791845033951867,
1790848531745188696,1790848531745421086,0x68,joint_2,q_actual,0.7976154681614086,
1790848531750340590,1790848531750645642,0x69,joint_3,q_actual,1.1047934165124105,
1790848531765352594,1790848531765608639,0x68,joint_2,q_actual,0.7976154681614086,
1790848531770355463,1790848531770630998,0x69,joint_3,q_actual,1.1030480872604163,
1790848531785364036,1790848531785626084,0x68,joint_2,q_actual,0.7958701389094144,
1790848531786404527,1790848531786624181,0x68,joint_2,q_leader,-0.684155431396996,
1790848531786404527,1790848531786624181,0x69,joint_3,q_leader,-0.2791845033951867,
1790848531790357936,1790848531790616729,0x69,joint_3,q_actual,1.1030480872604163,
1790848531800885836,1790848531801056879,0x68,joint_2,q_des,0.7340268512342558,
1790848531800885836,1790848531801056879,0x69,joint_3,q_des,0.7423512536431819,
1790848531800885836,1790848531801113904,0x68,joint_2,q_filtered,0.7340268512342558,
1790848531800885836,1790848531801113904,0x69,joint_3,q_filtered,0.7423512536431819,
1790848531800885836,1790848531801191182,0x68,joint_2,q_cmd,0.7749369670854399,-0.04363323129985824
1790848531800885836,1790848531801191182,0x69,joint_3,q_cmd,1.0806209788484622,-0.04363323129985824
1790848531807268392,1790848531807495763,0x68,joint_2,q_actual,0.7958701389094144,
1790848531810357878,1790848531810620187,0x69,joint_3,q_actual,1.101302758008422,
1790848531825345708,1790848531825604317,0x68,joint_2,q_actual,0.7941248096574199,
1790848531830364192,1790848531830634398,0x69,joint_3,q_actual,1.101302758008422,
1790848531836177256,1790848531836390785,0x68,joint_2,q_leader,-0.6810874698212247,
1790848531836177256,1790848531836390785,0x69,joint_3,q_leader,-0.2791845033951867,
1790848531845199994,1790848531845443175,0x68,joint_2,q_actual,0.7941248096574199,
1790848531850173371,1790848531850377341,0x69,joint_3,q_actual,1.0995574287564276,
1790848531865361825,1790848531865623017,0x68,joint_2,q_actual,0.7923794804054257,
1790848531870368455,1790848531870646075,0x69,joint_3,q_actual,1.0995574287564276,
1790848531885361076,1790848531885628614,0x68,joint_2,q_actual,0.7923794804054257,
1790848531886192543,1790848531886429147,0x68,joint_2,q_leader,-0.679553489033339,
1790848531886192543,1790848531886429147,0x69,joint_3,q_leader,-0.2791845033951867,
1790848531890165433,1790848531890397154,0x69,joint_3,q_actual,1.0978120995044334,
1790848531905345926,1790848531905613144,0x68,joint_2,q_actual,0.7906341511534313,
1790848531910349084,1790848531910616331,0x69,joint_3,q_actual,1.096066770252439,
1790848531925345908,1790848531925610397,0x68,joint_2,q_actual,0.7906341511534313,
1790848531930357005,1790848531930637883,0x69,joint_3,q_actual,1.096066770252439,
1790848531936284157,1790848531936509604,0x68,joint_2,q_leader,-0.6780195082454534,
1790848531936284157,1790848531936509604,0x69,joint_3,q_leader,-0.2791845033951867,
1790848531945357741,1790848531945623445,0x68,joint_2,q_actual,0.788888821901437,
1790848531950349755,1790848531950617908,0x69,joint_3,q_actual,1.0943214410004447,
1790848531965214833,1790848531965460000,0x68,joint_2,q_actual,0.788888821901437,
1790848531970351591,1790848531970616234,0x69,joint_3,q_actual,1.0943214410004447,
1790848531985213275,1790848531985491469,0x68,joint_2,q_actual,0.7871434926494427,
1790848531986156544,1790848531986338976,0x68,joint_2,q_leader,-0.6734175658817965,
1790848531986156544,1790848531986338976,0x69,joint_3,q_leader,-0.2791845033951867,
1790848531990351251,1790848531990608819,0x69,joint_3,q_actual,1.0925761117484503,
1790848532000902598,1790848532001110798,0x68,joint_2,q_des,0.7232889857190563,
1790848532000902598,1790848532001110798,0x69,joint_3,q_des,0.7423512536431819,
1790848532000902598,1790848532001185637,0x68,joint_2,q_filtered,0.7232889857190563,
1790848532000902598,1790848532001185637,0x69,joint_3,q_filtered,0.7423512536431819,
1790848532000902598,1790848532001256753,0x68,joint_2,q_cmd,0.7662128850631997,-0.04363323129985824
1790848532000902598,1790848532001256753,0x69,joint_3,q_cmd,1.0718950089035744,-0.04363323129985824
1790848532006992471,1790848532007174153,0x68,joint_2,q_actual,0.7871434926494427,
1790848532010350215,1790848532010619453,0x69,joint_3,q_actual,1.0925761117484503,
1790848532025346893,1790848532025610144,0x68,joint_2,q_actual,0.7853981633974483,
1790848532030358165,1790848532030628866,0x69,joint_3,q_actual,1.090830782496456,
1790848532036098283,1790848532036309071,0x68,joint_2,q_leader,-0.6688156235181396,
1790848532036098283,1790848532036309071,0x69,joint_3,q_leader,-0.2791845033951867,
1790848532045169279,1790848532045413728,0x68,joint_2,q_actual,0.7853981633974483,
1790848532050198144,1790848532050409801,0x69,joint_3,q_actual,1.090830782496456,
1790848532065094738,1790848532065284742,0x68,joint_2,q_actual,0.7836528341454541,
1790848532070353948,1790848532070622205,0x69,joint_3,q_actual,1.0890854532444616,
1790848532086184778,1790848532086422634,0x68,joint_2,q_leader,-0.6642136811544826,
1790848532086184778,1790848532086422634,0x69,joint_3,q_leader,-0.2791845033951867,
1790848532088112903,1790848532088326013,0x68,joint_2,q_actual,0.7836528341454541,
1790848532091432258,1790848532091607135,0x69,joint_3,q_actual,1.0890854532444616,
1790848532105329305,1790848532105621062,0x68,joint_2,q_actual,0.7819075048934596,
1790848532110150193,1790848532110381705,0x69,joint_3,q_actual,1.0873401239924672,
1790848532127317632,1790848532127561842,0x68,joint_2,q_actual,0.7819075048934596,
1790848532130172199,1790848532130367200,0x69,joint_3,q_actual,1.0873401239924672,
1790848532136262590,1790848532136489624,0x68,joint_2,q_leader,-0.6596117387908257,
1790848532136262590,1790848532136489624,0x69,joint_3,q_leader,-0.2791845033951867,
1790848532145357844,1790848532145623885,0x68,joint_2,q_actual,0.7801621756414654,
1790848532150364509,1790848532150624794,0x69,joint_3,q_actual,1.085594794740473,
1790848532165349699,1790848532165608282,0x68,joint_2,q_actual,0.7801621756414654,
1790848532170344226,1790848532170604635,0x69,joint_3,q_actual,1.085594794740473,
1790848532185357624,1790848532185593913,0x68,joint_2,q_actual,0.7784168463894712,
1790848532186397588,1790848532186607857,0x68,joint_2,q_leader,-0.6519418348513976,
1790848532186397588,1790848532186607857,0x69,joint_3,q_leader,-0.2791845033951867,
1790848532190362698,1790848532190624757,0x69,joint_3,q_actual,1.0838494654884787,
1790848532200905875,1790848532201117630,0x68,joint_2,q_des,0.7018132546886574,
1790848532200905875,1790848532201117630,0x69,joint_3,q_des,0.7423512536431819,
1790848532200905875,1790848532201133928,0x68,joint_2,q_filtered,0.7018132546886574,
1790848532200905875,1790848532201133928,0x69,joint_3,q_filtered,0.7423512536431819,
1790848532200905875,1790848532201265651,0x68,joint_2,q_cmd,0.7574887260283072,-0.04363323129985824
1790848532200905875,1790848532201265651,0x69,joint_3,q_cmd,1.0631689837626574,-0.04363323129985824
1790848532205311823,1790848532205571314,0x68,joint_2,q_actual,0.7784168463894712,
1790848532210356972,1790848532210619099,0x69,joint_3,q_actual,1.0838494654884787,
1790848532225359062,1790848532225615746,0x68,joint_2,q_actual,0.7766715171374766,
1790848532230353369,1790848532230614890,0x69,joint_3,q_actual,1.0821041362364843,
1790848532236080869,1790848532236320112,0x68,joint_2,q_leader,-0.6458059116998549,
1790848532236080869,1790848532236320112,0x69,joint_3,q_leader,-0.2791845033951867,
1790848532245354385,1790848532245614342,0x68,joint_2,q_actual,0.7766715171374766,
1790848532250164949,1790848532250377067,0x69,joint_3,q_actual,1.08035880698449,
1790848532265173661,1790848532265360984,0x68,joint_2,q_actual,0.7749261878854824,
1790848532270357555,1790848532270614904,0x69,joint_3,q_actual,1.08035880698449,
1790848532285357680,1790848532285592315,0x68,joint_2,q_actual,0.7749261878854824,
1790848532286327377,1790848532286539817,0x68,joint_2,q_leader,-0.6396699885483124,
1790848532286327377,1790848532286539817,0x69,joint_3,q_leader,-0.2791845033951867,
1790848532290364245,1790848532290621626,0x69,joint_3,q_actual,1.0786134777324956,
1790848532305374569,1790848532305634247,0x68,joint_2,q_actual,0.773180858633488,
1790848532310333906,1790848532310593010,0x69,joint_3,q_actual,1.0786134777324956,
1790848532325164882,1790848532325329857,0x68,joint_2,q_actual,0.773180858633488,
1790848532330154695,1790848532330269718,0x69,joint_3,q_actual,1.0768681484805014,
1790848532335486254,1790848532335622054,0x68,joint_2,q_leader,-0.6320000846088842,
1790848532335486254,1790848532335622054,0x69,joint_3,q_leader,-0.2791845033951867,
1790848532345065929,1790848532345228072,0x68,joint_2,q_actual,0.7714355293814937,
1790848532350169228,1790848532350357564,0x69,joint_3,q_actual,1.0768681484805014,
1790848532365236436,1790848532365465175,0x68,joint_2,q_actual,0.7714355293814937,
1790848532370294440,1790848532370529769,0x69,joint_3,q_actual,1.075122819228507,
1790848532385590086,1790848532385926351,0x68,joint_2,q_actual,0.7696902001294995,
1790848532386980573,1790848532387307932,0x68,joint_2,q_leader,-0.6258641614573416,
1790848532386980573,1790848532387307932,0x69,joint_3,q_leader,-0.2791845033951867,
1790848532390428717,1790848532390704204,0x69,joint_3,q_actual,1.075122819228507,
1790848532401436779,1790848532401737978,0x68,joint_2,q_des,0.6757355812946014,
1790848532401436779,1790848532401737978,0x69,joint_3,q_des,0.7423512536431819,
1790848532401436779,1790848532401775182,0x68,joint_2,q_filtered,0.6757355812946014,
1790848532401436779,1790848532401775182,0x69,joint_3,q_filtered,0.7423512536431819,
1790848532401436779,1790848532401967485,0x68,joint_2,q_cmd,0.7487620797683355,-0.04359398537854257
1790848532401436779,1790848532401967485,0x69,joint_3,q_cmd,1.0544423375026857,-0.04357918069573918
1790848532405436129,1790848532405715902,0x68,joint_2,q_actual,0.7696902001294995,
1790848532410587554,1790848532410938821,0x69,joint_3,q_actual,1.0733774899765127,
1790848532425586161,1790848532425940658,0x68,joint_2,q_actual,0.767944870877505,
1790848532430627485,1790848532430979892,0x69,joint_3,q_actual,1.0733774899765127,
1790848532437238498,1790848532437605183,0x68,joint_2,q_leader,-0.6212622190936847,
1790848532437238498,1790848532437605183,0x69,joint_3,q_leader,-0.2791845033951867,
1790848532445574298,1790848532445946151,0x68,joint_2,q_actual,0.767944870877505,
1790848532450610303,1790848532450983846,0x69,joint_3,q_actual,1.0716321607245183,
1790848532465427888,1790848532465731924,0x68,joint_2,q_actual,0.7661995416255107,
1790848532470593305,1790848532470947518,0x69,joint_3,q_actual,1.0716321607245183,
1790848532485578884,1790848532485939742,0x68,joint_2,q_actual,0.7644542123735163,
1790848532486928101,1790848532487214824,0x68,joint_2,q_leader,-0.6181942575179135,
1790848532486928101,1790848532487214824,0x69,joint_3,q_leader,-0.2791845033951867,
1790848532494858682,1790848532495128255,0x69,joint_3,q_actual,1.069886831472524,
1790848532507187882,1790848532507555557,0x68,joint_2,q_actual,0.7644542123735163,
1790848532511952157,1790848532512218248,0x69,joint_3,q_actual,1.069886831472524,
1790848532529231914,1790848532529564321,0x68,joint_2,q_actual,0.7627088831215221,
1790848532531888941,1790848532532123922,0x69,joint_3,q_actual,1.0681415022205298,
1790848532536354429,1790848532536587813,0x68,joint_2,q_leader,-0.6135923151542565,
1790848532536354429,1790848532536587813,0x69,joint_3,q_leader,-0.2791845033951867,
1790848532546562767,1790848532546836045,0x68,joint_2,q_actual,0.7627088831215221,
1790848532551680427,1790848532551955873,0x69,joint_3,q_actual,1.0681415022205298,
1790848532566542986,1790848532566811734,0x68,joint_2,q_actual,0.7609635538695279,
1790848532571557019,1790848532571833983,0x69,joint_3,q_actual,1.0663961729685354,
1790848532585450518,1790848532585714419,0x68,joint_2,q_actual,0.7609635538695279,
1790848532586367202,1790848532586583649,0x68,joint_2,q_leader,-0.6105243535784852,
1790848532586367202,1790848532586583649,0x69,joint_3,q_leader,-0.2791845033951867,
1790848532590409210,1790848532590693032,0x69,joint_3,q_actual,1.0663961729685354,
1790848532601028678,1790848532601272865,0x68,joint_2,q_des,0.6603957734157451,
1790848532601028678,1790848532601272865,0x69,joint_3,q_des,0.7423512536431819,
1790848532601028678,1790848532601291605,0x68,joint_2,q_filtered,0.6603957734157451,
1790848532601028678,1790848532601291605,0x69,joint_3,q_filtered,0.7423512536431819,
1790848532601028678,1790848532601456121,0x68,joint_2,q_cmd,0.7400480198630012,-0.04363323129985824
1790848532601028678,1790848532601456121,0x69,joint_3,q_cmd,1.0457260974193159,-0.04363323129985824
1790848532605240524,1790848532605477014,0x68,joint_2,q_actual,0.7592182246175333,
1790848532610412492,1790848532610702835,0x69,joint_3,q_actual,1.064650843716541,
1790848532625404668,1790848532625692893,0x68,joint_2,q_actual,0.7592182246175333,
1790848532630262182,1790848532630469737,0x69,joint_3,q_actual,1.064650843716541,
1790848532636446924,1790848532636692413,0x68,joint_2,q_leader,-0.607456392002714,
1790848532636446924,1790848532636692413,0x69,joint_3,q_leader,-0.2791845033951867,
1790848532645400547,1790848532645686924,0x68,joint_2,q_actual,0.7574728953655391,
1790848532650411806,1790848532650706787,0x69,joint_3,q_actual,1.0629055144645467,
1790848532667460943,1790848532667721123,0x68,joint_2,q_actual,0.7574728953655391,
1790848532670135000,1790848532670364556,0x69,joint_3,q_actual,1.0629055144645467,
1790848532685430034,1790848532685710847,0x68,joint_2,q_actual,0.7557275661135446,
1790848532686402508,1790848532686619229,0x68,joint_2,q_leader,-0.602854449639057,
1790848532686402508,1790848532686619229,0x69,joint_3,q_leader,-0.2791845033951867,
1790848532690425585,1790848532690710270,0x69,joint_3,q_actual,1.0611601852125523,
1790848532705407686,1790848532705699905,0x68,joint_2,q_actual,0.7557275661135446,
1790848532710414446,1790848532710704544,0x69,joint_3,q_actual,1.0611601852125523,
1790848532725404263,1790848532725694208,0x68,joint_2,q_actual,0.7539822368615504,
1790848532730421511,1790848532730715924,0x69,joint_3,q_actual,1.059414855960558,
1790848532736526064,1790848532736790640,0x68,joint_2,q_leader,-0.5997864880632857,
1790848532736526064,1790848532736790640,0x69,joint_3,q_leader,-0.2791845033951867,
1790848532745101707,1790848532745222926,0x68,joint_2,q_actual,0.7539822368615504,
1790848532749892460,1790848532749987200,0x69,joint_3,q_actual,1.059414855960558,
1790848532766095680,1790848532766194904,0x68,joint_2,q_actual,0.7522369076095562,
1790848532770612525,1790848532770772454,0x69,joint_3,q_actual,1.0576695267085636,
1790848532785820183,1790848532785981721,0x68,joint_2,q_leader,-0.5951845456996288,
1790848532785820183,1790848532785981721,0x69,joint_3,q_leader,-0.2791845033951867,
1790848532785836630,1790848532785994269,0x68,joint_2,q_actual,0.7522369076095562,
1790848532790903615,1790848532791099418,0x69,joint_3,q_actual,1.0576695267085636,
1790848532800828463,1790848532801031264,0x68,joint_2,q_des,0.6450559655368886,
1790848532800828463,1790848532801031264,0x69,joint_3,q_des,0.7423512536431819,
1790848532800828463,1790848532801046204,0x68,joint_2,q_filtered,0.6450559655368886,
1790848532800828463,1790848532801046204,0x69,joint_3,q_filtered,0.7423512536431819,
1790848532800828463,1790848532801166831,0x68,joint_2,q_cmd,0.7313289050042109,-0.04363323129985824
1790848532800828463,1790848532801166831,0x69,joint_3,q_cmd,1.0370051869657717,-0.04363323129985824
1790848532806375454,1790848532806581755,0x68,joint_2,q_actual,0.7504915783575618,
1790848532811553925,1790848532811845231,0x69,joint_3,q_actual,1.0559241974565694,
1790848532826550334,1790848532826825075,0x68,joint_2,q_actual,0.7504915783575618,
1790848532831303424,1790848532831511685,0x69,joint_3,q_actual,1.0559241974565694,
1790848532836124526,1790848532836377078,0x68,joint_2,q_leader,-0.5890486225480862,
1790848532836124526,1790848532836377078,0x69,joint_3,q_leader,-0.2791845033951867,
1790848532846609065,1790848532846889434,0x68,joint_2,q_actual,0.7487462491055675,
1790848532850412874,1790848532850706157,0x69,joint_3,q_actual,1.0559241974565694,
1790848532865263597,1790848532865519188,0x68,joint_2,q_actual,0.7487462491055675,
1790848532870240732,1790848532870484498,0x69,joint_3,q_actual,1.054178868204575,
1790848532885396291,1790848532885652529,0x68,joint_2,q_actual,0.747000919853573,
1790848532886284211,1790848532886516092,0x68,joint_2,q_leader,-0.581378718608658,
1790848532886284211,1790848532886516092,0x69,joint_3,q_leader,-0.27765052260730105,
1790848532890239592,1790848532890472604,0x69,joint_3,q_actual,1.054178868204575,
1790848532905406451,1790848532905702607,0x68,joint_2,q_actual,0.747000919853573,
1790848532910414445,1790848532910703817,0x69,joint_3,q_actual,1.0524335389525807,
1790848532927638647,1790848532927882845,0x68,joint_2,q_actual,0.7452555906015788,
1790848532930326553,1790848532930528028,0x69,joint_3,q_actual,1.0524335389525807,
1790848532936377042,1790848532936625814,0x68,joint_2,q_leader,-0.5752427954571154,
1790848532936377042,1790848532936625814,0x69,joint_3,q_leader,-0.27765052260730105,
1790848532945477057,1790848532945773149,0x68,joint_2,q_actual,0.7452555906015788,
1790848532950271572,1790848532950488463,0x69,joint_3,q_actual,1.0524335389525807,
1790848532965409983,1790848532965696015,0x68,joint_2,q_actual,0.7435102613495845,
1790848532970417768,1790848532970703451,0x69,joint_3,q_actual,1.0506882097005865,
1790848532985395232,1790848532985661360,0x68,joint_2,q_actual,0.7435102613495845,
1790848532986332923,1790848532986557913,0x68,joint_2,q_leader,-0.5691068723055729,
1790848532986332923,1790848532986557913,0x69,joint_3,q_leader,-0.27765052260730105,
1790848532990223406,1790848532990458128,0x69,joint_3,q_actual,1.0506882097005865,
1790848533001035744,1790848533001274026,0x68,joint_2,q_des,0.6189782921428327,
1790848533001035744,1790848533001274026,0x69,joint_3,q_des,0.7408172728552963,
1790848533001035744,1790848533001292170,0x68,joint_2,q_filtered,0.6189782921428327,
1790848533001035744,1790848533001292170,0x69,joint_3,q_filtered,0.7408172728552963,
1790848533001035744,1790848533001438501,0x68,joint_2,q_cmd,0.7226022587442392,-0.04362176815367684
1790848533001035744,1790848533001438501,0x69,joint_3,q_cmd,1.0282785407058,-0.043611211780951065
1790848533005416854,1790848533005703646,0x68,joint_2,q_actual,0.7417649320975901,
1790848533012397647,1790848533012614512,0x69,joint_3,q_actual,1.048942880448592,
1790848533025420849,1790848533025727675,0x68,joint_2,q_actual,0.7417649320975901,
1790848533030421966,1790848533030680119,0x69,joint_3,q_actual,1.048942880448592,
1790848533036343543,1790848533036573290,0x68,joint_2,q_leader,-0.5614369683661447,
1790848533036343543,1790848533036573290,0x69,joint_3,q_leader,-0.27765052260730105,
1790848533045220839,1790848533045466883,0x68,joint_2,q_actual,0.7400196028455959,
1790848533050406583,1790848533050699659,0x69,joint_3,q_actual,1.0471975511965976,
1790848533065422819,1790848533065713141,0x68,joint_2,q_actual,0.7400196028455959,
1790848533070397278,1790848533070682906,0x69,joint_3,q_actual,1.0471975511965976,
1790848533085237436,1790848533085465923,0x68,joint_2,q_actual,0.7382742735936013,
1790848533086336921,1790848533086567975,0x68,joint_2,q_leader,-0.5568350260024878,
1790848533086336921,1790848533086567975,0x69,joint_3,q_leader,-0.2761165418194154,
1790848533090412350,1790848533090705073,0x69,joint_3,q_actual,1.0454522219446034,
1790848533105413516,1790848533105704282,0x68,joint_2,q_actual,0.7382742735936013,
1790848533110257855,1790848533110486866,0x69,joint_3,q_actual,1.043706892692609,
1790848533125431344,1790848533125739301,0x68,joint_2,q_actual,0.7365289443416071,
1790848533130380044,1790848533130677272,0x69,joint_3,q_actual,1.043706892692609,
1790848533136268956,1790848533136500274,0x68,joint_2,q_leader,-0.5522330836388308,
1790848533136268956,1790848533136500274,0x69,joint_3,q_leader,-0.2761165418194154,
1790848533145418970,1790848533145706803,0x68,joint_2,q_actual,0.7365289443416071,
1790848533150417758,1790848533150708185,0x69,joint_3,q_actual,1.0419615634406147,
1790848533165303839,1790848533165609008,0x68,joint_2,q_actual,0.7347836150896129,
1790848533170223327,1790848533170475496,0x69,joint_3,q_actual,1.0419615634406147,
1790848533185286747,1790848533185541088,0x68,joint_2,q_actual,0.7347836150896129,
1790848533186327468,1790848533186547871,0x68,joint_2,q_leader,-0.5476311412751739,
1790848533186327468,1790848533186547871,0x69,joint_3,q_leader,-0.27304858024364415,
1790848533190214877,1790848533190460290,0x69,joint_3,q_actual,1.0402162341886205,
1790848533201026583,1790848533201270179,0x68,joint_2,q_des,0.5975025611124337,
1790848533201026583,1790848533201270179,0x69,joint_3,q_des,0.7362153304916393,
1790848533201026583,1790848533201294415,0x68,joint_2,q_filtered,0.5975025611124337,
1790848533201026583,1790848533201294415,0x69,joint_3,q_filtered,0.7362153304916393,
1790848533201026583,1790848533201452845,0x68,joint_2,q_cmd,0.7138791939435369,-0.04363323129985824
1790848533201026583,1790848533201452845,0x69,joint_3,q_cmd,1.019553310911425,-0.04363323129985824
1790848533205239690,1790848533205476681,0x68,joint_2,q_actual,0.7330382858376184,
1790848533210415716,1790848533210702514,0x69,joint_3,q_actual,1.0402162341886205,
1790848533225316959,1790848533225600208,0x68,joint_2,q_actual,0.7330382858376184,
1790848533230412792,1790848533230665371,0x69,joint_3,q_actual,1.0402162341886205,
1790848533236540762,1790848533236783978,0x68,joint_2,q_leader,-0.543029198911517,
1790848533236540762,1790848533236783978,0x69,joint_3,q_leader,-0.2699806186678728,
1790848533245401591,1790848533245689444,0x68,joint_2,q_actual,0.7312929565856242,
1790848533250408326,1790848533250705992,0x69,joint_3,q_actual,1.038470904936626,
1790848533265454851,1790848533265740331,0x68,joint_2,q_actual,0.7312929565856242,
1790848533270399645,1790848533270687104,0x69,joint_3,q_actual,1.038470904936626,
1790848533285239620,1790848533285478282,0x68,joint_2,q_actual,0.7295476273336297,
1790848533286186218,1790848533286429973,0x68,joint_2,q_leader,-0.5414952181236313,
1790848533286186218,1790848533286429973,0x69,joint_3,q_leader,-0.26691265709210155,
1790848533290196781,1790848533290428479,0x69,joint_3,q_actual,1.0367255756846316,
1790848533305282296,1790848533305565703,0x68,joint_2,q_actual,0.7295476273336297,
1790848533310220718,1790848533310451408,0x69,joint_3,q_actual,1.0367255756846316,
1790848533325214478,1790848533325441583,0x68,joint_2,q_actual,0.7278022980816354,
1790848533330415266,1790848533330672178,0x69,joint_3,q_actual,1.0349802464326374,
1790848533336536137,1790848533336784012,0x68,joint_2,q_leader,-0.5384272565478601,
1790848533336536137,1790848533336784012,0x69,joint_3,q_leader,-0.2653786763042159,
1790848533345404309,1790848533345702595,0x68,joint_2,q_actual,0.7278022980816354,
1790848533350414806,1790848533350706146,0x69,joint_3,q_actual,1.0349802464326374,
1790848533365427326,1790848533365719643,0x68,joint_2,q_actual,0.7260569688296412,
1790848533370228361,1790848533370464721,0x69,joint_3,q_actual,1.0332349171806432,
1790848533385074435,1790848533385164805,0x68,joint_2,q_actual,0.7260569688296412,
1790848533385467824,1790848533385578049,0x68,joint_2,q_leader,-0.5338253141842031,
1790848533385467824,1790848533385578049,0x69,joint_3,q_leader,-0.260776733940559,
1790848533390039187,1790848533390136341,0x69,joint_3,q_actual,1.0332349171806432,
1790848533400411038,1790848533400548102,0x68,joint_2,q_des,0.5836967340214629,
1790848533400411038,1790848533400548102,0x69,joint_3,q_des,0.7239434841885543,
1790848533400411038,1790848533400556729,0x68,joint_2,q_filtered,0.5836967340214629,
1790848533400411038,1790848533400556729,0x69,joint_3,q_filtered,0.7239434841885543,
1790848533400411038,1790848533400559621,0x68,joint_2,q_cmd,0.7051672415669024,-0.04363323129985824
1790848533400411038,1790848533400559621,0x69,joint_3,q_cmd,1.010840488182743,-0.04363323129985824
1790848533405147945,1790848533405315703,0x68,joint_2,q_actual,0.7243116395776468,
1790848533410152925,1790848533410323714,0x69,joint_3,q_actual,1.0314895879286488,
1790848533425169772,1790848533425402204,0x68,joint_2,q_actual,0.7243116395776468,
1790848533430022081,1790848533430129653,0x69,joint_3,q_actual,1.0314895879286488,
1790848533435104382,1790848533435221990,0x68,joint_2,q_leader,-0.5307573526084318,
1790848533435104382,1790848533435221990,0x69,joint_3,q_leader,-0.2561747915769021,
1790848533445086868,1790848533445222574,0x68,joint_2,q_actual,0.7243116395776468,
1790848533449874094,1790848533449975418,0x69,joint_3,q_actual,1.0297442586766545,
1790848533465020000,1790848533465135848,0x68,joint_2,q_actual,0.7225663103256525,
1790848533470034168,1790848533470159187,0x69,joint_3,q_actual,1.0297442586766545,
1790848533485128805,1790848533485287386,0x68,joint_2,q_actual,0.7208209810736581,
1790848533485503087,1790848533485658113,0x68,joint_2,q_leader,-0.5276893910326605,
1790848533485503087,1790848533485658113,0x69,joint_3,q_leader,-0.25310683000113077,
1790848533490198528,1790848533490377609,0x69,joint_3,q_actual,1.02799892942466,
1790848533505467212,1790848533505822263,0x68,joint_2,q_actual,0.7208209810736581,
1790848533510589067,1790848533510954532,0x69,joint_3,q_actual,1.02799892942466,
1790848533525582107,1790848533525948423,0x68,joint_2,q_actual,0.7190756518216638,
1790848533530603470,1790848533530926366,0x69,joint_3,q_actual,1.0262536001726656,
1790848533536907799,1790848533537201768,0x68,joint_2,q_leader,-0.521553467881118,
1790848533536907799,1790848533537201768,0x69,joint_3,q_leader,-0.24697090684958822,
1790848533550372219,1790848533550663545,0x68,joint_2,q_actual,0.7190756518216638,
1790848533554689205,1790848533554946381,0x69,joint_3,q_actual,1.0262536001726656,
1790848533567412164,1790848533567751071,0x68,joint_2,q_actual,0.7173303225696696,
1790848533571944007,1790848533572212174,0x69,joint_3,q_actual,1.0245082709206714,
1790848533586518816,1790848533586766983,0x68,joint_2,q_leader,-0.5138835639416898,
1790848533586518816,1790848533586766983,0x69,joint_3,q_leader,-0.24083498369804568,
1790848533586526893,1790848533586792303,0x68,joint_2,q_actual,0.7173303225696696,
1790848533590312016,1790848533590571251,0x69,joint_3,q_actual,1.0245082709206714,
1790848533600776533,1790848533600947698,0x68,joint_2,q_des,0.5637549837789496,
1790848533600776533,1790848533600947698,0x69,joint_3,q_des,0.7040017339460409,
1790848533600776533,1790848533601075252,0x68,joint_2,q_filtered,0.5637549837789496,
1790848533600776533,1790848533601075252,0x69,joint_3,q_filtered,0.7040017339460409,
1790848533600776533,1790848533601092413,0x68,joint_2,q_cmd,0.6964405953069307,-0.04361844224895943
1790848533600776533,1790848533601092413,0x69,joint_3,q_cmd,1.0021138419227715,-0.04360501318770115
1790848533606563474,1790848533606840563,0x68,joint_2,q_actual,0.7155849933176751,
1790848533611574368,1790848533611850347,0x69,joint_3,q_actual,1.0227629416686772,
1790848533626542187,1790848533626817926,0x68,joint_2,q_actual,0.7155849933176751,
1790848533630221093,1790848533630464354,0x69,joint_3,q_actual,1.0227629416686772,
1790848533636352034,1790848533636600578,0x68,joint_2,q_leader,-0.5092816215780329,
1790848533636352034,1790848533636600578,0x69,joint_3,q_leader,-0.23316507975861744,
1790848533645417063,1790848533645719718,0x68,joint_2,q_actual,0.7155849933176751,
1790848533650423596,1790848533650716386,0x69,joint_3,q_actual,1.0210176124166828,
1790848533665423202,1790848533665708751,0x68,joint_2,q_actual,0.7138396640656809,
1790848533670405529,1790848533670683607,0x69,joint_3,q_actual,1.0192722831646885,
1790848533685451363,1790848533685715100,0x68,joint_2,q_actual,0.7138396640656809,
1790848533686459982,1790848533686726868,0x68,joint_2,q_leader,-0.504679679214376,
1790848533686459982,1790848533686726868,0x69,joint_3,q_leader,-0.222427214243418,
1790848533690237233,1790848533690497951,0x69,joint_3,q_actual,1.0192722831646885,
1790848533705226003,1790848533705460780,0x68,joint_2,q_actual,0.7120943348136864,
1790848533710422195,1790848533710715365,0x69,joint_3,q_actual,1.017526953912694,
1790848533725405342,1790848533725698707,0x68,joint_2,q_actual,0.7120943348136864,
1790848533730422292,1790848533730699807,0x69,joint_3,q_actual,1.017526953912694,
1790848533736587978,1790848533736867736,0x68,joint_2,q_leader,-0.5016117176386047,
1790848533736587978,1790848533736867736,0x69,joint_3,q_leader,-0.21168934872821848,
1790848533745415296,1790848533745705796,0x68,joint_2,q_actual,0.7103490055616922,
1790848533750413453,1790848533750707380,0x69,joint_3,q_actual,1.0157816246606999,
1790848533765430430,1790848533765721305,0x68,joint_2,q_actual,0.7103490055616922,
1790848533770394652,1790848533770685220,0x69,joint_3,q_actual,1.0157816246606999,
1790848533785209455,1790848533785447860,0x68,joint_2,q_actual,0.7086036763096979,
1790848533786440604,1790848533786706388,0x68,joint_2,q_leader,-0.500077736850719,
1790848533786440604,1790848533786706388,0x69,joint_3,q_leader,-0.20095148321301898,
1790848533790211852,1790848533790453609,0x69,joint_3,q_actual,1.0140362954087054,
1790848533801003371,1790848533801294373,0x68,joint_2,q_des,0.5499491566879788,
1790848533801003371,1790848533801294373,0x69,joint_3,q_des,0.6641182334610142,
1790848533801003371,1790848533801311803,0x68,joint_2,q_filtered,0.5499491566879788,
1790848533801003371,1790848533801311803,0x69,joint_3,q_filtered,0.6641182334610142,
1790848533801003371,1790848533801353827,0x68,joint_2,q_cmd,0.687713949046959,-0.043616970457139845
1790848533801003371,1790848533801353827,0x69,joint_3,q_cmd,0.9933871956627998,-0.04360619807340572
1790848533805393240,1790848533805649638,0x68,joint_2,q_actual,0.7086036763096979,
1790848533810459023,1790848533810690817,0x69,joint_3,q_actual,1.0140362954087054,
1790848533825554987,1790848533825913699,0x68,joint_2,q_actual,0.7068583470577035,
1790848533830574296,1790848533830947557,0x69,joint_3,q_actual,1.0122909661567112,
1790848533837063424,1790848533837399098,0x68,joint_2,q_leader,-0.500077736850719,
1790848533837063424,1790848533837399098,0x69,joint_3,q_leader,-0.19174759848570516,
1790848533845423074,1790848533845711100,0x68,joint_2,q_actual,0.7068583470577035,
1790848533850590164,1790848533850952062,0x69,joint_3,q_actual,1.0122909661567112,
1790848533865485469,1790848533865826730,0x68,joint_2,q_actual,0.7051130178057092,
1790848533870579813,1790848533870947822,0x69,joint_3,q_actual,1.0105456369047168,
1790848533886728181,1790848533887023966,0x68,joint_2,q_leader,-0.4985437560628334,
1790848533886728181,1790848533887023966,0x69,joint_3,q_leader,-0.18407769454627693,
1790848533888497518,1790848533888792741,0x68,joint_2,q_actual,0.7051130178057092,
1790848533891215478,1790848533891554252,0x69,joint_3,q_actual,1.0105456369047168,
1790848533905434534,1790848533905748142,0x68,joint_2,q_actual,0.7033676885537148,
1790848533910405348,1790848533910679078,0x69,joint_3,q_actual,1.0088003076527223,
1790848533925595219,1790848533925957352,0x68,joint_2,q_actual,0.7033676885537148,
1790848533930601916,1790848533930956173,0x69,joint_3,q_actual,1.0088003076527223,
1790848533937345502,1790848533937669693,0x68,joint_2,q_leader,-0.4970097752749477,
1790848533937345502,1790848533937669693,0x69,joint_3,q_leader,-0.17794177139473438,
1790848533945605609,1790848533945995275,0x68,joint_2,q_actual,0.7016223593017206,
1790848533950594564,1790848533950955883,0x69,joint_3,q_actual,1.007054978400728,
1790848533965441549,1790848533965767823,0x68,joint_2,q_actual,0.7016223593017206,
1790848533970523701,1790848533970883965,0x69,joint_3,q_actual,1.007054978400728,
1790848533987187885,1790848533987527786,0x68,joint_2,q_leader,-0.4970097752749477,
1790848533987187885,1790848533987527786,0x69,joint_3,q_leader,-0.17333982903107747,
1790848533988647328,1790848533988937851,0x68,joint_2,q_actual,0.6998770300497263,
1790848533992901961,1790848533993168223,0x69,joint_3,q_actual,1.0053096491487339,
1790848534001424450,1790848534001675962,0x68,joint_2,q_des,0.5468811951122076,
1790848534001424450,1790848534001675962,0x69,joint_3,q_des,0.6365065792790727,
1790848534001424450,1790848534001781568,0x68,joint_2,q_filtered,0.5468811951122076,
1790848534001424450,1790848534001781568,0x69,joint_3,q_filtered,0.6365065792790727,
1790848534001424450,1790848534001898762,0x68,joint_2,q_cmd,0.6789873027869874,-0.04360639461650198
1790848534001424450,1790848534001898762,0x69,joint_3,q_cmd,0.9846605494028281,-0.0435918543477476
1790848534007066416,1790848534007343727,0x68,joint_2,q_actual,0.6998770300497263,
1790848534011883995,1790848534012087183,0x69,joint_3,q_actual,1.0053096491487339,
1790848534025416225,1790848534025536959,0x68,joint_2,q_actual,0.6981317007977318,
1790848534030391870,1790848534030486846,0x69,joint_3,q_actual,1.0035643198967394,
1790848534035513488,1790848534035616311,0x68,joint_2,q_leader,-0.4970097752749477,
1790848534035513488,1790848534035616311,0x69,joint_3,q_leader,-0.1687378866674205,
1790848534045651143,1790848534045798170,0x68,joint_2,q_actual,0.6981317007977318,
1790848534050548196,1790848534050688517,0x69,joint_3,q_actual,1.0035643198967394,
1790848534065927747,1790848534066073959,0x68,joint_2,q_actual,0.6963863715457376,
1790848534070019489,1790848534070186192,0x69,joint_3,q_actual,1.0018189906447452,
1790848534085193343,1790848534085394189,0x68,joint_2,q_actual,0.6963863715457376,
1790848534085747353,1790848534085903737,0x68,joint_2,q_leader,-0.49547579448706214,
1790848534085747353,1790848534085903737,0x69,joint_3,q_leader,-0.16566992509164924,
1790848534090202141,1790848534090414313,0x69,joint_3,q_actual,1.0018189906447452,
1790848534105435623,1790848534105802242,0x68,joint_2,q_actual,0.6946410422937431,
1790848534110414896,1790848534110694094,0x69,joint_3,q_actual,1.0000736613927508,
1790848534125456175,1790848534125803083,0x68,joint_2,q_actual,0.6946410422937431,
1790848534130680786,1790848534131036663,0x69,joint_3,q_actual,1.0000736613927508,
1790848534136757412,1790848534137053625,0x68,joint_2,q_leader,-0.4924078329112908,
1790848534136757412,1790848534137053625,0x69,joint_3,q_leader,-0.16106798272799233,
1790848534145581258,1790848534145937976,0x68,joint_2,q_actual,0.6928957130417489,
1790848534150593318,1790848534150954275,0x69,joint_3,q_actual,0.9983283321407566,
1790848534165586806,1790848534165945529,0x68,joint_2,q_actual,0.6928957130417489,
1790848534170602442,1790848534170969249,0x69,joint_3,q_actual,0.9983283321407566,
1790848534185597447,1790848534185956488,0x68,joint_2,q_actual,0.6911503837897547,
1790848534187034746,1790848534187333935,0x68,joint_2,q_leader,-0.48933987133551954,
1790848534187034746,1790848534187333935,0x69,joint_3,q_leader,-0.15800002115222106,
1790848534190406072,1790848534190682207,0x69,joint_3,q_actual,0.9965830028887622,
1790848534201426835,1790848534201698667,0x68,joint_2,q_des,0.5392112911727794,
1790848534201426835,1790848534201698667,0x69,joint_3,q_des,0.6211667714002163,
1790848534201426835,1790848534201777113,0x68,joint_2,q_filtered,0.5392112911727794,
1790848534201426835,1790848534201777113,0x69,joint_3,q_filtered,0.6211667714002163,
1790848534201426835,1790848534201952050,0x68,joint_2,q_cmd,0.6702648496369217,-0.04363323129985824
1790848534201426835,1790848534201952050,0x69,joint_3,q_cmd,0.9759351799821213,-0.04363323129985824
1790848534205424202,1790848534205672085,0x68,joint_2,q_actual,0.6911503837897547,
1790848534210585886,1790848534210949480,0x69,joint_3,q_actual,0.9965830028887622,
1790848534225451799,1790848534225784752,0x68,joint_2,q_actual,0.6894050545377601,
1790848534230400938,1790848534230676835,0x69,joint_3,q_actual,0.9948376736367679,
1790848534236823660,1790848534237171871,0x68,joint_2,q_leader,-0.48473792897186263,
1790848534236823660,1790848534237171871,0x69,joint_3,q_leader,-0.15800002115222106,
1790848534245414036,1790848534245704461,0x68,joint_2,q_actual,0.6894050545377601,
1790848534250584067,1790848534250956060,0x69,joint_3,q_actual,0.9948376736367679,
1790848534265583487,1790848534265948436,0x68,joint_2,q_actual,0.6876597252857659,
1790848534270631451,1790848534270994506,0x69,joint_3,q_actual,0.9930923443847735,
1790848534285570863,1790848534285934873,0x68,joint_2,q_actual,0.6876597252857659,
1790848534287237128,1790848534287563282,0x68,joint_2,q_leader,-0.48166996739609136,
1790848534287237128,1790848534287563282,0x69,joint_3,q_leader,-0.15800002115222106,
1790848534290352106,1790848534290632592,0x69,joint_3,q_actual,0.9913470151327791,
1790848534305470213,1790848534305810869,0x68,joint_2,q_actual,0.6859143960337715,
1790848534310437282,1790848534310725508,0x69,joint_3,q_actual,0.9913470151327791,
1790848534325578674,1790848534325938657,0x68,joint_2,q_actual,0.6841690667817772,
1790848534330604624,1790848534330963880,0x69,joint_3,q_actual,0.9896016858807849,
1790848534336916340,1790848534337210014,0x68,joint_2,q_leader,-0.4801359866082057,
1790848534336916340,1790848534337210014,0x69,joint_3,q_leader,-0.1564660403643354,
1790848534345573162,1790848534345935551,0x68,joint_2,q_actual,0.6841690667817772,
1790848534350610337,1790848534350981148,0x69,joint_3,q_actual,0.9896016858807849,
1790848534365582358,1790848534365945511,0x68,joint_2,q_actual,0.682423737529783,
1790848534370628524,1790848534370993144,0x69,joint_3,q_actual,0.9878563566287906,
1790848534385571558,1790848534385927794,0x68,joint_2,q_actual,0.682423737529783,
1790848534387045670,1790848534387332373,0x68,joint_2,q_leader,-0.4786020058203201,
1790848534387045670,1790848534387332373,0x69,joint_3,q_leader,-0.1564660403643354,
1790848534390421492,1790848534390693667,0x69,joint_3,q_actual,0.9878563566287906,
1790848534401426920,1790848534401744943,0x68,joint_2,q_des,0.5284734256575799,
1790848534401426920,1790848534401744943,0x69,joint_3,q_des,0.6196327906123307,
1790848534401426920,1790848534401773538,0x68,joint_2,q_filtered,0.5284734256575799,
1790848534401426920,1790848534401773538,0x69,joint_3,q_filtered,0.6196327906123307,
1790848534401426920,1790848534401949632,0x68,joint_2,q_cmd,0.6615424525555406,-0.04363323129985824
1790848534401426920,1790848534401949632,0x69,joint_3,q_cmd,0.9672098253094495,-0.04363323129985824
1790848534405419094,1790848534405698079,0x68,joint_2,q_actual,0.6806784082777885,
1790848534410403510,1790848534410684642,0x69,joint_3,q_actual,0.9861110273767962,
1790848534425596431,1790848534425951821,0x68,joint_2,q_actual,0.6806784082777885,
1790848534430419479,1790848534430689226,0x69,joint_3,q_actual,0.9861110273767962,
1790848534436759859,1790848534437123580,0x68,joint_2,q_leader,-0.47706802503243445,
1790848534436759859,1790848534437123580,0x69,joint_3,q_leader,-0.1564660403643354,
1790848534445454138,1790848534445751506,0x68,joint_2,q_actual,0.6806784082777885,
1790848534450408077,1790848534450692200,0x69,joint_3,q_actual,0.9843656981248018,
1790848534465583795,1790848534465937518,0x68,joint_2,q_actual,0.6789330790257943,
1790848534470628438,1790848534470980857,0x69,joint_3,q_actual,0.9843656981248018,
1790848534485588366,1790848534485927742,0x68,joint_2,q_actual,0.6771877497737998,
1790848534487012167,1790848534487310454,0x68,joint_2,q_leader,-0.4724660826687775,
1790848534487012167,1790848534487310454,0x69,joint_3,q_leader,-0.1564660403643354,
1790848534490419263,1790848534490712078,0x69,joint_3,q_actual,0.9826203688728075,
1790848534505590490,1790848534505941090,0x68,joint_2,q_actual,0.6771877497737998,
1790848534510603745,1790848534510961489,0x69,joint_3,q_actual,0.9826203688728075,
1790848534525430209,1790848534525723596,0x68,joint_2,q_actual,0.6754424205218056,
1790848534530588567,1790848534530959663,0x69,joint_3,q_actual,0.9808750396208132,
1790848534537207056,1790848534537545551,0x68,joint_2,q_leader,-0.46633015951723494,
1790848534537207056,1790848534537545551,0x69,joint_3,q_leader,-0.1564660403643354,
1790848534545566400,1790848534545932215,0x68,joint_2,q_actual,0.6754424205218056,
1790848534550601015,1790848534550972484,0x69,joint_3,q_actual,0.9808750396208132,
1790848534565452799,1790848534565770392,0x68,joint_2,q_actual,0.6736970912698114,
1790848534570610095,1790848534570981250,0x69,joint_3,q_actual,0.9791297103688189,
1790848534585589864,1790848534585926385,0x68,joint_2,q_actual,0.6736970912698114,
1790848534587047719,1790848534587349504,0x68,joint_2,q_leader,-0.46172821715357804,
1790848534587047719,1790848534587349504,0x69,joint_3,q_leader,-0.1564660403643354,
1790848534594840432,1790848534595109712,0x69,joint_3,q_actual,0.9791297103688189,
1790848534601134017,1790848534601453713,0x68,joint_2,q_des,0.5115996369908379,
1790848534601134017,1790848534601453713,0x69,joint_3,q_des,0.6196327906123307,
1790848534601134017,1790848534601477074,0x68,joint_2,q_filtered,0.5115996369908379,
1790848534601134017,1790848534601477074,0x69,joint_3,q_filtered,0.6196327906123307,
1790848534601134017,1790848534601706593,0x68,joint_2,q_cmd,0.652826952535418,-0.04363323129985824
1790848534601134017,1790848534601706593,0x69,joint_3,q_cmd,0.9584914931871522,-0.04363323129985824
1790848534606555864,1790848534606821996,0x68,joint_2,q_actual,0.6719517620178169,
1790848534611216464,1790848534611459660,0x69,joint_3,q_actual,0.9773843811168246,
1790848534626162597,1790848534626397978,0x68,joint_2,q_actual,0.6719517620178169,
1790848534630932260,1790848534631096997,0x69,joint_3,q_actual,0.9773843811168246,
1790848534635841080,1790848534636039067,0x68,joint_2,q_leader,-0.45712627478992107,
1790848534635841080,1790848534636039067,0x69,joint_3,q_leader,-0.1564660403643354,
1790848534645401711,1790848534645626625,0x68,joint_2,q_actual,0.6719517620178169,
1790848534650970708,1790848534651137879,0x69,joint_3,q_actual,0.9756390518648302,
1790848534666148318,1790848534666362414,0x68,joint_2,q_actual,0.6702064327658226,
1790848534671163715,1790848534671391448,0x69,joint_3,q_actual,0.9756390518648302,
1790848534685318090,1790848534685537499,0x68,joint_2,q_actual,0.6702064327658226,
1790848534686290403,1790848534686495159,0x68,joint_2,q_leader,-0.45252433242626416,
1790848534686290403,1790848534686495159,0x69,joint_3,q_leader,-0.1564660403643354,
1790848534690303662,1790848534690543458,0x69,joint_3,q_actual,0.9738937226128358,
1790848534705265371,1790848534705504716,0x68,joint_2,q_actual,0.6684611035138281,
1790848534710299960,1790848534710540547,0x69,joint_3,q_actual,0.9738937226128358,
1790848534725151390,1790848534725365745,0x68,joint_2,q_actual,0.6684611035138281,
1790848534730305426,1790848534730549635,0x69,joint_3,q_actual,0.9721483933608416,
1790848534736075837,1790848534736292655,0x68,joint_2,q_leader,-0.44792239006260726,
1790848534736075837,1790848534736292655,0x69,joint_3,q_leader,-0.1564660403643354,
1790848534745302229,1790848534745539265,0x68,joint_2,q_actual,0.6667157742618339,
1790848534750300993,1790848534750540497,0x69,joint_3,q_actual,0.9721483933608416,
1790848534765375429,1790848534765645666,0x68,joint_2,q_actual,0.6667157742618339,
1790848534770386419,1790848534770667161,0x69,joint_3,q_actual,0.9704030641088472,
1790848534785395288,1790848534785667484,0x68,joint_2,q_actual,0.6649704450098397,
1790848534786313393,1790848534786537251,0x68,joint_2,q_leader,-0.4433204476989503,
1790848534786313393,1790848534786537251,0x69,joint_3,q_leader,-0.1564660403643354,
1790848534790395355,1790848534790664922,0x69,joint_3,q_actual,0.9704030641088472,
1790848534800949182,1790848534801117003,0x68,joint_2,q_des,0.49319186753621014,
1790848534800949182,1790848534801117003,0x69,joint_3,q_des,0.6196327906123307,
1790848534800949182,1790848534801260426,0x68,joint_2,q_filtered,0.49319186753621014,
1790848534800949182,1790848534801260426,0x69,joint_3,q_filtered,0.6196327906123307,
1790848534800949182,1790848534801277813,0x68,joint_2,q_cmd,0.6441076012281279,-0.04363323129985824
1790848534800949182,1790848534801277813,0x69,joint_3,q_cmd,0.9497701471430828,-0.04363323129985824
1790848534805191734,1790848534805367130,0x68,joint_2,q_actual,0.6649704450098397,
1790848534810177456,1790848534810355944,0x69,joint_3,q_actual,0.9686577348568529,
1790848534825259065,1790848534825521114,0x68,joint_2,q_actual,0.6632251157578453,
1790848534830196542,1790848534830406832,0x69,joint_3,q_actual,0.9686577348568529,
1790848534836238928,1790848534836503831,0x68,joint_2,q_leader,-0.43718452454740775,
1790848534836238928,1790848534836503831,0x69,joint_3,q_leader,-0.15493205957644976,
1790848534845348494,1790848534845595620,0x68,joint_2,q_actual,0.6632251157578453,
1790848534850219212,1790848534850459488,0x69,joint_3,q_actual,0.9669124056048586,
1790848534865373060,1790848534865648571,0x68,joint_2,q_actual,0.661479786505851,
1790848534870230521,1790848534870461027,0x69,joint_3,q_actual,0.9669124056048586,
1790848534885367560,1790848534885642404,0x68,joint_2,q_actual,0.661479786505851,
1790848534886485021,1790848534886710675,0x68,joint_2,q_leader,-0.43258258218375084,
1790848534886485021,1790848534886710675,0x69,joint_3,q_leader,-0.15186409800067846,
1790848534890210990,1790848534890439836,0x69,joint_3,q_actual,0.9651670763528641,
1790848534905379636,1790848534905650475,0x68,joint_2,q_actual,0.6597344572538565,
1790848534910378044,1790848534910652292,0x69,joint_3,q_actual,0.9651670763528641,
1790848534925222510,1790848534925440512,0x68,joint_2,q_actual,0.6597344572538565,
1790848534930215498,1790848534930438090,0x69,joint_3,q_actual,0.9634217471008699,
1790848534936012704,1790848534936211238,0x68,joint_2,q_leader,-0.42337869745643697,
1790848534936012704,1790848534936211238,0x69,joint_3,q_leader,-0.14726215563702155,
1790848534945381407,1790848534945650780,0x68,joint_2,q_actual,0.6579891280018623,
1790848534950395920,1790848534950648118,0x69,joint_3,q_actual,0.9616764178488756,
1790848534965388211,1790848534965661837,0x68,joint_2,q_actual,0.6579891280018623,
1790848534970388722,1790848534970660405,0x69,joint_3,q_actual,0.9616764178488756,
1790848534985389010,1790848534985664126,0x68,joint_2,q_actual,0.656243798749868,
1790848534986268198,1790848534986495632,0x68,joint_2,q_leader,-0.4157087935170088,
1790848534986268198,1790848534986495632,0x69,joint_3,q_leader,-0.1380582709097077,
1790848534990396067,1790848534990666114,0x69,joint_3,q_actual,0.9616764178488756,
1790848535001026381,1790848535001203704,0x68,joint_2,q_des,0.46558021335426863,
1790848535001026381,1790848535001203704,0x69,joint_3,q_des,0.6012250211577029,
1790848535001026381,1790848535001286004,0x68,joint_2,q_filtered,0.46558021335426863,
1790848535001026381,1790848535001286004,0x69,joint_3,q_filtered,0.6012250211577029,
1790848535001026381,1790848535001410188,0x68,joint_2,q_cmd,0.6353828271392032,-0.04363323129985824
1790848535001026381,1790848535001410188,0x69,joint_3,q_cmd,0.9410435008831112,-0.04363211409942709
1790848535005224044,1790848535005458244,0x68,joint_2,q_actual,0.656243798749868,
1790848535010381655,1790848535010650562,0x69,joint_3,q_actual,0.9599310885968813,
1790848535025377326,1790848535025645869,0x68,joint_2,q_actual,0.6544984694978736,
1790848535030381497,1790848535030650508,0x69,joint_3,q_actual,0.9599310885968813,
1790848535036083278,1790848535036293927,0x68,joint_2,q_leader,-0.4095728703654662,
1790848535036083278,1790848535036293927,0x69,joint_3,q_leader,-0.12885438618239387,
1790848535045386663,1790848535045658085,0x68,joint_2,q_actual,0.6544984694978736,
1790848535050392569,1790848535050642950,0x69,joint_3,q_actual,0.9581857593448869,
1790848535065069030,1790848535065201678,0x68,joint_2,q_actual,0.6527531402458794,
1790848535070035833,1790848535070133664,0x69,joint_3,q_actual,0.9581857593448869,
1790848535085152569,1790848535085331522,0x68,joint_2,q_actual,0.6527531402458794,
1790848535085626395,1790848535085759757,0x68,joint_2,q_leader,-0.39883500485026674,
1790848535085626395,1790848535085759757,0x69,joint_3,q_leader,-0.11658253987930874,
1790848535090158689,1790848535090333587,0x69,joint_3,q_actual,0.9564404300928926,
1790848535105211816,1790848535105428750,0x68,joint_2,q_actual,0.6510078109938848,
1790848535110220903,1790848535110469424,0x69,joint_3,q_actual,0.9564404300928926,
1790848535125560596,1790848535125912337,0x68,joint_2,q_actual,0.6492624817418906,
1790848535130462797,1790848535130759333,0x69,joint_3,q_actual,0.9546951008408983,
1790848535137055782,1790848535137375514,0x68,joint_2,q_leader,-0.3865631585471816,
1790848535137055782,1790848535137375514,0x69,joint_3,q_leader,-0.10584467436410924,
1790848535145569089,1790848535145919399,0x68,joint_2,q_actual,0.6492624817418906,
1790848535150599773,1790848535150956417,0x69,joint_3,q_actual,0.9546951008408983,
1790848535165581396,1790848535165926776,0x68,joint_2,q_actual,0.6475171524898964,
1790848535170593603,1790848535170946253,0x69,joint_3,q_actual,0.9529497715889039,
1790848535185567710,1790848535185937577,0x68,joint_2,q_actual,0.6475171524898964,
1790848535187039992,1790848535187352340,0x68,joint_2,q_leader,-0.3773592738198677,
1790848535187039992,1790848535187352340,0x69,joint_3,q_leader,-0.0966407896367954,
1790848535190411535,1790848535190686079,0x69,joint_3,q_actual,0.9529497715889039,
1790848535201437663,1790848535201742642,0x68,joint_2,q_des,0.42723069365712757,
1790848535201437663,1790848535201742642,0x69,joint_3,q_des,0.5598075398847906,
1790848535201437663,1790848535201767232,0x68,joint_2,q_filtered,0.42723069365712757,
1790848535201437663,1790848535201767232,0x69,joint_3,q_filtered,0.5598075398847906,
1790848535201437663,1790848535201963883,0x68,joint_2,q_cmd,0.6266561808792316,-0.043604197227149755
1790848535201437663,1790848535201963883,0x69,joint_3,q_cmd,0.9323168546231395,-0.043588936222755524
1790848535205418720,1790848535205694792,0x68,joint_2,q_actual,0.6457718232379019,
1790848535210620432,1790848535210984282,0x69,joint_3,q_actual,0.9512044423369096,
1790848535225601030,1790848535225959241,0x68,joint_2,q_actual,0.6457718232379019,
1790848535230614139,1790848535230969000,0x69,joint_3,q_actual,0.9512044423369096,
1790848535237006796,1790848535237337223,0x68,joint_2,q_leader,-0.36968936988043954,
1790848535237006796,1790848535237337223,0x69,joint_3,q_leader,-0.09050486648525283,
1790848535245428054,1790848535245714856,0x68,joint_2,q_actual,0.6440264939859077,
1790848535250590748,1790848535250960120,0x69,joint_3,q_actual,0.9494591130849153,
1790848535265486887,1790848535265849267,0x68,joint_2,q_actual,0.6440264939859077,
1790848535270638023,1790848535270980459,0x69,joint_3,q_actual,0.9494591130849153,
1790848535285456998,1790848535285812933,0x68,joint_2,q_actual,0.6422811647339133,
1790848535286902302,1790848535287198544,0x68,joint_2,q_leader,-0.35895150436524004,
1790848535286902302,1790848535287198544,0x69,joint_3,q_leader,-0.08283496254582462,
1790848535290420928,1790848535290704338,0x69,joint_3,q_actual,0.9477137838329209,
1790848535305598519,1790848535305965149,0x68,joint_2,q_actual,0.6422811647339133,
1790848535310655277,1790848535311028121,0x69,joint_3,q_actual,0.9477137838329209,
1790848535325583901,1790848535325952484,0x68,joint_2,q_actual,0.640535835481919,
1790848535330436902,1790848535330713709,0x69,joint_3,q_actual,0.9459684545809267,
1790848535336673049,1790848535336954511,0x68,joint_2,q_leader,-0.3528155812136975,
1790848535336673049,1790848535336954511,0x69,joint_3,q_leader,-0.07976700097005335,
1790848535345433376,1790848535345751771,0x68,joint_2,q_actual,0.640535835481919,
1790848535350602891,1790848535350979055,0x69,joint_3,q_actual,0.9459684545809267,
1790848535365483369,1790848535365845717,0x68,joint_2,q_actual,0.6387905062299247,
1790848535370613520,1790848535370980016,0x69,joint_3,q_actual,0.9442231253289323,
1790848535385596139,1790848535385969973,0x68,joint_2,q_actual,0.6387905062299247,
1790848535387129930,1790848535387434055,0x68,joint_2,q_leader,-0.3482136388500406,
1790848535387129930,1790848535387434055,0x69,joint_3,q_leader,-0.07516505860639641,
1790848535390454376,1790848535390737169,0x69,joint_3,q_actual,0.9442231253289323,
1790848535401468851,1790848535401772975,0x68,joint_2,q_des,0.3980850586873004,
1790848535401468851,1790848535401772975,0x69,joint_3,q_des,0.5383318088543917,
1790848535401468851,1790848535401806323,0x68,joint_2,q_filtered,0.3980850586873004,
1790848535401468851,1790848535401806323,0x69,joint_3,q_filtered,0.5383318088543917,
1790848535401468851,1790848535402031084,0x68,joint_2,q_cmd,0.6179329326443807,-0.04363323129985824
1790848535401468851,1790848535402031084,0x69,joint_3,q_cmd,0.9235906188646003,-0.04363323129985824
1790848535405462923,1790848535405750861,0x68,joint_2,q_actual,0.6370451769779303,
1790848535410425378,1790848535410710591,0x69,joint_3,q_actual,0.9424777960769379,
1790848535425604082,1790848535425975710,0x68,joint_2,q_actual,0.6370451769779303,
1790848535430453756,1790848535430755568,0x69,joint_3,q_actual,0.9424777960769379,
1790848535436874005,1790848535437175303,0x68,joint_2,q_leader,-0.342077715698498,
1790848535436874005,1790848535437175303,0x69,joint_3,q_leader,-0.0674951546669682,
1790848535445458679,1790848535445775500,0x68,joint_2,q_actual,0.6352998477259361,
1790848535450430245,1790848535450709156,0x69,joint_3,q_actual,0.9407324668249436,
1790848535465712613,1790848535466107036,0x68,joint_2,q_actual,0.6352998477259361,
1790848535470694715,1790848535471039040,0x69,joint_3,q_actual,0.9407324668249436,
1790848535485303181,1790848535485590094,0x68,joint_2,q_actual,0.6335545184739416,
1790848535486277023,1790848535486484431,0x68,joint_2,q_leader,-0.3374757733348411,
1790848535486277023,1790848535486484431,0x69,joint_3,q_leader,-0.06135923151542565,
1790848535490286262,1790848535490522700,0x69,joint_3,q_actual,0.9389871375729493,
1790848535505142420,1790848535505345569,0x68,joint_2,q_actual,0.6335545184739416,
1790848535510128818,1790848535510298074,0x69,joint_3,q_actual,0.9389871375729493,
1790848535525341745,1790848535525609098,0x68,joint_2,q_actual,0.6318091892219474,
1790848535530488695,1790848535530798211,0x69,joint_3,q_actual,0.937241808320955,
1790848535537154595,1790848535537452727,0x68,joint_2,q_leader,-0.33287383097118417,
1790848535537154595,1790848535537452727,0x69,joint_3,q_leader,-0.0521553467881118,
1790848535545443891,1790848535545734666,0x68,joint_2,q_actual,0.6318091892219474,
1790848535550716577,1790848535551083178,0x69,joint_3,q_actual,0.937241808320955,
1790848535568881597,1790848535569209000,0x68,joint_2,q_actual,0.6300638599699531,
1790848535571738022,1790848535571978021,0x69,joint_3,q_actual,0.9354964790689606,
1790848535585562376,1790848535585919526,0x68,joint_2,q_actual,0.6300638599699531,
1790848535587288818,1790848535587583772,0x68,joint_2,q_leader,-0.3282718886075272,
1790848535587288818,1790848535587583772,0x69,joint_3,q_leader,-0.04601942363656923,
1790848535590348912,1790848535590620494,0x69,joint_3,q_actual,0.9354964790689606,
1790848535601414654,1790848535601721874,0x68,joint_2,q_des,0.37814330844478705,
1790848535601414654,1790848535601721874,0x69,joint_3,q_des,0.5091861738845644,
1790848535601414654,1790848535601746512,0x68,joint_2,q_filtered,0.37814330844478705,
1790848535601414654,1790848535601746512,0x69,joint_3,q_filtered,0.5091861738845644,
1790848535601414654,1790848535601956058,0x68,joint_2,q_cmd,0.6092118727906449,-0.04363323129985824
1790848535601414654,1790848535601956058,0x69,joint_3,q_cmd,0.9148665868896828,-0.04363323129985824
1790848535605419249,1790848535605702824,0x68,joint_2,q_actual,0.6283185307179586,
1790848535610582279,1790848535610937429,0x69,joint_3,q_actual,0.9337511498169663,
1790848535625592333,1790848535625945382,0x68,joint_2,q_actual,0.6283185307179586,
1790848535630616506,1790848535630979648,0x69,joint_3,q_actual,0.9337511498169663,
1790848535637010497,1790848535637319283,0x68,joint_2,q_leader,-0.32213596545598466,
1790848535637010497,1790848535637319283,0x69,joint_3,q_leader,-0.039883500485026674,
1790848535645406782,1790848535645683290,0x68,joint_2,q_actual,0.6283185307179586,
1790848535650571452,1790848535650924146,0x69,joint_3,q_actual,0.9320058205649719,
1790848535665645191,1790848535666025012,0x68,joint_2,q_actual,0.6265732014659644,
1790848535670446507,1790848535670718613,0x69,joint_3,q_actual,0.9320058205649719,
1790848535685436344,1790848535685765273,0x68,joint_2,q_actual,0.6265732014659644,
1790848535686580908,1790848535686858378,0x68,joint_2,q_leader,-0.31753402309232776,
1790848535686580908,1790848535686858378,0x69,joint_3,q_leader,-0.035281558121369745,
1790848535690429836,1790848535690706839,0x69,joint_3,q_actual,0.9302604913129776,
1790848535705584879,1790848535705949370,0x68,joint_2,q_actual,0.62482787221397,
1790848535710606073,1790848535710963584,0x69,joint_3,q_actual,0.9302604913129776,
1790848535725587245,1790848535725952123,0x68,joint_2,q_actual,0.62482787221397,
1790848535730625152,1790848535730993787,0x69,joint_3,q_actual,0.9285151620609834,
1790848535737002610,1790848535737311658,0x68,joint_2,q_leader,-0.31293208072867085,
1790848535737002610,1790848535737311658,0x69,joint_3,q_leader,-0.030679615757712823,
1790848535745588610,1790848535745942013,0x68,joint_2,q_actual,0.6230825429619757,
1790848535750483085,1790848535750747723,0x69,joint_3,q_actual,0.9285151620609834,
1790848535765602141,1790848535765953740,0x68,joint_2,q_actual,0.6230825429619757,
1790848535770604787,1790848535770964758,0x69,joint_3,q_actual,0.9267698328089891,
1790848535785564204,1790848535785912734,0x68,joint_2,q_actual,0.6213372137099815,
1790848535787491479,1790848535787819212,0x68,joint_2,q_leader,-0.3083301383650139,
1790848535787491479,1790848535787819212,0x69,joint_3,q_leader,-0.0260776733940559,
1790848535790337324,1790848535790612495,0x69,joint_3,q_actual,0.9267698328089891,
1790848535801500191,1790848535801793949,0x68,joint_2,q_des,0.35820155820227373,
1790848535801500191,1790848535801793949,0x69,joint_3,q_des,0.4892444236420511,
1790848535801500191,1790848535801818751,0x68,joint_2,q_filtered,0.35820155820227373,
1790848535801500191,1790848535801818751,0x69,joint_3,q_filtered,0.4892444236420511,
1790848535801500191,1790848535802035773,0x68,joint_2,q_cmd,0.6004873519926279,-0.04363323129985824
1790848535801500191,1790848535802035773,0x69,joint_3,q_cmd,0.9061399406297111,-0.04362742448960538
1790848535805429454,1790848535805707711,0x68,joint_2,q_actual,0.6213372137099815,
1790848535810586354,1790848535810942169,0x69,joint_3,q_actual,0.9250245035569946,
1790848535825587811,1790848535825909484,0x68,joint_2,q_actual,0.619591884457987,
1790848535830408909,1790848535830649628,0x69,joint_3,q_actual,0.9250245035569946,
1790848535836696289,1790848535836977208,0x68,joint_2,q_leader,-0.303728196001357,
1790848535836696289,1790848535836977208,0x69,joint_3,q_leader,-0.023009711818284616,
1790848535845398063,1790848535845649827,0x68,joint_2,q_actual,0.619591884457987,
1790848535850423922,1790848535850678107,0x69,joint_3,q_actual,0.9250245035569946,
1790848535865595964,1790848535865962332,0x68,joint_2,q_actual,0.6178465552059927,
1790848535870460635,1790848535870740874,0x69,joint_3,q_actual,0.9232791743050003,
1790848535885440793,1790848535885763133,0x68,joint_2,q_actual,0.6161012259539983,
1790848535886600614,1790848535886876801,0x68,joint_2,q_leader,-0.3006602344255857,
1790848535886600614,1790848535886876801,0x69,joint_3,q_leader,-0.019941750242513337,
1790848535890428639,1790848535890708765,0x69,joint_3,q_actual,0.9232791743050003,
1790848535905476660,1790848535905828278,0x68,joint_2,q_actual,0.6161012259539983,
1790848535910593665,1790848535910951368,0x69,joint_3,q_actual,0.921533845053006,
1790848535925587075,1790848535925938614,0x68,joint_2,q_actual,0.6143558967020041,
1790848535930375311,1790848535930662808,0x69,joint_3,q_actual,0.921533845053006,
1790848535936691457,1790848535936981430,0x68,joint_2,q_leader,-0.29605829206192874,
1790848535936691457,1790848535936981430,0x69,joint_3,q_leader,-0.019941750242513337,
1790848535945581940,1790848535945937948,0x68,joint_2,q_actual,0.6143558967020041,
1790848535950595595,1790848535950953240,0x69,joint_3,q_actual,0.9197885158010117,
1790848535965438032,1790848535965741224,0x68,joint_2,q_actual,0.6126105674500099,
1790848535970412559,1790848535970690832,0x69,joint_3,q_actual,0.9197885158010117,
1790848535985651147,1790848535986027732,0x68,joint_2,q_actual,0.6126105674500099,
1790848535987331382,1790848535987612920,0x68,joint_2,q_leader,-0.29299033048615747,
1790848535987331382,1790848535987612920,0x69,joint_3,q_leader,-0.019941750242513337,
1790848535990344437,1790848535990616439,0x69,joint_3,q_actual,0.9180431865490174,
1790848536001410992,1790848536001703179,0x68,joint_2,q_des,0.3428617503234173,
1790848536001410992,1790848536001703179,0x69,joint_3,q_des,0.4831085004905086,
1790848536001410992,1790848536001766691,0x68,joint_2,q_filtered,0.3428617503234173,
1790848536001410992,1790848536001766691,0x69,joint_3,q_filtered,0.4831085004905086,
1790848536001410992,1790848536001987227,0x68,joint_2,q_cmd,0.5917677552047951,-0.04363323129985824
1790848536001410992,1790848536001987227,0x69,joint_3,q_cmd,0.8974174053618994,-0.04363323129985824
1790848536005418801,1790848536005696631,0x68,joint_2,q_actual,0.6108652381980153,
1790848536010592622,1790848536010959146,0x69,joint_3,q_actual,0.9180431865490174,
1790848536025583681,1790848536025950406,0x68,joint_2,q_actual,0.6108652381980153,
1790848536030420876,1790848536030663180,0x69,joint_3,q_actual,0.9162978572970231,
1790848536036772956,1790848536037074865,0x68,joint_2,q_leader,-0.28838838812250056,
1790848536036772956,1790848536037074865,0x69,joint_3,q_leader,-0.018407769454627694,
1790848536045399719,1790848536045684281,0x68,joint_2,q_actual,0.6091199089460211,
1790848536050588646,1790848536050968488,0x69,joint_3,q_actual,0.9162978572970231,
1790848536065593270,1790848536065965418,0x68,joint_2,q_actual,0.6091199089460211,
1790848536070446392,1790848536070730528,0x69,joint_3,q_actual,0.9145525280450286,
1790848536085502529,1790848536085841959,0x68,joint_2,q_actual,0.6073745796940266,
1790848536086875023,1790848536087141783,0x68,joint_2,q_leader,-0.2853204265467293,
1790848536086875023,1790848536087141783,0x69,joint_3,q_leader,-0.018407769454627694,
1790848536090431435,1790848536090710048,0x69,joint_3,q_actual,0.9145525280450286,
1790848536105460067,1790848536105807696,0x68,joint_2,q_actual,0.6073745796940266,
1790848536110586533,1790848536110938078,0x69,joint_3,q_actual,0.9128071987930343,
1790848536125586028,1790848536125939402,0x68,joint_2,q_actual,0.6056292504420324,
1790848536130593515,1790848536130951143,0x69,joint_3,q_actual,0.9128071987930343,
1790848536137194748,1790848536137511386,0x68,joint_2,q_leader,-0.2807184841830724,
1790848536137194748,1790848536137511386,0x69,joint_3,q_leader,-0.018407769454627694,
1790848536145579282,1790848536145945916,0x68,joint_2,q_actual,0.6056292504420324,
1790848536150586874,1790848536150959329,0x69,joint_3,q_actual,0.9110618695410401,
1790848536165419231,1790848536165724725,0x68,joint_2,q_actual,0.6038839211900382,
1790848536170449183,1790848536170733251,0x69,joint_3,q_actual,0.9110618695410401,
1790848536185571123,1790848536185924888,0x68,joint_2,q_actual,0.6038839211900382,
1790848536187339006,1790848536187642184,0x68,joint_2,q_leader,-0.27304858024364415,
1790848536187339006,1790848536187642184,0x69,joint_3,q_leader,-0.018407769454627694,
1790848536190325753,1790848536190610195,0x69,joint_3,q_actual,0.9093165402890457,
1790848536201422350,1790848536201740564,0x68,joint_2,q_des,0.322920000080904,
1790848536201422350,1790848536201740564,0x69,joint_3,q_des,0.48157451970262294,
1790848536201422350,1790848536201765039,0x68,joint_2,q_filtered,0.322920000080904,
1790848536201422350,1790848536201765039,0x69,joint_3,q_filtered,0.48157451970262294,
1790848536201422350,1790848536201952447,0x68,joint_2,q_cmd,0.5830450464076123,-0.04363323129985824
1790848536201422350,1790848536201952447,0x69,joint_3,q_cmd,0.8886917653715096,-0.04363323129985824
1790848536205418647,1790848536205701857,0x68,joint_2,q_actual,0.6021385919380436,
1790848536210586821,1790848536210956102,0x69,joint_3,q_actual,0.9093165402890457,
1790848536225587445,1790848536225956079,0x68,joint_2,q_actual,0.6021385919380436,
1790848536230603301,1790848536230979767,0x69,joint_3,q_actual,0.9075712110370514,
1790848536237309073,1790848536237676454,0x68,joint_2,q_leader,-0.2669126570921016,
1790848536237309073,1790848536237676454,0x69,joint_3,q_leader,-0.018407769454627694,
1790848536245573809,1790848536245919993,0x68,joint_2,q_actual,0.6003932626860494,
1790848536250593827,1790848536250971223,0x69,joint_3,q_actual,0.9075712110370514,
1790848536265597110,1790848536265966053,0x68,joint_2,q_actual,0.6003932626860494,
1790848536270896425,1790848536271332937,0x69,joint_3,q_actual,0.9075712110370514,
1790848536285272814,1790848536285527924,0x68,joint_2,q_actual,0.598647933434055,
1790848536286664523,1790848536286898167,0x68,joint_2,q_leader,-0.260776733940559,
1790848536286664523,1790848536286898167,0x69,joint_3,q_leader,-0.018407769454627694,
1790848536290134146,1790848536290297423,0x69,joint_3,q_actual,0.905825881785057,
1790848536305294606,1790848536305520770,0x68,joint_2,q_actual,0.598647933434055,
1790848536310289761,1790848536310507360,0x69,joint_3,q_actual,0.905825881785057,
1790848536325294873,1790848536325517293,0x68,joint_2,q_actual,0.5969026041820608,
1790848536330315821,1790848536330536856,0x69,joint_3,q_actual,0.9040805525330626,
1790848536336287470,1790848536336475464,0x68,joint_2,q_leader,-0.25464081078901646,
1790848536336287470,1790848536336475464,0x69,joint_3,q_leader,-0.018407769454627694,
1790848536345291496,1790848536345513571,0x68,joint_2,q_actual,0.5969026041820608,
1790848536350306206,1790848536350526800,0x69,joint_3,q_actual,0.9040805525330626,
1790848536365297159,1790848536365517160,0x68,joint_2,q_actual,0.5951572749300665,
1790848536370267290,1790848536370487470,0x69,joint_3,q_actual,0.9023352232810684,
1790848536385403581,1790848536385673737,0x68,joint_2,q_actual,0.5951572749300665,
1790848536386605861,1790848536386903972,0x68,joint_2,q_leader,-0.25003886842535955,
1790848536386605861,1790848536386903972,0x69,joint_3,q_leader,-0.018407769454627694,
1790848536390410899,1790848536390672154,0x69,joint_3,q_actual,0.9023352232810684,
1790848536401410241,1790848536401700204,0x68,joint_2,q_des,0.29991028826261934,
1790848536401410241,1790848536401700204,0x69,joint_3,q_des,0.48157451970262294,
1790848536401410241,1790848536401733895,0x68,joint_2,q_filtered,0.29991028826261934,
1790848536401410241,1790848536401733895,0x69,joint_3,q_filtered,0.48157451970262294,
1790848536401410241,1790848536401922194,0x68,joint_2,q_cmd,0.5743231608386092,-0.04363323129985824
1790848536401410241,1790848536401922194,0x69,joint_3,q_cmd,0.8799669695096145,-0.04363323129985824
1790848536405422247,1790848536405677991,0x68,joint_2,q_actual,0.5934119456780721,
1790848536410567096,1790848536410915016,0x69,joint_3,q_actual,0.9005898940290741,
1790848536425449128,1790848536425792301,0x68,joint_2,q_actual,0.5934119456780721,
1790848536430596106,1790848536430956414,0x69,joint_3,q_actual,0.9005898940290741,
1790848536436853218,1790848536437159032,0x68,joint_2,q_leader,-0.24543692606170256,
1790848536436853218,1790848536437159032,0x69,joint_3,q_leader,-0.018407769454627694,
1790848536445405497,1790848536445682749,0x68,joint_2,q_actual,0.5916666164260778,
1790848536450595269,1790848536450938108,0x69,joint_3,q_actual,0.8988445647770797,
1790848536465582372,1790848536465937889,0x68,joint_2,q_actual,0.5916666164260778,
1790848536470603737,1790848536470956116,0x69,joint_3,q_actual,0.8988445647770797,
1790848536485091119,1790848536485206773,0x68,joint_2,q_actual,0.5899212871740833,
1790848536485539095,1790848536485659935,0x68,joint_2,q_leader,-0.2423689644859313,
1790848536485539095,1790848536485659935,0x69,joint_3,q_leader,-0.018407769454627694,
1790848536490161861,1790848536490337854,0x69,joint_3,q_actual,0.8970992355250854,
1790848536505165697,1790848536505323875,0x68,joint_2,q_actual,0.5899212871740833,
1790848536510149955,1790848536510305668,0x69,joint_3,q_actual,0.895353906273091,
1790848536525171672,1790848536525354192,0x68,joint_2,q_actual,0.5881759579220891,
1790848536530200138,1790848536530413642,0x69,joint_3,q_actual,0.895353906273091,
1790848536535688243,1790848536535847693,0x68,joint_2,q_leader,-0.23930100291016002,
1790848536535688243,1790848536535847693,0x69,joint_3,q_leader,-0.018407769454627694,
1790848536545334269,1790848536545581937,0x68,joint_2,q_actual,0.5881759579220891,
1790848536550400130,1790848536550687742,0x69,joint_3,q_actual,0.8936085770210968,
1790848536565590429,1790848536565963158,0x68,joint_2,q_actual,0.5864306286700949,
1790848536570609885,1790848536570966294,0x69,joint_3,q_actual,0.8936085770210968,
1790848536585433609,1790848536585718225,0x68,joint_2,q_actual,0.5864306286700949,
1790848536586630099,1790848536586929052,0x68,joint_2,q_leader,-0.23623304133438874,
1790848536586630099,1790848536586929052,0x69,joint_3,q_leader,-0.018407769454627694,
1790848536590406624,1790848536590686079,0x69,joint_3,q_actual,0.8918632477691024,
1790848536601424021,1790848536601720491,0x68,joint_2,q_des,0.2861044611716486,
1790848536601424021,1790848536601720491,0x69,joint_3,q_des,0.48157451970262294,
1790848536601424021,1790848536601745273,0x68,joint_2,q_filtered,0.2861044611716486,
1790848536601424021,1790848536601745273,0x69,joint_3,q_filtered,0.48157451970262294,
1790848536601424021,1790848536601935395,0x68,joint_2,q_cmd,0.5656001132729901,-0.04363323129985824
1790848536601424021,1790848536601935395,0x69,joint_3,q_cmd,0.8712409298824592,-0.04363323129985824
1790848536605419719,1790848536605704383,0x68,joint_2,q_actual,0.5846852994181004,
1790848536610595180,1790848536610948036,0x69,joint_3,q_actual,0.8918632477691024,
1790848536625585302,1790848536625937913,0x68,joint_2,q_actual,0.5846852994181004,
1790848536630603371,1790848536630963020,0x69,joint_3,q_actual,0.8901179185171081,
1790848536636767439,1790848536637074042,0x68,joint_2,q_leader,-0.2316310989707318,
1790848536636767439,1790848536637074042,0x69,joint_3,q_leader,-0.018407769454627694,
1790848536645406382,1790848536645684476,0x68,joint_2,q_actual,0.5846852994181004,
1790848536650549840,1790848536650909644,0x69,joint_3,q_actual,0.8901179185171081,
1790848536665609174,1790848536665970066,0x68,joint_2,q_actual,0.5829399701661062,
1790848536670595681,1790848536670955173,0x69,joint_3,q_actual,0.8883725892651138,
1790848536685706401,1790848536686104963,0x68,joint_2,q_actual,0.5829399701661062,
1790848536686831002,1790848536687132970,0x68,joint_2,q_leader,-0.22856313739496054,
1790848536686831002,1790848536687132970,0x69,joint_3,q_leader,-0.018407769454627694,
1790848536691275813,1790848536691633701,0x69,joint_3,q_actual,0.8883725892651138,
1790848536705303452,1790848536705551168,0x68,joint_2,q_actual,0.5811946409141117,
1790848536710392926,1790848536710681369,0x69,joint_3,q_actual,0.8866272600131193,
1790848536725405878,1790848536725695944,0x68,joint_2,q_actual,0.5811946409141117,
1790848536730262456,1790848536730483191,0x69,joint_3,q_actual,0.8866272600131193,
1790848536736321546,1790848536736565015,0x68,joint_2,q_leader,-0.22702915660707487,
1790848536736321546,1790848536736565015,0x69,joint_3,q_leader,-0.018407769454627694,
1790848536745433010,1790848536745720050,0x68,joint_2,q_actual,0.5794493116621174,
1790848536750343573,1790848536750636064,0x69,joint_3,q_actual,0.8848819307611251,
1790848536765415049,1790848536765699450,0x68,joint_2,q_actual,0.5794493116621174,
1790848536770353848,1790848536770635260,0x69,joint_3,q_actual,0.8848819307611251,
1790848536785290848,1790848536785542105,0x68,joint_2,q_actual,0.5777039824101232,
1790848536786426202,1790848536786712264,0x68,joint_2,q_leader,-0.22549517581918924,
1790848536786426202,1790848536786712264,0x69,joint_3,q_leader,-0.018407769454627694,
1790848536790223004,1790848536790483145,0x69,joint_3,q_actual,0.8831366015091308,
1790848536800767288,1790848536800980883,0x68,joint_2,q_des,0.2753665956564491,
1790848536800767288,1790848536800980883,0x69,joint_3,q_des,0.48157451970262294,
1790848536800767288,1790848536800998188,0x68,joint_2,q_filtered,0.2753665956564491,
1790848536800767288,1790848536800998188,0x69,joint_3,q_filtered,0.48157451970262294,
1790848536800767288,1790848536801146486,0x68,joint_2,q_cmd,0.5568932334776885,-0.04363323129985824
1790848536800767288,1790848536801146486,0x69,joint_3,q_cmd,0.8625309255114508,-0.04363323129985824
1790848536805222330,1790848536805468522,0x68,joint_2,q_actual,0.5777039824101232,
1790848536810415366,1790848536810709175,0x69,joint_3,q_actual,0.8831366015091308,
1790848536825412470,1790848536825708065,0x68,joint_2,q_actual,0.5759586531581288,
1790848536830419231,1790848536830716980,0x69,joint_3,q_actual,0.8813912722571364,
1790848536836327397,1790848536836635444,0x68,joint_2,q_leader,-0.22242721424341796,
1790848536836327397,1790848536836635444,0x69,joint_3,q_leader,-0.018407769454627694,
1790848536845416537,1790848536845700658,0x68,joint_2,q_actual,0.5759586531581288,
1790848536850402428,1790848536850693432,0x69,joint_3,q_actual,0.8813912722571364,
1790848536865210424,1790848536865433071,0x68,joint_2,q_actual,0.5742133239061346,
1790848536870195653,1790848536870382209,0x69,joint_3,q_actual,0.8796459430051421,
1790848536885418552,1790848536885683523,0x68,joint_2,q_actual,0.5742133239061346,
1790848536886356125,1790848536886603142,0x68,joint_2,q_leader,-0.22089323345553233,
1790848536886356125,1790848536886603142,0x69,joint_3,q_leader,-0.018407769454627694,
1790848536890398558,1790848536890661828,0x69,joint_3,q_actual,0.8796459430051421,
1790848536905275708,1790848536905525257,0x68,joint_2,q_actual,0.57246799465414,
1790848536910408460,1790848536910699354,0x69,joint_3,q_actual,0.8779006137531478,
1790848536925403974,1790848536925696242,0x68,joint_2,q_actual,0.57246799465414,
1790848536930395188,1790848536930683704,0x69,joint_3,q_actual,0.8779006137531478,
1790848536936125229,1790848536936356133,0x68,joint_2,q_leader,-0.2193592526676467,
1790848536936125229,1790848536936356133,0x69,joint_3,q_leader,-0.018407769454627694,
1790848536945421170,1790848536945710275,0x68,joint_2,q_actual,0.5707226654021458,
1790848536950392542,1790848536950680179,0x69,joint_3,q_actual,0.8761552845011534,
1790848536965417557,1790848536965709405,0x68,joint_2,q_actual,0.5707226654021458,
1790848536970405303,1790848536970687305,0x69,joint_3,q_actual,0.8761552845011534,
1790848536985506244,1790848536985769638,0x68,joint_2,q_actual,0.5689773361501516,
1790848536986640850,1790848536986882961,0x68,joint_2,q_leader,-0.2162912910918754,
1790848536986640850,1790848536986882961,0x69,joint_3,q_leader,-0.018407769454627694,
1790848536990203497,1790848536990445442,0x69,joint_3,q_actual,0.8744099552491591,
1790848537000767416,1790848537000985563,0x68,joint_2,q_des,0.26616271092913524,
1790848537000767416,1790848537000985563,0x69,joint_3,q_des,0.48157451970262294,
1790848537000767416,1790848537001003363,0x68,joint_2,q_filtered,0.26616271092913524,
1790848537000767416,1790848537001003363,0x69,joint_3,q_filtered,0.48157451970262294,
1790848537000767416,1790848537001118348,0x68,joint_2,q_cmd,0.5481707224699747,-0.04363323129985824
1790848537000767416,1790848537001118348,0x69,joint_3,q_cmd,0.8538054987566892,-0.04363323129985824
1790848537005220650,1790848537005457092,0x68,joint_2,q_actual,0.5689773361501516,
1790848537010410188,1790848537010697547,0x69,joint_3,q_actual,0.8744099552491591,
1790848537025400139,1790848537025685798,0x68,joint_2,q_actual,0.5672320068981571,
1790848537030412562,1790848537030701068,0x69,joint_3,q_actual,0.8726646259971648,
1790848537036287749,1790848537036531502,0x68,joint_2,q_leader,-0.21475731030398976,
1790848537036287749,1790848537036531502,0x69,joint_3,q_leader,-0.018407769454627694,
1790848537045406135,1790848537045694176,0x68,joint_2,q_actual,0.5672320068981571,
1790848537050413109,1790848537050704915,0x69,joint_3,q_actual,0.8726646259971648,
1790848537065419320,1790848537065707744,0x68,joint_2,q_actual,0.5654866776461629,
1790848537070404599,1790848537070691774,0x69,joint_3,q_actual,0.8709192967451704,
1790848537085502959,1790848537085761841,0x68,joint_2,q_actual,0.5654866776461629,
1790848537086349160,1790848537086578009,0x68,joint_2,q_leader,-0.21475731030398976,
1790848537086349160,1790848537086578009,0x69,joint_3,q_leader,-0.018407769454627694,
1790848537090430413,1790848537090716929,0x69,joint_3,q_actual,0.8709192967451704,
1790848537105427325,1790848537105760201,0x68,joint_2,q_actual,0.5637413483941683,
1790848537110238294,1790848537110463537,0x69,joint_3,q_actual,0.8691739674931761,
1790848537125225693,1790848537125478680,0x68,joint_2,q_actual,0.5637413483941683,
1790848537130413550,1790848537130710298,0x69,joint_3,q_actual,0.8691739674931761,
1790848537136585976,1790848537136836109,0x68,joint_2,q_leader,-0.21475731030398976,
1790848537136585976,1790848537136836109,0x69,joint_3,q_leader,-0.018407769454627694,
1790848537145406086,1790848537145697925,0x68,joint_2,q_actual,0.5619960191421741,
1790848537150411836,1790848537150701279,0x69,joint_3,q_actual,0.8674286382411819,
1790848537165396383,1790848537165689693,0x68,joint_2,q_actual,0.5619960191421741,
1790848537170403521,1790848537170693432,0x69,joint_3,q_actual,0.8674286382411819,
1790848537185276090,1790848537185526848,0x68,joint_2,q_actual,0.5602506898901799,
1790848537186388257,1790848537186621988,0x68,joint_2,q_leader,-0.21322332951610412,
1790848537186388257,1790848537186621988,0x69,joint_3,q_leader,-0.018407769454627694,
1790848537190423479,1790848537190697161,0x69,joint_3,q_actual,0.8656833089891874,
1790848537200919485,1790848537201185285,0x68,joint_2,q_des,0.26309474935336397,
1790848537200919485,1790848537201185285,0x69,joint_3,q_des,0.48157451970262294,
1790848537200919485,1790848537201209941,0x68,joint_2,q_filtered,0.26309474935336397,
1790848537200919485,1790848537201209941,0x69,joint_3,q_filtered,0.48157451970262294,
1790848537200919485,1790848537201412034,0x68,joint_2,q_cmd,0.5394443072916205,-0.04363323129985824
1790848537200919485,1790848537201412034,0x69,joint_3,q_cmd,0.8450788524967175,-0.04362366920977508
1790848537205230151,1790848537205482411,0x68,joint_2,q_actual,0.5602506898901799,
1790848537210222089,1790848537210471907,0x69,joint_3,q_actual,0.8656833089891874,
1790848537225419779,1790848537225713080,0x68,joint_2,q_actual,0.5585053606381855,
1790848537230461382,1790848537230753346,0x69,joint_3,q_actual,0.8639379797371931,
1790848537236169918,1790848537236435419,0x68,joint_2,q_leader,-0.21322332951610412,
1790848537236169918,1790848537236435419,0x69,joint_3,q_leader,-0.018407769454627694,
1790848537245430939,1790848537245717897,0x68,joint_2,q_actual,0.5585053606381855,
1790848537252667925,1790848537252937453,0x69,joint_3,q_actual,0.8621926504851988,
1790848537265498611,1790848537265772314,0x68,joint_2,q_actual,0.5567600313861912,
1790848537270437639,1790848537270725922,0x69,joint_3,q_actual,0.8621926504851988,
1790848537285413394,1790848537285683638,0x68,joint_2,q_actual,0.5567600313861912,
1790848537286283621,1790848537286471975,0x68,joint_2,q_leader,-0.21322332951610412,
1790848537286283621,1790848537286471975,0x69,joint_3,q_leader,-0.019941750242513337,
1790848537290439994,1790848537290720989,0x69,joint_3,q_actual,0.8604473212332044,
1790848537305436422,1790848537305722702,0x68,joint_2,q_actual,0.5550147021341968,
1790848537310426991,1790848537310705452,0x69,joint_3,q_actual,0.8604473212332044,
1790848537325295006,1790848537325556431,0x68,joint_2,q_actual,0.5550147021341968,
1790848537330301405,1790848537330537527,0x69,joint_3,q_actual,0.8587019919812102,
1790848537336159579,1790848537336413600,0x68,joint_2,q_leader,-0.21322332951610412,
1790848537336159579,1790848537336413600,0x69,joint_3,q_leader,-0.019941750242513337,
1790848537345517432,1790848537345814163,0x68,joint_2,q_actual,0.5532693728822026,
1790848537350431868,1790848537350726916,0x69,joint_3,q_actual,0.8587019919812102,
1790848537365427510,1790848537365671363,0x68,joint_2,q_actual,0.5532693728822026,
1790848537370428802,1790848537370718641,0x69,joint_3,q_actual,0.8569566627292158,
1790848537385410787,1790848537385675441,0x68,joint_2,q_actual,0.5515240436302082,
1790848537386237275,1790848537386497547,0x68,joint_2,q_leader,-0.21322332951610412,
1790848537386237275,1790848537386497547,0x69,joint_3,q_leader,-0.021475731030398976,
1790848537390443981,1790848537390736170,0x69,joint_3,q_actual,0.8569566627292158,
1790848537400910967,1790848537401118133,0x68,joint_2,q_des,0.26309474935336397,
1790848537400910967,1790848537401118133,0x69,joint_3,q_des,0.4846424812783942,
1790848537400910967,1790848537401170234,0x68,joint_2,q_filtered,0.26309474935336397,
1790848537400910967,1790848537401170234,0x69,joint_3,q_filtered,0.4846424812783942,
1790848537400910967,1790848537401277422,0x68,joint_2,q_cmd,0.5307217679222888,-0.04363323129985824
1790848537400910967,1790848537401277422,0x69,joint_3,q_cmd,0.8363539522205128,-0.04363323129985824
1790848537405281989,1790848537405498693,0x68,joint_2,q_actual,0.5515240436302082,
1790848537410239028,1790848537410474983,0x69,joint_3,q_actual,0.8552113334772214,
1790848537425419911,1790848537425705555,0x68,joint_2,q_actual,0.5497787143782138,
1790848537430589115,1790848537430862864,0x69,joint_3,q_actual,0.8552113334772214,
1790848537436537060,1790848537436784740,0x68,joint_2,q_leader,-0.21322332951610412,
1790848537436537060,1790848537436784740,0x69,joint_3,q_leader,-0.02454369260617026,
1790848537445432684,1790848537445714283,0x68,joint_2,q_actual,0.5480333851262196,
1790848537450434038,1790848537450715774,0x69,joint_3,q_actual,0.8534660042252271,
1790848537465414896,1790848537465682667,0x68,joint_2,q_actual,0.5480333851262196,
1790848537472663697,1790848537473083228,0x69,joint_3,q_actual,0.8534660042252271,
1790848537486529967,1790848537486787469,0x68,joint_2,q_leader,-0.21322332951610412,
1790848537486529967,1790848537486787469,0x69,joint_3,q_leader,-0.02914563496982718,
1790848537486628389,1790848537486816600,0x68,joint_2,q_actual,0.5462880558742251,
1790848537491374186,1790848537491577015,0x69,joint_3,q_actual,0.8517206749732328,
1790848537505350036,1790848537505607020,0x68,joint_2,q_actual,0.5462880558742251,
1790848537511365781,1790848537511551444,0x69,joint_3,q_actual,0.8517206749732328,
1790848537526448617,1790848537526670584,0x68,joint_2,q_actual,0.5445427266222309,
1790848537531579159,1790848537531807852,0x69,joint_3,q_actual,0.8499753457212386,
1790848537535815429,1790848537535939666,0x68,joint_2,q_leader,-0.21015536794033282,
1790848537535815429,1790848537535939666,0x69,joint_3,q_leader,-0.035281558121369745,
1790848537545491506,1790848537545609164,0x68,joint_2,q_actual,0.5445427266222309,
1790848537550429670,1790848537550521159,0x69,joint_3,q_actual,0.8499753457212386,
1790848537564974586,1790848537565073575,0x68,joint_2,q_actual,0.5427973973702367,
1790848537570155672,1790848537570330672,0x69,joint_3,q_actual,0.8482300164692442,
1790848537585182894,1790848537585360089,0x68,joint_2,q_actual,0.5427973973702367,
1790848537585716790,1790848537585903980,0x68,joint_2,q_leader,-0.2055534255766759,
1790848537585716790,1790848537585903980,0x69,joint_3,q_leader,-0.04295146206079795,
1790848537590033809,1790848537590185764,0x69,joint_3,q_actual,0.8482300164692442,
1790848537600844789,1790848537601058923,0x68,joint_2,q_des,0.2554248454139358,
1790848537600844789,1790848537601058923,0x69,joint_3,q_des,0.5061182123087932,
1790848537600844789,1790848537601073703,0x68,joint_2,q_filtered,0.2554248454139358,
1790848537600844789,1790848537601073703,0x69,joint_3,q_filtered,0.5061182123087932,
1790848537600844789,1790848537601196975,0x68,joint_2,q_cmd,0.5219971388702388,-0.04363323129985824
1790848537600844789,1790848537601196975,0x69,joint_3,q_cmd,0.8276275631784458,-0.04363323129985824
1790848537605328137,1790848537605554241,0x68,joint_2,q_actual,0.5410520681182421,
1790848537610232459,1790848537610487640,0x69,joint_3,q_actual,0.8464846872172498,
1790848537625625080,1790848537625991084,0x68,joint_2,q_actual,0.5410520681182421,
1790848537630636346,1790848537631008699,0x69,joint_3,q_actual,0.8464846872172498,
1790848537637365268,1790848537637737269,0x68,joint_2,q_leader,-0.1978835216372477,
1790848537637365268,1790848537637737269,0x69,joint_3,q_leader,-0.04908738521234052,
1790848537645674610,1790848537646029670,0x68,joint_2,q_actual,0.5393067388662479,
1790848537650453689,1790848537650740199,0x69,joint_3,q_actual,0.8447393579652555,
1790848537665614709,1790848537665985419,0x68,joint_2,q_actual,0.5393067388662479,
1790848537670621342,1790848537670991752,0x69,joint_3,q_actual,0.8447393579652555,
1790848537685609137,1790848537685977371,0x68,joint_2,q_actual,0.5375614096142535,
1790848537687387082,1790848537687736027,0x68,joint_2,q_leader,-0.1902136176978195,
1790848537687387082,1790848537687736027,0x69,joint_3,q_leader,-0.056757289151768725,
1790848537690606443,1790848537690887676,0x69,joint_3,q_actual,0.8429940287132611,
1790848537705617061,1790848537705982900,0x68,joint_2,q_actual,0.5375614096142535,
1790848537710612683,1790848537710978594,0x69,joint_3,q_actual,0.8429940287132611,
1790848537725619934,1790848537725983571,0x68,joint_2,q_actual,0.5358160803622593,
1790848537730652126,1790848537731031584,0x69,joint_3,q_actual,0.8412486994612669,
1790848537737441070,1790848537737811466,0x68,joint_2,q_leader,-0.1825437137583913,
1790848537737441070,1790848537737811466,0x69,joint_3,q_leader,-0.0628932123033113,
1790848537745459454,1790848537745731224,0x68,joint_2,q_actual,0.5358160803622593,
1790848537750441879,1790848537750734192,0x69,joint_3,q_actual,0.8412486994612669,
1790848537765617833,1790848537765985643,0x68,joint_2,q_actual,0.534070751110265,
1790848537770621081,1790848537770991799,0x69,joint_3,q_actual,0.8395033702092726,
1790848537785648553,1790848537786030842,0x68,joint_2,q_actual,0.534070751110265,
1790848537787455331,1790848537787808598,0x68,joint_2,q_leader,-0.17333982903107745,
1790848537787455331,1790848537787808598,0x69,joint_3,q_leader,-0.06902913545485385,
1790848537790923680,1790848537791205851,0x69,joint_3,q_actual,0.8395033702092726,
1790848537801471964,1790848537801723276,0x68,joint_2,q_des,0.2232112488683373,
1790848537801471964,1790848537801723276,0x69,joint_3,q_des,0.532195885702849,
1790848537801471964,1790848537801909367,0x68,joint_2,q_filtered,0.2232112488683373,
1790848537801471964,1790848537801909367,0x69,joint_3,q_filtered,0.532195885702849,
1790848537801471964,1790848537802018121,0x68,joint_2,q_cmd,0.5132704926102671,-0.043584715409721
1790848537801471964,1790848537802018121,0x69,joint_3,q_cmd,0.8189009169184742,-0.04356989961872798
1790848537805607838,1790848537805954797,0x68,joint_2,q_actual,0.5323254218582705,
1790848537810448382,1790848537810732663,0x69,joint_3,q_actual,0.8377580409572782,
1790848537825447077,1790848537825759609,0x68,joint_2,q_actual,0.5323254218582705,
1790848537830477994,1790848537830779450,0x69,joint_3,q_actual,0.8377580409572782,
1790848537837387536,1790848537837753499,0x68,joint_2,q_leader,-0.1641359443037636,
1790848537837387536,1790848537837753499,0x69,joint_3,q_leader,-0.0782330201821677,
1790848537845450323,1790848537845748876,0x68,joint_2,q_actual,0.5305800926062763,
1790848537850570497,1790848537850944728,0x69,joint_3,q_actual,0.8360127117052838,
1790848537865620301,1790848537865990349,0x68,joint_2,q_actual,0.5305800926062763,
1790848537870619051,1790848537870988611,0x69,joint_3,q_actual,0.8360127117052838,
1790848537885488249,1790848537885837892,0x68,joint_2,q_actual,0.5288347633542818,
1790848537887076842,1790848537887427115,0x68,joint_2,q_leader,-0.1564660403643354,
1790848537887076842,1790848537887427115,0x69,joint_3,q_leader,-0.08743690490948156,
1790848537890478443,1790848537890763681,0x69,joint_3,q_actual,0.8342673824532895,
1790848537905436582,1790848537905688504,0x68,joint_2,q_actual,0.5288347633542818,
1790848537910458719,1790848537910712128,0x69,joint_3,q_actual,0.8342673824532895,
1790848537925572324,1790848537925937239,0x68,joint_2,q_actual,0.5270894341022876,
1790848537930631743,1790848537931006575,0x69,joint_3,q_actual,0.8325220532012952,
1790848537937435632,1790848537937800448,0x68,joint_2,q_leader,-0.15033011721279282,
1790848537937435632,1790848537937800448,0x69,joint_3,q_leader,-0.09510680884890975,
1790848537945459911,1790848537945736818,0x68,joint_2,q_actual,0.5270894341022876,
1790848537950521858,1790848537950804540,0x69,joint_3,q_actual,0.8325220532012952,
1790848537965454460,1790848537965760855,0x68,joint_2,q_actual,0.5253441048502934,
1790848537970624586,1790848537970995561,0x69,joint_3,q_actual,0.8307767239493009,
1790848537985627309,1790848537986001520,0x68,joint_2,q_actual,0.5253441048502934,
1790848537987376416,1790848537987729339,0x68,joint_2,q_leader,-0.14266021327336462,
1790848537987376416,1790848537987729339,0x69,joint_3,q_leader,-0.10124273200045232,
1790848537990931107,1790848537991216791,0x69,joint_3,q_actual,0.8307767239493009,
1790848538001433409,1790848538001756757,0x68,joint_2,q_des,0.1925316331106245,
1790848538001433409,1790848538001756757,0x69,joint_3,q_des,0.5644094822484476,
1790848538001433409,1790848538001824075,0x68,joint_2,q_filtered,0.1925316331106245,
1790848538001433409,1790848538001824075,0x69,joint_3,q_filtered,0.5644094822484476,
1790848538001433409,1790848538002022867,0x68,joint_2,q_cmd,0.5045490678954605,-0.04363323129985824
1790848538001433409,1790848538002022867,0x69,joint_3,q_cmd,0.8101765253184579,-0.04363323129985824
1790848538005451988,1790848538005732395,0x68,joint_2,q_actual,0.5235987755982988,
1790848538010426986,1790848538010705896,0x69,joint_3,q_actual,0.8290313946973066,
1790848538025481111,1790848538025841959,0x68,joint_2,q_actual,0.5235987755982988,
1790848538030462508,1790848538030742171,0x69,joint_3,q_actual,0.8290313946973066,
1790848538036716933,1790848538037071878,0x68,joint_2,q_leader,-0.1349903093339364,
1790848538036716933,1790848538037071878,0x69,joint_3,q_leader,-0.10431069357622359,
1790848538045434470,1790848538045723452,0x68,joint_2,q_actual,0.5218534463463046,
1790848538055260668,1790848538055570245,0x69,joint_3,q_actual,0.8290313946973066,
1790848538065371814,1790848538065632366,0x68,joint_2,q_actual,0.5218534463463046,
1790848538072841978,1790848538073118433,0x69,joint_3,q_actual,0.8272860654453121,
1790848538086112617,1790848538086364117,0x68,joint_2,q_leader,-0.1273204053945082,
1790848538086112617,1790848538086364117,0x69,joint_3,q_leader,-0.10737865515199488,
1790848538086224250,1790848538086380757,0x68,joint_2,q_actual,0.5201081170943102,
1790848538092216273,1790848538092489041,0x69,joint_3,q_actual,0.8272860654453121,
1790848538106182357,1790848538106430123,0x68,joint_2,q_actual,0.5201081170943102,
1790848538110974797,1790848538111134333,0x69,joint_3,q_actual,0.8255407361933178,
1790848538126491100,1790848538126720736,0x68,joint_2,q_actual,0.5183627878423159,
1790848538130366696,1790848538130603877,0x69,joint_3,q_actual,0.8237954069413236,
1790848538136166555,1790848538136405521,0x68,joint_2,q_leader,-0.11965050145508,
1790848538136166555,1790848538136405521,0x69,joint_3,q_leader,-0.10891263593988053,
1790848538145227094,1790848538145453076,0x68,joint_2,q_actual,0.5183627878423159,
1790848538150211256,1790848538150461503,0x69,joint_3,q_actual,0.8237954069413236,
1790848538165312265,1790848538165551532,0x68,joint_2,q_actual,0.5166174585903217,
1790848538170315177,1790848538170556556,0x69,joint_3,q_actual,0.8220500776893293,
1790848538185286102,1790848538185529836,0x68,joint_2,q_actual,0.5166174585903217,
1790848538186178600,1790848538186382512,0x68,joint_2,q_leader,-0.11198059751565181,
1790848538186178600,1790848538186382512,0x69,joint_3,q_leader,-0.10891263593988053,
1790848538190321746,1790848538190566553,0x69,joint_3,q_actual,0.8220500776893293,
1790848538200886910,1790848538201125306,0x68,joint_2,q_des,0.16185201735291166,
1790848538200886910,1790848538201125306,0x69,joint_3,q_des,0.5720793861878758,
1790848538200886910,1790848538201143675,0x68,joint_2,q_filtered,0.16185201735291166,
1790848538200886910,1790848538201143675,0x69,joint_3,q_filtered,0.5720793861878758,
1790848538200886910,1790848538201215848,0x68,joint_2,q_cmd,0.495838803426753,-0.04363323129985824
1790848538200886910,1790848538201215848,0x69,joint_3,q_cmd,0.8014645340646086,-0.04363323129985824
1790848538205158375,1790848538205339584,0x68,joint_2,q_actual,0.5148721293383273,
1790848538210312143,1790848538210548811,0x69,joint_3,q_actual,0.8220500776893293,
1790848538225261794,1790848538225507508,0x68,joint_2,q_actual,0.5148721293383273,
1790848538230145879,1790848538230334572,0x69,joint_3,q_actual,0.8203047484373349,
1790848538235779770,1790848538235981942,0x68,joint_2,q_leader,-0.10277671278833797,
1790848538235779770,1790848538235981942,0x69,joint_3,q_leader,-0.10891263593988053,
1790848538245299393,1790848538245539917,0x68,joint_2,q_actual,0.5148721293383273,
1790848538250342657,1790848538250581062,0x69,joint_3,q_actual,0.8185594191853406,
1790848538265316334,1790848538265560088,0x68,joint_2,q_actual,0.5131268000863329,
1790848538270389719,1790848538270644669,0x69,joint_3,q_actual,0.8185594191853406,
1790848538285304263,1790848538285555624,0x68,joint_2,q_actual,0.5131268000863329,
1790848538286295633,1790848538286532504,0x68,joint_2,q_leader,-0.0966407896367954,
1790848538286295633,1790848538286532504,0x69,joint_3,q_leader,-0.10737865515199488,
1790848538290307188,1790848538290549389,0x69,joint_3,q_actual,0.8168140899333461,
1790848538305305307,1790848538305549068,0x68,joint_2,q_actual,0.5113814708343385,
1790848538310331561,1790848538310568614,0x69,joint_3,q_actual,0.8168140899333461,
1790848538325311639,1790848538325551281,0x68,joint_2,q_actual,0.5113814708343385,
1790848538330338689,1790848538330577354,0x69,joint_3,q_actual,0.8150687606813519,
1790848538336188428,1790848538336459007,0x68,joint_2,q_leader,-0.08897088569736719,
1790848538336188428,1790848538336459007,0x69,joint_3,q_leader,-0.10584467436410924,
1790848538345312949,1790848538345557110,0x68,joint_2,q_actual,0.5096361415823443,
1790848538350332200,1790848538350573092,0x69,joint_3,q_actual,0.8150687606813519,
1790848538365205026,1790848538365402126,0x68,joint_2,q_actual,0.5096361415823443,
1790848538370226307,1790848538370489716,0x69,joint_3,q_actual,0.8133234314293576,
1790848538385421074,1790848538385697725,0x68,joint_2,q_actual,0.50789081233035,
1790848538386433303,1790848538386671795,0x68,joint_2,q_leader,-0.07976700097005335,
1790848538386433303,1790848538386671795,0x69,joint_3,q_leader,-0.10584467436410924,
1790848538390412322,1790848538390690288,0x69,joint_3,q_actual,0.8133234314293576,
1790848538400974970,1790848538401197404,0x68,joint_2,q_des,0.1296384208073132,
1790848538400974970,1790848538401197404,0x69,joint_3,q_des,0.5690114246121045,
1790848538400974970,1790848538401221025,0x68,joint_2,q_filtered,0.1296384208073132,
1790848538400974970,1790848538401221025,0x69,joint_3,q_filtered,0.5690114246121045,
1790848538400974970,1790848538401412943,0x68,joint_2,q_cmd,0.48711215716678136,-0.04362885925172261
1790848538400974970,1790848538401412943,0x69,joint_3,q_cmd,0.7927378878046369,-0.04361879587732389
1790848538408215731,1790848538408426912,0x68,joint_2,q_actual,0.50789081233035,
1790848538410204231,1790848538410419714,0x69,joint_3,q_actual,0.8115781021773633,
1790848538425395063,1790848538425668196,0x68,joint_2,q_actual,0.5061454830783556,
1790848538430231554,1790848538430507030,0x69,joint_3,q_actual,0.8115781021773633,
1790848538436036774,1790848538436288238,0x68,joint_2,q_leader,-0.0705631162427395,
1790848538436036774,1790848538436288238,0x69,joint_3,q_leader,-0.10584467436410924,
1790848538445214718,1790848538445454737,0x68,joint_2,q_actual,0.5061454830783556,
1790848538450297156,1790848538450498566,0x69,joint_3,q_actual,0.8098327729253689,
1790848538465320371,1790848538465593096,0x68,joint_2,q_actual,0.5044001538263614,
1790848538470403203,1790848538470680440,0x69,joint_3,q_actual,0.8098327729253689,
1790848538485397162,1790848538485671778,0x68,joint_2,q_actual,0.5044001538263614,
1790848538486427208,1790848538486664498,0x68,joint_2,q_leader,-0.06135923151542564,
1790848538486427208,1790848538486664498,0x69,joint_3,q_leader,-0.10584467436410924,
1790848538490406288,1790848538490683577,0x69,joint_3,q_actual,0.8080874436733745,
1790848538505393290,1790848538505673826,0x68,joint_2,q_actual,0.5026548245743668,
1790848538510396719,1790848538510671739,0x69,joint_3,q_actual,0.8080874436733745,
1790848538525388466,1790848538525658789,0x68,joint_2,q_actual,0.5009094953223726,
1790848538530440419,1790848538530768926,0x69,joint_3,q_actual,0.8063421144213803,
1790848538536235420,1790848538536472279,0x68,joint_2,q_leader,-0.052155346788111796,
1790848538536235420,1790848538536472279,0x69,joint_3,q_leader,-0.10584467436410924,
1790848538545169984,1790848538545329952,0x68,joint_2,q_actual,0.5009094953223726,
1790848538550151912,1790848538550312121,0x69,joint_3,q_actual,0.8063421144213803,
1790848538565038824,1790848538565164117,0x68,joint_2,q_actual,0.4991641660703784,
1790848538570082235,1790848538570201609,0x69,joint_3,q_actual,0.8045967851693859,
1790848538585184405,1790848538585338932,0x68,joint_2,q_actual,0.4991641660703784,
1790848538585715615,1790848538585881715,0x68,joint_2,q_leader,-0.04141748127291231,
1790848538585715615,1790848538585881715,0x69,joint_3,q_leader,-0.10431069357622359,
1790848538590219133,1790848538590445741,0x69,joint_3,q_actual,0.8045967851693859,
1790848538600845403,1790848538601055885,0x68,joint_2,q_des,0.09128890111017215,
1790848538600845403,1790848538601055885,0x69,joint_3,q_des,0.5674774438242188,
1790848538600845403,1790848538601075012,0x68,joint_2,q_filtered,0.09128890111017215,
1790848538600845403,1790848538601075012,0x69,joint_3,q_filtered,0.5674774438242188,
1790848538600845403,1790848538601210315,0x68,joint_2,q_cmd,0.47839113531760485,-0.04363323129985824
1790848538600845403,1790848538601210315,0x69,joint_3,q_cmd,0.784015042828131,-0.04363323129985824
1790848538607612993,1790848538607886832,0x68,joint_2,q_actual,0.4991641660703784,
1790848538610232611,1790848538610467645,0x69,joint_3,q_actual,0.8028514559173916,
1790848538625304176,1790848538625589757,0x68,joint_2,q_actual,0.49741883681838395,
1790848538630430156,1790848538630722768,0x69,joint_3,q_actual,0.8028514559173916,
1790848538636233354,1790848538636529440,0x68,joint_2,q_leader,-0.030679615757712823,
1790848538636233354,1790848538636529440,0x69,joint_3,q_leader,-0.10431069357622359,
1790848538645271856,1790848538645522061,0x68,joint_2,q_actual,0.49741883681838395,
1790848538650229048,1790848538650483943,0x69,joint_3,q_actual,0.8011061266653973,
1790848538665424037,1790848538665712555,0x68,joint_2,q_actual,0.49567350756638967,
1790848538670421840,1790848538670706136,0x69,joint_3,q_actual,0.8011061266653973,
1790848538685432624,1790848538685725565,0x68,joint_2,q_actual,0.49567350756638967,
1790848538686477497,1790848538686720709,0x68,joint_2,q_leader,-0.021475731030398976,
1790848538686477497,1790848538686720709,0x69,joint_3,q_leader,-0.10431069357622359,
1790848538690436161,1790848538690727537,0x69,joint_3,q_actual,0.7993607974134029,
1790848538705412749,1790848538705704762,0x68,joint_2,q_actual,0.4939281783143952,
1790848538710432354,1790848538710725253,0x69,joint_3,q_actual,0.7993607974134029,
1790848538725438268,1790848538725732855,0x68,joint_2,q_actual,0.4939281783143952,
1790848538730596084,1790848538730947294,0x69,joint_3,q_actual,0.7976154681614086,
1790848538736403255,1790848538736655384,0x68,joint_2,q_leader,-0.010737865515199486,
1790848538736403255,1790848538736655384,0x69,joint_3,q_leader,-0.10431069357622359,
1790848538745415149,1790848538745707140,0x68,joint_2,q_actual,0.492182849062401,
1790848538750430377,1790848538750730361,0x69,joint_3,q_actual,0.7976154681614086,
1790848538765423088,1790848538765728666,0x68,joint_2,q_actual,0.492182849062401,
1790848538770588368,1790848538770894473,0x69,joint_3,q_actual,0.7958701389094143,
1790848538785071803,1790848538785224007,0x68,joint_2,q_actual,0.49043751981040673,
1790848538785537651,1790848538785654361,0x68,joint_2,q_leader,0.0,
1790848538785537651,1790848538785654361,0x69,joint_3,q_leader,-0.10431069357622359,
1790848538789981640,1790848538790129348,0x69,joint_3,q_actual,0.7958701389094143,
1790848538800355259,1790848538800483584,0x68,joint_2,q_des,0.049871419837259845,
1790848538800355259,1790848538800483584,0x69,joint_3,q_des,0.5674774438242188,
1790848538800355259,1790848538800489513,0x68,joint_2,q_filtered,0.049871419837259845,
1790848538800355259,1790848538800489513,0x69,joint_3,q_filtered,0.5674774438242188,
1790848538800355259,1790848538800575901,0x68,joint_2,q_cmd,0.4696766548315373,-0.04363323129985824
1790848538800355259,1790848538800575901,0x69,joint_3,q_cmd,0.7752997747622338,-0.04363323129985824
1790848538805599613,1790848538805706243,0x68,joint_2,q_actual,0.49043751981040673,
1790848538810167133,1790848538810342075,0x69,joint_3,q_actual,0.7941248096574199,
1790848538825168033,1790848538825354051,0x68,joint_2,q_actual,0.4886921905584123,
1790848538830154292,1790848538830340587,0x69,joint_3,q_actual,0.7941248096574199,
1790848538835359941,1790848538835494578,0x68,joint_2,q_leader,0.007669903939428206,
1790848538835359941,1790848538835494578,0x69,joint_3,q_leader,-0.10431069357622359,
1790848538844965775,1790848538845095813,0x68,joint_2,q_actual,0.4886921905584123,
1790848538850037201,1790848538850151192,0x69,joint_3,q_actual,0.7923794804054256,
1790848538865083097,1790848538865262699,0x68,joint_2,q_actual,0.48694686130641807,
1790848538870213679,1790848538870408510,0x69,joint_3,q_actual,0.7923794804054256,
1790848538885305025,1790848538885558312,0x68,joint_2,q_actual,0.48694686130641807,
1790848538886101804,1790848538886352304,0x68,joint_2,q_leader,0.01380582709097077,
1790848538886101804,1790848538886352304,0x69,joint_3,q_leader,-0.10431069357622359,
1790848538891016111,1790848538891227796,0x69,joint_3,q_actual,0.7906341511534313,
1790848538905539621,1790848538905875474,0x68,joint_2,q_actual,0.48520153205442357,
1790848538910552799,1790848538910898847,0x69,joint_3,q_actual,0.7906341511534313,
1790848538926620827,1790848538926943436,0x68,joint_2,q_actual,0.48520153205442357,
1790848538930629699,1790848538930909050,0x69,joint_3,q_actual,0.788888821901437,
1790848538936645967,1790848538936974406,0x68,joint_2,q_leader,0.019941750242513337,
1790848538936645967,1790848538936974406,0x69,joint_3,q_leader,-0.10431069357622359,
1790848538945387516,1790848538945653918,0x68,joint_2,q_actual,0.48345620280242935,
1790848538950380185,1790848538950629956,0x69,joint_3,q_actual,0.788888821901437,
1790848538965439824,1790848538965793212,0x68,joint_2,q_actual,0.48345620280242935,
1790848538970419388,1790848538970694083,0x69,joint_3,q_actual,0.7871434926494426,
1790848538985400026,1790848538985696771,0x68,joint_2,q_actual,0.4817108735504351,
1790848538986567154,1790848538986821807,0x68,joint_2,q_leader,0.023009711818284616,
1790848538986567154,1790848538986821807,0x69,joint_3,q_leader,-0.10431069357622359,
1790848538990381641,1790848538990644858,0x69,joint_3,q_actual,0.7871434926494426,
1790848539000531301,1790848539000695611,0x68,joint_2,q_des,0.02686170801897523,
1790848539000531301,1790848539000695611,0x69,joint_3,q_des,0.5674774438242188,
1790848539000531301,1790848539000708165,0x68,joint_2,q_filtered,0.02686170801897523,
1790848539000531301,1790848539000708165,0x69,joint_3,q_filtered,0.5674774438242188,
1790848539000531301,1790848539000817131,0x68,joint_2,q_cmd,0.46095075928129603,-0.04363323129985824
1790848539000531301,1790848539000817131,0x69,joint_3,q_cmd,0.7665731285022621,-0.04362912187291745
1790848539006298770,1790848539006433673,0x68,joint_2,q_actual,0.4817108735504351,
1790848539009974356,1790848539010098220,0x69,joint_3,q_actual,0.7853981633974483,
1790848539025020425,1790848539025123915,0x68,joint_2,q_actual,0.4799655442984406,
1790848539030154264,1790848539030305649,0x69,joint_3,q_actual,0.7853981633974483,
1790848539035500222,1790848539035650186,0x68,joint_2,q_leader,0.02454369260617026,
1790848539035500222,1790848539035650186,0x69,joint_3,q_leader,-0.10431069357622359,
1790848539044952635,1790848539045094721,0x68,joint_2,q_actual,0.4799655442984406,
1790848539049939884,1790848539050041740,0x69,joint_3,q_actual,0.783652834145454,
1790848539065153409,1790848539065321149,0x68,joint_2,q_actual,0.4782202150464464,
1790848539070084977,1790848539070253389,0x69,joint_3,q_actual,0.783652834145454,
1790848539085184795,1790848539085383171,0x68,joint_2,q_actual,0.4782202150464464,
1790848539085690460,1790848539085862899,0x68,joint_2,q_leader,0.0260776733940559,
1790848539085690460,1790848539085862899,0x69,joint_3,q_leader,-0.10431069357622359,
1790848539090300575,1790848539090512594,0x69,joint_3,q_actual,0.7819075048934596,
1790848539105459910,1790848539105778061,0x68,joint_2,q_actual,0.4764748857944519,
1790848539110479415,1790848539110791217,0x69,joint_3,q_actual,0.7801621756414654,
1790848539125464627,1790848539125775811,0x68,joint_2,q_actual,0.4764748857944519,
1790848539130665497,1790848539131022184,0x69,joint_3,q_actual,0.7801621756414654,
1790848539136965697,1790848539137230099,0x68,joint_2,q_leader,0.0260776733940559,
1790848539136965697,1790848539137230099,0x69,joint_3,q_leader,-0.10431069357622359,
1790848539145468439,1790848539145785443,0x68,joint_2,q_actual,0.4747295565424577,
1790848539150469925,1790848539150785155,0x69,joint_3,q_actual,0.778416846389471,
1790848539165452917,1790848539165759293,0x68,joint_2,q_actual,0.4747295565424577,
1790848539170463214,1790848539170775124,0x69,joint_3,q_actual,0.778416846389471,
1790848539185445964,1790848539185761177,0x68,joint_2,q_actual,0.47298422729046347,
1790848539186580738,1790848539186838321,0x68,joint_2,q_leader,0.0260776733940559,
1790848539186580738,1790848539186838321,0x69,joint_3,q_leader,-0.10431069357622359,
1790848539190307435,1790848539190542245,0x69,joint_3,q_actual,0.778416846389471,
1790848539200994656,1790848539201193402,0x68,joint_2,q_des,0.023793746443203947,
1790848539200994656,1790848539201193402,0x69,joint_3,q_des,0.5674774438242188,
1790848539200994656,1790848539201285608,0x68,joint_2,q_filtered,0.023793746443203947,
1790848539200994656,1790848539201285608,0x69,joint_3,q_filtered,0.5674774438242188,
1790848539200994656,1790848539201419370,0x68,joint_2,q_cmd,0.4522241130213244,-0.043595139828589244
1790848539200994656,1790848539201419370,0x69,joint_3,q_cmd,0.7578464822422905,-0.04358345637769202
1790848539205307893,1790848539205546893,0x68,joint_2,q_actual,0.47298422729046347,
1790848539210405816,1790848539210654883,0x69,joint_3,q_actual,0.7766715171374766,
1790848539225468952,1790848539225786459,0x68,joint_2,q_actual,0.47123889803846897,
1790848539230444158,1790848539230703189,0x69,joint_3,q_actual,0.7766715171374766,
1790848539236465217,1790848539236719965,0x68,joint_2,q_leader,0.0260776733940559,
1790848539236465217,1790848539236719965,0x69,joint_3,q_leader,-0.10431069357622359,
1790848539245331338,1790848539245596817,0x68,joint_2,q_actual,0.47123889803846897,
1790848539250345164,1790848539250566937,0x69,joint_3,q_actual,0.7749261878854823,
1790848539265460383,1790848539265780342,0x68,joint_2,q_actual,0.46949356878647475,
1790848539270473540,1790848539270790416,0x69,joint_3,q_actual,0.7749261878854823,
1790848539285338445,1790848539285641688,0x68,joint_2,q_actual,0.46774823953448025,
1790848539286392342,1790848539286650728,0x68,joint_2,q_leader,0.0260776733940559,
1790848539286392342,1790848539286650728,0x69,joint_3,q_leader,-0.10431069357622359,
1790848539290436674,1790848539290670987,0x69,joint_3,q_actual,0.773180858633488,
1790848539305370039,1790848539305670458,0x68,joint_2,q_actual,0.46774823953448025,
1790848539310279848,1790848539310530525,0x69,joint_3,q_actual,0.773180858633488,
1790848539325315636,1790848539325574580,0x68,joint_2,q_actual,0.466002910282486,
1790848539330295145,1790848539330496278,0x69,joint_3,q_actual,0.7714355293814937,
1790848539336291890,1790848539336500987,0x68,joint_2,q_leader,0.0260776733940559,
1790848539336291890,1790848539336500987,0x69,joint_3,q_leader,-0.10431069357622359,
1790848539345062089,1790848539345185937,0x68,joint_2,q_actual,0.466002910282486,
1790848539350003548,1790848539350100309,0x69,joint_3,q_actual,0.7714355293814937,
1790848539365155627,1790848539365317390,0x68,joint_2,q_actual,0.4642575810304918,
1790848539370131886,1790848539370344461,0x69,joint_3,q_actual,0.7696902001294994,
1790848539385482921,1790848539385630876,0x68,joint_2,q_leader,0.0260776733940559,
1790848539385482921,1790848539385630876,0x69,joint_3,q_leader,-0.10431069357622359,
1790848539386065900,1790848539386190108,0x68,joint_2,q_actual,0.4642575810304918,
1790848539390166222,1790848539390344659,0x69,joint_3,q_actual,0.7696902001294994,
1790848539400529806,1790848539400674227,0x68,joint_2,q_des,0.023793746443203947,
1790848539400529806,1790848539400674227,0x69,joint_3,q_des,0.5674774438242188,
1790848539400529806,1790848539400686937,0x68,joint_2,q_filtered,0.023793746443203947,
1790848539400529806,1790848539400686937,0x69,joint_3,q_filtered,0.5674774438242188,
1790848539400529806,1790848539400717767,0x68,joint_2,q_cmd,0.44350784854697833,-0.04363323129985824
1790848539400529806,1790848539400717767,0x69,joint_3,q_cmd,0.7491290840020677,-0.04363323129985824
1790848539405185757,1790848539405376602,0x68,joint_2,q_actual,0.4625122517784973,
1790848539410164670,1790848539410367156,0x69,joint_3,q_actual,0.767944870877505,
1790848539425186305,1790848539425428883,0x68,joint_2,q_actual,0.4625122517784973,
1790848539430167736,1790848539430392745,0x69,joint_3,q_actual,0.767944870877505,
1790848539436170958,1790848539436379053,0x68,joint_2,q_leader,0.023009711818284616,
1790848539436170958,1790848539436379053,0x69,joint_3,q_leader,-0.10431069357622359,
1790848539445291386,1790848539445513643,0x68,joint_2,q_actual,0.4625122517784973,
1790848539452194324,1790848539452423266,0x69,joint_3,q_actual,0.7661995416255106,
1790848539466391851,1790848539466639370,0x68,joint_2,q_actual,0.4607669225265031,
1790848539470194647,1790848539470396871,0x69,joint_3,q_actual,0.7661995416255106,
1790848539485365895,1790848539485633305,0x68,joint_2,q_actual,0.4607669225265031,
1790848539486174286,1790848539486414718,0x68,joint_2,q_leader,0.021475731030398976,
1790848539486174286,1790848539486414718,0x69,joint_3,q_leader,-0.10431069357622359,
1790848539490201303,1790848539490414468,0x69,joint_3,q_actual,0.7644542123735163,
1790848539505449926,1790848539505741443,0x68,joint_2,q_actual,0.45902159327450864,
1790848539510367110,1790848539510629825,0x69,joint_3,q_actual,0.7644542123735163,
1790848539525224894,1790848539525495919,0x68,joint_2,q_actual,0.45902159327450864,
1790848539530450060,1790848539530764209,0x69,joint_3,q_actual,0.7627088831215221,
1790848539536201006,1790848539536402096,0x68,joint_2,q_leader,0.021475731030398976,
1790848539536201006,1790848539536402096,0x69,joint_3,q_leader,-0.10431069357622359,
1790848539545186255,1790848539545427160,0x68,joint_2,q_actual,0.45727626402251437,
1790848539550173460,1790848539550350297,0x69,joint_3,q_actual,0.7627088831215221,
1790848539565057976,1790848539565194594,0x68,joint_2,q_actual,0.45727626402251437,
1790848539570026310,1790848539570125296,0x69,joint_3,q_actual,0.7609635538695277,
1790848539584985775,1790848539585098760,0x68,joint_2,q_actual,0.45553093477052015,
1790848539585325531,1790848539585453699,0x68,joint_2,q_leader,0.021475731030398976,
1790848539585325531,1790848539585453699,0x69,joint_3,q_leader,-0.10431069357622359,
1790848539590034296,1790848539590149680,0x69,joint_3,q_actual,0.7609635538695277,
1790848539600627977,1790848539600781083,0x68,joint_2,q_des,0.02839568880686087,
1790848539600627977,1790848539600781083,0x69,joint_3,q_des,0.5674774438242188,
1790848539600627977,1790848539600797293,0x68,joint_2,q_filtered,0.02839568880686087,
1790848539600627977,1790848539600797293,0x69,joint_3,q_filtered,0.5674774438242188,
1790848539600627977,1790848539600905779,0x68,joint_2,q_cmd,0.4347813660425262,-0.04363323129985824
1790848539600627977,1790848539600905779,0x69,joint_3,q_cmd,0.740402437742096,-0.04362730191330801
1790848539605332564,1790848539605581585,0x68,joint_2,q_actual,0.45553093477052015,
1790848539612393905,1790848539612657560,0x69,joint_3,q_actual,0.7592182246175333,
1790848539626456026,1790848539626703601,0x68,joint_2,q_actual,0.4537856055185257,
1790848539631375246,1790848539631571917,0x69,joint_3,q_actual,0.7592182246175333,
1790848539636095854,1790848539636346747,0x68,joint_2,q_leader,0.021475731030398976,
1790848539636095854,1790848539636346747,0x69,joint_3,q_leader,-0.10431069357622359,
1790848539646600967,1790848539646877422,0x68,joint_2,q_actual,0.4537856055185257,
1790848539651706517,1790848539651985214,0x69,joint_3,q_actual,0.757472895365539,
1790848539666535045,1790848539666804940,0x68,joint_2,q_actual,0.4520402762665314,
1790848539670300406,1790848539670518129,0x69,joint_3,q_actual,0.757472895365539,
1790848539686420345,1790848539686672687,0x68,joint_2,q_leader,0.021475731030398976,
1790848539686420345,1790848539686672687,0x69,joint_3,q_leader,-0.10431069357622359,
1790848539686873354,1790848539687085060,0x68,joint_2,q_actual,0.4520402762665314,
1790848539691350996,1790848539691549070,0x69,joint_3,q_actual,0.7557275661135446,
1790848539705222755,1790848539705486462,0x68,joint_2,q_actual,0.450294947014537,
1790848539710215381,1790848539710451572,0x69,joint_3,q_actual,0.7557275661135446,
1790848539725044485,1790848539725201324,0x68,joint_2,q_actual,0.450294947014537,
1790848539729990617,1790848539730122560,0x69,joint_3,q_actual,0.7539822368615504,
1790848539735202242,1790848539735308522,0x68,joint_2,q_leader,0.021475731030398976,
1790848539735202242,1790848539735308522,0x69,joint_3,q_leader,-0.10431069357622359,
1790848539745149046,1790848539745315425,0x68,joint_2,q_actual,0.44854961776254276,
1790848539750163299,1790848539750319737,0x69,joint_3,q_actual,0.7539822368615504,
1790848539765165615,1790848539765323112,0x68,joint_2,q_actual,0.44854961776254276,
1790848539770156679,1790848539770321166,0x69,joint_3,q_actual,0.7522369076095561,
1790848539785036884,1790848539785183313,0x68,joint_2,q_actual,0.4468042885105485,
1790848539785278999,1790848539785435693,0x68,joint_2,q_leader,0.021475731030398976,
1790848539785278999,1790848539785435693,0x69,joint_3,q_leader,-0.10431069357622359,
1790848539790162375,1790848539790344972,0x69,joint_3,q_actual,0.7522369076095561,
1790848539800557601,1790848539800667501,0x68,joint_2,q_des,0.02839568880686087,
1790848539800557601,1790848539800667501,0x69,joint_3,q_des,0.5674774438242188,
1790848539800557601,1790848539800765590,0x68,joint_2,q_filtered,0.02839568880686087,
1790848539800557601,1790848539800765590,0x69,joint_3,q_filtered,0.5674774438242188,
1790848539800557601,1790848539800772332,0x68,joint_2,q_cmd,0.42605790989536413,-0.04363323129985824
1790848539800557601,1790848539800772332,0x69,joint_3,q_cmd,0.7316777907131464,-0.04363323129985824
1790848539805087385,1790848539805224999,0x68,joint_2,q_actual,0.4468042885105485,
1790848539810257943,1790848539810476402,0x69,joint_3,q_actual,0.7504915783575618,
1790848539825525354,1790848539825850353,0x68,joint_2,q_actual,0.44505895925855404,
1790848539830637917,1790848539831011560,0x69,joint_3,q_actual,0.7504915783575618,
1790848539837297626,1790848539837604510,0x68,joint_2,q_leader,0.021475731030398976,
1790848539837297626,1790848539837604510,0x69,joint_3,q_leader,-0.10431069357622359,
1790848539845446639,1790848539845750966,0x68,joint_2,q_actual,0.44505895925855404,
1790848539850414326,1790848539850705176,0x69,joint_3,q_actual,0.7504915783575618,
1790848539865459234,1790848539865764936,0x68,joint_2,q_actual,0.4433136300065598,
1790848539870447980,1790848539870739904,0x69,joint_3,q_actual,0.7487462491055673,
1790848539885606059,1790848539885957607,0x68,joint_2,q_actual,0.4433136300065598,
1790848539887085443,1790848539887421870,0x68,joint_2,q_leader,0.021475731030398976,
1790848539887085443,1790848539887421870,0x69,joint_3,q_leader,-0.10431069357622359,
1790848539890441080,1790848539890725569,0x69,joint_3,q_actual,0.7487462491055673,
1790848539905492198,1790848539905847250,0x68,joint_2,q_actual,0.4415683007545653,
1790848539910629331,1790848539911001686,0x69,joint_3,q_actual,0.747000919853573,
1790848539925618547,1790848539925989524,0x68,joint_2,q_actual,0.4398229715025711,
1790848539930626655,1790848539930999371,0x69,joint_3,q_actual,0.7452555906015788,
1790848539937462630,1790848539937790994,0x68,joint_2,q_leader,0.021475731030398976,
1790848539937462630,1790848539937790994,0x69,joint_3,q_leader,-0.10431069357622359,
1790848539945446683,1790848539945732430,0x68,joint_2,q_actual,0.4398229715025711,
1790848539950432825,1790848539950678245,0x69,joint_3,q_actual,0.7452555906015788,
1790848539965440620,1790848539965724591,0x68,joint_2,q_actual,0.4380776422505769,
1790848539970434925,1790848539970712952,0x69,joint_3,q_actual,0.7435102613495844,
1790848539985596566,1790848539985922599,0x68,joint_2,q_actual,0.4380776422505769,
1790848539987379875,1790848539987681756,0x68,joint_2,q_leader,0.021475731030398976,
1790848539987379875,1790848539987681756,0x69,joint_3,q_leader,-0.10431069357622359,
1790848539990432881,1790848539990703122,0x69,joint_3,q_actual,0.7435102613495844,
1790848540001417988,1790848540001710229,0x68,joint_2,q_des,0.02839568880686087,
1790848540001417988,1790848540001710229,0x69,joint_3,q_des,0.5674774438242188,
1790848540001417988,1790848540001734358,0x68,joint_2,q_filtered,0.02839568880686087,
1790848540001417988,1790848540001734358,0x69,joint_3,q_filtered,0.5674774438242188,
1790848540001417988,1790848540001942317,0x68,joint_2,q_cmd,0.41733126363539247,-0.043553832663049595
1790848540001417988,1790848540001942317,0x69,joint_3,q_cmd,0.7229511444531748,-0.043538888841045065
1790848540005422972,1790848540005704347,0x68,joint_2,q_actual,0.4363323129985824,
1790848540010585430,1790848540010932483,0x69,joint_3,q_actual,0.7435102613495844,
1790848540025594971,1790848540025941772,0x68,joint_2,q_actual,0.4363323129985824,
1790848540030747109,1790848540031093729,0x69,joint_3,q_actual,0.7417649320975901,
1790848540036926084,1790848540037275509,0x68,joint_2,q_leader,0.021475731030398976,
1790848540036926084,1790848540037275509,0x69,joint_3,q_leader,-0.10431069357622359,
1790848540048589858,1790848540048877003,0x68,joint_2,q_actual,0.43458698374658816,
1790848540051612514,1790848540051884868,0x69,joint_3,q_actual,0.7417649320975901,
1790848540065435976,1790848540065698189,0x68,joint_2,q_actual,0.43458698374658816,
1790848540070467974,1790848540070729632,0x69,joint_3,q_actual,0.7400196028455958,
1790848540085443254,1790848540085709290,0x68,joint_2,q_actual,0.43284165449459366,
1790848540086825297,1790848540087091063,0x68,joint_2,q_leader,0.021475731030398976,
1790848540086825297,1790848540087091063,0x69,joint_3,q_leader,-0.10431069357622359,
1790848540090444839,1790848540090699760,0x69,joint_3,q_actual,0.7400196028455958,
1790848540105483087,1790848540105816883,0x68,joint_2,q_actual,0.43284165449459366,
1790848540110618625,1790848540110963066,0x69,joint_3,q_actual,0.7382742735936013,
1790848540125616467,1790848540125960325,0x68,joint_2,q_actual,0.43109632524259944,
1790848540130636328,1790848540130980105,0x69,joint_3,q_actual,0.7365289443416071,
1790848540137401482,1790848540137688984,0x68,joint_2,q_leader,0.021475731030398976,
1790848540137401482,1790848540137688984,0x69,joint_3,q_leader,-0.10431069357622359,
1790848540145610842,1790848540145978656,0x68,joint_2,q_actual,0.43109632524259944,
1790848540150619344,1790848540150994045,0x69,joint_3,q_actual,0.7365289443416071,
1790848540165606720,1790848540165982271,0x68,joint_2,q_actual,0.4293509959906052,
1790848540170673144,1790848540171064843,0x69,joint_3,q_actual,0.7347836150896128,
1790848540185628326,1790848540185987092,0x68,joint_2,q_actual,0.4293509959906052,
1790848540187426329,1790848540187753724,0x68,joint_2,q_leader,0.021475731030398976,
1790848540187426329,1790848540187753724,0x69,joint_3,q_leader,-0.10431069357622359,
1790848540190365474,1790848540190611520,0x69,joint_3,q_actual,0.7347836150896128,
1790848540201511451,1790848540201777728,0x68,joint_2,q_des,0.02839568880686087,
1790848540201511451,1790848540201777728,0x69,joint_3,q_des,0.5674774438242188,
1790848540201511451,1790848540201948040,0x68,joint_2,q_filtered,0.02839568880686087,
1790848540201511451,1790848540201948040,0x69,joint_3,q_filtered,0.5674774438242188,
1790848540201511451,1790848540202127118,0x68,joint_2,q_cmd,0.4086078189637878,-0.04363323129985824
1790848540201511451,1790848540202127118,0x69,joint_3,q_cmd,0.7142246995605671,-0.04363323129985824
1790848540205449745,1790848540205705985,0x68,joint_2,q_actual,0.4276056667386107,
1790848540213908229,1790848540214223558,0x69,joint_3,q_actual,0.7347836150896128,
1790848540225322603,1790848540225575365,0x68,joint_2,q_actual,0.4276056667386107,
1790848540230239183,1790848540230446541,0x69,joint_3,q_actual,0.7330382858376184,
1790848540236425546,1790848540236674891,0x68,joint_2,q_leader,0.021475731030398976,
1790848540236425546,1790848540236674891,0x69,joint_3,q_leader,-0.10431069357622359,
1790848540245279090,1790848540245490119,0x68,joint_2,q_actual,0.4258603374866165,
1790848540250269490,1790848540250479136,0x69,joint_3,q_actual,0.7330382858376184,
1790848540265426915,1790848540265695551,0x68,joint_2,q_actual,0.4258603374866165,
1790848540270428640,1790848540270727612,0x69,joint_3,q_actual,0.7312929565856241,
1790848540285274826,1790848540285515331,0x68,joint_2,q_actual,0.4258603374866165,
1790848540286112417,1790848540286319784,0x68,joint_2,q_leader,0.021475731030398976,
1790848540286112417,1790848540286319784,0x69,joint_3,q_leader,-0.10431069357622359,
1790848540290438372,1790848540290710791,0x69,joint_3,q_actual,0.7312929565856241,
1790848540305425193,1790848540305699255,0x68,joint_2,q_actual,0.424115008234622,
1790848540310431565,1790848540310702968,0x69,joint_3,q_actual,0.7295476273336297,
1790848540325428445,1790848540325701792,0x68,joint_2,q_actual,0.424115008234622,
1790848540330421122,1790848540330688876,0x69,joint_3,q_actual,0.7295476273336297,
1790848540336475088,1790848540336722767,0x68,joint_2,q_leader,0.021475731030398976,
1790848540336475088,1790848540336722767,0x69,joint_3,q_leader,-0.10431069357622359,
1790848540345425597,1790848540345695061,0x68,joint_2,q_actual,0.4223696789826278,
1790848540350427622,1790848540350706334,0x69,joint_3,q_actual,0.7278022980816354,
1790848540365426145,1790848540365690183,0x68,joint_2,q_actual,0.4223696789826278,
1790848540370436637,1790848540370709799,0x69,joint_3,q_actual,0.7278022980816354,
1790848540385437096,1790848540385711840,0x68,joint_2,q_actual,0.42062434973063356,
1790848540386626141,1790848540386823678,0x68,joint_2,q_leader,0.021475731030398976,
1790848540386626141,1790848540386823678,0x69,joint_3,q_leader,-0.10431069357622359,
1790848540390439941,1790848540390713094,0x69,joint_3,q_actual,0.7260569688296411,
1790848540401151186,1790848540401371817,0x68,joint_2,q_des,0.02839568880686087,
1790848540401151186,1790848540401371817,0x69,joint_3,q_des,0.5674774438242188,
1790848540401151186,1790848540401499014,0x68,joint_2,q_filtered,0.02839568880686087,
1790848540401151186,1790848540401499014,0x69,joint_3,q_filtered,0.5674774438242188,
1790848540401151186,1790848540401625617,0x68,joint_2,q_cmd,0.39989370451689576,-0.04363323129985824
1790848540401151186,1790848540401625617,0x69,joint_3,q_cmd,0.705508281540857,-0.04363323129985824
1790848540405271676,1790848540405457752,0x68,joint_2,q_actual,0.42062434973063356,
1790848540410421525,1790848540410691272,0x69,joint_3,q_actual,0.7260569688296411,
1790848540425423281,1790848540425693584,0x68,joint_2,q_actual,0.4188790204786391,
1790848540430474929,1790848540430765119,0x69,joint_3,q_actual,0.7243116395776468,
1790848540436756072,1790848540437006237,0x68,joint_2,q_leader,0.021475731030398976,
1790848540436756072,1790848540437006237,0x69,joint_3,q_leader,-0.10277671278833796,
1790848540445424016,1790848540445692516,0x68,joint_2,q_actual,0.41713369122664484,
1790848540450431622,1790848540450708364,0x69,joint_3,q_actual,0.7243116395776468,
1790848540465072196,1790848540465172299,0x68,joint_2,q_actual,0.41713369122664484,
1790848540470179160,1790848540470305626,0x69,joint_3,q_actual,0.7225663103256524,
1790848540484946863,1790848540485046501,0x68,joint_2,q_actual,0.4153883619746504,
1790848540485267549,1790848540485348220,0x68,joint_2,q_leader,0.021475731030398976,
1790848540485267549,1790848540485348220,0x69,joint_3,q_leader,-0.10277671278833796,
1790848540490027676,1790848540490104228,0x69,joint_3,q_actual,0.7225663103256524,
1790848540505208189,1790848540505395839,0x68,joint_2,q_actual,0.4153883619746504,
1790848540510240291,1790848540510451683,0x69,joint_3,q_actual,0.7208209810736581,
1790848540525545487,1790848540525856763,0x68,joint_2,q_actual,0.4136430327226562,
1790848540530624499,1790848540530974934,0x69,joint_3,q_actual,0.7208209810736581,
1790848540537183358,1790848540537516784,0x68,joint_2,q_leader,0.021475731030398976,
1790848540537183358,1790848540537516784,0x69,joint_3,q_leader,-0.10277671278833796,
1790848540545454412,1790848540545724481,0x68,joint_2,q_actual,0.4136430327226562,
1790848540550616901,1790848540550965735,0x69,joint_3,q_actual,0.7190756518216638,
1790848540565433674,1790848540565692744,0x68,joint_2,q_actual,0.4118977034706619,
1790848540573563952,1790848540573809337,0x69,joint_3,q_actual,0.7190756518216638,
1790848540586876406,1790848540587175949,0x68,joint_2,q_leader,0.021475731030398976,
1790848540586876406,1790848540587175949,0x69,joint_3,q_leader,-0.10277671278833796,
1790848540587325139,1790848540587600562,0x68,joint_2,q_actual,0.4118977034706619,
1790848540592268102,1790848540592506456,0x69,joint_3,q_actual,0.7173303225696694,
1790848540601519586,1790848540601781076,0x68,joint_2,q_des,0.02839568880686087,
1790848540601519586,1790848540601781076,0x69,joint_3,q_des,0.5659434630363331,
1790848540601519586,1790848540601952788,0x68,joint_2,q_filtered,0.02839568880686087,
1790848540601519586,1790848540601952788,0x69,joint_3,q_filtered,0.5659434630363331,
1790848540601519586,1790848540602125942,0x68,joint_2,q_cmd,0.39116705825692416,-0.04360893632530042
1790848540601519586,1790848540602125942,0x69,joint_3,q_cmd,0.6967816352808853,-0.043593672439773794
1790848540607035343,1790848540607301711,0x68,joint_2,q_actual,0.41015237421866746,
1790848540611852062,1790848540612029885,0x69,joint_3,q_actual,0.7173303225696694,
1790848540626205706,1790848540626422971,0x68,joint_2,q_actual,0.41015237421866746,
1790848540631196544,1790848540631415366,0x69,joint_3,q_actual,0.7155849933176751,
1790848540636185887,1790848540636420077,0x68,joint_2,q_leader,0.021475731030398976,
1790848540636185887,1790848540636420077,0x69,joint_3,q_leader,-0.10277671278833796,
1790848540645360130,1790848540645684949,0x68,joint_2,q_actual,0.40840704496667324,
1790848540651015569,1790848540651160305,0x69,joint_3,q_actual,0.7155849933176751,
1790848540665195628,1790848540665418010,0x68,joint_2,q_actual,0.40840704496667324,
1790848540670165003,1790848540670355398,0x69,joint_3,q_actual,0.7138396640656808,
1790848540685126506,1790848540685292723,0x68,joint_2,q_actual,0.40666171571467874,
1790848540685758549,1790848540685907460,0x68,joint_2,q_leader,0.021475731030398976,
1790848540685758549,1790848540685907460,0x69,joint_3,q_leader,-0.10277671278833796,
1790848540690142460,1790848540690281367,0x69,joint_3,q_actual,0.7138396640656808,
1790848540705223459,1790848540705445418,0x68,joint_2,q_actual,0.40666171571467874,
1790848540712730605,1790848540712933120,0x69,joint_3,q_actual,0.7120943348136864,
1790848540726187482,1790848540726404934,0x68,joint_2,q_actual,0.4049163864626845,
1790848540731194114,1790848540731416053,0x69,joint_3,q_actual,0.7120943348136864,
1790848540735935901,1790848540736169673,0x68,joint_2,q_leader,0.021475731030398976,
1790848540735935901,1790848540736169673,0x69,joint_3,q_leader,-0.10277671278833796,
1790848540746192656,1790848540746408114,0x68,joint_2,q_actual,0.4049163864626845,
1790848540751184867,1790848540751407404,0x69,joint_3,q_actual,0.7103490055616922,
1790848540766188488,1790848540766404789,0x68,joint_2,q_actual,0.4031710572106903,
1790848540771185945,1790848540771407591,0x69,joint_3,q_actual,0.7103490055616922,
1790848540786229489,1790848540786419548,0x68,joint_2,q_actual,0.4031710572106903,
1790848540786386185,1790848540786551131,0x68,joint_2,q_leader,0.021475731030398976,
1790848540786386185,1790848540786551131,0x69,joint_3,q_leader,-0.10277671278833796,
1790848540791214491,1790848540791431750,0x69,joint_3,q_actual,0.7086036763096978,
1790848540800844667,1790848540801014899,0x68,joint_2,q_des,0.02839568880686087,
1790848540800844667,1790848540801014899,0x69,joint_3,q_des,0.5659434630363331,
1790848540800844667,1790848540801106033,0x68,joint_2,q_filtered,0.02839568880686087,
1790848540800844667,1790848540801106033,0x69,joint_3,q_filtered,0.5659434630363331,
1790848540800844667,1790848540801201560,0x68,joint_2,q_cmd,0.38245781938732587,-0.04363323129985824
1790848540800844667,1790848540801201560,0x69,joint_3,q_cmd,0.6880706801417817,-0.04363323129985824
1790848540805290457,1790848540805514520,0x68,joint_2,q_actual,0.4014257279586958,
1790848540810327263,1790848540810547846,0x69,joint_3,q_actual,0.7086036763096978,
1790848540825311060,1790848540825529707,0x68,joint_2,q_actual,0.4014257279586958,
1790848540830328032,1790848540830543765,0x69,joint_3,q_actual,0.7068583470577035,
1790848540836087813,1790848540836304898,0x68,joint_2,q_leader,0.021475731030398976,
1790848540836087813,1790848540836304898,0x69,joint_3,q_leader,-0.10277671278833796,
1790848540845320897,1790848540845540099,0x68,joint_2,q_actual,0.3996803987067016,
1790848540850216405,1790848540850449099,0x69,joint_3,q_actual,0.7068583470577035,
1790848540865308092,1790848540865526284,0x68,joint_2,q_actual,0.3996803987067016,
1790848540870315587,1790848540870536008,0x69,joint_3,q_actual,0.7051130178057091,
1790848540885415501,1790848540885738966,0x68,joint_2,q_actual,0.3979350694547071,
1790848540886433784,1790848540886711818,0x68,joint_2,q_leader,0.021475731030398976,
1790848540886433784,1790848540886711818,0x69,joint_3,q_leader,-0.10277671278833796,
1790848540890353724,1790848540890585819,0x69,joint_3,q_actual,0.7051130178057091,
1790848540905594977,1790848540905909560,0x68,joint_2,q_actual,0.3979350694547071,
1790848540910536442,1790848540910851656,0x69,joint_3,q_actual,0.7033676885537148,
1790848540925341782,1790848540925569879,0x68,joint_2,q_actual,0.39618974020271286,
1790848540930552529,1790848540930893267,0x69,joint_3,q_actual,0.7033676885537148,
1790848540936620750,1790848540936893544,0x68,joint_2,q_leader,0.021475731030398976,
1790848540936620750,1790848540936893544,0x69,joint_3,q_leader,-0.10277671278833796,
1790848540945527834,1790848540945843936,0x68,joint_2,q_actual,0.39618974020271286,
1790848540950604456,1790848540950922116,0x69,joint_3,q_actual,0.7016223593017206,
1790848540965365016,1790848540965683146,0x68,joint_2,q_actual,0.39444441095071864,
1790848540970316582,1790848540970570415,0x69,joint_3,q_actual,0.7016223593017206,
1790848540985477970,1790848540985826234,0x68,joint_2,q_actual,0.39444441095071864,
1790848540986613741,1790848540986927845,0x68,joint_2,q_leader,0.021475731030398976,
1790848540986613741,1790848540986927845,0x69,joint_3,q_leader,-0.10277671278833796,
1790848540990433319,1790848540990710637,0x69,joint_3,q_actual,0.6998770300497261,
1790848541001122855,1790848541001444552,0x68,joint_2,q_des,0.02839568880686087,
1790848541001122855,1790848541001444552,0x69,joint_3,q_des,0.5659434630363331,
1790848541001122855,1790848541001468907,0x68,joint_2,q_filtered,0.02839568880686087,
1790848541001122855,1790848541001468907,0x69,joint_3,q_filtered,0.5659434630363331,
1790848541001122855,1790848541001679045,0x68,joint_2,q_cmd,0.37373117312735427,-0.04362033778233453
1790848541001122855,1790848541001679045,0x69,joint_3,q_cmd,0.6793440338818101,-0.043606265621122
1790848541005422220,1790848541005698044,0x68,joint_2,q_actual,0.39269908169872414,
1790848541010583071,1790848541010950385,0x69,joint_3,q_actual,0.6998770300497261,
1790848541025606408,1790848541025951902,0x68,joint_2,q_actual,0.39269908169872414,
1790848541030636922,1790848541030974523,0x69,joint_3,q_actual,0.6981317007977318,
1790848541036753236,1790848541037057750,0x68,joint_2,q_leader,0.019941750242513337,
1790848541036753236,1790848541037057750,0x69,joint_3,q_leader,-0.10277671278833796,
1790848541045611299,1790848541045956724,0x68,joint_2,q_actual,0.3909537524467299,
1790848541050608749,1790848541050953322,0x69,joint_3,q_actual,0.6981317007977318,
1790848541065630632,1790848541065986766,0x68,joint_2,q_actual,0.3909537524467299,
1790848541070631466,1790848541070977910,0x69,joint_3,q_actual,0.6963863715457375,
1790848541085498183,1790848541085828139,0x68,joint_2,q_actual,0.3909537524467299,
1790848541086646568,1790848541086908591,0x68,joint_2,q_leader,0.019941750242513337,
1790848541086646568,1790848541086908591,0x69,joint_3,q_leader,-0.10277671278833796,
1790848541090450230,1790848541090709098,0x69,joint_3,q_actual,0.6963863715457375,
1790848541110085580,1790848541110411288,0x68,joint_2,q_actual,0.3892084231947354,
1790848541114549716,1790848541114793416,0x69,joint_3,q_actual,0.6946410422937431,
1790848541126584930,1790848541126837515,0x68,joint_2,q_actual,0.3892084231947354,
1790848541131606335,1790848541131863261,0x69,joint_3,q_actual,0.6928957130417489,
1790848541136133753,1790848541136341317,0x68,joint_2,q_leader,0.019941750242513337,
1790848541136133753,1790848541136341317,0x69,joint_3,q_leader,-0.10277671278833796,
1790848541146608636,1790848541146863077,0x68,joint_2,q_actual,0.3874630939427412,
1790848541151334079,1790848541151512030,0x69,joint_3,q_actual,0.6928957130417489,
1790848541166586951,1790848541166839783,0x68,joint_2,q_actual,0.3874630939427412,
1790848541172640484,1790848541172891991,0x69,joint_3,q_actual,0.6911503837897546,
1790848541186331355,1790848541186557483,0x68,joint_2,q_leader,0.019941750242513337,
1790848541186331355,1790848541186557483,0x69,joint_3,q_leader,-0.10277671278833796,
1790848541186672531,1790848541186868090,0x68,joint_2,q_actual,0.385717764690747,
1790848541190271726,1790848541190456885,0x69,joint_3,q_actual,0.6911503837897546,
1790848541201155402,1790848541201378379,0x68,joint_2,q_des,0.02992966959474651,
1790848541201155402,1790848541201378379,0x69,joint_3,q_des,0.5659434630363331,
1790848541201155402,1790848541201505532,0x68,joint_2,q_filtered,0.02992966959474651,
1790848541201155402,1790848541201505532,0x69,joint_3,q_filtered,0.5659434630363331,
1790848541201155402,1790848541201632198,0x68,joint_2,q_cmd,0.36500841367198994,-0.04363323129985824
1790848541201155402,1790848541201632198,0x69,joint_3,q_cmd,0.6706189884378522,-0.04363323129985824
1790848541205304566,1790848541205494229,0x68,joint_2,q_actual,0.385717764690747,
1790848541210417880,1790848541210690073,0x69,joint_3,q_actual,0.6911503837897546,
1790848541227636138,1790848541227887534,0x68,joint_2,q_actual,0.3839724354387525,
1790848541230311692,1790848541230487578,0x69,joint_3,q_actual,0.6894050545377601,
1790848541236280686,1790848541236540119,0x68,joint_2,q_leader,0.019941750242513337,
1790848541236280686,1790848541236540119,0x69,joint_3,q_leader,-0.10277671278833796,
1790848541248578327,1790848541248827117,0x68,joint_2,q_actual,0.3839724354387525,
1790848541251728234,1790848541251902374,0x69,joint_3,q_actual,0.6876597252857658,
1790848541266596667,1790848541266850974,0x68,joint_2,q_actual,0.38222710618675826,
1790848541271586361,1790848541271840758,0x69,joint_3,q_actual,0.6876597252857658,
1790848541286340673,1790848541286559871,0x68,joint_2,q_leader,0.019941750242513337,
1790848541286340673,1790848541286559871,0x69,joint_3,q_leader,-0.10277671278833796,
1790848541286608112,1790848541286807278,0x68,joint_2,q_actual,0.3804817769347638,
1790848541289926743,1790848541289982241,0x69,joint_3,q_actual,0.6859143960337715,
1790848541305437267,1790848541305535534,0x68,joint_2,q_actual,0.3804817769347638,
1790848541310384681,1790848541310442343,0x69,joint_3,q_actual,0.6859143960337715,
1790848541325481032,1790848541325600577,0x68,joint_2,q_actual,0.37873644768276954,
1790848541330161045,1790848541330308639,0x69,joint_3,q_actual,0.6841690667817772,
1790848541335577280,1790848541335727657,0x68,joint_2,q_leader,0.019941750242513337,
1790848541335577280,1790848541335727657,0x69,joint_3,q_leader,-0.10277671278833796,
1790848541345172594,1790848541345357008,0x68,joint_2,q_actual,0.37873644768276954,
1790848541350231388,1790848541350433090,0x69,joint_3,q_actual,0.6841690667817772,
1790848541365455579,1790848541365740763,0x68,joint_2,q_actual,0.3769911184307753,
1790848541370629834,1790848541370977705,0x69,joint_3,q_actual,0.6824237375297829,
1790848541385595806,1790848541385936615,0x68,joint_2,q_actual,0.3769911184307753,
1790848541387159177,1790848541387440890,0x68,joint_2,q_leader,0.019941750242513337,
1790848541387159177,1790848541387440890,0x69,joint_3,q_leader,-0.10277671278833796,
1790848541390456813,1790848541390711132,0x69,joint_3,q_actual,0.6824237375297829,
1790848541401521277,1790848541401786203,0x68,joint_2,q_des,0.02992966959474651,
1790848541401521277,1790848541401786203,0x69,joint_3,q_des,0.5659434630363331,
1790848541401521277,1790848541401960037,0x68,joint_2,q_filtered,0.02992966959474651,
1790848541401521277,1790848541401960037,0x69,joint_3,q_filtered,0.5659434630363331,
1790848541401521277,1790848541402139811,0x68,joint_2,q_cmd,0.35628176741201834,-0.043611164050834816
1790848541401521277,1790848541402139811,0x69,joint_3,q_cmd,0.6618923421778805,-0.043596241632750034
1790848541405444856,1790848541405697868,0x68,joint_2,q_actual,0.3752457891787809,
1790848541410618740,1790848541410986326,0x69,joint_3,q_actual,0.6806784082777885,
1790848541425633131,1790848541425977869,0x68,joint_2,q_actual,0.3752457891787809,
1790848541430646191,1790848541430988210,0x69,joint_3,q_actual,0.6806784082777885,
1790848541437226347,1790848541437570610,0x68,joint_2,q_leader,0.019941750242513337,
1790848541437226347,1790848541437570610,0x69,joint_3,q_leader,-0.10277671278833796,
1790848541445445932,1790848541445713884,0x68,joint_2,q_actual,0.3735004599267866,
1790848541450614610,1790848541450963317,0x69,joint_3,q_actual,0.6789330790257941,
1790848541465659779,1790848541465996633,0x68,joint_2,q_actual,0.3735004599267866,
1790848541470626302,1790848541470975503,0x69,joint_3,q_actual,0.6789330790257941,
1790848541485598051,1790848541485935269,0x68,joint_2,q_actual,0.3735004599267866,
1790848541487173222,1790848541487454949,0x68,joint_2,q_leader,0.019941750242513337,
1790848541487173222,1790848541487454949,0x69,joint_3,q_leader,-0.10277671278833796,
1790848541490454991,1790848541490709986,0x69,joint_3,q_actual,0.6771877497737998,
1790848541505704945,1790848541506098897,0x68,joint_2,q_actual,0.37175513067479216,
1790848541510542780,1790848541510844560,0x69,joint_3,q_actual,0.6771877497737998,
1790848541525619816,1790848541525960172,0x68,joint_2,q_actual,0.37175513067479216,
1790848541530633908,1790848541530976850,0x69,joint_3,q_actual,0.6754424205218056,
1790848541537132296,1790848541537436357,0x68,joint_2,q_leader,0.019941750242513337,
1790848541537132296,1790848541537436357,0x69,joint_3,q_leader,-0.10277671278833796,
1790848541545452142,1790848541545720131,0x68,joint_2,q_actual,0.37000980142279793,
1790848541550614435,1790848541550962881,0x69,joint_3,q_actual,0.6754424205218056,
1790848541565481096,1790848541565814641,0x68,joint_2,q_actual,0.37000980142279793,
1790848541570447890,1790848541570705846,0x69,joint_3,q_actual,0.6736970912698113,
1790848541585458578,1790848541585754343,0x68,joint_2,q_actual,0.36826447217080366,
1790848541586589125,1790848541586864787,0x68,joint_2,q_leader,0.019941750242513337,
1790848541586589125,1790848541586864787,0x69,joint_3,q_leader,-0.10277671278833796,
1790848541590452235,1790848541590712877,0x69,joint_3,q_actual,0.6736970912698113,
1790848541601233127,1790848541601531225,0x68,joint_2,q_des,0.02992966959474651,
1790848541601233127,1790848541601531225,0x69,joint_3,q_des,0.5659434630363331,
1790848541601233127,1790848541601700643,0x68,joint_2,q_filtered,0.02992966959474651,
1790848541601233127,1790848541601700643,0x69,joint_3,q_filtered,0.5659434630363331,
1790848541601233127,1790848541601873641,0x68,joint_2,q_cmd,0.34756648865599327,-0.04363323129985824
1790848541601233127,1790848541601873641,0x69,joint_3,q_cmd,0.6531741222366448,-0.04363323129985824
1790848541605451477,1790848541605705991,0x68,joint_2,q_actual,0.36826447217080366,
1790848541610219212,1790848541610422943,0x69,joint_3,q_actual,0.6719517620178169,
1790848541625149761,1790848541625318603,0x68,joint_2,q_actual,0.3665191429188092,
1790848541630140218,1790848541630287223,0x69,joint_3,q_actual,0.6719517620178169,
1790848541635790202,1790848541635976471,0x68,joint_2,q_leader,0.019941750242513337,
1790848541635790202,1790848541635976471,0x69,joint_3,q_leader,-0.10277671278833796,
1790848541645106154,1790848541645260038,0x68,joint_2,q_actual,0.3665191429188092,
1790848541650132863,1790848541650281068,0x69,joint_3,q_actual,0.6702064327658225,
1790848541666855976,1790848541667050926,0x68,joint_2,q_actual,0.364773813666815,
1790848541670133188,1790848541670279157,0x69,joint_3,q_actual,0.6702064327658225,
1790848541685295783,1790848541685498787,0x68,joint_2,q_actual,0.364773813666815,
1790848541685978723,1790848541686146401,0x68,joint_2,q_leader,0.019941750242513337,
1790848541685978723,1790848541686146401,0x69,joint_3,q_leader,-0.10277671278833796,
1790848541690318221,1790848541690534833,0x69,joint_3,q_actual,0.6684611035138281,
1790848541705202576,1790848541705421521,0x68,joint_2,q_actual,0.3630284844148205,
1790848541710216400,1790848541710460269,0x69,joint_3,q_actual,0.6684611035138281,
1790848541725148134,1790848541725343772,0x68,joint_2,q_actual,0.3630284844148205,
1790848541730139866,1790848541730282150,0x69,joint_3,q_actual,0.6667157742618339,
1790848541736044326,1790848541736301091,0x68,joint_2,q_leader,0.019941750242513337,
1790848541736044326,1790848541736301091,0x69,joint_3,q_leader,-0.10277671278833796,
1790848541745539870,1790848541745881554,0x68,joint_2,q_actual,0.3612831551628263,
1790848541750528248,1790848541750869962,0x69,joint_3,q_actual,0.6667157742618339,
1790848541765519639,1790848541765860815,0x68,joint_2,q_actual,0.3612831551628263,
1790848541770531831,1790848541770872508,0x69,joint_3,q_actual,0.6649704450098396,
1790848541785537381,1790848541785875032,0x68,joint_2,q_actual,0.35953782591083205,
1790848541786828629,1790848541787086669,0x68,joint_2,q_leader,0.019941750242513337,
1790848541786828629,1790848541787086669,0x69,joint_3,q_leader,-0.10277671278833796,
1790848541790355996,1790848541790606104,0x69,joint_3,q_actual,0.6649704450098396,
1790848541801279394,1790848541801510031,0x68,joint_2,q_des,0.02992966959474651,
1790848541801279394,1790848541801510031,0x69,joint_3,q_des,0.5659434630363331,
1790848541801279394,1790848541801655719,0x68,joint_2,q_filtered,0.02992966959474651,
1790848541801279394,1790848541801655719,0x69,joint_3,q_filtered,0.5659434630363331,
1790848541801279394,1790848541801670623,0x68,joint_2,q_cmd,0.33884084111707474,-0.04363323129985824
1790848541801279394,1790848541801670623,0x69,joint_3,q_cmd,0.6444474759766733,-0.0436255619260781
1790848541805560666,1790848541805908498,0x68,joint_2,q_actual,0.35953782591083205,
1790848541810522510,1790848541810863297,0x69,joint_3,q_actual,0.6632251157578453,
1790848541825385122,1790848541825715943,0x68,joint_2,q_actual,0.35779249665883756,
1790848541830338935,1790848541830581047,0x69,joint_3,q_actual,0.6632251157578453,
1790848541836566157,1790848541836823988,0x68,joint_2,q_leader,0.019941750242513337,
1790848541836566157,1790848541836823988,0x69,joint_3,q_leader,-0.10277671278833796,
1790848541845511854,1790848541845850853,0x68,joint_2,q_actual,0.35779249665883756,
1790848541850530508,1790848541850876366,0x69,joint_3,q_actual,0.6632251157578453,
1790848541865522002,1790848541865851781,0x68,joint_2,q_actual,0.35604716740684333,
1790848541870366397,1790848541870625483,0x69,joint_3,q_actual,0.6614797865058508,
1790848541885391298,1790848541885716541,0x68,joint_2,q_actual,0.35604716740684333,
1790848541886386518,1790848541886650597,0x68,joint_2,q_leader,0.019941750242513337,
1790848541886386518,1790848541886650597,0x69,joint_3,q_leader,-0.10277671278833796,
1790848541890341448,1790848541890589602,0x69,joint_3,q_actual,0.6614797865058508,
1790848541905545297,1790848541905895579,0x68,joint_2,q_actual,0.35430183815484884,
1790848541910376433,1790848541910650695,0x69,joint_3,q_actual,0.6597344572538565,
1790848541925066339,1790848541925208058,0x68,joint_2,q_actual,0.35430183815484884,
1790848541930151960,1790848541930298871,0x69,joint_3,q_actual,0.6597344572538565,
1790848541935465588,1790848541935603581,0x68,joint_2,q_leader,0.019941750242513337,
1790848541935465588,1790848541935603581,0x69,joint_3,q_leader,-0.10277671278833796,
1790848541945151989,1790848541945314120,0x68,joint_2,q_actual,0.3525565089028546,
1790848541950161309,1790848541950334996,0x69,joint_3,q_actual,0.6579891280018623,
1790848541965218635,1790848541965440128,0x68,joint_2,q_actual,0.3525565089028546,
1790848541970275523,1790848541970498393,0x69,joint_3,q_actual,0.6579891280018623,
1790848541985430591,1790848541985771553,0x68,joint_2,q_actual,0.3508111796508604,
1790848541986619826,1790848541986918135,0x68,joint_2,q_leader,0.019941750242513337,
1790848541986619826,1790848541986918135,0x69,joint_3,q_leader,-0.10277671278833796,
1790848541990444517,1790848541990725713,0x69,joint_3,q_actual,0.6562437987498679,
1790848542001540086,1790848542001836833,0x68,joint_2,q_des,0.02992966959474651,
1790848542001540086,1790848542001836833,0x69,joint_3,q_des,0.5659434630363331,
1790848542001540086,1790848542001860934,0x68,joint_2,q_filtered,0.02992966959474651,
1790848542001540086,1790848542001860934,0x69,joint_3,q_filtered,0.5659434630363331,
1790848542001540086,1790848542002062286,0x68,joint_2,q_cmd,0.3301141948571031,-0.043608994075127576
1790848542001540086,1790848542002062286,0x69,joint_3,q_cmd,0.6357208297167016,-0.04359414609633686
1790848542005415085,1790848542005685724,0x68,joint_2,q_actual,0.3508111796508604,
1790848542010596327,1790848542010959861,0x69,joint_3,q_actual,0.6562437987498679,
1790848542025415090,1790848542025662028,0x68,joint_2,q_actual,0.3490658503988659,
1790848542030412641,1790848542030660483,0x69,joint_3,q_actual,0.6544984694978736,
1790848542036708945,1790848542037024580,0x68,joint_2,q_leader,0.019941750242513337,
1790848542036708945,1790848542037024580,0x69,joint_3,q_leader,-0.10277671278833796,
1790848542045409953,1790848542045687460,0x68,joint_2,q_actual,0.3490658503988659,
1790848542050676962,1790848542051030961,0x69,joint_3,q_actual,0.6544984694978736,
1790848542065582305,1790848542065947828,0x68,joint_2,q_actual,0.3473205211468717,
1790848542070592397,1790848542070952623,0x69,joint_3,q_actual,0.6527531402458793,
1790848542085465045,1790848542085806565,0x68,joint_2,q_actual,0.3473205211468717,
1790848542087100653,1790848542087434882,0x68,joint_2,q_leader,0.019941750242513337,
1790848542087100653,1790848542087434882,0x69,joint_3,q_leader,-0.10277671278833796,
1790848542090405548,1790848542090683936,0x69,joint_3,q_actual,0.6527531402458793,
1790848542105582826,1790848542105942210,0x68,joint_2,q_actual,0.3455751918948772,
1790848542110597728,1790848542110950722,0x69,joint_3,q_actual,0.6510078109938848,
1790848542125677942,1790848542126083697,0x68,joint_2,q_actual,0.34382986264288296,
1790848542130325227,1790848542130573970,0x69,joint_3,q_actual,0.6492624817418906,
1790848542135892928,1790848542136086680,0x68,joint_2,q_leader,0.019941750242513337,
1790848542135892928,1790848542136086680,0x69,joint_3,q_leader,-0.10277671278833796,
1790848542145304554,1790848542145541717,0x68,joint_2,q_actual,0.34382986264288296,
1790848542150263873,1790848542150504720,0x69,joint_3,q_actual,0.6492624817418906,
1790848542165324243,1790848542165548171,0x68,joint_2,q_actual,0.34208453339088873,
1790848542170303917,1790848542170543288,0x69,joint_3,q_actual,0.6475171524898963,
1790848542185276984,1790848542185519178,0x68,joint_2,q_actual,0.34208453339088873,
1790848542186079192,1790848542186287200,0x68,joint_2,q_leader,0.019941750242513337,
1790848542186079192,1790848542186287200,0x69,joint_3,q_leader,-0.10277671278833796,
1790848542190296559,1790848542190534490,0x69,joint_3,q_actual,0.6475171524898963,
1790848542200803881,1790848542201026638,0x68,joint_2,q_des,0.02992966959474651,
1790848542200803881,1790848542201026638,0x69,joint_3,q_des,0.5659434630363331,
1790848542200803881,1790848542201124481,0x68,joint_2,q_filtered,0.02992966959474651,
1790848542200803881,1790848542201124481,0x69,joint_3,q_filtered,0.5659434630363331,
1790848542200803881,1790848542201188973,0x68,joint_2,q_cmd,0.32141046559922454,-0.04363323129985824
1790848542200803881,1790848542201188973,0x69,joint_3,q_cmd,0.6270154056132259,-0.04363323129985824
1790848542205152647,1790848542205335576,0x68,joint_2,q_actual,0.34208453339088873,
1790848542211992911,1790848542212215812,0x69,joint_3,q_actual,0.6475171524898963,
1790848542227782154,1790848542227998562,0x68,joint_2,q_actual,0.34033920413889424,
1790848542230946624,1790848542231108100,0x69,joint_3,q_actual,0.6457718232379019,
1790848542235952184,1790848542236147401,0x68,joint_2,q_leader,0.019941750242513337,
1790848542235952184,1790848542236147401,0x69,joint_3,q_leader,-0.10277671278833796,
1790848542246184792,1790848542246418831,0x68,joint_2,q_actual,0.34033920413889424,
1790848542251309526,1790848542251536668,0x69,joint_3,q_actual,0.6457718232379019,
1790848542266163616,1790848542266400835,0x68,joint_2,q_actual,0.3385938748869,
1790848542271169379,1790848542271425419,0x69,joint_3,q_actual,0.6440264939859076,
1790848542286100177,1790848542286314371,0x68,joint_2,q_leader,0.019941750242513337,
1790848542286100177,1790848542286314371,0x69,joint_3,q_leader,-0.10277671278833796,
1790848542286200569,1790848542286336549,0x68,joint_2,q_actual,0.3385938748869,
1790848542291163295,1790848542291414529,0x69,joint_3,q_actual,0.6440264939859076,
1790848542306160713,1790848542306406970,0x68,joint_2,q_actual,0.33684854563490557,
1790848542311158058,1790848542311398866,0x69,joint_3,q_actual,0.6422811647339133,
1790848542325116741,1790848542325386714,0x68,joint_2,q_actual,0.3351032163829113,
1790848542332539293,1790848542332734378,0x69,joint_3,q_actual,0.640535835481919,
1790848542335914908,1790848542336107668,0x68,joint_2,q_leader,0.019941750242513337,
1790848542335914908,1790848542336107668,0x69,joint_3,q_leader,-0.10277671278833796,
1790848542346148072,1790848542346358715,0x68,joint_2,q_actual,0.3351032163829113,
1790848542351304069,1790848542351536102,0x69,joint_3,q_actual,0.640535835481919,
1790848542366155416,1790848542366401520,0x68,joint_2,q_actual,0.3333578871309171,
1790848542371162884,1790848542371410271,0x69,joint_3,q_actual,0.6387905062299246,
1790848542385948880,1790848542386165804,0x68,joint_2,q_leader,0.019941750242513337,
1790848542385948880,1790848542386165804,0x69,joint_3,q_leader,-0.10277671278833796,
1790848542386200390,1790848542386399744,0x68,joint_2,q_actual,0.3333578871309171,
1790848542390359570,1790848542390600475,0x69,joint_3,q_actual,0.6387905062299246,
1790848542400790516,1790848542400989372,0x68,joint_2,q_des,0.02992966959474651,
1790848542400790516,1790848542400989372,0x69,joint_3,q_des,0.5659434630363331,
1790848542400790516,1790848542401003379,0x68,joint_2,q_filtered,0.02992966959474651,
1790848542400790516,1790848542401003379,0x69,joint_3,q_filtered,0.5659434630363331,
1790848542400790516,1790848542401067304,0x68,joint_2,q_cmd,0.3126859718101897,-0.04363323129985824
1790848542400790516,1790848542401067304,0x69,joint_3,q_cmd,0.6182891963400755,-0.04363323129985824
1790848542406012141,1790848542406174338,0x68,joint_2,q_actual,0.33161255787892263,
1790848542411142419,1790848542411335344,0x69,joint_3,q_actual,0.6370451769779303,
1790848542427729895,1790848542427955269,0x68,joint_2,q_actual,0.33161255787892263,
1790848542430914030,1790848542431079795,0x69,joint_3,q_actual,0.6370451769779303,
1790848542435933886,1790848542436125763,0x68,joint_2,q_leader,0.019941750242513337,
1790848542435933886,1790848542436125763,0x69,joint_3,q_leader,-0.10277671278833796,
1790848542446313741,1790848542446540331,0x68,joint_2,q_actual,0.3298672286269284,
1790848542451164268,1790848542451404963,0x69,joint_3,q_actual,0.6370451769779303,
1790848542466171639,1790848542466407145,0x68,joint_2,q_actual,0.3298672286269284,
1790848542471173598,1790848542471415014,0x69,joint_3,q_actual,0.635299847725936,
1790848542485979767,1790848542486197991,0x68,joint_2,q_leader,0.019941750242513337,
1790848542485979767,1790848542486197991,0x69,joint_3,q_leader,-0.10277671278833796,
1790848542486220246,1790848542486424377,0x68,joint_2,q_actual,0.3281218993749339,
1790848542491177455,1790848542491421461,0x69,joint_3,q_actual,0.635299847725936,
1790848542506162940,1790848542506403400,0x68,joint_2,q_actual,0.3281218993749339,
1790848542510298668,1790848542510534495,0x69,joint_3,q_actual,0.6335545184739416,
1790848542525295084,1790848542525530416,0x68,joint_2,q_actual,0.3263765701229397,
1790848542530294219,1790848542530545151,0x69,joint_3,q_actual,0.6335545184739416,
1790848542535846845,1790848542536011058,0x68,joint_2,q_leader,0.019941750242513337,
1790848542535846845,1790848542536011058,0x69,joint_3,q_leader,-0.10277671278833796,
1790848542545296844,1790848542545547755,0x68,joint_2,q_actual,0.3263765701229397,
1790848542550292430,1790848542550540470,0x69,joint_3,q_actual,0.6318091892219474,
1790848542565258452,1790848542565499228,0x68,joint_2,q_actual,0.32463124087094547,
1790848542570308717,1790848542570544856,0x69,joint_3,q_actual,0.6318091892219474,
1790848542585304820,1790848542585545818,0x68,joint_2,q_actual,0.32463124087094547,
1790848542586135293,1790848542586333879,0x68,joint_2,q_leader,0.019941750242513337,
1790848542586135293,1790848542586333879,0x69,joint_3,q_leader,-0.10277671278833796,
1790848542590143034,1790848542590296195,0x69,joint_3,q_actual,0.630063859969953,
1790848542600786261,1790848542600977989,0x68,joint_2,q_des,0.02992966959474651,
1790848542600786261,1790848542600977989,0x69,joint_3,q_des,0.5659434630363331,
1790848542600786261,1790848542600992525,0x68,joint_2,q_filtered,0.02992966959474651,
1790848542600786261,1790848542600992525,0x69,joint_3,q_filtered,0.5659434630363331,
1790848542600786261,1790848542601061099,0x68,joint_2,q_cmd,0.3039618639570719,-0.04363323129985824
1790848542600786261,1790848542601061099,0x69,joint_3,q_cmd,0.6095633751408678,-0.04363323129985824
1790848542605199285,1790848542605455824,0x68,joint_2,q_actual,0.32463124087094547,
1790848542610309148,1790848542610543096,0x69,joint_3,q_actual,0.630063859969953,
1790848542625290181,1790848542625537915,0x68,joint_2,q_actual,0.32288591161895097,
1790848542630314773,1790848542630562781,0x69,joint_3,q_actual,0.6283185307179586,
1790848542636163438,1790848542636501475,0x68,joint_2,q_leader,0.019941750242513337,
1790848542636163438,1790848542636501475,0x69,joint_3,q_leader,-0.10277671278833796,
1790848542645658751,1790848542646034190,0x68,joint_2,q_actual,0.32288591161895097,
1790848542650623903,1790848542651003710,0x69,joint_3,q_actual,0.6283185307179586,
1790848542665617337,1790848542665993642,0x68,joint_2,q_actual,0.32114058236695675,
1790848542670631618,1790848542671007409,0x69,joint_3,q_actual,0.6265732014659643,
1790848542685481501,1790848542685844027,0x68,joint_2,q_actual,0.32114058236695675,
1790848542686886629,1790848542687261488,0x68,joint_2,q_leader,0.019941750242513337,
1790848542686886629,1790848542687261488,0x69,joint_3,q_leader,-0.10277671278833796,
1790848542690564832,1790848542690842884,0x69,joint_3,q_actual,0.6265732014659643,
1790848542705631709,1790848542706010209,0x68,joint_2,q_actual,0.31939525311496225,
1790848542710628913,1790848542710999193,0x69,joint_3,q_actual,0.6265732014659643,
1790848542725609425,1790848542725977599,0x68,joint_2,q_actual,0.31939525311496225,
1790848542730570765,1790848542730946936,0x69,joint_3,q_actual,0.62482787221397,
1790848542736912159,1790848542737305813,0x68,joint_2,q_leader,0.019941750242513337,
1790848542736912159,1790848542737305813,0x69,joint_3,q_leader,-0.10277671278833796,
1790848542745487821,1790848542745805415,0x68,joint_2,q_actual,0.31764992386296803,
1790848542750446077,1790848542750746008,0x69,joint_3,q_actual,0.62482787221397,
1790848542765610970,1790848542765983891,0x68,joint_2,q_actual,0.31764992386296803,
1790848542770628063,1790848542771004107,0x69,joint_3,q_actual,0.6230825429619757,
1790848542785600950,1790848542785973788,0x68,joint_2,q_actual,0.3159045946109738,
1790848542787310137,1790848542787674605,0x68,joint_2,q_leader,0.019941750242513337,
1790848542787310137,1790848542787674605,0x69,joint_3,q_leader,-0.10277671278833796,
1790848542790739573,1790848542791021009,0x69,joint_3,q_actual,0.6230825429619757,
1790848542801478028,1790848542801774706,0x68,joint_2,q_des,0.02992966959474651,
1790848542801478028,1790848542801774706,0x69,joint_3,q_des,0.5659434630363331,
1790848542801478028,1790848542801799056,0x68,joint_2,q_filtered,0.02992966959474651,
1790848542801478028,1790848542801799056,0x69,joint_3,q_filtered,0.5659434630363331,
1790848542801478028,1790848542802009808,0x68,joint_2,q_cmd,0.29523521769710026,-0.043576518857329875
1790848542801478028,1790848542802009808,0x69,joint_3,q_cmd,0.6008367288808961,-0.04356129048210969
1790848542805444782,1790848542805702349,0x68,joint_2,q_actual,0.3159045946109738,
1790848542810424490,1790848542810676323,0x69,joint_3,q_actual,0.6213372137099813,
1790848542825651794,1790848542825996318,0x68,joint_2,q_actual,0.3159045946109738,
1790848542830628233,1790848542830977026,0x69,joint_3,q_actual,0.6213372137099813,
1790848542837102174,1790848542837450502,0x68,joint_2,q_leader,0.019941750242513337,
1790848542837102174,1790848542837450502,0x69,joint_3,q_leader,-0.10277671278833796,
1790848542845430979,1790848542845689799,0x68,joint_2,q_actual,0.3141592653589793,
1790848542850608560,1790848542850955624,0x69,joint_3,q_actual,0.619591884457987,
1790848542865612435,1790848542865955096,0x68,joint_2,q_actual,0.3141592653589793,
1790848542870623552,1790848542870970297,0x69,joint_3,q_actual,0.619591884457987,
1790848542885470212,1790848542885801513,0x68,joint_2,q_actual,0.3141592653589793,
1790848542887019396,1790848542887369805,0x68,joint_2,q_leader,0.019941750242513337,
1790848542887019396,1790848542887369805,0x69,joint_3,q_leader,-0.10277671278833796,
1790848542890531204,1790848542890778437,0x69,joint_3,q_actual,0.6178465552059926,
1790848542905619851,1790848542905967134,0x68,joint_2,q_actual,0.3124139361069851,
1790848542910611168,1790848542910953792,0x69,joint_3,q_actual,0.6178465552059926,
1790848542925653435,1790848542926005705,0x68,joint_2,q_actual,0.3124139361069851,
1790848542930633783,1790848542930981863,0x69,joint_3,q_actual,0.6161012259539983,
1790848542937095476,1790848542937403778,0x68,joint_2,q_leader,0.019941750242513337,
1790848542937095476,1790848542937403778,0x69,joint_3,q_leader,-0.10277671278833796,
1790848542945510522,1790848542945816324,0x68,joint_2,q_actual,0.3106686068549906,
1790848542950466041,1790848542950737346,0x69,joint_3,q_actual,0.6143558967020041,
1790848542965482418,1790848542965807645,0x68,joint_2,q_actual,0.3106686068549906,
1790848542970432759,1790848542970695343,0x69,joint_3,q_actual,0.6143558967020041,
1790848542985233012,1790848542985444874,0x68,joint_2,q_actual,0.30892327760299637,
1790848542986464717,1790848542986686127,0x68,joint_2,q_leader,0.019941750242513337,
1790848542986464717,1790848542986686127,0x69,joint_3,q_leader,-0.10277671278833796,
1790848542990102021,1790848542990256206,0x69,joint_3,q_actual,0.6126105674500097,
1790848543000321766,1790848543000420563,0x68,joint_2,q_des,0.02992966959474651,
1790848543000321766,1790848543000420563,0x69,joint_3,q_des,0.5659434630363331,
1790848543000321766,1790848543000485074,0x68,joint_2,q_filtered,0.02992966959474651,
1790848543000321766,1790848543000485074,0x69,joint_3,q_filtered,0.5659434630363331,
1790848543000321766,1790848543000549385,0x68,joint_2,q_cmd,0.2865394744550459,-0.04363323129985824
1790848543000321766,1790848543000549385,0x69,joint_3,q_cmd,0.5921398393938342,-0.04363323129985824
1790848543004962761,1790848543005042800,0x68,joint_2,q_actual,0.30892327760299637,
1790848543010045896,1790848543010123077,0x69,joint_3,q_actual,0.6126105674500097,
1790848543025152196,1790848543025277577,0x68,joint_2,q_actual,0.30717794835100215,
1790848543030127069,1790848543030237320,0x69,joint_3,q_actual,0.6126105674500097,
1790848543035412557,1790848543035564322,0x68,joint_2,q_leader,0.019941750242513337,
1790848543035412557,1790848543035564322,0x69,joint_3,q_leader,-0.10277671278833796,
1790848543045032260,1790848543045186629,0x68,joint_2,q_actual,0.30717794835100215,
1790848543049925702,1790848543050026346,0x69,joint_3,q_actual,0.6108652381980153,
1790848543065172657,1790848543065370802,0x68,joint_2,q_actual,0.30543261909900765,
1790848543070211209,1790848543070423824,0x69,joint_3,q_actual,0.6108652381980153,
1790848543085405198,1790848543085695891,0x68,joint_2,q_actual,0.30368728984701343,
1790848543086400458,1790848543086736097,0x68,joint_2,q_leader,0.019941750242513337,
1790848543086400458,1790848543086736097,0x69,joint_3,q_leader,-0.10277671278833796,
1790848543090356864,1790848543090611636,0x69,joint_3,q_actual,0.609119908946021,
1790848543105530377,1790848543105869797,0x68,joint_2,q_actual,0.30368728984701343,
1790848543110487384,1790848543110824621,0x69,joint_3,q_actual,0.609119908946021,
1790848543125536983,1790848543125879897,0x68,joint_2,q_actual,0.301941960595019,
1790848543130542699,1790848543130877319,0x69,joint_3,q_actual,0.6073745796940266,
1790848543136631202,1790848543136909608,0x68,joint_2,q_leader,0.019941750242513337,
1790848543136631202,1790848543136909608,0x69,joint_3,q_leader,-0.10277671278833796,
1790848543145363360,1790848543145622398,0x68,joint_2,q_actual,0.301941960595019,
1790848543150390574,1790848543150696293,0x69,joint_3,q_actual,0.6056292504420324,
1790848543165376385,1790848543165665834,0x68,joint_2,q_actual,0.3001966313430247,
1790848543170532334,1790848543170870268,0x69,joint_3,q_actual,0.6056292504420324,
1790848543185509868,1790848543185848309,0x68,joint_2,q_actual,0.3001966313430247,
1790848543187142334,1790848543187493284,0x68,joint_2,q_leader,0.019941750242513337,
1790848543187142334,1790848543187493284,0x69,joint_3,q_leader,-0.10277671278833796,
1790848543190349473,1790848543190602587,0x69,joint_3,q_actual,0.6038839211900381,
1790848543201297639,1790848543201562974,0x68,joint_2,q_des,0.02992966959474651,
1790848543201297639,1790848543201562974,0x69,joint_3,q_des,0.5659434630363331,
1790848543201297639,1790848543201587502,0x68,joint_2,q_filtered,0.02992966959474651,
1790848543201297639,1790848543201587502,0x69,joint_3,q_filtered,0.5659434630363331,
1790848543201297639,1790848543201762240,0x68,joint_2,q_cmd,0.27781282819507425,-0.04352735622908088
1790848543201297639,1790848543201762240,0x69,joint_3,q_cmd,0.5834131931338625,-0.04351448527368696
1790848543205537644,1790848543205880995,0x68,joint_2,q_actual,0.2984513020910305,
1790848543210366481,1790848543210627062,0x69,joint_3,q_actual,0.6038839211900381,
1790848543225563975,1790848543225907986,0x68,joint_2,q_actual,0.2984513020910305,
1790848543230542941,1790848543230879190,0x69,joint_3,q_actual,0.6038839211900381,
1790848543236719594,1790848543236996165,0x68,joint_2,q_leader,0.019941750242513337,
1790848543236719594,1790848543236996165,0x69,joint_3,q_leader,-0.10277671278833796,
1790848543245430952,1790848543245744558,0x68,joint_2,q_actual,0.29670597283903605,
1790848543250534832,1790848543250876281,0x69,joint_3,q_actual,0.6021385919380436,
1790848543265543330,1790848543265884634,0x68,joint_2,q_actual,0.29670597283903605,
1790848543270533626,1790848543270874172,0x69,joint_3,q_actual,0.6021385919380436,
1790848543285512123,1790848543285844329,0x68,joint_2,q_actual,0.29496064358704177,
1790848543287165192,1790848543287513113,0x68,joint_2,q_leader,0.019941750242513337,
1790848543287165192,1790848543287513113,0x69,joint_3,q_leader,-0.10277671278833796,
1790848543290351474,1790848543290595700,0x69,joint_3,q_actual,0.6003932626860493,
1790848543308150853,1790848543308475816,0x68,joint_2,q_actual,0.29496064358704177,
1790848543310652862,1790848543310866354,0x69,joint_3,q_actual,0.598647933434055,
1790848543325570799,1790848543325902272,0x68,joint_2,q_actual,0.29321531433504733,
1790848543330540089,1790848543330855778,0x69,joint_3,q_actual,0.598647933434055,
1790848543336648887,1790848543336926156,0x68,joint_2,q_leader,0.019941750242513337,
1790848543336648887,1790848543336926156,0x69,joint_3,q_leader,-0.10277671278833796,
1790848543345365173,1790848543345613560,0x68,joint_2,q_actual,0.29321531433504733,
1790848543350438901,1790848543350777832,0x69,joint_3,q_actual,0.5969026041820608,
1790848543365397814,1790848543365699541,0x68,joint_2,q_actual,0.2914699850830531,
1790848543370348092,1790848543370623129,0x69,joint_3,q_actual,0.5969026041820608,
1790848543385511929,1790848543385840814,0x68,joint_2,q_actual,0.28972465583105883,
1790848543386974936,1790848543387313204,0x68,joint_2,q_leader,0.019941750242513337,
1790848543386974936,1790848543387313204,0x69,joint_3,q_leader,-0.10277671278833796,
1790848543390360968,1790848543390618380,0x69,joint_3,q_actual,0.5951572749300664,
1790848543401280333,1790848543401559873,0x68,joint_2,q_des,0.02992966959474651,
1790848543401280333,1790848543401559873,0x69,joint_3,q_des,0.5659434630363331,
1790848543401280333,1790848543401582804,0x68,joint_2,q_filtered,0.02992966959474651,
1790848543401280333,1790848543401582804,0x69,joint_3,q_filtered,0.5659434630363331,
1790848543401280333,1790848543401771829,0x68,joint_2,q_cmd,0.269090459518924,-0.04363323129985824
1790848543401280333,1790848543401771829,0x69,joint_3,q_cmd,0.5746882819056937,-0.04363323129985824
1790848543405354062,1790848543405599350,0x68,joint_2,q_actual,0.28972465583105883,
1790848543410509794,1790848543410851587,0x69,joint_3,q_actual,0.5951572749300664,
1790848543425396203,1790848543425737903,0x68,joint_2,q_actual,0.2879793265790644,
1790848543430335127,1790848543430590091,0x69,joint_3,q_actual,0.5934119456780721,
1790848543436916215,1790848543437200718,0x68,joint_2,q_leader,0.019941750242513337,
1790848543436916215,1790848543437200718,0x69,joint_3,q_leader,-0.10277671278833796,
1790848543445358045,1790848543445637710,0x68,joint_2,q_actual,0.2879793265790644,
1790848543450519925,1790848543450880476,0x69,joint_3,q_actual,0.5934119456780721,
1790848543465523816,1790848543465879996,0x68,joint_2,q_actual,0.28623399732707017,
1790848543470527662,1790848543470882150,0x69,joint_3,q_actual,0.5916666164260777,
1790848543485513155,1790848543485861332,0x68,joint_2,q_actual,0.28623399732707017,
1790848543487121959,1790848543487474669,0x68,joint_2,q_leader,0.019941750242513337,
1790848543487121959,1790848543487474669,0x69,joint_3,q_leader,-0.10277671278833796,
1790848543490351465,1790848543490612741,0x69,joint_3,q_actual,0.5916666164260777,
1790848543505531144,1790848543505888324,0x68,joint_2,q_actual,0.28448866807507567,
1790848543510651538,1790848543511006233,0x69,joint_3,q_actual,0.5899212871740833,
1790848543525509098,1790848543525852788,0x68,joint_2,q_actual,0.28448866807507567,
1790848543530530753,1790848543530885372,0x69,joint_3,q_actual,0.5899212871740833,
1790848543536730834,1790848543536999963,0x68,joint_2,q_leader,0.019941750242513337,
1790848543536730834,1790848543536999963,0x69,joint_3,q_leader,-0.10277671278833796,
1790848543545510668,1790848543545867188,0x68,joint_2,q_actual,0.28274333882308145,
1790848543550535371,1790848543550888899,0x69,joint_3,q_actual,0.5881759579220891,
1790848543565392080,1790848543565710044,0x68,joint_2,q_actual,0.28274333882308145,
1790848543570341133,1790848543570607622,0x69,joint_3,q_actual,0.5881759579220891,
1790848543585109867,1790848543585267422,0x68,joint_2,q_actual,0.2809980095710872,
1790848543585575768,1790848543585697247,0x68,joint_2,q_leader,0.019941750242513337,
1790848543585575768,1790848543585697247,0x69,joint_3,q_leader,-0.10277671278833796,
1790848543589982200,1790848543590130246,0x69,joint_3,q_actual,0.5864306286700948,
1790848543600310178,1790848543600426115,0x68,joint_2,q_des,0.02992966959474651,
1790848543600310178,1790848543600426115,0x69,joint_3,q_des,0.5659434630363331,
1790848543600310178,1790848543600435821,0x68,joint_2,q_filtered,0.02992966959474651,
1790848543600310178,1790848543600435821,0x69,joint_3,q_filtered,0.5659434630363331,
1790848543600310178,1790848543600518830,0x68,joint_2,q_cmd,0.26038883765886667,-0.04363323129985824
1790848543600310178,1790848543600518830,0x69,joint_3,q_cmd,0.5659857941877842,-0.04363323129985824
1790848543605008254,1790848543605164647,0x68,joint_2,q_actual,0.2809980095710872,
1790848543610150854,1790848543610330973,0x69,joint_3,q_actual,0.5864306286700948,
1790848543625018536,1790848543625151699,0x68,joint_2,q_actual,0.2792526803190927,
1790848543629962278,1790848543630052619,0x69,joint_3,q_actual,0.5846852994181004,
1790848543635137006,1790848543635214676,0x68,joint_2,q_leader,0.019941750242513337,
1790848543635137006,1790848543635214676,0x69,joint_3,q_leader,-0.10277671278833796,
1790848543645023065,1790848543645135065,0x68,joint_2,q_actual,0.2792526803190927,
1790848543650028927,1790848543650142645,0x69,joint_3,q_actual,0.5846852994181004,
1790848543665093314,1790848543665254387,0x68,joint_2,q_actual,0.2775073510670985,
1790848543670143319,1790848543670332633,0x69,joint_3,q_actual,0.582939970166106,
1790848543685510536,1790848543685865746,0x68,joint_2,q_actual,0.275762021815104,
1790848543687360875,1790848543687673209,0x68,joint_2,q_leader,0.019941750242513337,
1790848543687360875,1790848543687673209,0x69,joint_3,q_leader,-0.10277671278833796,
1790848543690317725,1790848543690593221,0x69,joint_3,q_actual,0.582939970166106,
1790848543705584776,1790848543705952402,0x68,joint_2,q_actual,0.275762021815104,
1790848543710597813,1790848543710961513,0x69,joint_3,q_actual,0.5811946409141117,
1790848543725543166,1790848543725909397,0x68,joint_2,q_actual,0.2740166925631098,
1790848543730585405,1790848543730951823,0x69,joint_3,q_actual,0.5811946409141117,
1790848543736914967,1790848543737267933,0x68,joint_2,q_leader,0.019941750242513337,
1790848543736914967,1790848543737267933,0x69,joint_3,q_leader,-0.10277671278833796,
1790848543745544357,1790848543745890635,0x68,joint_2,q_actual,0.2740166925631098,
1790848543750580941,1790848543750965916,0x69,joint_3,q_actual,0.5794493116621174,
1790848543765468126,1790848543765807023,0x68,joint_2,q_actual,0.27227136331111557,
1790848543770434019,1790848543770711821,0x69,joint_3,q_actual,0.5794493116621174,
1790848543785417651,1790848543785723736,0x68,joint_2,q_actual,0.27227136331111557,
1790848543786620424,1790848543786922069,0x68,joint_2,q_leader,0.019941750242513337,
1790848543786620424,1790848543786922069,0x69,joint_3,q_leader,-0.10277671278833796,
1790848543790421565,1790848543790695725,0x69,joint_3,q_actual,0.5777039824101231,
1790848543801370121,1790848543801674164,0x68,joint_2,q_des,0.02992966959474651,
1790848543801370121,1790848543801674164,0x69,joint_3,q_des,0.5659434630363331,
1790848543801370121,1790848543801697946,0x68,joint_2,q_filtered,0.02992966959474651,
1790848543801370121,1790848543801697946,0x69,joint_3,q_filtered,0.5659434630363331,
1790848543801370121,1790848543801911594,0x68,joint_2,q_cmd,0.25166219139889506,-0.0435284956453089
1790848543801370121,1790848543801911594,0x69,joint_3,q_cmd,0.5659434630363331,-0.000211059384691492
1790848543805416734,1790848543805693620,0x68,joint_2,q_actual,0.27052603405912107,
1790848543810583899,1790848543810949973,0x69,joint_3,q_actual,0.5777039824101231,
1790848543825572274,1790848543825935926,0x68,joint_2,q_actual,0.27052603405912107,
1790848543830606609,1790848543830967918,0x69,joint_3,q_actual,0.5759586531581288,
1790848543836780614,1790848543837102481,0x68,joint_2,q_leader,0.019941750242513337,
1790848543836780614,1790848543837102481,0x69,joint_3,q_leader,-0.10277671278833796,
1790848543845407362,1790848543845685403,0x68,joint_2,q_actual,0.26878070480712685,
1790848543850592413,1790848543850953361,0x69,joint_3,q_actual,0.5759586531581288,
1790848543865577302,1790848543865930814,0x68,joint_2,q_actual,0.26878070480712685,
1790848543870584930,1790848543870932505,0x69,joint_3,q_actual,0.5759586531581288,
1790848543885656404,1790848543886022414,0x68,joint_2,q_actual,0.26703537555513235,
1790848543887291741,1790848543887598798,0x68,joint_2,q_leader,0.019941750242513337,
1790848543887291741,1790848543887598798,0x69,joint_3,q_leader,-0.10277671278833796,
1790848543890335641,1790848543890616121,0x69,joint_3,q_actual,0.5742133239061344,
1790848543905449366,1790848543905795249,0x68,joint_2,q_actual,0.26703537555513235,
1790848543910407339,1790848543910680126,0x69,joint_3,q_actual,0.5742133239061344,
1790848543925614200,1790848543925983591,0x68,joint_2,q_actual,0.2652900463031381,
1790848543930449040,1790848543930734303,0x69,joint_3,q_actual,0.57246799465414,
1790848543936793626,1790848543937167803,0x68,joint_2,q_leader,0.019941750242513337,
1790848543936793626,1790848543937167803,0x69,joint_3,q_leader,-0.10277671278833796,
1790848543945641590,1790848543946019840,0x68,joint_2,q_actual,0.2652900463031381,
1790848543950626382,1790848543951004368,0x69,joint_3,q_actual,0.57246799465414,
1790848543965482741,1790848543965841371,0x68,joint_2,q_actual,0.2635447170511439,
1790848543970443455,1790848543970729183,0x69,joint_3,q_actual,0.57246799465414,
1790848543985462515,1790848543985781012,0x68,joint_2,q_actual,0.2635447170511439,
1790848543986721120,1790848543987092766,0x68,joint_2,q_leader,0.019941750242513337,
1790848543986721120,1790848543987092766,0x69,joint_3,q_leader,-0.10277671278833796,
1790848543990581210,1790848543990867497,0x69,joint_3,q_actual,0.5707226654021458,
1790848544001156667,1790848544001470746,0x68,joint_2,q_des,0.02992966959474651,
1790848544001156667,1790848544001470746,0x69,joint_3,q_des,0.5659434630363331,
1790848544001156667,1790848544001539906,0x68,joint_2,q_filtered,0.02992966959474651,
1790848544001156667,1790848544001539906,0x69,joint_3,q_filtered,0.5659434630363331,
1790848544001156667,1790848544001727454,0x68,joint_2,q_cmd,0.24294665529409484,-0.04363323129985824
1790848544001156667,1790848544001727454,0x69,joint_3,q_cmd,0.5659434630363331,0.0
1790848544005780849,1790848544006066226,0x68,joint_2,q_actual,0.2617993877991494,
1790848544010440056,1790848544010723731,0x69,joint_3,q_actual,0.5707226654021458,
1790848544025478877,1790848544025837031,0x68,joint_2,q_actual,0.2617993877991494,
1790848544030629211,1790848544031005562,0x69,joint_3,q_actual,0.5707226654021458,
1790848544037043073,1790848544037357806,0x68,joint_2,q_leader,0.019941750242513337,
1790848544037043073,1790848544037357806,0x69,joint_3,q_leader,-0.10277671278833796,
1790848544045616916,1790848544045992337,0x68,joint_2,q_actual,0.2600540585471552,
1790848544050613793,1790848544050987298,0x69,joint_3,q_actual,0.5707226654021458,
1790848544065496162,1790848544065782637,0x68,joint_2,q_actual,0.2600540585471552,
1790848544070431943,1790848544070681632,0x69,joint_3,q_actual,0.5689773361501514,
1790848544085429618,1790848544085712258,0x68,joint_2,q_actual,0.2600540585471552,
1790848544086749292,1790848544087115562,0x68,joint_2,q_leader,0.019941750242513337,
1790848544086749292,1790848544087115562,0x69,joint_3,q_leader,-0.10277671278833796,
1790848544090446058,1790848544090723640,0x69,joint_3,q_actual,0.5689773361501514,
1790848544105481415,1790848544105846005,0x68,joint_2,q_actual,0.25830872929516074,
1790848544110622356,1790848544110998620,0x69,joint_3,q_actual,0.5689773361501514,
1790848544125620162,1790848544125999801,0x68,joint_2,q_actual,0.25830872929516074,
1790848544130646252,1790848544131019306,0x69,joint_3,q_actual,0.5689773361501514,
1790848544136910659,1790848544137231983,0x68,joint_2,q_leader,0.019941750242513337,
1790848544136910659,1790848544137231983,0x69,joint_3,q_leader,-0.10277671278833796,
1790848544145618352,1790848544145997884,0x68,joint_2,q_actual,0.25656340004316647,
1790848544150618656,1790848544151000550,0x69,joint_3,q_actual,0.5689773361501514,
1790848544165614000,1790848544165992740,0x68,joint_2,q_actual,0.25481807079117225,
1790848544170685101,1790848544171080575,0x69,joint_3,q_actual,0.5672320068981571,
1790848544185540858,1790848544185899173,0x68,joint_2,q_actual,0.25481807079117225,
1790848544187055892,1790848544187427191,0x68,joint_2,q_leader,0.019941750242513337,
1790848544187055892,1790848544187427191,0x69,joint_3,q_leader,-0.10277671278833796,
1790848544190717885,1790848544190996840,0x69,joint_3,q_actual,0.5672320068981571,
1790848544201289647,1790848544201563031,0x68,joint_2,q_des,0.02992966959474651,
1790848544201289647,1790848544201563031,0x69,joint_3,q_des,0.5659434630363331,
1790848544201289647,1790848544201702474,0x68,joint_2,q_filtered,0.02992966959474651,
1790848544201289647,1790848544201702474,0x69,joint_3,q_filtered,0.5659434630363331,
1790848544201289647,1790848544201845377,0x68,joint_2,q_cmd,0.2342218775836304,-0.04363323129985824
1790848544201289647,1790848544201845377,0x69,joint_3,q_cmd,0.5659434630363331,0.0
1790848544205435636,1790848544205721992,0x68,joint_2,q_actual,0.25481807079117225,
1790848544210613899,1790848544210989019,0x69,joint_3,q_actual,0.5672320068981571,
1790848544225634383,1790848544226007919,0x68,joint_2,q_actual,0.2530727415391778,
1790848544230627603,1790848544231006531,0x69,joint_3,q_actual,0.5672320068981571,
1790848544236892772,1790848544237215018,0x68,joint_2,q_leader,0.019941750242513337,
1790848544236892772,1790848544237215018,0x69,joint_3,q_leader,-0.10277671278833796,
1790848544245636803,1790848544246010558,0x68,joint_2,q_actual,0.2513274122871835,
1790848544250590242,1790848544250968699,0x69,joint_3,q_actual,0.5672320068981571,
1790848544265477984,1790848544265835611,0x68,joint_2,q_actual,0.2513274122871835,
1790848544270631521,1790848544270997728,0x69,joint_3,q_actual,0.5672320068981571,
1790848544285485272,1790848544285844845,0x68,joint_2,q_actual,0.24958208303518908,
1790848544287062631,1790848544287467467,0x68,joint_2,q_leader,0.019941750242513337,
1790848544287062631,1790848544287467467,0x69,joint_3,q_leader,-0.10277671278833796,
1790848544290533296,1790848544290806953,0x69,joint_3,q_actual,0.5672320068981571,
1790848544305664838,1790848544306039008,0x68,joint_2,q_actual,0.24958208303518908,
1790848544310636043,1790848544311006329,0x69,joint_3,q_actual,0.5672320068981571,
1790848544325622835,1790848544325986787,0x68,joint_2,q_actual,0.24783675378319484,
1790848544330628561,1790848544331003319,0x69,joint_3,q_actual,0.5672320068981571,
1790848544337093218,1790848544337387882,0x68,joint_2,q_leader,0.019941750242513337,
1790848544337093218,1790848544337387882,0x69,joint_3,q_leader,-0.10277671278833796,
1790848544345434144,1790848544345719940,0x68,joint_2,q_actual,0.24783675378319484,
1790848544350624223,1790848544351000795,0x69,joint_3,q_actual,0.5672320068981571,
1790848544365616860,1790848544365987981,0x68,joint_2,q_actual,0.24609142453120061,
1790848544370624016,1790848544370999583,0x69,joint_3,q_actual,0.5672320068981571,
1790848544387018008,1790848544387389171,0x68,joint_2,q_leader,0.019941750242513337,
1790848544387018008,1790848544387389171,0x69,joint_3,q_leader,-0.10277671278833796,
1790848544392770559,1790848544393163618,0x68,joint_2,q_actual,0.24609142453120061,
1790848544397883573,1790848544398272833,0x69,joint_3,q_actual,0.5672320068981571,
1790848544401470948,1790848544401693360,0x68,joint_2,q_des,0.02992966959474651,
1790848544401470948,1790848544401693360,0x69,joint_3,q_des,0.5659434630363331,
1790848544401470948,1790848544401717579,0x68,joint_2,q_filtered,0.02992966959474651,
1790848544401470948,1790848544401717579,0x69,joint_3,q_filtered,0.5659434630363331,
1790848544401470948,1790848544401866431,0x68,joint_2,q_cmd,0.22549523132365873,-0.04359955347877484
1790848544401470948,1790848544401866431,0x69,joint_3,q_cmd,0.5659434630363331,0.0
1790848544406418056,1790848544406593121,0x68,joint_2,q_actual,0.24434609527920614,
1790848544410966171,1790848544411135578,0x69,joint_3,q_actual,0.5672320068981571,
1790848544425899344,1790848544426087695,0x68,joint_2,q_actual,0.24434609527920614,
1790848544430961892,1790848544431154788,0x69,joint_3,q_actual,0.5672320068981571,
1790848544435749887,1790848544435927545,0x68,joint_2,q_leader,0.019941750242513337,
1790848544435749887,1790848544435927545,0x69,joint_3,q_leader,-0.10277671278833796,
1790848544445274345,1790848544445483578,0x68,joint_2,q_actual,0.2426007660272119,
1790848544450268715,1790848544450476917,0x69,joint_3,q_actual,0.5672320068981571,
1790848544466820171,1790848544467160236,0x68,joint_2,q_actual,0.2426007660272119,
1790848544471927666,1790848544472196264,0x69,joint_3,q_actual,0.5672320068981571,
1790848544485574575,1790848544485949448,0x68,joint_2,q_actual,0.24085543677521742,
1790848544487226745,1790848544487567585,0x68,joint_2,q_leader,0.019941750242513337,
1790848544487226745,1790848544487567585,0x69,joint_3,q_leader,-0.10277671278833796,
1790848544490324145,1790848544490603797,0x69,joint_3,q_actual,0.5672320068981571,
1790848544505594054,1790848544505941319,0x68,joint_2,q_actual,0.24085543677521742,
1790848544510606621,1790848544510966447,0x69,joint_3,q_actual,0.5672320068981571,
1790848544525581902,1790848544525948216,0x68,joint_2,q_actual,0.2391101075232232,
1790848544530601453,1790848544530974678,0x69,joint_3,q_actual,0.5672320068981571,
1790848544536722447,1790848544537041251,0x68,joint_2,q_leader,0.019941750242513337,
1790848544536722447,1790848544537041251,0x69,joint_3,q_leader,-0.10277671278833796,
1790848544545577366,1790848544545941881,0x68,joint_2,q_actual,0.2391101075232232,
1790848544550621626,1790848544550997426,0x69,joint_3,q_actual,0.5672320068981571,
1790848544565593122,1790848544565958788,0x68,joint_2,q_actual,0.23736477827122895,
1790848544570619190,1790848544570989632,0x69,joint_3,q_actual,0.5672320068981571,
1790848544585574478,1790848544585897865,0x68,joint_2,q_actual,0.23736477827122895,
1790848544587189675,1790848544587533971,0x68,joint_2,q_leader,0.019941750242513337,
1790848544587189675,1790848544587533971,0x69,joint_3,q_leader,-0.10277671278833796,
1790848544590360325,1790848544590644080,0x69,joint_3,q_actual,0.5672320068981571,
1790848544601349068,1790848544601604121,0x68,joint_2,q_des,0.02992966959474651,
1790848544601349068,1790848544601604121,0x69,joint_3,q_des,0.5659434630363331,
1790848544601349068,1790848544601717956,0x68,joint_2,q_filtered,0.02992966959474651,
1790848544601349068,1790848544601717956,0x69,joint_3,q_filtered,0.5659434630363331,
1790848544601349068,1790848544601835678,0x68,joint_2,q_cmd,0.21678083273719312,-0.04363323129985824
1790848544601349068,1790848544601835678,0x69,joint_3,q_cmd,0.5659434630363331,0.0
1790848544605490352,1790848544605823417,0x68,joint_2,q_actual,0.23561944901923448,
1790848544610446130,1790848544610733995,0x69,joint_3,q_actual,0.5672320068981571,
1790848544625483763,1790848544625847931,0x68,joint_2,q_actual,0.23561944901923448,
1790848544630628837,1790848544631003512,0x69,joint_3,q_actual,0.5672320068981571,
1790848544637236489,1790848544637607942,0x68,joint_2,q_leader,0.019941750242513337,
1790848544637236489,1790848544637607942,0x69,joint_3,q_leader,-0.10277671278833796,
1790848544645451344,1790848544645750116,0x68,joint_2,q_actual,0.23561944901923448,
1790848544650624910,1790848544651005012,0x69,joint_3,q_actual,0.5672320068981571,
1790848544665612279,1790848544665986174,0x68,joint_2,q_actual,0.23387411976724026,
1790848544670627644,1790848544671002076,0x69,joint_3,q_actual,0.5672320068981571,
1790848544685600904,1790848544685978981,0x68,joint_2,q_actual,0.23387411976724026,
1790848544687268417,1790848544687650805,0x68,joint_2,q_leader,0.019941750242513337,
1790848544687268417,1790848544687650805,0x69,joint_3,q_leader,-0.10277671278833796,
1790848544690764843,1790848544691059225,0x69,joint_3,q_actual,0.5672320068981571,
1790848544705624498,1790848544706001331,0x68,joint_2,q_actual,0.2321287905152458,
1790848544710439351,1790848544710727423,0x69,joint_3,q_actual,0.5672320068981571,
1790848544725605946,1790848544725979619,0x68,joint_2,q_actual,0.2321287905152458,
1790848544730632282,1790848544731015134,0x69,joint_3,q_actual,0.5672320068981571,
1790848544736977027,1790848544737312792,0x68,joint_2,q_leader,0.019941750242513337,
1790848544736977027,1790848544737312792,0x69,joint_3,q_leader,-0.10277671278833796,
1790848544745605819,1790848544745975286,0x68,joint_2,q_actual,0.23038346126325154,
1790848544750629271,1790848544751005835,0x69,joint_3,q_actual,0.5672320068981571,
1790848544765620641,1790848544766001695,0x68,joint_2,q_actual,0.23038346126325154,
1790848544770618859,1790848544770989142,0x69,joint_3,q_actual,0.5672320068981571,
1790848544785599434,1790848544785970340,0x68,joint_2,q_actual,0.22863813201125732,
1790848544787377067,1790848544787752820,0x68,joint_2,q_leader,0.019941750242513337,
1790848544787377067,1790848544787752820,0x69,joint_3,q_leader,-0.10277671278833796,
1790848544790715212,1790848544790995248,0x69,joint_3,q_actual,0.5672320068981571,
1790848544801668404,1790848544801979046,0x68,joint_2,q_des,0.02992966959474651,
1790848544801668404,1790848544801979046,0x69,joint_3,q_des,0.5659434630363331,
1790848544801668404,1790848544802073674,0x68,joint_2,q_filtered,0.02992966959474651,
1790848544801668404,1790848544802073674,0x69,joint_3,q_filtered,0.5659434630363331,
1790848544801668404,1790848544802217275,0x68,joint_2,q_cmd,0.20805418647722146,-0.04361276056042125
1790848544801668404,1790848544802217275,0x69,joint_3,q_cmd,0.5659434630363331,0.0
1790848544805228655,1790848544805440635,0x68,joint_2,q_actual,0.22863813201125732,
1790848544809945784,1790848544810079756,0x69,joint_3,q_actual,0.5672320068981571,
1790848544825609631,1790848544825980708,0x68,joint_2,q_actual,0.22689280275926285,
1790848544830629403,1790848544830998610,0x69,joint_3,q_actual,0.5672320068981571,
1790848544837034488,1790848544837357796,0x68,joint_2,q_leader,0.019941750242513337,
1790848544837034488,1790848544837357796,0x69,joint_3,q_leader,-0.10277671278833796,
1790848544845388912,1790848544845680142,0x68,joint_2,q_actual,0.22689280275926285,
1790848544850441043,1790848544850734027,0x69,joint_3,q_actual,0.5672320068981571,
1790848544865614865,1790848544865991003,0x68,joint_2,q_actual,0.2251474735072686,
1790848544873746786,1790848544874102532,0x69,joint_3,q_actual,0.5672320068981571,
1790848544885600119,1790848544885975151,0x68,joint_2,q_actual,0.2251474735072686,
1790848544887366175,1790848544887730339,0x68,joint_2,q_leader,0.019941750242513337,
1790848544887366175,1790848544887730339,0x69,joint_3,q_leader,-0.10277671278833796,
1790848544890741752,1790848544891029561,0x69,joint_3,q_actual,0.5672320068981571,
1790848544905480624,1790848544905847573,0x68,joint_2,q_actual,0.22340214425527413,
1790848544910444231,1790848544910727054,0x69,joint_3,q_actual,0.5672320068981571,
1790848544925627115,1790848544926009613,0x68,joint_2,q_actual,0.22340214425527413,
1790848544930626180,1790848544931005040,0x69,joint_3,q_actual,0.5672320068981571,
1790848544937095088,1790848544937473889,0x68,joint_2,q_leader,0.019941750242513337,
1790848544937095088,1790848544937473889,0x69,joint_3,q_leader,-0.10277671278833796,
1790848544945620050,1790848544945996939,0x68,joint_2,q_actual,0.2216568150032799,
1790848544950626177,1790848544951008803,0x69,joint_3,q_actual,0.5672320068981571,
1790848544965618355,1790848544965992104,0x68,joint_2,q_actual,0.2216568150032799,
1790848544970618820,1790848544970999955,0x69,joint_3,q_actual,0.5672320068981571,
1790848544985596324,1790848544985980147,0x68,joint_2,q_actual,0.21991148575128566,
1790848544987379951,1790848544987754704,0x68,joint_2,q_leader,0.019941750242513337,
1790848544987379951,1790848544987754704,0x69,joint_3,q_leader,-0.10277671278833796,
1790848544990699815,1790848544990981816,0x69,joint_3,q_actual,0.5672320068981571,
1790848545001665243,1790848545001957082,0x68,joint_2,q_des,0.02992966959474651,
1790848545001665243,1790848545001957082,0x69,joint_3,q_des,0.5659434630363331,
1790848545001665243,1790848545002097922,0x68,joint_2,q_filtered,0.02992966959474651,
1790848545001665243,1790848545002097922,0x69,joint_3,q_filtered,0.5659434630363331,
1790848545001665243,1790848545002182187,0x68,joint_2,q_cmd,0.1993330424985927,-0.04363323129985824
1790848545001665243,1790848545002182187,0x69,joint_3,q_cmd,0.5659434630363331,0.0
1790848545005232310,1790848545005436159,0x68,joint_2,q_actual,0.21991148575128566,
1790848545010161004,1790848545010412178,0x69,joint_3,q_actual,0.5672320068981571,
1790848545025221729,1790848545025446871,0x68,joint_2,q_actual,0.2181661564992912,
1790848545030239099,1790848545030469671,0x69,joint_3,q_actual,0.5672320068981571,
1790848545035832660,1790848545036064056,0x68,joint_2,q_leader,0.019941750242513337,
1790848545035832660,1790848545036064056,0x69,joint_3,q_leader,-0.10277671278833796,
1790848545045225659,1790848545045425575,0x68,joint_2,q_actual,0.2181661564992912,
1790848545050235362,1790848545050459351,0x69,joint_3,q_actual,0.5672320068981571,
1790848545065218302,1790848545065446954,0x68,joint_2,q_actual,0.21642082724729697,
1790848545070232135,1790848545070457916,0x69,joint_3,q_actual,0.5672320068981571,
1790848545085366448,1790848545085579873,0x68,joint_2,q_actual,0.21642082724729697,
1790848545086224652,1790848545086581635,0x68,joint_2,q_leader,0.019941750242513337,
1790848545086224652,1790848545086581635,0x69,joint_3,q_leader,-0.10277671278833796,
1790848545090318407,1790848545090557440,0x69,joint_3,q_actual,0.5672320068981571,
1790848545105286735,1790848545105501427,0x68,joint_2,q_actual,0.21642082724729697,
1790848545110338671,1790848545110586927,0x69,joint_3,q_actual,0.5672320068981571,
1790848545125483742,1790848545125796864,0x68,joint_2,q_actual,0.21467549799530247,
1790848545130476781,1790848545130790475,0x69,joint_3,q_actual,0.5672320068981571,
1790848545136907467,1790848545137173858,0x68,joint_2,q_leader,0.019941750242513337,
1790848545136907467,1790848545137173858,0x69,joint_3,q_leader,-0.10277671278833796,
1790848545145462200,1790848545145790353,0x68,joint_2,q_actual,0.21467549799530247,
1790848545150470513,1790848545150809784,0x69,joint_3,q_actual,0.5672320068981571,
1790848545165459631,1790848545165776854,0x68,joint_2,q_actual,0.21293016874330825,
1790848545170466388,1790848545170794637,0x69,joint_3,q_actual,0.5672320068981571,
1790848545185466362,1790848545185787477,0x68,joint_2,q_actual,0.21293016874330825,
1790848545186875781,1790848545187185363,0x68,joint_2,q_leader,0.019941750242513337,
1790848545186875781,1790848545187185363,0x69,joint_3,q_leader,-0.10277671278833796,
1790848545190300222,1790848545190550053,0x69,joint_3,q_actual,0.5672320068981571,
1790848545201448954,1790848545201781858,0x68,joint_2,q_des,0.02992966959474651,
1790848545201448954,1790848545201781858,0x69,joint_3,q_des,0.5659434630363331,
1790848545201448954,1790848545201948798,0x68,joint_2,q_filtered,0.02992966959474651,
1790848545201448954,1790848545201948798,0x69,joint_3,q_filtered,0.5659434630363331,
1790848545201448954,1790848545202122224,0x68,joint_2,q_cmd,0.1906242547529443,-0.04363323129985824
1790848545201448954,1790848545202122224,0x69,joint_3,q_cmd,0.5659434630363331,0.0
1790848545205285852,1790848545205518992,0x68,joint_2,q_actual,0.21118483949131403,
1790848545210337537,1790848545210612479,0x69,joint_3,q_actual,0.5672320068981571,
1790848545225308953,1790848545225534710,0x68,joint_2,q_actual,0.21118483949131403,
1790848545230292437,1790848545230534618,0x69,joint_3,q_actual,0.5672320068981571,
1790848545236522275,1790848545236858245,0x68,joint_2,q_leader,0.019941750242513337,
1790848545236522275,1790848545236858245,0x69,joint_3,q_leader,-0.10277671278833796,
1790848545245471984,1790848545245786971,0x68,joint_2,q_actual,0.20943951023931956,
1790848545250472893,1790848545250794848,0x69,joint_3,q_actual,0.5672320068981571,
1790848545265466820,1790848545265779181,0x68,joint_2,q_actual,0.20943951023931956,
1790848545270470728,1790848545270787931,0x69,joint_3,q_actual,0.5672320068981571,
1790848545286597147,1790848545286925802,0x68,joint_2,q_leader,0.019941750242513337,
1790848545286597147,1790848545286925802,0x69,joint_3,q_leader,-0.10277671278833796,
1790848545289916990,1790848545290156968,0x68,joint_2,q_actual,0.2076941809873253,
1790848545293288966,1790848545293519223,0x69,joint_3,q_actual,0.5672320068981571,
1790848545306838080,1790848545307136595,0x68,joint_2,q_actual,0.20594885173533084,
1790848545311840792,1790848545312142035,0x69,joint_3,q_actual,0.5672320068981571,
1790848545326716805,1790848545327050282,0x68,joint_2,q_actual,0.20594885173533084,
1790848545331746713,1790848545332038599,0x69,joint_3,q_actual,0.5672320068981571,
1790848545336441679,1790848545336724830,0x68,joint_2,q_leader,0.019941750242513337,
1790848545336441679,1790848545336724830,0x69,joint_3,q_leader,-0.10277671278833796,
1790848545346703122,1790848545347001146,0x68,joint_2,q_actual,0.20420352248333662,
1790848545351738610,1790848545352040581,0x69,joint_3,q_actual,0.5672320068981571,
1790848545366730861,1790848545367028993,0x68,joint_2,q_actual,0.20420352248333662,
1790848545370475008,1790848545370788253,0x69,joint_3,q_actual,0.5672320068981571,
1790848545385472275,1790848545385789447,0x68,joint_2,q_actual,0.20245819323134237,
1790848545386577269,1790848545386886184,0x68,joint_2,q_leader,0.019941750242513337,
1790848545386577269,1790848545386886184,0x69,joint_3,q_leader,-0.10277671278833796,
1790848545390310563,1790848545390552777,0x69,joint_3,q_actual,0.5672320068981571,
1790848545401130190,1790848545401362781,0x68,joint_2,q_des,0.02992966959474651,
1790848545401130190,1790848545401362781,0x69,joint_3,q_des,0.5659434630363331,
1790848545401130190,1790848545401444006,0x68,joint_2,q_filtered,0.02992966959474651,
1790848545401130190,1790848545401444006,0x69,joint_3,q_filtered,0.5659434630363331,
1790848545401130190,1790848545401590871,0x68,joint_2,q_cmd,0.18190403806774263,-0.04363323129985824
1790848545401130190,1790848545401590871,0x69,joint_3,q_cmd,0.5659434630363331,0.0
1790848545405299889,1790848545405535278,0x68,joint_2,q_actual,0.20245819323134237,
1790848545410492075,1790848545410797567,0x69,joint_3,q_actual,0.5672320068981571,
1790848545425388248,1790848545425690560,0x68,joint_2,q_actual,0.2007128639793479,
1790848545430317687,1790848545430561690,0x69,joint_3,q_actual,0.5672320068981571,
1790848545436437056,1790848545436741603,0x68,joint_2,q_leader,0.019941750242513337,
1790848545436437056,1790848545436741603,0x69,joint_3,q_leader,-0.10277671278833796,
1790848545445461484,1790848545445876313,0x68,joint_2,q_actual,0.2007128639793479,
1790848545450473187,1790848545450791980,0x69,joint_3,q_actual,0.5672320068981571,
1790848545465467593,1790848545465780294,0x68,joint_2,q_actual,0.2007128639793479,
1790848545470477199,1790848545470791684,0x69,joint_3,q_actual,0.5672320068981571,
1790848545485470340,1790848545485787092,0x68,joint_2,q_actual,0.19896753472735368,
1790848545486630085,1790848545486938727,0x68,joint_2,q_leader,0.019941750242513337,
1790848545486630085,1790848545486938727,0x69,joint_3,q_leader,-0.10277671278833796,
1790848545490304028,1790848545490539404,0x69,joint_3,q_actual,0.5672320068981571,
1790848545505477233,1790848545505792113,0x68,joint_2,q_actual,0.19896753472735368,
1790848545510305214,1790848545510541409,0x69,joint_3,q_actual,0.5672320068981571,
1790848545525502220,1790848545525810108,0x68,joint_2,q_actual,0.19722220547535918,
1790848545530479783,1790848545530791869,0x69,joint_3,q_actual,0.5672320068981571,
1790848545536704650,1790848545536980531,0x68,joint_2,q_leader,0.019941750242513337,
1790848545536704650,1790848545536980531,0x69,joint_3,q_leader,-0.10277671278833796,
1790848545545473427,1790848545545787706,0x68,joint_2,q_actual,0.19722220547535918,
1790848545550472179,1790848545550788504,0x69,joint_3,q_actual,0.5672320068981571,
1790848545565485080,1790848545565796459,0x68,joint_2,q_actual,0.19547687622336496,
1790848545570306657,1790848545570545376,0x69,joint_3,q_actual,0.5672320068981571,
1790848545585472993,1790848545585788533,0x68,joint_2,q_actual,0.19547687622336496,
1790848545586886105,1790848545587198008,0x68,joint_2,q_leader,0.019941750242513337,
1790848545586886105,1790848545587198008,0x69,joint_3,q_leader,-0.10277671278833796,
1790848545590311079,1790848545590549346,0x69,joint_3,q_actual,0.5672320068981571,
1790848545601142225,1790848545601371539,0x68,joint_2,q_des,0.02992966959474651,
1790848545601142225,1790848545601371539,0x69,joint_3,q_des,0.5659434630363331,
1790848545601142225,1790848545601450034,0x68,joint_2,q_filtered,0.02992966959474651,
1790848545601142225,1790848545601450034,0x69,joint_3,q_filtered,0.5659434630363331,
1790848545601142225,1790848545601596503,0x68,joint_2,q_cmd,0.1731805569187455,-0.04363323129985824
1790848545601142225,1790848545601596503,0x69,joint_3,q_cmd,0.5659434630363331,0.0
1790848545605301059,1790848545605530925,0x68,joint_2,q_actual,0.19373154697137074,
1790848545610289824,1790848545610521336,0x69,joint_3,q_actual,0.5672320068981571,
1790848545625663663,1790848545626027162,0x68,joint_2,q_actual,0.19373154697137074,
1790848545630494298,1790848545630798541,0x69,joint_3,q_actual,0.5672320068981571,
1790848545636575402,1790848545636852158,0x68,joint_2,q_leader,0.019941750242513337,
1790848545636575402,1790848545636852158,0x69,joint_3,q_leader,-0.10277671278833796,
1790848545645336375,1790848545645623513,0x68,joint_2,q_actual,0.19198621771937624,
1790848545650301886,1790848545650540304,0x69,joint_3,q_actual,0.5672320068981571,
1790848545665326589,1790848545665605405,0x68,joint_2,q_actual,0.19024088846738202,
1790848545670296849,1790848545670541251,0x69,joint_3,q_actual,0.5672320068981571,
1790848545685109850,1790848545685274896,0x68,joint_2,q_actual,0.19024088846738202,
1790848545685861747,1790848545686051741,0x68,joint_2,q_leader,0.019941750242513337,
1790848545685861747,1790848545686051741,0x69,joint_3,q_leader,-0.10277671278833796,
1790848545690091916,1790848545690241181,0x69,joint_3,q_actual,0.5672320068981571,
1790848545705237970,1790848545705471033,0x68,joint_2,q_actual,0.18849555921538755,
1790848545710260871,1790848545710472973,0x69,joint_3,q_actual,0.5672320068981571,
1790848545725276429,1790848545725518122,0x68,joint_2,q_actual,0.18849555921538755,
1790848545730400888,1790848545730687397,0x69,joint_3,q_actual,0.5672320068981571,
1790848545736463885,1790848545736712179,0x68,joint_2,q_leader,0.019941750242513337,
1790848545736463885,1790848545736712179,0x69,joint_3,q_leader,-0.10277671278833796,
1790848545745391476,1790848545745668663,0x68,joint_2,q_actual,0.1867502299633933,
1790848545750403912,1790848545750686993,0x69,joint_3,q_actual,0.5672320068981571,
1790848545765407807,1790848545765684591,0x68,joint_2,q_actual,0.1867502299633933,
1790848545770398169,1790848545770675799,0x69,joint_3,q_actual,0.5672320068981571,
1790848545785402056,1790848545785627894,0x68,joint_2,q_actual,0.18500490071139908,
1790848545786361413,1790848545786638287,0x68,joint_2,q_leader,0.019941750242513337,
1790848545786361413,1790848545786638287,0x69,joint_3,q_leader,-0.10277671278833796,
1790848545790229557,1790848545790463651,0x69,joint_3,q_actual,0.5672320068981571,
1790848545800989637,1790848545801204296,0x68,joint_2,q_des,0.02992966959474651,
1790848545800989637,1790848545801204296,0x69,joint_3,q_des,0.5659434630363331,
1790848545800989637,1790848545801221201,0x68,joint_2,q_filtered,0.02992966959474651,
1790848545800989637,1790848545801221201,0x69,joint_3,q_filtered,0.5659434630363331,
1790848545800989637,1790848545801402917,0x68,joint_2,q_cmd,0.16446063405975112,-0.04363323129985824
1790848545800989637,1790848545801402917,0x69,joint_3,q_cmd,0.5659434630363331,0.0
1790848545805404677,1790848545805681118,0x68,joint_2,q_actual,0.18500490071139908,
1790848545810404814,1790848545810683292,0x69,joint_3,q_actual,0.5672320068981571,
1790848545825406113,1790848545825681229,0x68,joint_2,q_actual,0.1832595714594046,
1790848545830203364,1790848545830435573,0x69,joint_3,q_actual,0.5672320068981571,
1790848545836226871,1790848545836535601,0x68,joint_2,q_leader,0.019941750242513337,
1790848545836226871,1790848545836535601,0x69,joint_3,q_leader,-0.10277671278833796,
1790848545845225117,1790848545845478087,0x68,joint_2,q_actual,0.1832595714594046,
1790848545850412454,1790848545850694704,0x69,joint_3,q_actual,0.5672320068981571,
1790848545865396608,1790848545865675228,0x68,joint_2,q_actual,0.18151424220741036,
1790848545870401026,1790848545870676584,0x69,joint_3,q_actual,0.5672320068981571,
1790848545885376707,1790848545885650960,0x68,joint_2,q_actual,0.1797689129554159,
1790848545886480042,1790848545886748966,0x68,joint_2,q_leader,0.019941750242513337,
1790848545886480042,1790848545886748966,0x69,joint_3,q_leader,-0.10277671278833796,
1790848545890211231,1790848545890435194,0x69,joint_3,q_actual,0.5672320068981571,
1790848545905393811,1790848545905671490,0x68,joint_2,q_actual,0.1797689129554159,
1790848545910399902,1790848545910675943,0x69,joint_3,q_actual,0.5672320068981571,
1790848545925397226,1790848545925674512,0x68,joint_2,q_actual,0.17802358370342167,
1790848545930402470,1790848545930680521,0x69,joint_3,q_actual,0.5672320068981571,
1790848545936188494,1790848545936448057,0x68,joint_2,q_leader,0.019941750242513337,
1790848545936188494,1790848545936448057,0x69,joint_3,q_leader,-0.10277671278833796,
1790848545945404353,1790848545945682456,0x68,joint_2,q_actual,0.17802358370342167,
1790848545950402382,1790848545950684867,0x69,joint_3,q_actual,0.5672320068981571,
1790848545965394864,1790848545965678931,0x68,joint_2,q_actual,0.17627825445142745,
1790848545970263658,1790848545970495350,0x69,joint_3,q_actual,0.5672320068981571,
1790848545985397163,1790848545985681131,0x68,joint_2,q_actual,0.17627825445142745,
1790848545986358259,1790848545986639605,0x68,joint_2,q_leader,0.019941750242513337,
1790848545986358259,1790848545986639605,0x69,joint_3,q_leader,-0.10277671278833796,
1790848545990220167,1790848545990456667,0x69,joint_3,q_actual,0.5672320068981571,
1790848546000980220,1790848546001196377,0x68,joint_2,q_des,0.02992966959474651,
1790848546000980220,1790848546001196377,0x69,joint_3,q_des,0.5659434630363331,
1790848546000980220,1790848546001212988,0x68,joint_2,q_filtered,0.02992966959474651,
1790848546000980220,1790848546001212988,0x69,joint_3,q_filtered,0.5659434630363331,
1790848546000980220,1790848546001377746,0x68,joint_2,q_cmd,0.15573694866359547,-0.04363323129985824
1790848546000980220,1790848546001377746,0x69,joint_3,q_cmd,0.5659434630363331,0.0
1790848546005223444,1790848546005445892,0x68,joint_2,q_actual,0.17453292519943295,
1790848546010391926,1790848546010668607,0x69,joint_3,q_actual,0.5672320068981571,
1790848546025389932,1790848546025666229,0x68,joint_2,q_actual,0.17453292519943295,
1790848546030401825,1790848546030678490,0x69,joint_3,q_actual,0.5672320068981571,
1790848546036468772,1790848546036749134,0x68,joint_2,q_leader,0.019941750242513337,
1790848546036468772,1790848546036749134,0x69,joint_3,q_leader,-0.10277671278833796,
1790848546045119742,1790848546045307827,0x68,joint_2,q_actual,0.17278759594743873,
1790848546050414538,1790848546050717418,0x69,joint_3,q_actual,0.5672320068981571,
1790848546065426381,1790848546065712611,0x68,joint_2,q_actual,0.17278759594743873,
1790848546070638244,1790848546071003774,0x69,joint_3,q_actual,0.5672320068981571,
1790848546085468398,1790848546085836426,0x68,joint_2,q_actual,0.17104226669544426,
1790848546086781413,1790848546087162734,0x68,joint_2,q_leader,0.019941750242513337,
1790848546086781413,1790848546087162734,0x69,joint_3,q_leader,-0.10277671278833796,
1790848546090559466,1790848546090836779,0x69,joint_3,q_actual,0.5672320068981571,
1790848546105607514,1790848546105987272,0x68,joint_2,q_actual,0.17104226669544426,
1790848546110645700,1790848546111018741,0x69,joint_3,q_actual,0.5672320068981571,
1790848546125495205,1790848546125855221,0x68,joint_2,q_actual,0.16929693744345,
1790848546130435681,1790848546130687959,0x69,joint_3,q_actual,0.5672320068981571,
1790848546136713823,1790848546137085777,0x68,joint_2,q_leader,0.019941750242513337,
1790848546136713823,1790848546137085777,0x69,joint_3,q_leader,-0.10277671278833796,
1790848546145452634,1790848546145723403,0x68,joint_2,q_actual,0.16929693744345,
1790848546150438730,1790848546150720670,0x69,joint_3,q_actual,0.5672320068981571,
1790848546168621277,1790848546168963148,0x68,joint_2,q_actual,0.1675516081914558,
1790848546171429323,1790848546171698848,0x69,joint_3,q_actual,0.5672320068981571,
1790848546185504548,1790848546185870479,0x68,joint_2,q_actual,0.1675516081914558,
1790848546187001495,1790848546187373810,0x68,joint_2,q_leader,0.019941750242513337,
1790848546187001495,1790848546187373810,0x69,joint_3,q_leader,-0.10277671278833796,
1790848546190537836,1790848546190812676,0x69,joint_3,q_actual,0.5672320068981571,
1790848546201488963,1790848546201791360,0x68,joint_2,q_des,0.02992966959474651,
1790848546201488963,1790848546201791360,0x69,joint_3,q_des,0.5659434630363331,
1790848546201488963,1790848546201815269,0x68,joint_2,q_filtered,0.02992966959474651,
1790848546201488963,1790848546201815269,0x69,joint_3,q_filtered,0.5659434630363331,
1790848546201488963,1790848546202023919,0x68,joint_2,q_cmd,0.1470103024036238,-0.04359494425805958
1790848546201488963,1790848546202023919,0x69,joint_3,q_cmd,0.5659434630363331,0.0
1790848546205448153,1790848546205731482,0x68,joint_2,q_actual,0.16580627893946132,
1790848546210614194,1790848546210984791,0x69,joint_3,q_actual,0.5672320068981571,
1790848546225626893,1790848546225999974,0x68,joint_2,q_actual,0.16580627893946132,
1790848546230668968,1790848546231063333,0x69,joint_3,q_actual,0.5672320068981571,
1790848546236946468,1790848546237301203,0x68,joint_2,q_leader,0.019941750242513337,
1790848546236946468,1790848546237301203,0x69,joint_3,q_leader,-0.10277671278833796,
1790848546245649168,1790848546246005447,0x68,joint_2,q_actual,0.16580627893946132,
1790848546250467420,1790848546250787914,0x69,joint_3,q_actual,0.5672320068981571,
1790848546265474622,1790848546265804684,0x68,joint_2,q_actual,0.16406094968746707,
1790848546270619779,1790848546270991652,0x69,joint_3,q_actual,0.5672320068981571,
1790848546285627911,1790848546285963751,0x68,joint_2,q_actual,0.16406094968746707,
1790848546287313455,1790848546287681637,0x68,joint_2,q_leader,0.019941750242513337,
1790848546287313455,1790848546287681637,0x69,joint_3,q_leader,-0.10277671278833796,
1790848546290721386,1790848546290995667,0x69,joint_3,q_actual,0.5672320068981571,
1790848546305607624,1790848546305973951,0x68,joint_2,q_actual,0.1623156204354726,
1790848546310630946,1790848546311000026,0x69,joint_3,q_actual,0.5672320068981571,
1790848546325615398,1790848546325976192,0x68,joint_2,q_actual,0.1623156204354726,
1790848546330639171,1790848546331014912,0x69,joint_3,q_actual,0.5672320068981571,
1790848546336972867,1790848546337308820,0x68,joint_2,q_leader,0.019941750242513337,
1790848546336972867,1790848546337308820,0x69,joint_3,q_leader,-0.10277671278833796,
1790848546345603164,1790848546345974070,0x68,joint_2,q_actual,0.16057029118347838,
1790848546350459823,1790848546350742357,0x69,joint_3,q_actual,0.5672320068981571,
1790848546365723864,1790848546366093693,0x68,joint_2,q_actual,0.16057029118347838,
1790848546370448209,1790848546370731690,0x69,joint_3,q_actual,0.5672320068981571,
1790848546385484606,1790848546385815736,0x68,joint_2,q_actual,0.15882496193148413,
1790848546387131751,1790848546387528742,0x68,joint_2,q_leader,0.019941750242513337,
1790848546387131751,1790848546387528742,0x69,joint_3,q_leader,-0.10277671278833796,
1790848546390488815,1790848546390763148,0x69,joint_3,q_actual,0.5672320068981571,
1790848546401305182,1790848546401607045,0x68,joint_2,q_des,0.02992966959474651,
1790848546401305182,1790848546401607045,0x69,joint_3,q_des,0.5659434630363331,
1790848546401305182,1790848546401631061,0x68,joint_2,q_filtered,0.02992966959474651,
1790848546401305182,1790848546401631061,0x69,joint_3,q_filtered,0.5659434630363331,
1790848546401305182,1790848546401846411,0x68,joint_2,q_cmd,0.13829485771044875,-0.04363323129985824
1790848546401305182,1790848546401846411,0x69,joint_3,q_cmd,0.5659434630363331,0.0
1790848546405448247,1790848546405733014,0x68,joint_2,q_actual,0.15882496193148413,
1790848546410620661,1790848546410988496,0x69,joint_3,q_actual,0.5672320068981571,
1790848546425629181,1790848546426003543,0x68,joint_2,q_actual,0.15707963267948966,
1790848546430634534,1790848546431007887,0x69,joint_3,q_actual,0.5672320068981571,
1790848546437017862,1790848546437332008,0x68,joint_2,q_leader,0.019941750242513337,
1790848546437017862,1790848546437332008,0x69,joint_3,q_leader,-0.10277671278833796,
1790848546445614591,1790848546445988463,0x68,joint_2,q_actual,0.15707963267948966,
1790848546450637670,1790848546450991070,0x69,joint_3,q_actual,0.5672320068981571,
1790848546465168285,1790848546465404731,0x68,joint_2,q_actual,0.15533430342749543,
1790848546470141765,1790848546470325414,0x69,joint_3,q_actual,0.5672320068981571,
1790848546485236442,1790848546485427106,0x68,joint_2,q_actual,0.15533430342749543,
1790848546485955737,1790848546486175338,0x68,joint_2,q_leader,0.019941750242513337,
1790848546485955737,1790848546486175338,0x69,joint_3,q_leader,-0.10277671278833796,
1790848546490425388,1790848546490702770,0x69,joint_3,q_actual,0.5672320068981571,
1790848546505318094,1790848546505560285,0x68,joint_2,q_actual,0.15358897417550096,
1790848546510307839,1790848546510547336,0x69,joint_3,q_actual,0.5672320068981571,
1790848546525298997,1790848546525538152,0x68,joint_2,q_actual,0.15358897417550096,
1790848546530337517,1790848546530582920,0x69,joint_3,q_actual,0.5672320068981571,
1790848546535982060,1790848546536181090,0x68,joint_2,q_leader,0.019941750242513337,
1790848546535982060,1790848546536181090,0x69,joint_3,q_leader,-0.10277671278833796,
1790848546545138468,1790848546545320928,0x68,joint_2,q_actual,0.15184364492350672,
1790848546550305088,1790848546550547533,0x69,joint_3,q_actual,0.5672320068981571,
1790848546565346134,1790848546565607796,0x68,joint_2,q_actual,0.15184364492350672,
1790848546570319429,1790848546570561839,0x69,joint_3,q_actual,0.5672320068981571,
1790848546585309300,1790848546585555295,0x68,joint_2,q_actual,0.1500983156715125,
1790848546586268941,1790848546586509086,0x68,joint_2,q_leader,0.019941750242513337,
1790848546586268941,1790848546586509086,0x69,joint_3,q_leader,-0.10277671278833796,
1790848546590324872,1790848546590568815,0x69,joint_3,q_actual,0.5672320068981571,
1790848546600798968,1790848546600999254,0x68,joint_2,q_des,0.02992966959474651,
1790848546600798968,1790848546600999254,0x69,joint_3,q_des,0.5659434630363331,
1790848546600798968,1790848546601013451,0x68,joint_2,q_filtered,0.02992966959474651,
1790848546600798968,1790848546601013451,0x69,joint_3,q_filtered,0.5659434630363331,
1790848546600798968,1790848546601129905,0x68,joint_2,q_cmd,0.12958004875343715,-0.04363323129985824
1790848546600798968,1790848546601129905,0x69,joint_3,q_cmd,0.5659434630363331,0.0
1790848546605304213,1790848546605546499,0x68,joint_2,q_actual,0.1500983156715125,
1790848546610330767,1790848546610570612,0x69,joint_3,q_actual,0.5672320068981571,
1790848546625322194,1790848546625566314,0x68,joint_2,q_actual,0.14835298641951802,
1790848546630319611,1790848546630558202,0x69,joint_3,q_actual,0.5672320068981571,
1790848546635987336,1790848546636179638,0x68,joint_2,q_leader,0.019941750242513337,
1790848546635987336,1790848546636179638,0x69,joint_3,q_leader,-0.10277671278833796,
1790848546645312953,1790848546645572832,0x68,joint_2,q_actual,0.14835298641951802,
1790848546650290720,1790848546650521510,0x69,joint_3,q_actual,0.5672320068981571,
1790848546665202444,1790848546665442941,0x68,joint_2,q_actual,0.14660765716752377,
1790848546670136135,1790848546670314770,0x69,joint_3,q_actual,0.5672320068981571,
1790848546685304166,1790848546685547055,0x68,joint_2,q_actual,0.14660765716752377,
1790848546686312697,1790848546686556213,0x68,joint_2,q_leader,0.019941750242513337,
1790848546686312697,1790848546686556213,0x69,joint_3,q_leader,-0.10277671278833796,
1790848546690318364,1790848546690556319,0x69,joint_3,q_actual,0.5672320068981571,
1790848546705319337,1790848546705564046,0x68,joint_2,q_actual,0.1448623279155293,
1790848546710328466,1790848546710590725,0x69,joint_3,q_actual,0.5672320068981571,
1790848546725325319,1790848546725570057,0x68,joint_2,q_actual,0.14311699866353508,
1790848546730317147,1790848546730557368,0x69,joint_3,q_actual,0.5672320068981571,
1790848546736111075,1790848546736374534,0x68,joint_2,q_leader,0.019941750242513337,
1790848546736111075,1790848546736374534,0x69,joint_3,q_leader,-0.10277671278833796,
1790848546745213344,1790848546745468862,0x68,joint_2,q_actual,0.14311699866353508,
1790848546750313259,1790848546750561135,0x69,joint_3,q_actual,0.5672320068981571,
1790848546765323969,1790848546765564916,0x68,joint_2,q_actual,0.14311699866353508,
1790848546770331861,1790848546770573738,0x69,joint_3,q_actual,0.5672320068981571,
1790848546785316455,1790848546785563891,0x68,joint_2,q_actual,0.14137166941154083,
1790848546786160922,1790848546786414940,0x68,joint_2,q_leader,0.019941750242513337,
1790848546786160922,1790848546786414940,0x69,joint_3,q_leader,-0.10277671278833796,
1790848546790324549,1790848546790564408,0x69,joint_3,q_actual,0.5672320068981571,
1790848546800806407,1790848546800997956,0x68,joint_2,q_des,0.02992966959474651,
1790848546800806407,1790848546800997956,0x69,joint_3,q_des,0.5659434630363331,
1790848546800806407,1790848546801011846,0x68,joint_2,q_filtered,0.02992966959474651,
1790848546800806407,1790848546801011846,0x69,joint_3,q_filtered,0.5659434630363331,
1790848546800806407,1790848546801136183,0x68,joint_2,q_cmd,0.1208554231483958,-0.04363323129985824
1790848546800806407,1790848546801136183,0x69,joint_3,q_cmd,0.5659434630363331,0.0
1790848546805306216,1790848546805547583,0x68,joint_2,q_actual,0.14137166941154083,
1790848546810345677,1790848546810597663,0x69,joint_3,q_actual,0.5672320068981571,
1790848546825318652,1790848546825553501,0x68,joint_2,q_actual,0.13962634015954636,
1790848546830336034,1790848546830576871,0x69,joint_3,q_actual,0.5672320068981571,
1790848546836118905,1790848546836367123,0x68,joint_2,q_leader,0.019941750242513337,
1790848546836118905,1790848546836367123,0x69,joint_3,q_leader,-0.10277671278833796,
1790848546845263681,1790848546845502393,0x68,joint_2,q_actual,0.13962634015954636,
1790848546850310451,1790848546850549674,0x69,joint_3,q_actual,0.5672320068981571,
1790848546865311195,1790848546865562479,0x68,joint_2,q_actual,0.13788101090755214,
1790848546870188067,1790848546870438144,0x69,joint_3,q_actual,0.5672320068981571,
1790848546886019992,1790848546886273808,0x68,joint_2,q_leader,0.019941750242513337,
1790848546886019992,1790848546886273808,0x69,joint_3,q_leader,-0.10277671278833796,
1790848546887666983,1790848546887830368,0x68,joint_2,q_actual,0.13788101090755214,
1790848546890281166,1790848546890464495,0x69,joint_3,q_actual,0.5672320068981571,
1790848546905315417,1790848546905552924,0x68,joint_2,q_actual,0.13788101090755214,
1790848546910332807,1790848546910581394,0x69,joint_3,q_actual,0.5672320068981571,
1790848546925303771,1790848546925543664,0x68,joint_2,q_actual,0.13613568165555764,
1790848546930331465,1790848546930568774,0x69,joint_3,q_actual,0.5672320068981571,
1790848546936098841,1790848546936351695,0x68,joint_2,q_leader,0.019941750242513337,
1790848546936098841,1790848546936351695,0x69,joint_3,q_leader,-0.10277671278833796,
1790848546945346073,1790848546945585246,0x68,joint_2,q_actual,0.13613568165555764,
1790848546950311254,1790848546950551766,0x69,joint_3,q_actual,0.5672320068981571,
1790848546965321310,1790848546965564293,0x68,joint_2,q_actual,0.13439035240356342,
1790848546970320162,1790848546970560517,0x69,joint_3,q_actual,0.5672320068981571,
1790848546985324381,1790848546985540594,0x68,joint_2,q_actual,0.13439035240356342,
1790848546986081310,1790848546986333219,0x68,joint_2,q_leader,0.019941750242513337,
1790848546986081310,1790848546986333219,0x69,joint_3,q_leader,-0.10277671278833796,
1790848546990208513,1790848546990429248,0x69,joint_3,q_actual,0.5672320068981571,
1790848547000811036,1790848547001002431,0x68,joint_2,q_des,0.02992966959474651,
1790848547000811036,1790848547001002431,0x69,joint_3,q_des,0.5659434630363331,
1790848547000811036,1790848547001017862,0x68,joint_2,q_filtered,0.02992966959474651,
1790848547000811036,1790848547001017862,0x69,joint_3,q_filtered,0.5659434630363331,
1790848547000811036,1790848547001155220,0x68,joint_2,q_cmd,0.11213103451544751,-0.04363323129985824
1790848547000811036,1790848547001155220,0x69,joint_3,q_cmd,0.5659434630363331,0.0
1790848547005330793,1790848547005587306,0x68,joint_2,q_actual,0.1326450231515692,
1790848547010321255,1790848547010561620,0x69,joint_3,q_actual,0.5672320068981571,
1790848547025306672,1790848547025548819,0x68,joint_2,q_actual,0.1326450231515692,
1790848547030337670,1790848547030583477,0x69,joint_3,q_actual,0.5672320068981571,
1790848547036189932,1790848547036455425,0x68,joint_2,q_leader,0.019941750242513337,
1790848547036189932,1790848547036455425,0x69,joint_3,q_leader,-0.10277671278833796,
1790848547045175096,1790848547045380446,0x68,joint_2,q_actual,0.1308996938995747,
1790848547050317654,1790848547050553087,0x69,joint_3,q_actual,0.5672320068981571,
1790848547065290003,1790848547065529404,0x68,joint_2,q_actual,0.1308996938995747,
1790848547070151754,1790848547070360365,0x69,joint_3,q_actual,0.5672320068981571,
1790848547085184025,1790848547085403016,0x68,joint_2,q_actual,0.12915436464758048,
1790848547086007361,1790848547086235937,0x68,joint_2,q_leader,0.019941750242513337,
1790848547086007361,1790848547086235937,0x69,joint_3,q_leader,-0.10277671278833796,
1790848547090141162,1790848547090332241,0x69,joint_3,q_actual,0.5672320068981571,
1790848547105327531,1790848547105538749,0x68,joint_2,q_actual,0.12915436464758048,
1790848547110313431,1790848547110550576,0x69,joint_3,q_actual,0.5672320068981571,
1790848547125311662,1790848547125550476,0x68,joint_2,q_actual,0.127409035395586,
1790848547130334567,1790848547130574966,0x69,joint_3,q_actual,0.5672320068981571,
1790848547136040031,1790848547136233040,0x68,joint_2,q_leader,0.019941750242513337,
1790848547136040031,1790848547136233040,0x69,joint_3,q_leader,-0.10277671278833796,
1790848547145322701,1790848547145587172,0x68,joint_2,q_actual,0.127409035395586,
1790848547150329256,1790848547150620954,0x69,joint_3,q_actual,0.5672320068981571,
1790848547165156772,1790848547165376092,0x68,joint_2,q_actual,0.12566370614359176,
1790848547170099218,1790848547170273826,0x69,joint_3,q_actual,0.5672320068981571,
1790848547185498842,1790848547185821476,0x68,joint_2,q_actual,0.12566370614359176,
1790848547186847177,1790848547187171905,0x68,joint_2,q_leader,0.019941750242513337,
1790848547186847177,1790848547187171905,0x69,joint_3,q_leader,-0.10277671278833796,
1790848547190359122,1790848547190607179,0x69,joint_3,q_actual,0.5672320068981571,
1790848547201453448,1790848547201712439,0x68,joint_2,q_des,0.02992966959474651,
1790848547201453448,1790848547201712439,0x69,joint_3,q_des,0.5659434630363331,
1790848547201453448,1790848547201734031,0x68,joint_2,q_filtered,0.02992966959474651,
1790848547201453448,1790848547201734031,0x69,joint_3,q_filtered,0.5659434630363331,
1790848547201453448,1790848547201921894,0x68,joint_2,q_cmd,0.10340438825547586,-0.043593044397894756
1790848547201453448,1790848547201921894,0x69,joint_3,q_cmd,0.5659434630363331,0.0
1790848547205363985,1790848547205619107,0x68,joint_2,q_actual,0.12391837689159754,
1790848547210526354,1790848547210860669,0x69,joint_3,q_actual,0.5672320068981571,
1790848547225521970,1790848547225855785,0x68,joint_2,q_actual,0.12391837689159754,
1790848547230541100,1790848547230880568,0x69,joint_3,q_actual,0.5672320068981571,
1790848547236691253,1790848547236969452,0x68,joint_2,q_leader,0.019941750242513337,
1790848547236691253,1790848547236969452,0x69,joint_3,q_leader,-0.10277671278833796,
1790848547245524879,1790848547245903145,0x68,joint_2,q_actual,0.12217304763960307,
1790848547250568094,1790848547250991949,0x69,joint_3,q_actual,0.5672320068981571,
1790848547265538626,1790848547265880053,0x68,joint_2,q_actual,0.12217304763960307,
1790848547270537225,1790848547270875792,0x69,joint_3,q_actual,0.5672320068981571,
1790848547285549101,1790848547285850606,0x68,joint_2,q_actual,0.12042771838760884,
1790848547286407475,1790848547286669059,0x68,joint_2,q_leader,0.019941750242513337,
1790848547286407475,1790848547286669059,0x69,joint_3,q_leader,-0.10277671278833796,
1790848547290539801,1790848547290852989,0x69,joint_3,q_actual,0.5672320068981571,
1790848547305465608,1790848547305802609,0x68,joint_2,q_actual,0.12042771838760884,
1790848547310531353,1790848547310874533,0x69,joint_3,q_actual,0.5672320068981571,
1790848547325551910,1790848547325876738,0x68,joint_2,q_actual,0.11868238913561437,
1790848547330539166,1790848547330878407,0x69,joint_3,q_actual,0.5672320068981571,
1790848547336474101,1790848547336739430,0x68,joint_2,q_leader,0.019941750242513337,
1790848547336474101,1790848547336739430,0x69,joint_3,q_leader,-0.10277671278833796,
1790848547345587138,1790848547345938822,0x68,joint_2,q_actual,0.11868238913561437,
1790848547350568523,1790848547350993027,0x69,joint_3,q_actual,0.5672320068981571,
1790848547365533714,1790848547365870688,0x68,joint_2,q_actual,0.11693705988362013,
1790848547370493424,1790848547370827618,0x69,joint_3,q_actual,0.5672320068981571,
1790848547385534069,1790848547385915485,0x68,joint_2,q_actual,0.11693705988362013,
1790848547386471283,1790848547386718769,0x68,joint_2,q_leader,0.019941750242513337,
1790848547386471283,1790848547386718769,0x69,joint_3,q_leader,-0.10277671278833796,
1790848547390370359,1790848547390626648,0x69,joint_3,q_actual,0.5672320068981571,
1790848547401282583,1790848547401554989,0x68,joint_2,q_des,0.02992966959474651,
1790848547401282583,1790848547401554989,0x69,joint_3,q_des,0.5659434630363331,
1790848547401282583,1790848547401583485,0x68,joint_2,q_filtered,0.02992966959474651,
1790848547401282583,1790848547401583485,0x69,joint_3,q_filtered,0.5659434630363331,
1790848547401282583,1790848547401753944,0x68,joint_2,q_cmd,0.09468488056667182,-0.04363323129985824
1790848547401282583,1790848547401753944,0x69,joint_3,q_cmd,0.5659434630363331,0.0
1790848547405342381,1790848547405596612,0x68,joint_2,q_actual,0.1151917306316259,
1790848547410517319,1790848547410852516,0x69,joint_3,q_actual,0.5672320068981571,
1790848547425517206,1790848547425853081,0x68,joint_2,q_actual,0.1151917306316259,
1790848547430542897,1790848547430882536,0x69,joint_3,q_actual,0.5672320068981571,
1790848547436430077,1790848547436689891,0x68,joint_2,q_leader,0.019941750242513337,
1790848547436430077,1790848547436689891,0x69,joint_3,q_leader,-0.10277671278833796,
1790848547445533587,1790848547445871987,0x68,joint_2,q_actual,0.11344640137963143,
1790848547450527766,1790848547450866718,0x69,joint_3,q_actual,0.5672320068981571,
1790848547465528213,1790848547465862687,0x68,joint_2,q_actual,0.11170107212763719,
1790848547470466624,1790848547470796661,0x69,joint_3,q_actual,0.5672320068981571,
1790848547485391251,1790848547485715355,0x68,joint_2,q_actual,0.11170107212763719,
1790848547486620686,1790848547486947024,0x68,joint_2,q_leader,0.019941750242513337,
1790848547486620686,1790848547486947024,0x69,joint_3,q_leader,-0.10277671278833796,
1790848547490388415,1790848547490640660,0x69,joint_3,q_actual,0.5672320068981571,
1790848547505367213,1790848547505656316,0x68,joint_2,q_actual,0.1099557428756427,
1790848547510528806,1790848547510870316,0x69,joint_3,q_actual,0.5672320068981571,
1790848547525531288,1790848547525863924,0x68,joint_2,q_actual,0.1099557428756427,
1790848547530549280,1790848547530877268,0x69,joint_3,q_actual,0.5672320068981571,
1790848547536766239,1790848547537039280,0x68,joint_2,q_leader,0.019941750242513337,
1790848547536766239,1790848547537039280,0x69,joint_3,q_leader,-0.10277671278833796,
1790848547545529982,1790848547545871439,0x68,joint_2,q_actual,0.10821041362364849,
1790848547550590854,1790848547550927145,0x69,joint_3,q_actual,0.5672320068981571,
1790848547565531586,1790848547565869448,0x68,joint_2,q_actual,0.10821041362364849,
1790848547570512859,1790848547570848501,0x69,joint_3,q_actual,0.5672320068981571,
1790848547585624917,1790848547585967200,0x68,joint_2,q_actual,0.10646508437165425,
1790848547587136844,1790848547587501148,0x68,joint_2,q_leader,0.019941750242513337,
1790848547587136844,1790848547587501148,0x69,joint_3,q_leader,-0.10277671278833796,
1790848547590310287,1790848547590557747,0x69,joint_3,q_actual,0.5672320068981571,
1790848547601285920,1790848547601531689,0x68,joint_2,q_des,0.02992966959474651,
1790848547601285920,1790848547601531689,0x69,joint_3,q_des,0.5659434630363331,
1790848547601285920,1790848547601604083,0x68,joint_2,q_filtered,0.02992966959474651,
1790848547601285920,1790848547601604083,0x69,joint_3,q_filtered,0.5659434630363331,
1790848547601285920,1790848547601758265,0x68,joint_2,q_cmd,0.08596182270363956,-0.04363323129985824
1790848547601285920,1790848547601758265,0x69,joint_3,q_cmd,0.5659434630363331,0.0
1790848547605529421,1790848547605853857,0x68,joint_2,q_actual,0.10646508437165425,
1790848547610532921,1790848547610858510,0x69,joint_3,q_actual,0.5672320068981571,
1790848547625519066,1790848547625848436,0x68,joint_2,q_actual,0.10471975511965978,
1790848547630542992,1790848547630862820,0x69,joint_3,q_actual,0.5672320068981571,
1790848547636636711,1790848547636953759,0x68,joint_2,q_leader,0.019941750242513337,
1790848547636636711,1790848547636953759,0x69,joint_3,q_leader,-0.10277671278833796,
1790848547645524511,1790848547645858707,0x68,joint_2,q_actual,0.10471975511965978,
1790848547650534532,1790848547650864632,0x69,joint_3,q_actual,0.5672320068981571,
1790848547665547641,1790848547665879256,0x68,joint_2,q_actual,0.10297442586766554,
1790848547670515938,1790848547670837899,0x69,joint_3,q_actual,0.5672320068981571,
1790848547685073288,1790848547685218740,0x68,joint_2,q_actual,0.10297442586766554,
1790848547685655334,1790848547685780334,0x68,joint_2,q_leader,0.019941750242513337,
1790848547685655334,1790848547685780334,0x69,joint_3,q_leader,-0.10277671278833796,
1790848547690115562,1790848547690255468,0x69,joint_3,q_actual,0.5672320068981571,
1790848547704958094,1790848547705079542,0x68,joint_2,q_actual,0.10122909661567106,
1790848547710039571,1790848547710133517,0x69,joint_3,q_actual,0.5672320068981571,
1790848547725406783,1790848547725670435,0x68,joint_2,q_actual,0.10122909661567106,
1790848547730621776,1790848547730974073,0x69,joint_3,q_actual,0.5672320068981571,
1790848547736875730,1790848547737223972,0x68,joint_2,q_leader,0.019941750242513337,
1790848547736875730,1790848547737223972,0x69,joint_3,q_leader,-0.10277671278833796,
1790848547745462568,1790848547745735878,0x68,joint_2,q_actual,0.09948376736367684,
1790848547750606808,1790848547750949499,0x69,joint_3,q_actual,0.5672320068981571,
1790848547765612542,1790848547765959633,0x68,joint_2,q_actual,0.09948376736367684,
1790848547770624940,1790848547770971212,0x69,joint_3,q_actual,0.5672320068981571,
1790848547785618311,1790848547785971681,0x68,joint_2,q_actual,0.0977384381116826,
1790848547787092589,1790848547787440692,0x68,joint_2,q_leader,0.019941750242513337,
1790848547787092589,1790848547787440692,0x69,joint_3,q_leader,-0.10277671278833796,
1790848547790739453,1790848547791000787,0x69,joint_3,q_actual,0.5672320068981571,
1790848547801467568,1790848547801722967,0x68,joint_2,q_des,0.02992966959474651,
1790848547801467568,1790848547801722967,0x69,joint_3,q_des,0.5659434630363331,
1790848547801467568,1790848547801888666,0x68,joint_2,q_filtered,0.02992966959474651,
1790848547801467568,1790848547801888666,0x69,joint_3,q_filtered,0.5659434630363331,
1790848547801467568,1790848547801912895,0x68,joint_2,q_cmd,0.07723524634408749,-0.04363323129985824
1790848547801467568,1790848547801912895,0x69,joint_3,q_cmd,0.5659434630363331,0.0
1790848547805464143,1790848547805750110,0x68,joint_2,q_actual,0.0977384381116826,
1790848547810428703,1790848547810711087,0x69,joint_3,q_actual,0.5672320068981571,
1790848547825656676,1790848547826004362,0x68,joint_2,q_actual,0.09599310885968812,
1790848547830608476,1790848547830962304,0x69,joint_3,q_actual,0.5672320068981571,
1790848547837055325,1790848547837408725,0x68,joint_2,q_leader,0.019941750242513337,
1790848547837055325,1790848547837408725,0x69,joint_3,q_leader,-0.10277671278833796,
1790848547845595319,1790848547845959339,0x68,joint_2,q_actual,0.09599310885968812,
1790848547850588603,1790848547850946915,0x69,joint_3,q_actual,0.5672320068981571,
1790848547865579332,1790848547865932120,0x68,joint_2,q_actual,0.0942477796076939,
1790848547870592615,1790848547870952311,0x69,joint_3,q_actual,0.5672320068981571,
1790848547886930143,1790848547887221507,0x68,joint_2,q_leader,0.019941750242513337,
1790848547886930143,1790848547887221507,0x69,joint_3,q_leader,-0.10277671278833796,
1790848547888732182,1790848547889020712,0x68,joint_2,q_actual,0.0942477796076939,
1790848547893150869,1790848547893444696,0x69,joint_3,q_actual,0.5672320068981571,
1790848547906995958,1790848547907300016,0x68,joint_2,q_actual,0.0942477796076939,
1790848547911965706,1790848547912238281,0x69,joint_3,q_actual,0.5672320068981571,
1790848547926375185,1790848547926615020,0x68,joint_2,q_actual,0.09250245035569941,
1790848547930451477,1790848547930738932,0x69,joint_3,q_actual,0.5672320068981571,
1790848547936149873,1790848547936372902,0x68,joint_2,q_leader,0.019941750242513337,
1790848547936149873,1790848547936372902,0x69,joint_3,q_leader,-0.10277671278833796,
1790848547946578070,1790848547946848265,0x68,joint_2,q_actual,0.09250245035569941,
1790848547951543561,1790848547951818349,0x69,joint_3,q_actual,0.5672320068981571,
1790848547966413925,1790848547966684509,0x68,joint_2,q_actual,0.09075712110370518,
1790848547970216893,1790848547970450997,0x69,joint_3,q_actual,0.5672320068981571,
1790848547985417071,1790848547985708814,0x68,joint_2,q_actual,0.09075712110370518,
1790848547986591236,1790848547986809123,0x68,joint_2,q_leader,0.019941750242513337,
1790848547986591236,1790848547986809123,0x69,joint_3,q_leader,-0.10277671278833796,
1790848547990413589,1790848547990696351,0x69,joint_3,q_actual,0.5672320068981571,
1790848548001030962,1790848548001336774,0x68,joint_2,q_des,0.02992966959474651,
1790848548001030962,1790848548001336774,0x69,joint_3,q_des,0.5659434630363331,
1790848548001030962,1790848548001389842,0x68,joint_2,q_filtered,0.02992966959474651,
1790848548001030962,1790848548001389842,0x69,joint_3,q_filtered,0.5659434630363331,
1790848548001030962,1790848548001551160,0x68,joint_2,q_cmd,0.06852188539949461,-0.04363323129985824
1790848548001030962,1790848548001551160,0x69,joint_3,q_cmd,0.5659434630363331,0.0
1790848548005411829,1790848548005699130,0x68,joint_2,q_actual,0.08901179185171096,
1790848548010393748,1790848548010674838,0x69,joint_3,q_actual,0.5672320068981571,
1790848548025405992,1790848548025668726,0x68,joint_2,q_actual,0.08901179185171096,
1790848548030415295,1790848548030696839,0x69,joint_3,q_actual,0.5672320068981571,
1790848548036278871,1790848548036509498,0x68,joint_2,q_leader,0.019941750242513337,
1790848548036278871,1790848548036509498,0x69,joint_3,q_leader,-0.10277671278833796,
1790848548045419404,1790848548045703176,0x68,joint_2,q_actual,0.08726646259971647,
1790848548050418215,1790848548050714893,0x69,joint_3,q_actual,0.5672320068981571,
1790848548065400656,1790848548065686013,0x68,joint_2,q_actual,0.08726646259971647,
1790848548070418273,1790848548070709566,0x69,joint_3,q_actual,0.5672320068981571,
1790848548085421842,1790848548085713046,0x68,joint_2,q_actual,0.08552113334772225,
1790848548086392884,1790848548086616173,0x68,joint_2,q_leader,0.019941750242513337,
1790848548086392884,1790848548086616173,0x69,joint_3,q_leader,-0.10277671278833796,
1790848548090427940,1790848548090722643,0x69,joint_3,q_actual,0.5672320068981571,
1790848548105294806,1790848548105618945,0x68,joint_2,q_actual,0.08552113334772225,
1790848548110229391,1790848548110467981,0x69,joint_3,q_actual,0.5672320068981571,
1790848548125282129,1790848548125540716,0x68,joint_2,q_actual,0.08377580409572777,
1790848548130224931,1790848548130442157,0x69,joint_3,q_actual,0.5672320068981571,
1790848548136196625,1790848548136435340,0x68,joint_2,q_leader,0.019941750242513337,
1790848548136196625,1790848548136435340,0x69,joint_3,q_leader,-0.10277671278833796,
1790848548145422683,1790848548145710795,0x68,joint_2,q_actual,0.08377580409572777,
1790848548150416208,1790848548150708451,0x69,joint_3,q_actual,0.5672320068981571,
1790848548165426537,1790848548165718890,0x68,joint_2,q_actual,0.08203047484373353,
1790848548170435259,1790848548170740397,0x69,joint_3,q_actual,0.5672320068981571,
1790848548185236454,1790848548185537632,0x68,joint_2,q_actual,0.08203047484373353,
1790848548186434624,1790848548186648606,0x68,joint_2,q_leader,0.019941750242513337,
1790848548186434624,1790848548186648606,0x69,joint_3,q_leader,-0.10277671278833796,
1790848548190203627,1790848548190419313,0x69,joint_3,q_actual,0.5672320068981571,
1790848548200745968,1790848548200927608,0x68,joint_2,q_des,0.02992966959474651,
1790848548200745968,1790848548200927608,0x69,joint_3,q_des,0.5659434630363331,
1790848548200745968,1790848548201000017,0x68,joint_2,q_filtered,0.02992966959474651,
1790848548200745968,1790848548201000017,0x69,joint_3,q_filtered,0.5659434630363331,
1790848548200745968,1790848548201145281,0x68,joint_2,q_cmd,0.059805860515247486,-0.04363323129985824
1790848548200745968,1790848548201145281,0x69,joint_3,q_cmd,0.5659434630363331,0.0
1790848548205216599,1790848548205444145,0x68,joint_2,q_actual,0.08028514559173931,
1790848548210407962,1790848548210700360,0x69,joint_3,q_actual,0.5672320068981571,
1790848548225417730,1790848548225709156,0x68,joint_2,q_actual,0.08028514559173931,
1790848548230329126,1790848548230578898,0x69,joint_3,q_actual,0.5672320068981571,
1790848548236712032,1790848548236951990,0x68,joint_2,q_leader,0.019941750242513337,
1790848548236712032,1790848548236951990,0x69,joint_3,q_leader,-0.10277671278833796,
1790848548245234530,1790848548245468661,0x68,joint_2,q_actual,0.07853981633974483,
1790848548250414289,1790848548250708812,0x69,joint_3,q_actual,0.5672320068981571,
1790848548265404884,1790848548265698249,0x68,joint_2,q_actual,0.07853981633974483,
1790848548270402458,1790848548270698021,0x69,joint_3,q_actual,0.5672320068981571,
1790848548285423867,1790848548285719877,0x68,joint_2,q_actual,0.0767944870877506,
1790848548286480658,1790848548286703683,0x68,joint_2,q_leader,0.019941750242513337,
1790848548286480658,1790848548286703683,0x69,joint_3,q_leader,-0.10277671278833796,
1790848548290210622,1790848548290442144,0x69,joint_3,q_actual,0.5672320068981571,
1790848548305401649,1790848548305688095,0x68,joint_2,q_actual,0.07504915783575612,
1790848548310235056,1790848548310474575,0x69,joint_3,q_actual,0.5672320068981571,
1790848548325409983,1790848548325683206,0x68,joint_2,q_actual,0.07504915783575612,
1790848548330217429,1790848548330459408,0x69,joint_3,q_actual,0.5672320068981571,
1790848548336279161,1790848548336494851,0x68,joint_2,q_leader,0.019941750242513337,
1790848548336279161,1790848548336494851,0x69,joint_3,q_leader,-0.10277671278833796,
1790848548345400453,1790848548345683822,0x68,joint_2,q_actual,0.07330382858376189,
1790848548350423913,1790848548350720732,0x69,joint_3,q_actual,0.5672320068981571,
1790848548365408645,1790848548365698994,0x68,joint_2,q_actual,0.07330382858376189,
1790848548370412780,1790848548370707852,0x69,joint_3,q_actual,0.5672320068981571,
1790848548385412768,1790848548385698558,0x68,joint_2,q_actual,0.07155849933176767,
1790848548386663077,1790848548386895055,0x68,joint_2,q_leader,0.019941750242513337,
1790848548386663077,1790848548386895055,0x69,joint_3,q_leader,-0.10277671278833796,
1790848548390421151,1790848548390708308,0x69,joint_3,q_actual,0.5672320068981571,
1790848548401029685,1790848548401318301,0x68,joint_2,q_des,0.02992966959474651,
1790848548401029685,1790848548401318301,0x69,joint_3,q_des,0.5659434630363331,
1790848548401029685,1790848548401335394,0x68,joint_2,q_filtered,0.02992966959474651,
1790848548401029685,1790848548401335394,0x69,joint_3,q_filtered,0.5659434630363331,
1790848548401029685,1790848548401379573,0x68,joint_2,q_cmd,0.05107921425527583,-0.04361284839904463
1790848548401029685,1790848548401379573,0x69,joint_3,q_cmd,0.5659434630363331,0.0
1790848548405235777,1790848548405465546,0x68,joint_2,q_actual,0.07155849933176767,
1790848548410400919,1790848548410663758,0x69,joint_3,q_actual,0.5672320068981571,
1790848548425395355,1790848548425684646,0x68,joint_2,q_actual,0.06981317007977318,
1790848548430436588,1790848548430722835,0x69,joint_3,q_actual,0.5672320068981571,
1790848548436448608,1790848548436698320,0x68,joint_2,q_leader,0.019941750242513337,
1790848548436448608,1790848548436698320,0x69,joint_3,q_leader,-0.10277671278833796,
1790848548448600039,1790848548448869524,0x68,joint_2,q_actual,0.06981317007977318,
1790848548451705895,1790848548451909642,0x69,joint_3,q_actual,0.5672320068981571,
1790848548466571726,1790848548466853595,0x68,joint_2,q_actual,0.06806784082777895,
1790848548471647574,1790848548471928434,0x69,joint_3,q_actual,0.5672320068981571,
1790848548486342916,1790848548486601687,0x68,joint_2,q_leader,0.019941750242513337,
1790848548486342916,1790848548486601687,0x69,joint_3,q_leader,-0.10277671278833796,
1790848548486637635,1790848548486869075,0x68,joint_2,q_actual,0.06806784082777895,
1790848548491311916,1790848548491515767,0x69,joint_3,q_actual,0.5672320068981571,
1790848548506562277,1790848548506839879,0x68,joint_2,q_actual,0.06632251157578448,
1790848548511302530,1790848548511515599,0x69,joint_3,q_actual,0.5672320068981571,
1790848548526354967,1790848548526599237,0x68,joint_2,q_actual,0.06632251157578448,
1790848548530222105,1790848548530455329,0x69,joint_3,q_actual,0.5672320068981571,
1790848548536165359,1790848548536397006,0x68,joint_2,q_leader,0.019941750242513337,
1790848548536165359,1790848548536397006,0x69,joint_3,q_leader,-0.10277671278833796,
1790848548545380983,1790848548545677211,0x68,joint_2,q_actual,0.06457718232379024,
1790848548550274314,1790848548550514348,0x69,joint_3,q_actual,0.5672320068981571,
1790848548565411733,1790848548565708393,0x68,joint_2,q_actual,0.06457718232379024,
1790848548570476791,1790848548570774815,0x69,joint_3,q_actual,0.5672320068981571,
1790848548585420613,1790848548585716739,0x68,joint_2,q_actual,0.062831853071796,
1790848548586305634,1790848548586516768,0x68,joint_2,q_leader,0.019941750242513337,
1790848548586305634,1790848548586516768,0x69,joint_3,q_leader,-0.10277671278833796,
1790848548590425234,1790848548590716898,0x69,joint_3,q_actual,0.5672320068981571,
1790848548601120476,1790848548601335212,0x68,joint_2,q_des,0.02992966959474651,
1790848548601120476,1790848548601335212,0x69,joint_3,q_des,0.5659434630363331,
1790848548601120476,1790848548601386568,0x68,joint_2,q_filtered,0.02992966959474651,
1790848548601120476,1790848548601386568,0x69,joint_3,q_filtered,0.5659434630363331,
1790848548601120476,1790848548601540687,0x68,joint_2,q_cmd,0.04235545516259804,-0.04363323129985824
1790848548601120476,1790848548601540687,0x69,joint_3,q_cmd,0.5659434630363331,0.0
1790848548605413413,1790848548605710403,0x68,joint_2,q_actual,0.062831853071796,
1790848548610408483,1790848548610703695,0x69,joint_3,q_actual,0.5672320068981571,
1790848548625418357,1790848548625708711,0x68,joint_2,q_actual,0.061086523819801536,
1790848548630412118,1790848548630710537,0x69,joint_3,q_actual,0.5672320068981571,
1790848548636211665,1790848548636437194,0x68,joint_2,q_leader,0.019941750242513337,
1790848548636211665,1790848548636437194,0x69,joint_3,q_leader,-0.10277671278833796,
1790848548645419481,1790848548645706400,0x68,joint_2,q_actual,0.061086523819801536,
1790848548650426444,1790848548650750162,0x69,joint_3,q_actual,0.5672320068981571,
1790848548665419505,1790848548665713955,0x68,joint_2,q_actual,0.0593411945678073,
1790848548670240066,1790848548670487370,0x69,joint_3,q_actual,0.5672320068981571,
1790848548685385337,1790848548685689079,0x68,joint_2,q_actual,0.0593411945678073,
1790848548686422606,1790848548686660072,0x68,joint_2,q_leader,0.019941750242513337,
1790848548686422606,1790848548686660072,0x69,joint_3,q_leader,-0.10277671278833796,
1790848548690414429,1790848548690707255,0x69,joint_3,q_actual,0.5672320068981571,
1790848548705414056,1790848548705706644,0x68,joint_2,q_actual,0.05759586531581282,
1790848548710411183,1790848548710707808,0x69,joint_3,q_actual,0.5672320068981571,
1790848548725300816,1790848548725626859,0x68,joint_2,q_actual,0.05759586531581282,
1790848548730218300,1790848548730471048,0x69,joint_3,q_actual,0.5672320068981571,
1790848548736221689,1790848548736450909,0x68,joint_2,q_leader,0.019941750242513337,
1790848548736221689,1790848548736450909,0x69,joint_3,q_leader,-0.10277671278833796,
1790848548745412362,1790848548745703446,0x68,joint_2,q_actual,0.055850536063818595,
1790848548750418953,1790848548750748123,0x69,joint_3,q_actual,0.5672320068981571,
1790848548765260836,1790848548765536838,0x68,joint_2,q_actual,0.055850536063818595,
1790848548770433149,1790848548770728473,0x69,joint_3,q_actual,0.5672320068981571,
1790848548785391335,1790848548785679492,0x68,joint_2,q_actual,0.05410520681182437,
1790848548786511323,1790848548786717207,0x68,joint_2,q_leader,0.019941750242513337,
1790848548786511323,1790848548786717207,0x69,joint_3,q_leader,-0.10277671278833796,
1790848548790423285,1790848548790718369,0x69,joint_3,q_actual,0.5672320068981571,
1790848548801032932,1790848548801276898,0x68,joint_2,q_des,0.02992966959474651,
1790848548801032932,1790848548801276898,0x69,joint_3,q_des,0.5659434630363331,
1790848548801032932,1790848548801296546,0x68,joint_2,q_filtered,0.02992966959474651,
1790848548801032932,1790848548801296546,0x69,joint_3,q_filtered,0.5659434630363331,
1790848548801032932,1790848548801470190,0x68,joint_2,q_cmd,0.03363335832150097,-0.04363323129985824
1790848548801032932,1790848548801470190,0x69,joint_3,q_cmd,0.5659434630363331,0.0
1790848548805415680,1790848548805707635,0x68,joint_2,q_actual,0.05410520681182437,
1790848548810412357,1790848548810707594,0x69,joint_3,q_actual,0.5672320068981571,
1790848548825402723,1790848548825694562,0x68,joint_2,q_actual,0.05235987755982989,
1790848548830427394,1790848548830749667,0x69,joint_3,q_actual,0.5672320068981571,
1790848548836681496,1790848548836910281,0x68,joint_2,q_leader,0.019941750242513337,
1790848548836681496,1790848548836910281,0x69,joint_3,q_leader,-0.10277671278833796,
1790848548845401642,1790848548845696058,0x68,joint_2,q_actual,0.05235987755982989,
1790848548850269599,1790848548850505250,0x69,joint_3,q_actual,0.5672320068981571,
1790848548865409069,1790848548865700931,0x68,joint_2,q_actual,0.050614548307835655,
1790848548870414818,1790848548870707544,0x69,joint_3,q_actual,0.5672320068981571,
1790848548885412613,1790848548885707988,0x68,joint_2,q_actual,0.050614548307835655,
1790848548886426524,1790848548886637300,0x68,joint_2,q_leader,0.019941750242513337,
1790848548886426524,1790848548886637300,0x69,joint_3,q_leader,-0.10277671278833796,
1790848548890237321,1790848548890474585,0x69,joint_3,q_actual,0.5672320068981571,
1790848548905424091,1790848548905719461,0x68,joint_2,q_actual,0.04886921905584118,
1790848548910417475,1790848548910711905,0x69,joint_3,q_actual,0.5672320068981571,
1790848548925392364,1790848548925685431,0x68,joint_2,q_actual,0.04886921905584118,
1790848548930228028,1790848548930471381,0x69,joint_3,q_actual,0.5672320068981571,
1790848548936270155,1790848548936478264,0x68,joint_2,q_leader,0.019941750242513337,
1790848548936270155,1790848548936478264,0x69,joint_3,q_leader,-0.10277671278833796,
1790848548945427486,1790848548945719632,0x68,joint_2,q_actual,0.04712388980384695,
1790848548950241806,1790848548950491918,0x69,joint_3,q_actual,0.5672320068981571,
1790848548965398176,1790848548965685551,0x68,joint_2,q_actual,0.04712388980384695,
1790848548970167784,1790848548970367470,0x69,joint_3,q_actual,0.5672320068981571,
1790848548985235227,1790848548985485941,0x68,joint_2,q_actual,0.045378560551852715,
1790848548986000497,1790848548986199751,0x68,joint_2,q_leader,0.019941750242513337,
1790848548986000497,1790848548986199751,0x69,joint_3,q_leader,-0.10277671278833796,
1790848548990221316,1790848548990451568,0x69,joint_3,q_actual,0.5672320068981571,
1790848549001024920,1790848549001269672,0x68,joint_2,q_des,0.02992966959474651,
1790848549001024920,1790848549001269672,0x69,joint_3,q_des,0.5659434630363331,
1790848549001024920,1790848549001289703,0x68,joint_2,q_filtered,0.02992966959474651,
1790848549001024920,1790848549001289703,0x69,joint_3,q_filtered,0.5659434630363331,
1790848549001024920,1790848549001452797,0x68,joint_2,q_cmd,0.02992966959474651,-0.018524652726849708
1790848549001024920,1790848549001452797,0x69,joint_3,q_cmd,0.5659434630363331,0.0
1790848549005235896,1790848549005471430,0x68,joint_2,q_actual,0.045378560551852715,
1790848549010396370,1790848549010687382,0x69,joint_3,q_actual,0.5672320068981571,
1790848549025473106,1790848549025764802,0x68,joint_2,q_actual,0.04363323129985824,
1790848549030415700,1790848549030707154,0x69,joint_3,q_actual,0.5672320068981571,
1790848549036161555,1790848549036390619,0x68,joint_2,q_leader,0.019941750242513337,
1790848549036161555,1790848549036390619,0x69,joint_3,q_leader,-0.10277671278833796,
1790848549045412062,1790848549045703338,0x68,joint_2,q_actual,0.04363323129985824,
1790848549050404277,1790848549050701125,0x69,joint_3,q_actual,0.5672320068981571,
1790848549065403167,1790848549065695100,0x68,joint_2,q_actual,0.04188790204786401,
1790848549070417616,1790848549070701837,0x69,joint_3,q_actual,0.5672320068981571,
1790848549085421347,1790848549085708610,0x68,joint_2,q_actual,0.04188790204786401,
1790848549086278780,1790848549086493983,0x68,joint_2,q_leader,0.019941750242513337,
1790848549086278780,1790848549086493983,0x69,joint_3,q_leader,-0.10277671278833796,
1790848549090428537,1790848549090720035,0x69,joint_3,q_actual,0.5672320068981571,
1790848549105418821,1790848549105713864,0x68,joint_2,q_actual,0.04014257279586953,
1790848549110431934,1790848549110721627,0x69,joint_3,q_actual,0.5672320068981571,
1790848549125407499,1790848549125701345,0x68,joint_2,q_actual,0.04014257279586953,
1790848549130257477,1790848549130484815,0x69,joint_3,q_actual,0.5672320068981571,
1790848549136113107,1790848549136344837,0x68,joint_2,q_leader,0.019941750242513337,
1790848549136113107,1790848549136344837,0x69,joint_3,q_leader,-0.10277671278833796,
1790848549145222988,1790848549145463658,0x68,joint_2,q_actual,0.0383972435438753,
1790848549150401226,1790848549150707480,0x69,joint_3,q_actual,0.5672320068981571,
1790848549165418626,1790848549165710880,0x68,joint_2,q_actual,0.0383972435438753,
1790848549170417451,1790848549170711213,0x69,joint_3,q_actual,0.5672320068981571,
1790848549185060430,1790848549185222033,0x68,joint_2,q_actual,0.0383972435438753,
1790848549185938145,1790848549186015773,0x68,joint_2,q_leader,0.019941750242513337,
1790848549185938145,1790848549186015773,0x69,joint_3,q_leader,-0.10277671278833796,
1790848549190040861,1790848549190144732,0x69,joint_3,q_actual,0.5672320068981571,
1790848549200414748,1790848549200529641,0x68,joint_2,q_des,0.02992966959474651,
1790848549200414748,1790848549200529641,0x69,joint_3,q_des,0.5659434630363331,
1790848549200414748,1790848549200537479,0x68,joint_2,q_filtered,0.02992966959474651,
1790848549200414748,1790848549200537479,0x69,joint_3,q_filtered,0.5659434630363331,
1790848549200414748,1790848549200540461,0x68,joint_2,q_cmd,0.02992966959474651,0.0
1790848549200414748,1790848549200540461,0x69,joint_3,q_cmd,0.5659434630363331,0.0
1790848549205042701,1790848549205196267,0x68,joint_2,q_actual,0.03665191429188107,
1790848549209969816,1790848549210099280,0x69,joint_3,q_actual,0.5672320068981571,
1790848549225187689,1790848549225387583,0x68,joint_2,q_actual,0.03665191429188107,
1790848549230198345,1790848549230419589,0x69,joint_3,q_actual,0.5672320068981571,
1790848549236002377,1790848549236220807,0x68,joint_2,q_leader,0.019941750242513337,
1790848549236002377,1790848549236220807,0x69,joint_3,q_leader,-0.10277671278833796,
1790848549245455363,1790848549245765875,0x68,joint_2,q_actual,0.03665191429188107,
1790848549250615193,1790848549250986775,0x69,joint_3,q_actual,0.5672320068981571,
1790848549265585405,1790848549265953854,0x68,joint_2,q_actual,0.03490658503988659,
1790848549270603892,1790848549270982859,0x69,joint_3,q_actual,0.5672320068981571,
1790848549285592395,1790848549285963577,0x68,joint_2,q_actual,0.03490658503988659,
1790848549287358092,1790848549287646396,0x68,joint_2,q_leader,0.019941750242513337,
1790848549287358092,1790848549287646396,0x69,joint_3,q_leader,-0.10277671278833796,
1790848549290314489,1790848549290592443,0x69,joint_3,q_actual,0.5672320068981571,
1790848549305578289,1790848549305942017,0x68,joint_2,q_actual,0.03490658503988659,
1790848549310599811,1790848549310969045,0x69,joint_3,q_actual,0.5672320068981571,
1790848549325579749,1790848549325939606,0x68,joint_2,q_actual,0.03316125578789236,
1790848549330589900,1790848549330958723,0x69,joint_3,q_actual,0.5672320068981571,
1790848549336914049,1790848549337220918,0x68,joint_2,q_leader,0.019941750242513337,
1790848549336914049,1790848549337220918,0x69,joint_3,q_leader,-0.10277671278833796,
1790848549345459332,1790848549345780677,0x68,joint_2,q_actual,0.03316125578789236,
1790848549350409043,1790848549350689547,0x69,joint_3,q_actual,0.5672320068981571,
1790848549365595958,1790848549365961847,0x68,joint_2,q_actual,0.03316125578789236,
1790848549370617733,1790848549370994848,0x69,joint_3,q_actual,0.5672320068981571,
1790848549385577738,1790848549385946228,0x68,joint_2,q_actual,0.03316125578789236,
1790848549386819586,1790848549387096243,0x68,joint_2,q_leader,0.019941750242513337,
1790848549386819586,1790848549387096243,0x69,joint_3,q_leader,-0.10277671278833796,
1790848549390426874,1790848549390712752,0x69,joint_3,q_actual,0.5672320068981571,
1790848549401547438,1790848549401841627,0x68,joint_2,q_des,0.02992966959474651,
1790848549401547438,1790848549401841627,0x69,joint_3,q_des,0.5659434630363331,
1790848549401547438,1790848549401867060,0x68,joint_2,q_filtered,0.02992966959474651,
1790848549401547438,1790848549401867060,0x69,joint_3,q_filtered,0.5659434630363331,
1790848549401547438,1790848549402101157,0x68,joint_2,q_cmd,0.02992966959474651,0.0
1790848549401547438,1790848549402101157,0x69,joint_3,q_cmd,0.5659434630363331,0.0
1790848549405439011,1790848549405724338,0x68,joint_2,q_actual,0.03316125578789236,
1790848549410600595,1790848549410954413,0x69,joint_3,q_actual,0.5672320068981571,
1790848549430210257,1790848549430531797,0x68,joint_2,q_actual,0.031415926535897885,
1790848549434567517,1790848549434830924,0x69,joint_3,q_actual,0.5672320068981571,
1790848549436688141,1790848549436904478,0x68,joint_2,q_leader,0.019941750242513337,
1790848549436688141,1790848549436904478,0x69,joint_3,q_leader,-0.10277671278833796,
1790848549446415037,1790848549446622404,0x68,joint_2,q_actual,0.031415926535897885,
1790848549451121093,1790848549451330649,0x69,joint_3,q_actual,0.5672320068981571,
1790848549466172588,1790848549466393528,0x68,joint_2,q_actual,0.031415926535897885,
1790848549471160534,1790848549471386730,0x69,joint_3,q_actual,0.5672320068981571,
1790848549486176860,1790848549486380568,0x68,joint_2,q_leader,0.019941750242513337,
1790848549486176860,1790848549486380568,0x69,joint_3,q_leader,-0.10277671278833796,
1790848549486211158,1790848549486403538,0x68,joint_2,q_actual,0.031415926535897885,
1790848549491175526,1790848549491422593,0x69,joint_3,q_actual,0.5672320068981571,
1790848549505346767,1790848549505596052,0x68,joint_2,q_actual,0.031415926535897885,
1790848549510303855,1790848549510545140,0x69,joint_3,q_actual,0.5672320068981571,
1790848549525308911,1790848549525552436,0x68,joint_2,q_actual,0.031415926535897885,
1790848549530321110,1790848549530561930,0x69,joint_3,q_actual,0.5672320068981571,
1790848549536083319,1790848549536276548,0x68,joint_2,q_leader,0.019941750242513337,
1790848549536083319,1790848549536276548,0x69,joint_3,q_leader,-0.10277671278833796,
1790848549545074395,1790848549545233483,0x68,joint_2,q_actual,0.031415926535897885,
1790848549550137307,1790848549550325851,0x69,joint_3,q_actual,0.5672320068981571,
1790848549565296487,1790848549565535695,0x68,joint_2,q_actual,0.031415926535897885,
1790848549570301945,1790848549570543007,0x69,joint_3,q_actual,0.5672320068981571,
1790848549585298490,1790848549585570120,0x68,joint_2,q_actual,0.031415926535897885,
1790848549586283876,1790848549586526770,0x68,joint_2,q_leader,0.019941750242513337,
1790848549586283876,1790848549586526770,0x69,joint_3,q_leader,-0.10277671278833796,
1790848549590311003,1790848549590532087,0x69,joint_3,q_actual,0.5672320068981571,
1790848549601349972,1790848549601625161,0x68,joint_2,q_des,0.02992966959474651,
1790848549601349972,1790848549601625161,0x69,joint_3,q_des,0.5659434630363331,
1790848549601349972,1790848549601649919,0x68,joint_2,q_filtered,0.02992966959474651,
1790848549601349972,1790848549601649919,0x69,joint_3,q_filtered,0.5659434630363331,
1790848549601349972,1790848549601905442,0x68,joint_2,q_cmd,0.02992966959474651,0.0
1790848549601349972,1790848549601905442,0x69,joint_3,q_cmd,0.5659434630363331,0.0
1790848549605328134,1790848549605587952,0x68,joint_2,q_actual,0.031415926535897885,
1790848549610506633,1790848549610838835,0x69,joint_3,q_actual,0.5672320068981571,
1790848549625375698,1790848549625692885,0x68,joint_2,q_actual,0.031415926535897885,
1790848549630321553,1790848549630569975,0x69,joint_3,q_actual,0.5672320068981571,
1790848549636559078,1790848549636808735,0x68,joint_2,q_leader,0.019941750242513337,
1790848549636559078,1790848549636808735,0x69,joint_3,q_leader,-0.10277671278833796,
1790848549645518283,1790848549646067936,0x68,joint_2,q_actual,0.031415926535897885,
1790848549650342205,1790848549650599723,0x69,joint_3,q_actual,0.5672320068981571,
1790848549668123503,1790848549668454770,0x68,joint_2,q_actual,0.031415926535897885,
1790848549670762167,1790848549671006699,0x69,joint_3,q_actual,0.5672320068981571,
1790848549685486106,1790848549685823444,0x68,joint_2,q_actual,0.031415926535897885,
1790848549687136171,1790848549687399846,0x68,joint_2,q_leader,0.019941750242513337,
1790848549687136171,1790848549687399846,0x69,joint_3,q_leader,-0.10277671278833796,
1790848549690325203,1790848549690573771,0x69,joint_3,q_actual,0.5672320068981571,
1790848549705374518,1790848549705710047,0x68,joint_2,q_actual,0.031415926535897885,
1790848549710337620,1790848549710597751,0x69,joint_3,q_actual,0.5672320068981571,
1790848549725107593,1790848549725250183,0x68,joint_2,q_actual,0.031415926535897885,
1790848549730045961,1790848549730143587,0x69,joint_3,q_actual,0.5672320068981571,
1790848549735451492,1790848549735523691,0x68,joint_2,q_leader,0.019941750242513337,
1790848549735451492,1790848549735523691,0x69,joint_3,q_leader,-0.10277671278833796,
1790848549745015122,1790848549745114457,0x68,joint_2,q_actual,0.031415926535897885,
1790848549750052981,1790848549750167009,0x69,joint_3,q_actual,0.5672320068981571,
1790848549765186101,1790848549765389617,0x68,joint_2,q_actual,0.031415926535897885,
1790848549770202605,1790848549770427404,0x69,joint_3,q_actual,0.5672320068981571,
1790848549785422231,1790848549785713638,0x68,joint_2,q_actual,0.031415926535897885,
1790848549786559347,1790848549786823623,0x68,joint_2,q_leader,0.019941750242513337,
1790848549786559347,1790848549786823623,0x69,joint_3,q_leader,-0.10277671278833796,
1790848549790395201,1790848549790665792,0x69,joint_3,q_actual,0.5672320068981571,
1790848549800336874,1790848549800453415,0x68,joint_2,q_des,0.02992966959474651,
1790848549800336874,1790848549800453415,0x69,joint_3,q_des,0.5659434630363331,
1790848549800336874,1790848549800459298,0x68,joint_2,q_filtered,0.02992966959474651,
1790848549800336874,1790848549800459298,0x69,joint_3,q_filtered,0.5659434630363331,
1790848549800336874,1790848549800461740,0x68,joint_2,q_cmd,0.02992966959474651,0.0
1790848549800336874,1790848549800461740,0x69,joint_3,q_cmd,0.5659434630363331,0.0
1790848549805041863,1790848549805133438,0x68,joint_2,q_actual,0.031415926535897885,
1790848549810157909,1790848549810318992,0x69,joint_3,q_actual,0.5672320068981571,
1790848549825155284,1790848549825322586,0x68,joint_2,q_actual,0.031415926535897885,
1790848549830117855,1790848549830279477,0x69,joint_3,q_actual,0.5672320068981571,
1790848549835645530,1790848549835811859,0x68,joint_2,q_leader,0.019941750242513337,
1790848549835645530,1790848549835811859,0x69,joint_3,q_leader,-0.10277671278833796,
1790848549845237495,1790848549845477065,0x68,joint_2,q_actual,0.031415926535897885,
1790848549850171578,1790848549850345519,0x69,joint_3,q_actual,0.5672320068981571,
1790848549868694176,1790848549869041118,0x68,joint_2,q_actual,0.031415926535897885,
1790848549870337071,1790848549870611380,0x69,joint_3,q_actual,0.5672320068981571,
1790848549885454647,1790848549885780599,0x68,joint_2,q_actual,0.031415926535897885,
1790848549886864283,1790848549887155415,0x68,joint_2,q_leader,0.019941750242513337,
1790848549886864283,1790848549887155415,0x69,joint_3,q_leader,-0.10277671278833796,
1790848549890410629,1790848549890686821,0x69,joint_3,q_actual,0.5672320068981571,
1790848549905445603,1790848549905790830,0x68,joint_2,q_actual,0.031415926535897885,
1790848549910413518,1790848549910691960,0x69,joint_3,q_actual,0.5672320068981571,
1790848549925435187,1790848549925732066,0x68,joint_2,q_actual,0.031415926535897885,
1790848549930405395,1790848549930694085,0x69,joint_3,q_actual,0.5672320068981571,
1790848549936205685,1790848549936461867,0x68,joint_2,q_leader,0.019941750242513337,
1790848549936205685,1790848549936461867,0x69,joint_3,q_leader,-0.10277671278833796,
1790848549945424465,1790848549945713139,0x68,joint_2,q_actual,0.031415926535897885,
1790848549950233947,1790848549950466313,0x69,joint_3,q_actual,0.5672320068981571,
1790848549965224186,1790848549965475764,0x68,joint_2,q_actual,0.031415926535897885,
1790848549970410586,1790848549970701977,0x69,joint_3,q_actual,0.5672320068981571,
1790848549986382633,1790848549986619020,0x68,joint_2,q_leader,0.019941750242513337,
1790848549986382633,1790848549986619020,0x69,joint_3,q_leader,-0.10277671278833796,
1790848549987644246,1790848549987864395,0x68,joint_2,q_actual,0.031415926535897885,
1790848549990430954,1790848549990639866,0x69,joint_3,q_actual,0.5672320068981571,
1790848550001029195,1790848550001262672,0x68,joint_2,q_des,0.02992966959474651,
1790848550001029195,1790848550001262672,0x69,joint_3,q_des,0.5659434630363331,
1790848550001029195,1790848550001428047,0x68,joint_2,q_filtered,0.02992966959474651,
1790848550001029195,1790848550001428047,0x69,joint_3,q_filtered,0.5659434630363331,
1790848550001029195,1790848550001563345,0x68,joint_2,q_cmd,0.02992966959474651,0.0
1790848550001029195,1790848550001563345,0x69,joint_3,q_cmd,0.5659434630363331,0.0
1790848550007370856,1790848550007604804,0x68,joint_2,q_actual,0.031415926535897885,
1790848550010211085,1790848550010429951,0x69,joint_3,q_actual,0.5672320068981571,
1790848550025408456,1790848550025683952,0x68,joint_2,q_actual,0.031415926535897885,
1790848550030263512,1790848550030474764,0x69,joint_3,q_actual,0.5672320068981571,
1790848550036373970,1790848550036597174,0x68,joint_2,q_leader,0.019941750242513337,
1790848550036373970,1790848550036597174,0x69,joint_3,q_leader,-0.10277671278833796,
1790848550045393438,1790848550045672039,0x68,joint_2,q_actual,0.031415926535897885,
1790848550050415899,1790848550050699949,0x69,joint_3,q_actual,0.5672320068981571,
1790848550065295970,1790848550065566052,0x68,joint_2,q_actual,0.031415926535897885,
1790848550070437773,1790848550070712282,0x69,joint_3,q_actual,0.5672320068981571,
1790848550086486767,1790848550086711844,0x68,joint_2,q_leader,0.019941750242513337,
1790848550086486767,1790848550086711844,0x69,joint_3,q_leader,-0.10277671278833796,
1790848550087753360,1790848550087962226,0x68,joint_2,q_actual,0.031415926535897885,
1790848550091660596,1790848550091861561,0x69,joint_3,q_actual,0.5672320068981571,
1790848550106559054,1790848550106823510,0x68,joint_2,q_actual,0.031415926535897885,
1790848550111554957,1790848550111821945,0x69,joint_3,q_actual,0.5672320068981571,
1790848550126553289,1790848550126817140,0x68,joint_2,q_actual,0.031415926535897885,
1790848550131581860,1790848550131843211,0x69,joint_3,q_actual,0.5672320068981571,
1790848550136326692,1790848550136533462,0x68,joint_2,q_leader,0.019941750242513337,
1790848550136326692,1790848550136533462,0x69,joint_3,q_leader,-0.10277671278833796,
1790848550146570165,1790848550146819339,0x68,joint_2,q_actual,0.031415926535897885,
1790848550151580122,1790848550151838984,0x69,joint_3,q_actual,0.5672320068981571,
1790848550166343115,1790848550166564620,0x68,joint_2,q_actual,0.031415926535897885,
1790848550170213671,1790848550170448457,0x69,joint_3,q_actual,0.5672320068981571,
1790848550185393330,1790848550185646930,0x68,joint_2,q_actual,0.031415926535897885,
1790848550186642396,1790848550186860365,0x68,joint_2,q_leader,0.019941750242513337,
1790848550186642396,1790848550186860365,0x69,joint_3,q_leader,-0.10277671278833796,
1790848550190408366,1790848550190690198,0x69,joint_3,q_actual,0.5672320068981571,
1790848550201052908,1790848550201342234,0x68,joint_2,q_des,0.02992966959474651,
1790848550201052908,1790848550201342234,0x69,joint_3,q_des,0.5659434630363331,
1790848550201052908,1790848550201368794,0x68,joint_2,q_filtered,0.02992966959474651,
1790848550201052908,1790848550201368794,0x69,joint_3,q_filtered,0.5659434630363331,
1790848550201052908,1790848550201564444,0x68,joint_2,q_cmd,0.02992966959474651,0.0
1790848550201052908,1790848550201564444,0x69,joint_3,q_cmd,0.5659434630363331,0.0
1790848550207548886,1790848550207811507,0x68,joint_2,q_actual,0.031415926535897885,
1790848550210217230,1790848550210443627,0x69,joint_3,q_actual,0.5672320068981571,
1790848550225283882,1790848550225522610,0x68,joint_2,q_actual,0.031415926535897885,
1790848550230213324,1790848550230448886,0x69,joint_3,q_actual,0.5672320068981571,
1790848550236100535,1790848550236325716,0x68,joint_2,q_leader,0.019941750242513337,
1790848550236100535,1790848550236325716,0x69,joint_3,q_leader,-0.10277671278833796,
1790848550245208385,1790848550245430332,0x68,joint_2,q_actual,0.031415926535897885,
1790848550250215802,1790848550250433291,0x69,joint_3,q_actual,0.5672320068981571,
1790848550265414655,1790848550265701937,0x68,joint_2,q_actual,0.031415926535897885,
1790848550270417395,1790848550270700896,0x69,joint_3,q_actual,0.5672320068981571,
1790848550286449834,1790848550286673065,0x68,joint_2,q_leader,0.019941750242513337,
1790848550286449834,1790848550286673065,0x69,joint_3,q_leader,-0.10277671278833796,
1790848550290467748,1790848550290686536,0x68,joint_2,q_actual,0.031415926535897885,
1790848550293534607,1790848550293705550,0x69,joint_3,q_actual,0.5672320068981571,
1790848550305412184,1790848550305701111,0x68,joint_2,q_actual,0.031415926535897885,
1790848550310437213,1790848550310756641,0x69,joint_3,q_actual,0.5672320068981571,
1790848550325417091,1790848550325706669,0x68,joint_2,q_actual,0.031415926535897885,
1790848550330422228,1790848550330712765,0x69,joint_3,q_actual,0.5672320068981571,
1790848550336229180,1790848550336503584,0x68,joint_2,q_leader,0.019941750242513337,
1790848550336229180,1790848550336503584,0x69,joint_3,q_leader,-0.10277671278833796,
1790848550345438084,1790848550345728399,0x68,joint_2,q_actual,0.031415926535897885,
1790848550350412753,1790848550350705941,0x69,joint_3,q_actual,0.5672320068981571,
1790848550365296170,1790848550365570242,0x68,joint_2,q_actual,0.031415926535897885,
1790848550370225937,1790848550370459012,0x69,joint_3,q_actual,0.5672320068981571,
1790848550385422895,1790848550385689494,0x68,joint_2,q_actual,0.031415926535897885,
1790848550386512990,1790848550386747944,0x68,joint_2,q_leader,0.019941750242513337,
1790848550386512990,1790848550386747944,0x69,joint_3,q_leader,-0.10277671278833796,
1790848550390409259,1790848550390651126,0x69,joint_3,q_actual,0.5672320068981571,
1790848550401020315,1790848550401275364,0x68,joint_2,q_des,0.02992966959474651,
1790848550401020315,1790848550401275364,0x69,joint_3,q_des,0.5659434630363331,
1790848550401020315,1790848550401305244,0x68,joint_2,q_filtered,0.02992966959474651,
1790848550401020315,1790848550401305244,0x69,joint_3,q_filtered,0.5659434630363331,
1790848550401020315,1790848550401501670,0x68,joint_2,q_cmd,0.02992966959474651,0.0
1790848550401020315,1790848550401501670,0x69,joint_3,q_cmd,0.5659434630363331,0.0
1790848550407561989,1790848550407814584,0x68,joint_2,q_actual,0.031415926535897885,
1790848550410218402,1790848550410474372,0x69,joint_3,q_actual,0.5672320068981571,
1790848550425415509,1790848550425702950,0x68,joint_2,q_actual,0.031415926535897885,
1790848550430258671,1790848550430453624,0x69,joint_3,q_actual,0.5672320068981571,
1790848550435532160,1790848550435655820,0x68,joint_2,q_leader,0.019941750242513337,
1790848550435532160,1790848550435655820,0x69,joint_3,q_leader,-0.10277671278833796,
1790848550445072633,1790848550445212449,0x68,joint_2,q_actual,0.031415926535897885,
1790848550449974347,1790848550450119310,0x69,joint_3,q_actual,0.5672320068981571,
1790848550465149321,1790848550465315439,0x68,joint_2,q_actual,0.031415926535897885,
1790848550470155082,1790848550470325366,0x69,joint_3,q_actual,0.5672320068981571,
1790848550485154888,1790848550485340913,0x68,joint_2,q_actual,0.031415926535897885,
1790848550485747657,1790848550485895590,0x68,joint_2,q_leader,0.019941750242513337,
1790848550485747657,1790848550485895590,0x69,joint_3,q_leader,-0.10277671278833796,
1790848550490228183,1790848550490453638,0x69,joint_3,q_actual,0.5672320068981571,
1790848550505515280,1790848550505851223,0x68,joint_2,q_actual,0.031415926535897885,
1790848550510607692,1790848550510967791,0x69,joint_3,q_actual,0.5672320068981571,
1790848550525592774,1790848550525951151,0x68,joint_2,q_actual,0.031415926535897885,
1790848550530601520,1790848550530972036,0x69,joint_3,q_actual,0.5672320068981571,
1790848550537169235,1790848550537517130,0x68,joint_2,q_leader,0.019941750242513337,
1790848550537169235,1790848550537517130,0x69,joint_3,q_leader,-0.10277671278833796,
1790848550545598465,1790848550545965051,0x68,joint_2,q_actual,0.031415926535897885,
1790848550550596289,1790848550550965559,0x69,joint_3,q_actual,0.5672320068981571,
1790848550565599148,1790848550565971083,0x68,joint_2,q_actual,0.031415926535897885,
1790848550570441512,1790848550570730458,0x69,joint_3,q_actual,0.5672320068981571,
1790848550585643436,1790848550585992692,0x68,joint_2,q_actual,0.031415926535897885,
1790848550587008122,1790848550587369404,0x68,joint_2,q_leader,0.019941750242513337,
1790848550587008122,1790848550587369404,0x69,joint_3,q_leader,-0.10277671278833796,
1790848550590791915,1790848550591068377,0x69,joint_3,q_actual,0.5672320068981571,
1790848550601495624,1790848550601798525,0x68,joint_2,q_des,0.02992966959474651,
1790848550601495624,1790848550601798525,0x69,joint_3,q_des,0.5659434630363331,
1790848550601495624,1790848550601976085,0x68,joint_2,q_filtered,0.02992966959474651,
1790848550601495624,1790848550601976085,0x69,joint_3,q_filtered,0.5659434630363331,
1790848550601495624,1790848550602066732,0x68,joint_2,q_cmd,0.02992966959474651,0.0
1790848550601495624,1790848550602066732,0x69,joint_3,q_cmd,0.5659434630363331,0.0
1790848550608462453,1790848550608741351,0x68,joint_2,q_actual,0.031415926535897885,
1790848550610636395,1790848550610911172,0x69,joint_3,q_actual,0.5672320068981571,
1790848550625633066,1790848550626007831,0x68,joint_2,q_actual,0.031415926535897885,
1790848550630645091,1790848550631014627,0x69,joint_3,q_actual,0.5672320068981571,
1790848550637120791,1790848550637448032,0x68,joint_2,q_leader,0.019941750242513337,
1790848550637120791,1790848550637448032,0x69,joint_3,q_leader,-0.10277671278833796,
1790848550645455155,1790848550645760053,0x68,joint_2,q_actual,0.031415926535897885,
1790848550650439462,1790848550650702074,0x69,joint_3,q_actual,0.5672320068981571,
1790848550665630443,1790848550666007026,0x68,joint_2,q_actual,0.031415926535897885,
1790848550670742424,1790848550671119069,0x69,joint_3,q_actual,0.5672320068981571,
1790848550685703746,1790848550686097338,0x68,joint_2,q_actual,0.031415926535897885,
1790848550687366707,1790848550687725338,0x68,joint_2,q_leader,0.019941750242513337,
1790848550687366707,1790848550687725338,0x69,joint_3,q_leader,-0.10277671278833796,
1790848550690959009,1790848550691260991,0x69,joint_3,q_actual,0.5672320068981571,
1790848550705470802,1790848550705831586,0x68,joint_2,q_actual,0.031415926535897885,
1790848550710616048,1790848550710991745,0x69,joint_3,q_actual,0.5672320068981571,
1790848550725601526,1790848550725975743,0x68,joint_2,q_actual,0.031415926535897885,
1790848550730647576,1790848550731019279,0x69,joint_3,q_actual,0.5672320068981571,
1790848550736907236,1790848550737292079,0x68,joint_2,q_leader,0.019941750242513337,
1790848550736907236,1790848550737292079,0x69,joint_3,q_leader,-0.10277671278833796,
1790848550745617338,1790848550745992288,0x68,joint_2,q_actual,0.031415926535897885,
1790848550755059348,1790848550755428424,0x69,joint_3,q_actual,0.5672320068981571,
1790848550766582367,1790848550766862465,0x68,joint_2,q_actual,0.031415926535897885,
1790848550771653196,1790848550771924451,0x69,joint_3,q_actual,0.5672320068981571,
1790848550785322129,1790848550785520834,0x68,joint_2,q_actual,0.031415926535897885,
1790848550786305057,1790848550786577789,0x68,joint_2,q_leader,0.019941750242513337,
1790848550786305057,1790848550786577789,0x69,joint_3,q_leader,-0.10277671278833796,
1790848550790303901,1790848550790520766,0x69,joint_3,q_actual,0.5672320068981571,
1790848550801047966,1790848550801283460,0x68,joint_2,q_des,0.02992966959474651,
1790848550801047966,1790848550801283460,0x69,joint_3,q_des,0.5659434630363331,
1790848550801047966,1790848550801327061,0x68,joint_2,q_filtered,0.02992966959474651,
1790848550801047966,1790848550801327061,0x69,joint_3,q_filtered,0.5659434630363331,
1790848550801047966,1790848550801482503,0x68,joint_2,q_cmd,0.02992966959474651,0.0
1790848550801047966,1790848550801482503,0x69,joint_3,q_cmd,0.5659434630363331,0.0
1790848550808586502,1790848550808858235,0x68,joint_2,q_actual,0.031415926535897885,
1790848550811689948,1790848550811896708,0x69,joint_3,q_actual,0.5672320068981571,
1790848550826578128,1790848550826849010,0x68,joint_2,q_actual,0.031415926535897885,
1790848550831598133,1790848550831868378,0x69,joint_3,q_actual,0.5672320068981571,
1790848550836366183,1790848550836601329,0x68,joint_2,q_leader,0.019941750242513337,
1790848550836366183,1790848550836601329,0x69,joint_3,q_leader,-0.10277671278833796,
1790848550845262930,1790848550845510532,0x68,joint_2,q_actual,0.031415926535897885,
1790848550850295447,1790848550850532083,0x69,joint_3,q_actual,0.5672320068981571,
1790848550865435541,1790848550865722147,0x68,joint_2,q_actual,0.031415926535897885,
1790848550870445153,1790848550870751183,0x69,joint_3,q_actual,0.5672320068981571,
1790848550885286667,1790848550885563888,0x68,joint_2,q_actual,0.031415926535897885,
1790848550886272811,1790848550886549663,0x68,joint_2,q_leader,0.019941750242513337,
1790848550886272811,1790848550886549663,0x69,joint_3,q_leader,-0.10277671278833796,
1790848550890228565,1790848550890470885,0x69,joint_3,q_actual,0.5672320068981571,
1790848550905447242,1790848550905741489,0x68,joint_2,q_actual,0.031415926535897885,
1790848550912630083,1790848550912900035,0x69,joint_3,q_actual,0.5672320068981571,
1790848550926572976,1790848550926855213,0x68,joint_2,q_actual,0.031415926535897885,
1790848550930430738,1790848550930714247,0x69,joint_3,q_actual,0.5672320068981571,
1790848550936545201,1790848550936793891,0x68,joint_2,q_leader,0.019941750242513337,
1790848550936545201,1790848550936793891,0x69,joint_3,q_leader,-0.10277671278833796,
1790848550945428794,1790848550945725716,0x68,joint_2,q_actual,0.031415926535897885,
1790848550950426737,1790848550950736956,0x69,joint_3,q_actual,0.5672320068981571,
1790848550965436729,1790848550965745499,0x68,joint_2,q_actual,0.031415926535897885,
1790848550970430598,1790848550970741704,0x69,joint_3,q_actual,0.5672320068981571,
1790848550985305568,1790848550985647026,0x68,joint_2,q_actual,0.031415926535897885,
1790848550986434373,1790848550986717063,0x68,joint_2,q_leader,0.019941750242513337,
1790848550986434373,1790848550986717063,0x69,joint_3,q_leader,-0.10277671278833796,
1790848550990236809,1790848550990499981,0x69,joint_3,q_actual,0.5672320068981571,
1790848551001123667,1790848551001338054,0x68,joint_2,q_des,0.02992966959474651,
1790848551001123667,1790848551001338054,0x69,joint_3,q_des,0.5659434630363331,
1790848551001123667,1790848551001501307,0x68,joint_2,q_filtered,0.02992966959474651,
1790848551001123667,1790848551001501307,0x69,joint_3,q_filtered,0.5659434630363331,
1790848551001123667,1790848551001550813,0x68,joint_2,q_cmd,0.02992966959474651,0.0
1790848551001123667,1790848551001550813,0x69,joint_3,q_cmd,0.5659434630363331,0.0
1790848551005276372,1790848551005508873,0x68,joint_2,q_actual,0.031415926535897885,
1790848551010422384,1790848551010737125,0x69,joint_3,q_actual,0.5672320068981571,
1790848551025417600,1790848551025724053,0x68,joint_2,q_actual,0.031415926535897885,
1790848551030445040,1790848551030756060,0x69,joint_3,q_actual,0.5672320068981571,
1790848551036360764,1790848551036603045,0x68,joint_2,q_leader,0.019941750242513337,
1790848551036360764,1790848551036603045,0x69,joint_3,q_leader,-0.10277671278833796,
1790848551045433779,1790848551045747923,0x68,joint_2,q_actual,0.031415926535897885,
1790848551050435060,1790848551050751111,0x69,joint_3,q_actual,0.5672320068981571,
1790848551065306455,1790848551065584453,0x68,joint_2,q_actual,0.031415926535897885,
1790848551070232822,1790848551070493864,0x69,joint_3,q_actual,0.5672320068981571,
1790848551086766681,1790848551087059291,0x68,joint_2,q_leader,0.019941750242513337,
1790848551086766681,1790848551087059291,0x69,joint_3,q_leader,-0.10277671278833796,
1790848551088541252,1790848551088784452,0x68,joint_2,q_actual,0.031415926535897885,
1790848551090571154,1790848551090794690,0x69,joint_3,q_actual,0.5672320068981571,
1790848551105432991,1790848551105744193,0x68,joint_2,q_actual,0.031415926535897885,
1790848551110426344,1790848551110741684,0x69,joint_3,q_actual,0.5672320068981571,
1790848551125419772,1790848551125730827,0x68,joint_2,q_actual,0.031415926535897885,
1790848551130439671,1790848551130710280,0x69,joint_3,q_actual,0.5672320068981571,
1790848551136677527,1790848551136923217,0x68,joint_2,q_leader,0.019941750242513337,
1790848551136677527,1790848551136923217,0x69,joint_3,q_leader,-0.10277671278833796,
1790848551145426052,1790848551145739108,0x68,joint_2,q_actual,0.031415926535897885,
1790848551150430608,1790848551150743112,0x69,joint_3,q_actual,0.5672320068981571,
1790848551165408773,1790848551165715708,0x68,joint_2,q_actual,0.031415926535897885,
1790848551170426733,1790848551170743317,0x69,joint_3,q_actual,0.5672320068981571,
1790848551185241194,1790848551185548950,0x68,joint_2,q_actual,0.031415926535897885,
1790848551186472846,1790848551186756265,0x68,joint_2,q_leader,0.019941750242513337,
1790848551186472846,1790848551186756265,0x69,joint_3,q_leader,-0.10277671278833796,
1790848551193422939,1790848551193656851,0x69,joint_3,q_actual,0.5672320068981571,
1790848551200803706,1790848551201072641,0x68,joint_2,q_des,0.02992966959474651,
1790848551200803706,1790848551201072641,0x69,joint_3,q_des,0.5659434630363331,
1790848551200803706,1790848551201090494,0x68,joint_2,q_filtered,0.02992966959474651,
1790848551200803706,1790848551201090494,0x69,joint_3,q_filtered,0.5659434630363331,
1790848551200803706,1790848551201195854,0x68,joint_2,q_cmd,0.02992966959474651,0.0
1790848551200803706,1790848551201195854,0x69,joint_3,q_cmd,0.5659434630363331,0.0
1790848551206360748,1790848551206579448,0x68,joint_2,q_actual,0.031415926535897885,
1790848551212653035,1790848551212948429,0x69,joint_3,q_actual,0.5672320068981571,
1790848551225419834,1790848551225735973,0x68,joint_2,q_actual,0.031415926535897885,
1790848551230432838,1790848551230705073,0x69,joint_3,q_actual,0.5672320068981571,
1790848551236605503,1790848551236859831,0x68,joint_2,q_leader,0.019941750242513337,
1790848551236605503,1790848551236859831,0x69,joint_3,q_leader,-0.10277671278833796,
1790848551248577293,1790848551248847982,0x68,joint_2,q_actual,0.031415926535897885,
1790848551251661522,1790848551251830423,0x69,joint_3,q_actual,0.5672320068981571,
1790848551265213537,1790848551265453085,0x68,joint_2,q_actual,0.031415926535897885,
1790848551270013165,1790848551270200458,0x69,joint_3,q_actual,0.5672320068981571,
1790848551285076022,1790848551285192631,0x68,joint_2,q_actual,0.031415926535897885,
1790848551285538076,1790848551285670499,0x68,joint_2,q_leader,0.019941750242513337,
1790848551285538076,1790848551285670499,0x69,joint_3,q_leader,-0.10277671278833796,
1790848551290048239,1790848551290134978,0x69,joint_3,q_actual,0.5672320068981571,
1790848551305150751,1790848551305312488,0x68,joint_2,q_actual,0.031415926535897885,
1790848551310162437,1790848551310316799,0x69,joint_3,q_actual,0.5672320068981571,
1790848551325197168,1790848551325376182,0x68,joint_2,q_actual,0.031415926535897885,
1790848551330237805,1790848551330473932,0x69,joint_3,q_actual,0.5672320068981571,
1790848551336123384,1790848551336425519,0x68,joint_2,q_leader,0.019941750242513337,
1790848551336123384,1790848551336425519,0x69,joint_3,q_leader,-0.10277671278833796,
1790848551345519424,1790848551345868266,0x68,joint_2,q_actual,0.031415926535897885,
1790848551350646597,1790848551351029130,0x69,joint_3,q_actual,0.5672320068981571,
1790848551365613649,1790848551365987122,0x68,joint_2,q_actual,0.031415926535897885,
1790848551370637387,1790848551371011854,0x69,joint_3,q_actual,0.5672320068981571,
1790848551385593381,1790848551385972828,0x68,joint_2,q_actual,0.031415926535897885,
1790848551387301024,1790848551387674107,0x68,joint_2,q_leader,0.019941750242513337,
1790848551387301024,1790848551387674107,0x69,joint_3,q_leader,-0.10277671278833796,
1790848551390852652,1790848551391145875,0x69,joint_3,q_actual,0.5672320068981571,
1790848551401357425,1790848551401663071,0x68,joint_2,q_des,0.02992966959474651,
1790848551401357425,1790848551401663071,0x69,joint_3,q_des,0.5659434630363331,
1790848551401357425,1790848551401845799,0x68,joint_2,q_filtered,0.02992966959474651,
1790848551401357425,1790848551401845799,0x69,joint_3,q_filtered,0.5659434630363331,
1790848551401357425,1790848551401901154,0x68,joint_2,q_cmd,0.02992966959474651,0.0
1790848551401357425,1790848551401901154,0x69,joint_3,q_cmd,0.5659434630363331,0.0
1790848551405448965,1790848551405735413,0x68,joint_2,q_actual,0.031415926535897885,
1790848551410442804,1790848551410738717,0x69,joint_3,q_actual,0.5672320068981571,
1790848551425489185,1790848551425843580,0x68,joint_2,q_actual,0.031415926535897885,
1790848551430433458,1790848551430710864,0x69,joint_3,q_actual,0.5672320068981571,
1790848551436723552,1790848551437095678,0x68,joint_2,q_leader,0.019941750242513337,
1790848551436723552,1790848551437095678,0x69,joint_3,q_leader,-0.10277671278833796,
1790848551445607289,1790848551445979007,0x68,joint_2,q_actual,0.031415926535897885,
1790848551450621423,1790848551450997740,0x69,joint_3,q_actual,0.5672320068981571,
1790848551465614704,1790848551465989039,0x68,joint_2,q_actual,0.031415926535897885,
1790848551470631989,1790848551471007729,0x69,joint_3,q_actual,0.5672320068981571,
1790848551485481468,1790848551485818256,0x68,joint_2,q_actual,0.031415926535897885,
1790848551486835212,1790848551487181272,0x68,joint_2,q_leader,0.019941750242513337,
1790848551486835212,1790848551487181272,0x69,joint_3,q_leader,-0.10277671278833796,
1790848551490628649,1790848551490915796,0x69,joint_3,q_actual,0.5672320068981571,
1790848551505676401,1790848551506055596,0x68,joint_2,q_actual,0.031415926535897885,
1790848551510627009,1790848551511003665,0x69,joint_3,q_actual,0.5672320068981571,
1790848551525610736,1790848551525983615,0x68,joint_2,q_actual,0.031415926535897885,
1790848551530646966,1790848551531012437,0x69,joint_3,q_actual,0.5672320068981571,
1790848551537127689,1790848551537426700,0x68,joint_2,q_leader,0.019941750242513337,
1790848551537127689,1790848551537426700,0x69,joint_3,q_leader,-0.10277671278833796,
1790848551545605597,1790848551545984262,0x68,joint_2,q_actual,0.031415926535897885,
1790848551550630584,1790848551551013344,0x69,joint_3,q_actual,0.5672320068981571,
1790848551565604435,1790848551565979059,0x68,joint_2,q_actual,0.031415926535897885,
1790848551570620118,1790848551570996770,0x69,joint_3,q_actual,0.5672320068981571,
1790848551585600951,1790848551585990740,0x68,joint_2,q_actual,0.031415926535897885,
1790848551587463973,1790848551587913100,0x68,joint_2,q_leader,0.019941750242513337,
1790848551587463973,1790848551587913100,0x69,joint_3,q_leader,-0.10277671278833796,
1790848551590831548,1790848551591110023,0x69,joint_3,q_actual,0.5672320068981571,
1790848551601343267,1790848551601658701,0x68,joint_2,q_des,0.02992966959474651,
1790848551601343267,1790848551601658701,0x69,joint_3,q_des,0.5659434630363331,
1790848551601343267,1790848551601756228,0x68,joint_2,q_filtered,0.02992966959474651,
1790848551601343267,1790848551601756228,0x69,joint_3,q_filtered,0.5659434630363331,
1790848551601343267,1790848551601972655,0x68,joint_2,q_cmd,0.02992966959474651,0.0
1790848551601343267,1790848551601972655,0x69,joint_3,q_cmd,0.5659434630363331,0.0
1790848551605455771,1790848551605750066,0x68,joint_2,q_actual,0.031415926535897885,
1790848551610437650,1790848551610722793,0x69,joint_3,q_actual,0.5672320068981571,
1790848551627408875,1790848551627870181,0x68,joint_2,q_actual,0.031415926535897885,
1790848551631825717,1790848551632070136,0x69,joint_3,q_actual,0.5672320068981571,
1790848551637168477,1790848551637528031,0x68,joint_2,q_leader,0.019941750242513337,
1790848551637168477,1790848551637528031,0x69,joint_3,q_leader,-0.10277671278833796,
1790848551646577757,1790848551646870391,0x68,joint_2,q_actual,0.031415926535897885,
1790848551651569954,1790848551651873113,0x69,joint_3,q_actual,0.5672320068981571,
1790848551666576921,1790848551666871297,0x68,joint_2,q_actual,0.031415926535897885,
1790848551671586828,1790848551671885550,0x69,joint_3,q_actual,0.5672320068981571,
1790848551686393738,1790848551686691488,0x68,joint_2,q_leader,0.019941750242513337,
1790848551686393738,1790848551686691488,0x69,joint_3,q_leader,-0.10277671278833796,
1790848551687050608,1790848551687336946,0x68,joint_2,q_actual,0.031415926535897885,
1790848551691324725,1790848551691536655,0x69,joint_3,q_actual,0.5672320068981571,
1790848551706710155,1790848551706962293,0x68,joint_2,q_actual,0.031415926535897885,
1790848551710430267,1790848551710731598,0x69,joint_3,q_actual,0.5672320068981571,
1790848551725416105,1790848551725704406,0x68,joint_2,q_actual,0.031415926535897885,
1790848551730230049,1790848551730492867,0x69,joint_3,q_actual,0.5672320068981571,
1790848551736386111,1790848551736611397,0x68,joint_2,q_leader,0.019941750242513337,
1790848551736386111,1790848551736611397,0x69,joint_3,q_leader,-0.10277671278833796,
1790848551745066531,1790848551745181213,0x68,joint_2,q_actual,0.031415926535897885,
1790848551749943745,1790848551750061439,0x69,joint_3,q_actual,0.5672320068981571,
1790848551765027674,1790848551765125528,0x68,joint_2,q_actual,0.031415926535897885,
1790848551769907274,1790848551770007819,0x69,joint_3,q_actual,0.5672320068981571,
1790848551785168757,1790848551785327507,0x68,joint_2,q_actual,0.031415926535897885,
1790848551785701811,1790848551785880431,0x68,joint_2,q_leader,0.019941750242513337,
1790848551785701811,1790848551785880431,0x69,joint_3,q_leader,-0.10277671278833796,
1790848551790195268,1790848551790409412,0x69,joint_3,q_actual,0.5672320068981571,
1790848551800720840,1790848551800923457,0x68,joint_2,q_des,0.02992966959474651,
1790848551800720840,1790848551800923457,0x69,joint_3,q_des,0.5659434630363331,
1790848551800720840,1790848551800937756,0x68,joint_2,q_filtered,0.02992966959474651,
1790848551800720840,1790848551800937756,0x69,joint_3,q_filtered,0.5659434630363331,
1790848551800720840,1790848551801103039,0x68,joint_2,q_cmd,0.02992966959474651,0.0
1790848551800720840,1790848551801103039,0x69,joint_3,q_cmd,0.5659434630363331,0.0
1790848551805301945,1790848551805559486,0x68,joint_2,q_actual,0.031415926535897885,
1790848551810265380,1790848551810459374,0x69,joint_3,q_actual,0.5672320068981571,
1790848551825438500,1790848551825726291,0x68,joint_2,q_actual,0.031415926535897885,
1790848551830638913,1790848551831005102,0x69,joint_3,q_actual,0.5672320068981571,
1790848551837114187,1790848551837480417,0x68,joint_2,q_leader,0.019941750242513337,
1790848551837114187,1790848551837480417,0x69,joint_3,q_leader,-0.10277671278833796,
1790848551845610931,1790848551845984249,0x68,joint_2,q_actual,0.031415926535897885,
1790848551850633137,1790848551851000896,0x69,joint_3,q_actual,0.5672320068981571,
1790848551865605128,1790848551865975076,0x68,joint_2,q_actual,0.031415926535897885,
1790848551870666053,1790848551871028318,0x69,joint_3,q_actual,0.5672320068981571,
1790848551885588775,1790848551885944882,0x68,joint_2,q_actual,0.031415926535897885,
1790848551887344677,1790848551887702380,0x68,joint_2,q_leader,0.019941750242513337,
1790848551887344677,1790848551887702380,0x69,joint_3,q_leader,-0.10277671278833796,
1790848551890317335,1790848551890590694,0x69,joint_3,q_actual,0.5672320068981571,
1790848551905474699,1790848551905811504,0x68,joint_2,q_actual,0.031415926535897885,
1790848551910627665,1790848551910995752,0x69,joint_3,q_actual,0.5672320068981571,
1790848551925588756,1790848551925973873,0x68,joint_2,q_actual,0.031415926535897885,
1790848551930597025,1790848551930956135,0x69,joint_3,q_actual,0.5672320068981571,
1790848551937429975,1790848551937785498,0x68,joint_2,q_leader,0.019941750242513337,
1790848551937429975,1790848551937785498,0x69,joint_3,q_leader,-0.10277671278833796,
1790848551945584180,1790848551945962899,0x68,joint_2,q_actual,0.031415926535897885,
1790848551950594380,1790848551950976216,0x69,joint_3,q_actual,0.5672320068981571,
1790848551968553112,1790848551968908791,0x68,joint_2,q_actual,0.031415926535897885,
1790848551971492620,1790848551971759478,0x69,joint_3,q_actual,0.5672320068981571,
1790848551985600185,1790848551985960708,0x68,joint_2,q_actual,0.031415926535897885,
1790848551987386800,1790848551987731712,0x68,joint_2,q_leader,0.019941750242513337,
1790848551987386800,1790848551987731712,0x69,joint_3,q_leader,-0.10277671278833796,
1790848551990400973,1790848551990697310,0x69,joint_3,q_actual,0.5672320068981571,
1790848552001343722,1790848552001679925,0x68,joint_2,q_des,0.02992966959474651,
1790848552001343722,1790848552001679925,0x69,joint_3,q_des,0.5659434630363331,
1790848552001343722,1790848552001808934,0x68,joint_2,q_filtered,0.02992966959474651,
1790848552001343722,1790848552001808934,0x69,joint_3,q_filtered,0.5659434630363331,
1790848552001343722,1790848552002052232,0x68,joint_2,q_cmd,0.02992966959474651,0.0
1790848552001343722,1790848552002052232,0x69,joint_3,q_cmd,0.5659434630363331,0.0
1790848552010152052,1790848552010496196,0x68,joint_2,q_actual,0.031415926535897885,
1790848552011648592,1790848552011911063,0x69,joint_3,q_actual,0.5672320068981571,
1790848552025161596,1790848552025350031,0x68,joint_2,q_actual,0.031415926535897885,
1790848552030270913,1790848552030504991,0x69,joint_3,q_actual,0.5672320068981571,
1790848552036222296,1790848552036470636,0x68,joint_2,q_leader,0.019941750242513337,
1790848552036222296,1790848552036470636,0x69,joint_3,q_leader,-0.10277671278833796,
1790848552045295615,1790848552045531604,0x68,joint_2,q_actual,0.031415926535897885,
1790848552050305272,1790848552050543978,0x69,joint_3,q_actual,0.5672320068981571,
1790848552065303133,1790848552065543142,0x68,joint_2,q_actual,0.031415926535897885,
1790848552070304735,1790848552070543485,0x69,joint_3,q_actual,0.5672320068981571,
1790848552086212048,1790848552086464265,0x68,joint_2,q_leader,0.019941750242513337,
1790848552086212048,1790848552086464265,0x69,joint_3,q_leader,-0.10277671278833796,
1790848552087112058,1790848552087290030,0x68,joint_2,q_actual,0.031415926535897885,
1790848552090108021,1790848552090290541,0x69,joint_3,q_actual,0.5672320068981571,
1790848552105133587,1790848552105373323,0x68,joint_2,q_actual,0.031415926535897885,
1790848552110293051,1790848552110529848,0x69,joint_3,q_actual,0.5672320068981571,
1790848552125300319,1790848552125539700,0x68,joint_2,q_actual,0.031415926535897885,
1790848552130294266,1790848552130511806,0x69,joint_3,q_actual,0.5672320068981571,
1790848552136101574,1790848552136308428,0x68,joint_2,q_leader,0.019941750242513337,
1790848552136101574,1790848552136308428,0x69,joint_3,q_leader,-0.10277671278833796,
1790848552145302806,1790848552145537842,0x68,joint_2,q_actual,0.031415926535897885,
1790848552150146406,1790848552150334260,0x69,joint_3,q_actual,0.5672320068981571,
1790848552165313326,1790848552165566257,0x68,joint_2,q_actual,0.031415926535897885,
1790848552170307752,1790848552170545804,0x69,joint_3,q_actual,0.5672320068981571,
1790848552185226963,1790848552185476047,0x68,joint_2,q_actual,0.031415926535897885,
1790848552186126098,1790848552186335336,0x68,joint_2,q_leader,0.019941750242513337,
1790848552186126098,1790848552186335336,0x69,joint_3,q_leader,-0.10277671278833796,
1790848552190190808,1790848552190397905,0x69,joint_3,q_actual,0.5672320068981571,
1790848552200946567,1790848552201187778,0x68,joint_2,q_des,0.02992966959474651,
1790848552200946567,1790848552201187778,0x69,joint_3,q_des,0.5659434630363331,
1790848552200946567,1790848552201367616,0x68,joint_2,q_filtered,0.02992966959474651,
1790848552200946567,1790848552201367616,0x69,joint_3,q_filtered,0.5659434630363331,
1790848552200946567,1790848552201525930,0x68,joint_2,q_cmd,0.02992966959474651,0.0
1790848552200946567,1790848552201525930,0x69,joint_3,q_cmd,0.5659434630363331,0.0
1790848552207193451,1790848552207395253,0x68,joint_2,q_actual,0.031415926535897885,
1790848552210389344,1790848552210663245,0x69,joint_3,q_actual,0.5672320068981571,
1790848552225230616,1790848552225511077,0x68,joint_2,q_actual,0.031415926535897885,
1790848552230196803,1790848552230436239,0x69,joint_3,q_actual,0.5672320068981571,
1790848552235942033,1790848552236136904,0x68,joint_2,q_leader,0.019941750242513337,
1790848552235942033,1790848552236136904,0x69,joint_3,q_leader,-0.10277671278833796,
1790848552245399731,1790848552245673117,0x68,joint_2,q_actual,0.031415926535897885,
1790848552250375019,1790848552250650828,0x69,joint_3,q_actual,0.5672320068981571,
1790848552265398312,1790848552265699077,0x68,joint_2,q_actual,0.031415926535897885,
1790848552270385505,1790848552270664274,0x69,joint_3,q_actual,0.5672320068981571,
1790848552285324350,1790848552285596803,0x68,joint_2,q_actual,0.031415926535897885,
1790848552286358272,1790848552286586936,0x68,joint_2,q_leader,0.019941750242513337,
1790848552286358272,1790848552286586936,0x69,joint_3,q_leader,-0.10277671278833796,
1790848552290161872,1790848552290375678,0x69,joint_3,q_actual,0.5672320068981571,
1790848552305173154,1790848552305399711,0x68,joint_2,q_actual,0.031415926535897885,
1790848552310200487,1790848552310404587,0x69,joint_3,q_actual,0.5672320068981571,
1790848552325379852,1790848552325659486,0x68,joint_2,q_actual,0.031415926535897885,
1790848552330378542,1790848552330653471,0x69,joint_3,q_actual,0.5672320068981571,
1790848552336331475,1790848552336535269,0x68,joint_2,q_leader,0.019941750242513337,
1790848552336331475,1790848552336535269,0x69,joint_3,q_leader,-0.10277671278833796,
1790848552345357659,1790848552345634679,0x68,joint_2,q_actual,0.031415926535897885,
1790848552350383126,1790848552350667105,0x69,joint_3,q_actual,0.5672320068981571,
1790848552365267742,1790848552365536249,0x68,joint_2,q_actual,0.031415926535897885,
1790848552370380337,1790848552370663670,0x69,joint_3,q_actual,0.5672320068981571,
1790848552385393155,1790848552385672121,0x68,joint_2,q_actual,0.031415926535897885,
1790848552386662128,1790848552386894436,0x68,joint_2,q_leader,0.019941750242513337,
1790848552386662128,1790848552386894436,0x69,joint_3,q_leader,-0.10277671278833796,
1790848552390393114,1790848552390671478,0x69,joint_3,q_actual,0.5672320068981571,
1790848552400959650,1790848552401236505,0x68,joint_2,q_des,0.02992966959474651,
1790848552400959650,1790848552401236505,0x69,joint_3,q_des,0.5659434630363331,
1790848552400959650,1790848552401298590,0x68,joint_2,q_filtered,0.02992966959474651,
1790848552400959650,1790848552401298590,0x69,joint_3,q_filtered,0.5659434630363331,
1790848552400959650,1790848552401502979,0x68,joint_2,q_cmd,0.02992966959474651,0.0
1790848552400959650,1790848552401502979,0x69,joint_3,q_cmd,0.5659434630363331,0.0
1790848552407423367,1790848552407681266,0x68,joint_2,q_actual,0.031415926535897885,
1790848552410198270,1790848552410404654,0x69,joint_3,q_actual,0.5672320068981571,
1790848552425240111,1790848552425527429,0x68,joint_2,q_actual,0.031415926535897885,
1790848552430185634,1790848552430410169,0x69,joint_3,q_actual,0.5672320068981571,
1790848552436090014,1790848552436314077,0x68,joint_2,q_leader,0.019941750242513337,
1790848552436090014,1790848552436314077,0x69,joint_3,q_leader,-0.10277671278833796,
1790848552445371508,1790848552445643887,0x68,joint_2,q_actual,0.031415926535897885,
1790848552450381446,1790848552450659777,0x69,joint_3,q_actual,0.5672320068981571,
1790848552465389543,1790848552465662152,0x68,joint_2,q_actual,0.031415926535897885,
1790848552470387367,1790848552470662903,0x69,joint_3,q_actual,0.5672320068981571,
1790848552485390537,1790848552485660032,0x68,joint_2,q_actual,0.031415926535897885,
1790848552486611726,1790848552486844675,0x68,joint_2,q_leader,0.019941750242513337,
1790848552486611726,1790848552486844675,0x69,joint_3,q_leader,-0.10277671278833796,
1790848552490394919,1790848552490669280,0x69,joint_3,q_actual,0.5672320068981571,
1790848552505375969,1790848552505649409,0x68,joint_2,q_actual,0.031415926535897885,
1790848552510381824,1790848552510652821,0x69,joint_3,q_actual,0.5672320068981571,
1790848552525232971,1790848552525524143,0x68,joint_2,q_actual,0.031415926535897885,
1790848552530190433,1790848552530404328,0x69,joint_3,q_actual,0.5672320068981571,
1790848552536236521,1790848552536503230,0x68,joint_2,q_leader,0.019941750242513337,
1790848552536236521,1790848552536503230,0x69,joint_3,q_leader,-0.10277671278833796,
1790848552545213535,1790848552545443037,0x68,joint_2,q_actual,0.031415926535897885,
1790848552550381639,1790848552550656556,0x69,joint_3,q_actual,0.5672320068981571,
1790848552565369645,1790848552565648911,0x68,joint_2,q_actual,0.031415926535897885,
1790848552570379382,1790848552570658473,0x69,joint_3,q_actual,0.5672320068981571,
1790848552585392696,1790848552585664422,0x68,joint_2,q_actual,0.031415926535897885,
1790848552586651933,1790848552586880067,0x68,joint_2,q_leader,0.019941750242513337,
1790848552586651933,1790848552586880067,0x69,joint_3,q_leader,-0.10277671278833796,
1790848552590384290,1790848552590659690,0x69,joint_3,q_actual,0.5672320068981571,
1790848552600965917,1790848552601208733,0x68,joint_2,q_des,0.02992966959474651,
1790848552600965917,1790848552601208733,0x69,joint_3,q_des,0.5659434630363331,
1790848552600965917,1790848552601363213,0x68,joint_2,q_filtered,0.02992966959474651,
1790848552600965917,1790848552601363213,0x69,joint_3,q_filtered,0.5659434630363331,
1790848552600965917,1790848552601472127,0x68,joint_2,q_cmd,0.02992966959474651,0.0
1790848552600965917,1790848552601472127,0x69,joint_3,q_cmd,0.5659434630363331,0.0
1790848552610064211,1790848552610274198,0x68,joint_2,q_actual,0.031415926535897885,
1790848552611848689,1790848552612045107,0x69,joint_3,q_actual,0.5672320068981571,
1790848552625383531,1790848552625669799,0x68,joint_2,q_actual,0.031415926535897885,
1790848552633122144,1790848552633368400,0x69,joint_3,q_actual,0.5672320068981571,
1790848552636128361,1790848552636369238,0x68,joint_2,q_leader,0.019941750242513337,
1790848552636128361,1790848552636369238,0x69,joint_3,q_leader,-0.10277671278833796,
1790848552646443146,1790848552646678273,0x68,joint_2,q_actual,0.031415926535897885,
1790848552651191438,1790848552651401685,0x69,joint_3,q_actual,0.5672320068981571,
1790848552666456204,1790848552666716692,0x68,joint_2,q_actual,0.031415926535897885,
1790848552671436318,1790848552671699170,0x69,joint_3,q_actual,0.5672320068981571,
1790848552686489343,1790848552686745893,0x68,joint_2,q_leader,0.019941750242513337,
1790848552686489343,1790848552686745893,0x69,joint_3,q_leader,-0.10277671278833796,
1790848552686507332,1790848552686717148,0x68,joint_2,q_actual,0.031415926535897885,
1790848552691228684,1790848552691441674,0x69,joint_3,q_actual,0.5672320068981571,
1790848552706466493,1790848552706726466,0x68,joint_2,q_actual,0.031415926535897885,
1790848552711408644,1790848552711665972,0x69,joint_3,q_actual,0.5672320068981571,
1790848552725367115,1790848552725651236,0x68,joint_2,q_actual,0.031415926535897885,
1790848552730219751,1790848552730492869,0x69,joint_3,q_actual,0.5672320068981571,
1790848552735562728,1790848552735665719,0x68,joint_2,q_leader,0.019941750242513337,
1790848552735562728,1790848552735665719,0x69,joint_3,q_leader,-0.10277671278833796,
1790848552745162673,1790848552745326574,0x68,joint_2,q_actual,0.031415926535897885,
1790848552750166186,1790848552750321069,0x69,joint_3,q_actual,0.5672320068981571,
1790848552765149759,1790848552765320569,0x68,joint_2,q_actual,0.031415926535897885,
1790848552770148791,1790848552770327143,0x69,joint_3,q_actual,0.5672320068981571,
1790848552785209674,1790848552785405820,0x68,joint_2,q_actual,0.031415926535897885,
1790848552785829694,1790848552786051739,0x68,joint_2,q_leader,0.019941750242513337,
1790848552785829694,1790848552786051739,0x69,joint_3,q_leader,-0.10277671278833796,
1790848552790273493,1790848552790495203,0x69,joint_3,q_actual,0.5672320068981571,
1790848552801048758,1790848552801318904,0x68,joint_2,q_des,0.02992966959474651,
1790848552801048758,1790848552801318904,0x69,joint_3,q_des,0.5659434630363331,
1790848552801048758,1790848552801415647,0x68,joint_2,q_filtered,0.02992966959474651,
1790848552801048758,1790848552801415647,0x69,joint_3,q_filtered,0.5659434630363331,
1790848552801048758,1790848552801523782,0x68,joint_2,q_cmd,0.02992966959474651,0.0
1790848552801048758,1790848552801523782,0x69,joint_3,q_cmd,0.5659434630363331,0.0
1790848552808120758,1790848552808397394,0x68,joint_2,q_actual,0.031415926535897885,
1790848552810307703,1790848552810559546,0x69,joint_3,q_actual,0.5672320068981571,
1790848552825538631,1790848552825887103,0x68,joint_2,q_actual,0.031415926535897885,
1790848552830397861,1790848552830663373,0x69,joint_3,q_actual,0.5672320068981571,
1790848552836660595,1790848552836924932,0x68,joint_2,q_leader,0.019941750242513337,
1790848552836660595,1790848552836924932,0x69,joint_3,q_leader,-0.10277671278833796,
1790848552845381182,1790848552845650254,0x68,joint_2,q_actual,0.031415926535897885,
1790848552850361199,1790848552850619571,0x69,joint_3,q_actual,0.5672320068981571,
1790848552865552879,1790848552865893549,0x68,joint_2,q_actual,0.031415926535897885,
1790848552870524122,1790848552870866471,0x69,joint_3,q_actual,0.5672320068981571,
1790848552885533677,1790848552885947356,0x68,joint_2,q_actual,0.031415926535897885,
1790848552887320024,1790848552887594372,0x68,joint_2,q_leader,0.019941750242513337,
1790848552887320024,1790848552887594372,0x69,joint_3,q_leader,-0.10277671278833796,
1790848552890370551,1790848552890631970,0x69,joint_3,q_actual,0.5672320068981571,
1790848552905403426,1790848552905736341,0x68,joint_2,q_actual,0.031415926535897885,
1790848552910552690,1790848552910902408,0x69,joint_3,q_actual,0.5672320068981571,
1790848552925545069,1790848552925890520,0x68,joint_2,q_actual,0.031415926535897885,
1790848552930502234,1790848552930848145,0x69,joint_3,q_actual,0.5672320068981571,
1790848552936750513,1790848552937008521,0x68,joint_2,q_leader,0.019941750242513337,
1790848552936750513,1790848552937008521,0x69,joint_3,q_leader,-0.10277671278833796,
1790848552945006314,1790848552945138580,0x68,joint_2,q_actual,0.031415926535897885,
1790848552950036231,1790848552950132046,0x69,joint_3,q_actual,0.5672320068981571,
1790848552965116250,1790848552965218139,0x68,joint_2,q_actual,0.031415926535897885,
1790848552970021916,1790848552970108451,0x69,joint_3,q_actual,0.5672320068981571,
1790848552984934635,1790848552985042381,0x68,joint_2,q_actual,0.031415926535897885,
1790848552985341165,1790848552985448384,0x68,joint_2,q_leader,0.019941750242513337,
1790848552985341165,1790848552985448384,0x69,joint_3,q_leader,-0.10277671278833796,
1790848552990168387,1790848552990326047,0x69,joint_3,q_actual,0.5672320068981571,
1790848553000606622,1790848553000745812,0x68,joint_2,q_des,0.02992966959474651,
1790848553000606622,1790848553000745812,0x69,joint_3,q_des,0.5659434630363331,
1790848553000606622,1790848553000775057,0x68,joint_2,q_filtered,0.02992966959474651,
1790848553000606622,1790848553000775057,0x69,joint_3,q_filtered,0.5659434630363331,
1790848553000606622,1790848553000893463,0x68,joint_2,q_cmd,0.02992966959474651,0.0
1790848553000606622,1790848553000893463,0x69,joint_3,q_cmd,0.5659434630363331,0.0
1790848553006720510,1790848553006888520,0x68,joint_2,q_actual,0.031415926535897885,
1790848553010310437,1790848553010556650,0x69,joint_3,q_actual,0.5672320068981571,
1790848553025582715,1790848553025952686,0x68,joint_2,q_actual,0.031415926535897885,
1790848553030418612,1790848553030712987,0x69,joint_3,q_actual,0.5672320068981571,
1790848553036892362,1790848553037183134,0x68,joint_2,q_leader,0.019941750242513337,
1790848553036892362,1790848553037183134,0x69,joint_3,q_leader,-0.10277671278833796,
1790848553045436133,1790848553045750955,0x68,joint_2,q_actual,0.031415926535897885,
1790848553050405509,1790848553050683280,0x69,joint_3,q_actual,0.5672320068981571,
1790848553065446018,1790848553065788074,0x68,joint_2,q_actual,0.031415926535897885,
1790848553070590634,1790848553070940396,0x69,joint_3,q_actual,0.5672320068981571,
1790848553085557780,1790848553085932411,0x68,joint_2,q_actual,0.031415926535897885,
1790848553087055618,1790848553087337270,0x68,joint_2,q_leader,0.019941750242513337,
1790848553087055618,1790848553087337270,0x69,joint_3,q_leader,-0.10277671278833796,
1790848553090415698,1790848553090690048,0x69,joint_3,q_actual,0.5672320068981571,
1790848553105580249,1790848553105934349,0x68,joint_2,q_actual,0.031415926535897885,
1790848553110590848,1790848553110941404,0x69,joint_3,q_actual,0.5672320068981571,
1790848553125532631,1790848553125913809,0x68,joint_2,q_actual,0.031415926535897885,
1790848553130458410,1790848553130800457,0x69,joint_3,q_actual,0.5672320068981571,
1790848553137386585,1790848553137597468,0x68,joint_2,q_leader,0.019941750242513337,
1790848553137386585,1790848553137597468,0x69,joint_3,q_leader,-0.10277671278833796,
1790848553145209104,1790848553145423085,0x68,joint_2,q_actual,0.031415926535897885,
1790848553150136621,1790848553150353302,0x69,joint_3,q_actual,0.5672320068981571,
1790848553164996104,1790848553165152752,0x68,joint_2,q_actual,0.031415926535897885,
1790848553169969814,1790848553170102340,0x69,joint_3,q_actual,0.5672320068981571,
1790848553184932873,1790848553185022928,0x68,joint_2,q_actual,0.031415926535897885,
1790848553185018973,1790848553185093063,0x68,joint_2,q_leader,0.019941750242513337,
1790848553185018973,1790848553185093063,0x69,joint_3,q_leader,-0.10277671278833796,
1790848553189924364,1790848553190004239,0x69,joint_3,q_actual,0.5672320068981571,
1790848553200173622,1790848553200321773,0x68,joint_2,q_des,0.02992966959474651,
1790848553200173622,1790848553200321773,0x69,joint_3,q_des,0.5659434630363331,
1790848553200173622,1790848553200328009,0x68,joint_2,q_filtered,0.02992966959474651,
1790848553200173622,1790848553200328009,0x69,joint_3,q_filtered,0.5659434630363331,
1790848553200173622,1790848553200456346,0x68,joint_2,q_cmd,0.02992966959474651,0.0
1790848553200173622,1790848553200456346,0x69,joint_3,q_cmd,0.5659434630363331,0.0
1790848553206115941,1790848553206226291,0x68,joint_2,q_actual,0.031415926535897885,
1790848553209915596,1790848553210022985,0x69,joint_3,q_actual,0.5672320068981571,
1790848553224929223,1790848553225046376,0x68,joint_2,q_actual,0.031415926535897885,
1790848553229923689,1790848553230037491,0x69,joint_3,q_actual,0.5672320068981571,
1790848553234965986,1790848553235043531,0x68,joint_2,q_leader,0.019941750242513337,
1790848553234965986,1790848553235043531,0x69,joint_3,q_leader,-0.10277671278833796,
1790848553244938647,1790848553245063189,0x68,joint_2,q_actual,0.031415926535897885,
1790848553249981498,1790848553250122337,0x69,joint_3,q_actual,0.5672320068981571,
1790848553264947539,1790848553265086336,0x68,joint_2,q_actual,0.031415926535897885,
1790848553269931122,1790848553270056084,0x69,joint_3,q_actual,0.5672320068981571,
1790848553284945020,1790848553285031635,0x68,joint_2,q_actual,0.031415926535897885,
1790848553285034712,1790848553285113621,0x68,joint_2,q_leader,0.019941750242513337,
1790848553285034712,1790848553285113621,0x69,joint_3,q_leader,-0.10277671278833796,
1790848553289933798,1790848553290046974,0x69,joint_3,q_actual,0.5672320068981571,
1790848553304935545,1790848553305071403,0x68,joint_2,q_actual,0.031415926535897885,
1790848553309921522,1790848553310032217,0x69,joint_3,q_actual,0.5672320068981571,
1790848553324916746,1790848553325023036,0x68,joint_2,q_actual,0.031415926535897885,
1790848553329923618,1790848553329994310,0x69,joint_3,q_actual,0.5672320068981571,
1790848553334977649,1790848553335053080,0x68,joint_2,q_leader,0.019941750242513337,
1790848553334977649,1790848553335053080,0x69,joint_3,q_leader,-0.10277671278833796,
1790848553344921744,1790848553345036691,0x68,joint_2,q_actual,0.031415926535897885,
1790848553349923352,1790848553350032495,0x69,joint_3,q_actual,0.5672320068981571,
1790848553364949961,1790848553365101805,0x68,joint_2,q_actual,0.031415926535897885,
1790848553369922675,1790848553370034434,0x69,joint_3,q_actual,0.5672320068981571,
1790848553384926930,1790848553385001150,0x68,joint_2,q_actual,0.031415926535897885,
1790848553385065999,1790848553385140334,0x68,joint_2,q_leader,0.019941750242513337,
1790848553385065999,1790848553385140334,0x69,joint_3,q_leader,-0.10277671278833796,
1790848553389918851,1790848553390027596,0x69,joint_3,q_actual,0.5672320068981571,
1790848553400191035,1790848553400315697,0x68,joint_2,q_des,0.02992966959474651,
1790848553400191035,1790848553400315697,0x69,joint_3,q_des,0.5659434630363331,
1790848553400191035,1790848553400324888,0x68,joint_2,q_filtered,0.02992966959474651,
1790848553400191035,1790848553400324888,0x69,joint_3,q_filtered,0.5659434630363331,
1790848553400191035,1790848553400404223,0x68,joint_2,q_cmd,0.02992966959474651,0.0
1790848553400191035,1790848553400404223,0x69,joint_3,q_cmd,0.5659434630363331,0.0
1790848553406158272,1790848553406265207,0x68,joint_2,q_actual,0.031415926535897885,
1790848553409934858,1790848553410045381,0x69,joint_3,q_actual,0.5672320068981571,
1790848553424939889,1790848553425065799,0x68,joint_2,q_actual,0.031415926535897885,
1790848553429940611,1790848553430061380,0x69,joint_3,q_actual,0.5672320068981571,
1790848553434965186,1790848553435042305,0x68,joint_2,q_leader,0.019941750242513337,
1790848553434965186,1790848553435042305,0x69,joint_3,q_leader,-0.10277671278833796,
1790848553444941735,1790848553445062514,0x68,joint_2,q_actual,0.031415926535897885,
1790848553449980502,1790848553450112766,0x69,joint_3,q_actual,0.5672320068981571,
1790848553464955724,1790848553465094181,0x68,joint_2,q_actual,0.031415926535897885,
1790848553469943246,1790848553470061686,0x69,joint_3,q_actual,0.5672320068981571,
1790848553484951666,1790848553485045805,0x68,joint_2,q_actual,0.031415926535897885,
1790848553485076422,1790848553485151524,0x68,joint_2,q_leader,0.019941750242513337,
1790848553485076422,1790848553485151524,0x69,joint_3,q_leader,-0.10277671278833796,
1790848553489935887,1790848553490057413,0x69,joint_3,q_actual,0.5672320068981571,
1790848553504939873,1790848553505071588,0x68,joint_2,q_actual,0.031415926535897885,
1790848553509931895,1790848553510047971,0x69,joint_3,q_actual,0.5672320068981571,
1790848553524950883,1790848553525098473,0x68,joint_2,q_actual,0.031415926535897885,
1790848553529951135,1790848553530082901,0x69,joint_3,q_actual,0.5672320068981571,
1790848553535017269,1790848553535096043,0x68,joint_2,q_leader,0.019941750242513337,
1790848553535017269,1790848553535096043,0x69,joint_3,q_leader,-0.10277671278833796,
1790848553546274219,1790848553546404788,0x68,joint_2,q_actual,0.031415926535897885,
1790848553549938201,1790848553550053387,0x69,joint_3,q_actual,0.5672320068981571,
1790848553565023145,1790848553565158636,0x68,joint_2,q_actual,0.031415926535897885,
1790848553569985852,1790848553570136191,0x69,joint_3,q_actual,0.5672320068981571,
1790848553584972835,1790848553585093720,0x68,joint_2,q_actual,0.031415926535897885,
1790848553585166007,1790848553585252639,0x68,joint_2,q_leader,0.019941750242513337,
1790848553585166007,1790848553585252639,0x69,joint_3,q_leader,-0.10277671278833796,
1790848553589944952,1790848553590064214,0x69,joint_3,q_actual,0.5672320068981571,
1790848553600264281,1790848553600405211,0x68,joint_2,q_des,0.02992966959474651,
1790848553600264281,1790848553600405211,0x69,joint_3,q_des,0.5659434630363331,
1790848553600264281,1790848553600411491,0x68,joint_2,q_filtered,0.02992966959474651,
1790848553600264281,1790848553600411491,0x69,joint_3,q_filtered,0.5659434630363331,
1790848553600264281,1790848553600502534,0x68,joint_2,q_cmd,0.02992966959474651,0.0
1790848553600264281,1790848553600502534,0x69,joint_3,q_cmd,0.5659434630363331,0.0
1790848553604958102,1790848553605075839,0x68,joint_2,q_actual,0.031415926535897885,
1790848553609961347,1790848553610082898,0x69,joint_3,q_actual,0.5672320068981571,
1790848553625153106,1790848553625318822,0x68,joint_2,q_actual,0.031415926535897885,
1790848553630165385,1790848553630346692,0x69,joint_3,q_actual,0.5672320068981571,
1790848553635487024,1790848553635575918,0x68,joint_2,q_leader,0.019941750242513337,
1790848553635487024,1790848553635575918,0x69,joint_3,q_leader,-0.10277671278833796,
1790848553645013368,1790848553645155499,0x68,joint_2,q_actual,0.031415926535897885,
1790848553650338739,1790848553650594833,0x69,joint_3,q_actual,0.5672320068981571,
1790848553665333569,1790848553665599656,0x68,joint_2,q_actual,0.031415926535897885,
1790848553670321005,1790848553670568649,0x69,joint_3,q_actual,0.5672320068981571,
1790848553685631347,1790848553685961865,0x68,joint_2,q_actual,0.031415926535897885,
1790848553687517034,1790848553687919073,0x68,joint_2,q_leader,0.019941750242513337,
1790848553687517034,1790848553687919073,0x69,joint_3,q_leader,-0.10277671278833796,
1790848553690131641,1790848553690209027,0x69,joint_3,q_actual,0.5672320068981571,
1790848553705029926,1790848553705135337,0x68,joint_2,q_actual,0.031415926535897885,
1790848553710143383,1790848553710301847,0x69,joint_3,q_actual,0.5672320068981571,
1790848553725119868,1790848553725306039,0x68,joint_2,q_actual,0.031415926535897885,
1790848553730073326,1790848553730177192,0x69,joint_3,q_actual,0.5672320068981571,
1790848553736003902,1790848553736255864,0x68,joint_2,q_leader,0.019941750242513337,
1790848553736003902,1790848553736255864,0x69,joint_3,q_leader,-0.10277671278833796,
1790848553745459860,1790848553745773437,0x68,joint_2,q_actual,0.031415926535897885,
1790848553750377285,1790848553750653052,0x69,joint_3,q_actual,0.5672320068981571,
1790848553766649739,1790848553766762135,0x68,joint_2,q_actual,0.031415926535897885,
1790848553770078135,1790848553770210249,0x69,joint_3,q_actual,0.5672320068981571,
1790848553784883610,1790848553784991085,0x68,joint_2,q_actual,0.031415926535897885,
1790848553785204648,1790848553785315097,0x68,joint_2,q_leader,0.019941750242513337,
1790848553785204648,1790848553785315097,0x69,joint_3,q_leader,-0.10277671278833796,
1790848553790028412,1790848553790125527,0x69,joint_3,q_actual,0.5672320068981571,
1790848553800219795,1790848553800334215,0x68,joint_2,q_des,0.02992966959474651,
1790848553800219795,1790848553800334215,0x69,joint_3,q_des,0.5659434630363331,
1790848553800219795,1790848553800341927,0x68,joint_2,q_filtered,0.02992966959474651,
1790848553800219795,1790848553800341927,0x69,joint_3,q_filtered,0.5659434630363331,
1790848553800219795,1790848553800346924,0x68,joint_2,q_cmd,0.02992966959474651,0.0
1790848553800219795,1790848553800346924,0x69,joint_3,q_cmd,0.5659434630363331,0.0
1790848553805018636,1790848553805124001,0x68,joint_2,q_actual,0.031415926535897885,
1790848553810151636,1790848553810333453,0x69,joint_3,q_actual,0.5672320068981571,
1790848553825281940,1790848553825510198,0x68,joint_2,q_actual,0.031415926535897885,
1790848553830291203,1790848553830518778,0x69,joint_3,q_actual,0.5672320068981571,
1790848553836469109,1790848553836777316,0x68,joint_2,q_leader,0.019941750242513337,
1790848553836469109,1790848553836777316,0x69,joint_3,q_leader,-0.10277671278833796,
1790848553845504067,1790848553845859180,0x68,joint_2,q_actual,0.031415926535897885,
1790848553850553112,1790848553850913158,0x69,joint_3,q_actual,0.5672320068981571,
1790848553865407426,1790848553865741005,0x68,joint_2,q_actual,0.031415926535897885,
1790848553870363877,1790848553870642599,0x69,joint_3,q_actual,0.5672320068981571,
1790848553885529235,1790848553885870657,0x68,joint_2,q_actual,0.031415926535897885,
1790848553887160411,1790848553887518143,0x68,joint_2,q_leader,0.019941750242513337,
1790848553887160411,1790848553887518143,0x69,joint_3,q_leader,-0.10277671278833796,
1790848553890422644,1790848553890691215,0x69,joint_3,q_actual,0.5672320068981571,
1790848553905625968,1790848553905976043,0x68,joint_2,q_actual,0.031415926535897885,
1790848553910399481,1790848553910668557,0x69,joint_3,q_actual,0.5672320068981571,
1790848553925662474,1790848553926011636,0x68,joint_2,q_actual,0.031415926535897885,
1790848553930553651,1790848553930857779,0x69,joint_3,q_actual,0.5672320068981571,
1790848553937318103,1790848553937673069,0x68,joint_2,q_leader,0.019941750242513337,
1790848553937318103,1790848553937673069,0x69,joint_3,q_leader,-0.10277671278833796,
1790848553945411764,1790848553945682482,0x68,joint_2,q_actual,0.031415926535897885,
1790848553953689615,1790848553954015466,0x69,joint_3,q_actual,0.5672320068981571,
1790848553965480933,1790848553965825550,0x68,joint_2,q_actual,0.031415926535897885,
1790848553970571235,1790848553970912840,0x69,joint_3,q_actual,0.5672320068981571,
1790848553985430348,1790848553985746557,0x68,joint_2,q_actual,0.031415926535897885,
1790848553986645213,1790848553986938756,0x68,joint_2,q_leader,0.019941750242513337,
1790848553986645213,1790848553986938756,0x69,joint_3,q_leader,-0.10277671278833796,
1790848553990391465,1790848553990648778,0x69,joint_3,q_actual,0.5672320068981571,
1790848554001350042,1790848554001617008,0x68,joint_2,q_des,0.02992966959474651,
1790848554001350042,1790848554001617008,0x69,joint_3,q_des,0.5659434630363331,
1790848554001350042,1790848554001650515,0x68,joint_2,q_filtered,0.02992966959474651,
1790848554001350042,1790848554001650515,0x69,joint_3,q_filtered,0.5659434630363331,
1790848554001350042,1790848554001835874,0x68,joint_2,q_cmd,0.02992966959474651,0.0
1790848554001350042,1790848554001835874,0x69,joint_3,q_cmd,0.5659434630363331,0.0
1790848554005379263,1790848554005637548,0x68,joint_2,q_actual,0.031415926535897885,
1790848554010371861,1790848554010626070,0x69,joint_3,q_actual,0.5672320068981571,
1790848554025592829,1790848554025963110,0x68,joint_2,q_actual,0.031415926535897885,
1790848554030563579,1790848554030907801,0x69,joint_3,q_actual,0.5672320068981571,
1790848554037068722,1790848554037393241,0x68,joint_2,q_leader,0.019941750242513337,
1790848554037068722,1790848554037393241,0x69,joint_3,q_leader,-0.10277671278833796,
1790848554045383260,1790848554045660129,0x68,joint_2,q_actual,0.031415926535897885,
1790848554050569432,1790848554050901455,0x69,joint_3,q_actual,0.5672320068981571,
1790848554065426147,1790848554065765128,0x68,joint_2,q_actual,0.031415926535897885,
1790848554070388993,1790848554070663441,0x69,joint_3,q_actual,0.5672320068981571,
1790848554085380166,1790848554085661630,0x68,joint_2,q_actual,0.031415926535897885,
1790848554086472641,1790848554086770626,0x68,joint_2,q_leader,0.019941750242513337,
1790848554086472641,1790848554086770626,0x69,joint_3,q_leader,-0.10277671278833796,
1790848554090596966,1790848554090932954,0x69,joint_3,q_actual,0.5672320068981571,
1790848554105416178,1790848554105756171,0x68,joint_2,q_actual,0.031415926535897885,
1790848554110585013,1790848554110955037,0x69,joint_3,q_actual,0.5672320068981571,
1790848554125599211,1790848554125943548,0x68,joint_2,q_actual,0.031415926535897885,
1790848554130533958,1790848554130799216,0x69,joint_3,q_actual,0.5672320068981571,
1790848554136461213,1790848554136677912,0x68,joint_2,q_leader,0.019941750242513337,
1790848554136461213,1790848554136677912,0x69,joint_3,q_leader,-0.10277671278833796,
1790848554145209415,1790848554145430676,0x68,joint_2,q_actual,0.031415926535897885,
1790848554150162634,1790848554150345741,0x69,joint_3,q_actual,0.5672320068981571,
1790848554165048660,1790848554165191704,0x68,joint_2,q_actual,0.031415926535897885,
1790848554169988880,1790848554170114808,0x69,joint_3,q_actual,0.5672320068981571,
1790848554185016072,1790848554185128183,0x68,joint_2,q_actual,0.031415926535897885,
1790848554185126709,1790848554185252455,0x68,joint_2,q_leader,0.019941750242513337,
1790848554185126709,1790848554185252455,0x69,joint_3,q_leader,-0.10277671278833796,
1790848554190036422,1790848554190097070,0x69,joint_3,q_actual,0.5672320068981571,
1790848554200128940,1790848554200225063,0x68,joint_2,q_des,0.02992966959474651,
1790848554200128940,1790848554200225063,0x69,joint_3,q_des,0.5659434630363331,
1790848554200128940,1790848554200232662,0x68,joint_2,q_filtered,0.02992966959474651,
1790848554200128940,1790848554200232662,0x69,joint_3,q_filtered,0.5659434630363331,
1790848554200128940,1790848554200235017,0x68,joint_2,q_cmd,0.02992966959474651,0.0
1790848554200128940,1790848554200235017,0x69,joint_3,q_cmd,0.5659434630363331,0.0
1790848554205158875,1790848554205321811,0x68,joint_2,q_actual,0.031415926535897885,
1790848554210161966,1790848554210292005,0x69,joint_3,q_actual,0.5672320068981571,
1790848554225153404,1790848554225312224,0x68,joint_2,q_actual,0.031415926535897885,
1790848554231136779,1790848554231308128,0x69,joint_3,q_actual,0.5672320068981571,
1790848554235193291,1790848554235334271,0x68,joint_2,q_leader,0.019941750242513337,
1790848554235193291,1790848554235334271,0x69,joint_3,q_leader,-0.10277671278833796,
1790848554245195409,1790848554245410345,0x68,joint_2,q_actual,0.031415926535897885,
1790848554250238191,1790848554250471530,0x69,joint_3,q_actual,0.5672320068981571,
1790848554265503863,1790848554265836764,0x68,joint_2,q_actual,0.031415926535897885,
1790848554270622354,1790848554270988515,0x69,joint_3,q_actual,0.5672320068981571,
1790848554285588847,1790848554285933224,0x68,joint_2,q_actual,0.031415926535897885,
1790848554286727669,1790848554287036473,0x68,joint_2,q_leader,0.019941750242513337,
1790848554286727669,1790848554287036473,0x69,joint_3,q_leader,-0.10277671278833796,
1790848554290454629,1790848554290704370,0x69,joint_3,q_actual,0.5672320068981571,
1790848554308672724,1790848554308996450,0x68,joint_2,q_actual,0.031415926535897885,
1790848554311556821,1790848554311826223,0x69,joint_3,q_actual,0.5672320068981571,
1790848554328135291,1790848554328437019,0x68,joint_2,q_actual,0.031415926535897885,
1790848554330291902,1790848554330601239,0x69,joint_3,q_actual,0.5672320068981571,
1790848554336519767,1790848554336785747,0x68,joint_2,q_leader,0.019941750242513337,
1790848554336519767,1790848554336785747,0x69,joint_3,q_leader,-0.10277671278833796,
1790848554345439159,1790848554345727013,0x68,joint_2,q_actual,0.031415926535897885,
1790848554350308190,1790848554350561912,0x69,joint_3,q_actual,0.5672320068981571,
1790848554365366980,1790848554365627528,0x68,joint_2,q_actual,0.031415926535897885,
1790848554370545062,1790848554370894262,0x69,joint_3,q_actual,0.5672320068981571,
1790848554385406997,1790848554385741330,0x68,joint_2,q_actual,0.031415926535897885,
1790848554386598343,1790848554386864615,0x68,joint_2,q_leader,0.019941750242513337,
1790848554386598343,1790848554386864615,0x69,joint_3,q_leader,-0.10277671278833796,
1790848554390378815,1790848554390638404,0x69,joint_3,q_actual,0.5672320068981571,
1790848554400984202,1790848554401238104,0x68,joint_2,q_des,0.02992966959474651,
1790848554400984202,1790848554401238104,0x69,joint_3,q_des,0.5659434630363331,
1790848554400984202,1790848554401342068,0x68,joint_2,q_filtered,0.02992966959474651,
1790848554400984202,1790848554401342068,0x69,joint_3,q_filtered,0.5659434630363331,
1790848554400984202,1790848554401507215,0x68,joint_2,q_cmd,0.02992966959474651,0.0
1790848554400984202,1790848554401507215,0x69,joint_3,q_cmd,0.5659434630363331,0.0
1790848554405387846,1790848554405642029,0x68,joint_2,q_actual,0.031415926535897885,
1790848554410479718,1790848554410791529,0x69,joint_3,q_actual,0.5672320068981571,
1790848554425542372,1790848554425866857,0x68,joint_2,q_actual,0.031415926535897885,
1790848554430529377,1790848554430846038,0x69,joint_3,q_actual,0.5672320068981571,
1790848554436833311,1790848554437112942,0x68,joint_2,q_leader,0.019941750242513337,
1790848554436833311,1790848554437112942,0x69,joint_3,q_leader,-0.10277671278833796,
1790848554445552737,1790848554445904391,0x68,joint_2,q_actual,0.031415926535897885,
1790848554450558094,1790848554450888319,0x69,joint_3,q_actual,0.5672320068981571,
1790848554465570044,1790848554465879236,0x68,joint_2,q_actual,0.031415926535897885,
1790848554470548929,1790848554470871997,0x69,joint_3,q_actual,0.5672320068981571,
1790848554485413826,1790848554485723620,0x68,joint_2,q_actual,0.031415926535897885,
1790848554486689250,1790848554487024622,0x68,joint_2,q_leader,0.019941750242513337,
1790848554486689250,1790848554487024622,0x69,joint_3,q_leader,-0.10277671278833796,
1790848554490369095,1790848554490613888,0x69,joint_3,q_actual,0.5672320068981571,
1790848554505532153,1790848554505844946,0x68,joint_2,q_actual,0.031415926535897885,
1790848554510535308,1790848554510855684,0x69,joint_3,q_actual,0.5672320068981571,
1790848554525555318,1790848554525871580,0x68,joint_2,q_actual,0.031415926535897885,
1790848554530563705,1790848554530889718,0x69,joint_3,q_actual,0.5672320068981571,
1790848554537314463,1790848554537657949,0x68,joint_2,q_leader,0.019941750242513337,
1790848554537314463,1790848554537657949,0x69,joint_3,q_leader,-0.10277671278833796,
1790848554545563796,1790848554545894183,0x68,joint_2,q_actual,0.031415926535897885,
1790848554550398477,1790848554550649284,0x69,joint_3,q_actual,0.5672320068981571,
1790848554568381431,1790848554568677400,0x68,joint_2,q_actual,0.031415926535897885,
1790848554570964197,1790848554571201820,0x69,joint_3,q_actual,0.5672320068981571,
1790848554585440679,1790848554585764444,0x68,joint_2,q_actual,0.031415926535897885,
1790848554587093282,1790848554587461261,0x68,joint_2,q_leader,0.019941750242513337,
1790848554587093282,1790848554587461261,0x69,joint_3,q_leader,-0.10277671278833796,
1790848554590352622,1790848554590626204,0x69,joint_3,q_actual,0.5672320068981571,
1790848554600738591,1790848554601005161,0x68,joint_2,q_des,0.02992966959474651,
1790848554600738591,1790848554601005161,0x69,joint_3,q_des,0.5659434630363331,
1790848554600738591,1790848554601033616,0x68,joint_2,q_filtered,0.02992966959474651,
1790848554600738591,1790848554601033616,0x69,joint_3,q_filtered,0.5659434630363331,
1790848554600738591,1790848554601160792,0x68,joint_2,q_cmd,0.02992966959474651,0.0
1790848554600738591,1790848554601160792,0x69,joint_3,q_cmd,0.5659434630363331,0.0
1790848554605374045,1790848554605634961,0x68,joint_2,q_actual,0.031415926535897885,
1790848554614652966,1790848554614985543,0x69,joint_3,q_actual,0.5672320068981571,
1790848554627175540,1790848554627526186,0x68,joint_2,q_actual,0.031415926535897885,
1790848554630363230,1790848554630625252,0x69,joint_3,q_actual,0.5672320068981571,
1790848554636851053,1790848554637196053,0x68,joint_2,q_leader,0.019941750242513337,
1790848554636851053,1790848554637196053,0x69,joint_3,q_leader,-0.10277671278833796,
1790848554645550995,1790848554645906781,0x68,joint_2,q_actual,0.031415926535897885,
1790848554650379808,1790848554650650825,0x69,joint_3,q_actual,0.5672320068981571,
1790848554665589222,1790848554665962735,0x68,joint_2,q_actual,0.031415926535897885,
1790848554670562913,1790848554670915199,0x69,joint_3,q_actual,0.5672320068981571,
1790848554685416653,1790848554685754725,0x68,joint_2,q_actual,0.031415926535897885,
1790848554686917814,1790848554687213021,0x68,joint_2,q_leader,0.019941750242513337,
1790848554686917814,1790848554687213021,0x69,joint_3,q_leader,-0.10277671278833796,
1790848554690381841,1790848554690649203,0x69,joint_3,q_actual,0.5672320068981571,
1790848554705524743,1790848554705860193,0x68,joint_2,q_actual,0.031415926535897885,
1790848554710521058,1790848554710795543,0x69,joint_3,q_actual,0.5672320068981571,
1790848554725387709,1790848554725724449,0x68,joint_2,q_actual,0.031415926535897885,
1790848554730413027,1790848554730679956,0x69,joint_3,q_actual,0.5672320068981571,
1790848554736668853,1790848554736902886,0x68,joint_2,q_leader,0.019941750242513337,
1790848554736668853,1790848554736902886,0x69,joint_3,q_leader,-0.10277671278833796,
1790848554745094405,1790848554745274858,0x68,joint_2,q_actual,0.031415926535897885,
1790848554750104311,1790848554750260552,0x69,joint_3,q_actual,0.5672320068981571,
1790848554764987086,1790848554765097420,0x68,joint_2,q_actual,0.031415926535897885,
1790848554770019652,1790848554770112623,0x69,joint_3,q_actual,0.5672320068981571,
1790848554785029851,1790848554785182412,0x68,joint_2,q_actual,0.031415926535897885,
1790848554785418886,1790848554785507738,0x68,joint_2,q_leader,0.019941750242513337,
1790848554785418886,1790848554785507738,0x69,joint_3,q_leader,-0.10277671278833796,
1790848554790068504,1790848554790217062,0x69,joint_3,q_actual,0.5672320068981571,
1790848554800334178,1790848554800430008,0x68,joint_2,q_des,0.02992966959474651,
1790848554800334178,1790848554800430008,0x69,joint_3,q_des,0.5659434630363331,
1790848554800334178,1790848554800465513,0x68,joint_2,q_filtered,0.02992966959474651,
1790848554800334178,1790848554800465513,0x69,joint_3,q_filtered,0.5659434630363331,
1790848554800334178,1790848554800508906,0x68,joint_2,q_cmd,0.02992966959474651,0.0
1790848554800334178,1790848554800508906,0x69,joint_3,q_cmd,0.5659434630363331,0.0
1790848554805167197,1790848554805333458,0x68,joint_2,q_actual,0.031415926535897885,
1790848554810180525,1790848554810378441,0x69,joint_3,q_actual,0.5672320068981571,
1790848554825311368,1790848554825561701,0x68,joint_2,q_actual,0.031415926535897885,
1790848554830418461,1790848554830713574,0x69,joint_3,q_actual,0.5672320068981571,
1790848554836597041,1790848554836908352,0x68,joint_2,q_leader,0.019941750242513337,
1790848554836597041,1790848554836908352,0x69,joint_3,q_leader,-0.10277671278833796,
1790848554845422043,1790848554845706882,0x68,joint_2,q_actual,0.031415926535897885,
1790848554850589429,1790848554850960099,0x69,joint_3,q_actual,0.5672320068981571,
1790848554865575204,1790848554865942134,0x68,joint_2,q_actual,0.031415926535897885,
1790848554870593428,1790848554870966003,0x69,joint_3,q_actual,0.5672320068981571,
1790848554885596963,1790848554885955403,0x68,joint_2,q_actual,0.031415926535897885,
1790848554887146089,1790848554887489609,0x68,joint_2,q_leader,0.019941750242513337,
1790848554887146089,1790848554887489609,0x69,joint_3,q_leader,-0.10277671278833796,
1790848554890342893,1790848554890614498,0x69,joint_3,q_actual,0.5672320068981571,
1790848554905424187,1790848554905746644,0x68,joint_2,q_actual,0.031415926535897885,
1790848554910416017,1790848554910695391,0x69,joint_3,q_actual,0.5672320068981571,
1790848554925580266,1790848554925943968,0x68,joint_2,q_actual,0.031415926535897885,
1790848554930585197,1790848554930952486,0x69,joint_3,q_actual,0.5672320068981571,
1790848554937073974,1790848554937417403,0x68,joint_2,q_leader,0.019941750242513337,
1790848554937073974,1790848554937417403,0x69,joint_3,q_leader,-0.10277671278833796,
1790848554945580287,1790848554945948195,0x68,joint_2,q_actual,0.031415926535897885,
1790848554950586689,1790848554950964165,0x69,joint_3,q_actual,0.5672320068981571,
1790848554971517220,1790848554971866174,0x68,joint_2,q_actual,0.031415926535897885,
1790848554974477930,1790848554974752346,0x69,joint_3,q_actual,0.5672320068981571,
1790848554985590453,1790848554985947966,0x68,joint_2,q_actual,0.031415926535897885,
1790848554986967805,1790848554987285472,0x68,joint_2,q_leader,0.019941750242513337,
1790848554986967805,1790848554987285472,0x69,joint_3,q_leader,-0.10277671278833796,
1790848554990621677,1790848554990951697,0x69,joint_3,q_actual,0.5672320068981571,
1790848555000541322,1790848555000750920,0x68,joint_2,q_des,0.02992966959474651,
1790848555000541322,1790848555000750920,0x69,joint_3,q_des,0.5659434630363331,
1790848555000541322,1790848555000775507,0x68,joint_2,q_filtered,0.02992966959474651,
1790848555000541322,1790848555000775507,0x69,joint_3,q_filtered,0.5659434630363331,
1790848555000541322,1790848555000940208,0x68,joint_2,q_cmd,0.02992966959474651,0.0
1790848555000541322,1790848555000940208,0x69,joint_3,q_cmd,0.5659434630363331,0.0
1790848555005158093,1790848555005323280,0x68,joint_2,q_actual,0.031415926535897885,
1790848555010219514,1790848555010422826,0x69,joint_3,q_actual,0.5672320068981571,
1790848555025214564,1790848555025422121,0x68,joint_2,q_actual,0.031415926535897885,
1790848555030228846,1790848555030434204,0x69,joint_3,q_actual,0.5672320068981571,
1790848555035615795,1790848555035749977,0x68,joint_2,q_leader,0.019941750242513337,
1790848555035615795,1790848555035749977,0x69,joint_3,q_leader,-0.10277671278833796,
1790848555045214330,1790848555045422699,0x68,joint_2,q_actual,0.031415926535897885,
1790848555050185307,1790848555050377924,0x69,joint_3,q_actual,0.5672320068981571,
1790848555065217152,1790848555065417179,0x68,joint_2,q_actual,0.031415926535897885,
1790848555070224689,1790848555070427509,0x69,joint_3,q_actual,0.5672320068981571,
1790848555085459675,1790848555085741768,0x68,joint_2,q_actual,0.031415926535897885,
1790848555086717916,1790848555086995913,0x68,joint_2,q_leader,0.018407769454627694,
1790848555086717916,1790848555086995913,0x69,joint_3,q_leader,-0.10277671278833796,
1790848555090437294,1790848555090712939,0x69,joint_3,q_actual,0.5672320068981571,
1790848555105468187,1790848555105855784,0x68,joint_2,q_actual,0.031415926535897885,
1790848555110414581,1790848555110689756,0x69,joint_3,q_actual,0.5672320068981571,
1790848555125588390,1790848555125928761,0x68,joint_2,q_actual,0.031415926535897885,
1790848555130610828,1790848555130939413,0x69,joint_3,q_actual,0.5672320068981571,
1790848555137118265,1790848555137425697,0x68,joint_2,q_leader,0.018407769454627694,
1790848555137118265,1790848555137425697,0x69,joint_3,q_leader,-0.10277671278833796,
1790848555145420783,1790848555145714017,0x68,joint_2,q_actual,0.031415926535897885,
1790848555150590276,1790848555150940323,0x69,joint_3,q_actual,0.5672320068981571,
1790848555165580844,1790848555165931986,0x68,joint_2,q_actual,0.031415926535897885,
1790848555170605736,1790848555170956320,0x69,joint_3,q_actual,0.5672320068981571,
1790848555185568203,1790848555185899814,0x68,joint_2,q_actual,0.031415926535897885,
1790848555187167045,1790848555187457840,0x68,joint_2,q_leader,0.018407769454627694,
1790848555187167045,1790848555187457840,0x69,joint_3,q_leader,-0.10277671278833796,
1790848555190757778,1790848555191089854,0x69,joint_3,q_actual,0.5672320068981571,
1790848555200774299,1790848555201057141,0x68,joint_2,q_des,0.02992966959474651,
1790848555200774299,1790848555201057141,0x69,joint_3,q_des,0.5659434630363331,
1790848555200774299,1790848555201074184,0x68,joint_2,q_filtered,0.02992966959474651,
1790848555200774299,1790848555201074184,0x69,joint_3,q_filtered,0.5659434630363331,
1790848555200774299,1790848555201155068,0x68,joint_2,q_cmd,0.02992966959474651,0.0
1790848555200774299,1790848555201155068,0x69,joint_3,q_cmd,0.5659434630363331,0.0
1790848555205225095,1790848555205456976,0x68,joint_2,q_actual,0.031415926535897885,
1790848555210134370,1790848555210291211,0x69,joint_3,q_actual,0.5672320068981571,
1790848555225306083,1790848555225526188,0x68,joint_2,q_actual,0.031415926535897885,
1790848555230307391,1790848555230526327,0x69,joint_3,q_actual,0.5672320068981571,
1790848555236172605,1790848555236355096,0x68,joint_2,q_leader,0.018407769454627694,
1790848555236172605,1790848555236355096,0x69,joint_3,q_leader,-0.10277671278833796,
1790848555245297087,1790848555245533758,0x68,joint_2,q_actual,0.031415926535897885,
1790848555250308534,1790848555250549637,0x69,joint_3,q_actual,0.5672320068981571,
1790848555265296954,1790848555265530404,0x68,joint_2,q_actual,0.031415926535897885,
1790848555270306028,1790848555270542819,0x69,joint_3,q_actual,0.5672320068981571,
1790848555285309156,1790848555285528698,0x68,joint_2,q_actual,0.031415926535897885,
1790848555286015449,1790848555286211627,0x68,joint_2,q_leader,0.018407769454627694,
1790848555286015449,1790848555286211627,0x69,joint_3,q_leader,-0.10277671278833796,
1790848555290319241,1790848555290539934,0x69,joint_3,q_actual,0.5672320068981571,
1790848555305263744,1790848555305492508,0x68,joint_2,q_actual,0.031415926535897885,
1790848555310115095,1790848555310292393,0x69,joint_3,q_actual,0.5672320068981571,
1790848555325321627,1790848555325553423,0x68,joint_2,q_actual,0.031415926535897885,
